measure	Set up job	﻿2026-09-12T21:56:03.2947522Z Current runner version: '2.337.0'
measure	Set up job	2026-09-12T21:56:03.2982462Z ##[group]Runner Image Provisioner
measure	Set up job	2026-09-12T21:56:03.2983874Z Hosted Compute Agent
measure	Set up job	2026-09-12T21:56:03.2984816Z Version: 20260828.587
measure	Set up job	2026-09-12T21:56:03.2985967Z Commit: abac92662cab4cc7352de4f9f9d2e2419aad9c29
measure	Set up job	2026-09-12T21:56:03.2987529Z Build Date: 2026-08-28T16:44:25Z
measure	Set up job	2026-09-12T21:56:03.2988771Z Worker ID: {ce48bb9f-c8ff-458e-8a5d-676e1f49cc86}
measure	Set up job	2026-09-12T21:56:03.2989982Z Azure Region: eastus
measure	Set up job	2026-09-12T21:56:03.2990979Z ##[endgroup]
measure	Set up job	2026-09-12T21:56:03.2993401Z ##[group]Operating System
measure	Set up job	2026-09-12T21:56:03.2994418Z Ubuntu
measure	Set up job	2026-09-12T21:56:03.2995359Z 24.04.5
measure	Set up job	2026-09-12T21:56:03.2996266Z LTS
measure	Set up job	2026-09-12T21:56:03.2997362Z ##[endgroup]
measure	Set up job	2026-09-12T21:56:03.2998830Z ##[group]Runner Image
measure	Set up job	2026-09-12T21:56:03.2999840Z Image: ubuntu-24.04
measure	Set up job	2026-09-12T21:56:03.3000857Z Version: 20260907.300.1
measure	Set up job	2026-09-12T21:56:03.3002678Z Included Software: https://github.com/actions/runner-images/blob/ubuntu24/20260907.300/images/ubuntu/Ubuntu2404-Readme.md
measure	Set up job	2026-09-12T21:56:03.3005680Z Image Release: https://github.com/actions/runner-images/releases/tag/ubuntu24%2F20260907.300
measure	Set up job	2026-09-12T21:56:03.3007734Z ##[endgroup]
measure	Set up job	2026-09-12T21:56:03.3009612Z ##[group]GITHUB_TOKEN Permissions
measure	Set up job	2026-09-12T21:56:03.3012484Z Contents: read
measure	Set up job	2026-09-12T21:56:03.3013581Z Metadata: read
measure	Set up job	2026-09-12T21:56:03.3014491Z ##[endgroup]
measure	Set up job	2026-09-12T21:56:03.3017727Z Secret source: Actions
measure	Set up job	2026-09-12T21:56:03.3019267Z Cache mode: write
measure	Set up job	2026-09-12T21:56:03.3020707Z Prepare workflow directory
measure	Set up job	2026-09-12T21:56:03.3665773Z Prepare all required actions
measure	Set up job	2026-09-12T21:56:03.3713593Z Getting action download info
measure	Set up job	2026-09-12T21:56:03.5282508Z Download action repository 'actions/checkout@3d3c42e5aac5ba805825da76410c181273ba90b1' (SHA:3d3c42e5aac5ba805825da76410c181273ba90b1)
measure	Set up job	2026-09-12T21:56:03.6187750Z Download action repository 'actions/upload-artifact@ea165f8d65b6e75b540449e92b4886f43607fa02' (SHA:ea165f8d65b6e75b540449e92b4886f43607fa02)
measure	Set up job	2026-09-12T21:56:03.8152482Z Complete job name: measure
measure	Check out measurement harness and revision history	﻿2026-09-12T21:56:03.8845515Z ##[group]Run actions/checkout@3d3c42e5aac5ba805825da76410c181273ba90b1
measure	Check out measurement harness and revision history	2026-09-12T21:56:03.8847121Z with:
measure	Check out measurement harness and revision history	2026-09-12T21:56:03.8847594Z   fetch-depth: 0
measure	Check out measurement harness and revision history	2026-09-12T21:56:03.8848066Z   repository: guicybercode/kokuban.rs
measure	Check out measurement harness and revision history	2026-09-12T21:56:03.8851901Z   token: ***
measure	Check out measurement harness and revision history	2026-09-12T21:56:03.8852335Z   ssh-strict: true
measure	Check out measurement harness and revision history	2026-09-12T21:56:03.8852767Z   ssh-user: git
measure	Check out measurement harness and revision history	2026-09-12T21:56:03.8853219Z   persist-credentials: true
measure	Check out measurement harness and revision history	2026-09-12T21:56:03.8853702Z   clean: true
measure	Check out measurement harness and revision history	2026-09-12T21:56:03.8854136Z   sparse-checkout-cone-mode: true
measure	Check out measurement harness and revision history	2026-09-12T21:56:03.8854650Z   fetch-tags: false
measure	Check out measurement harness and revision history	2026-09-12T21:56:03.8855088Z   show-progress: true
measure	Check out measurement harness and revision history	2026-09-12T21:56:03.8855526Z   lfs: false
measure	Check out measurement harness and revision history	2026-09-12T21:56:03.8855928Z   submodules: false
measure	Check out measurement harness and revision history	2026-09-12T21:56:03.8856376Z   set-safe-directory: true
measure	Check out measurement harness and revision history	2026-09-12T21:56:03.8857016Z   allow-unsafe-pr-checkout: false
measure	Check out measurement harness and revision history	2026-09-12T21:56:03.8857855Z env:
measure	Check out measurement harness and revision history	2026-09-12T21:56:03.8858272Z   CARGO_INCREMENTAL: 0
measure	Check out measurement harness and revision history	2026-09-12T21:56:03.8858743Z   CARGO_PROFILE_RELEASE_DEBUG: 0
measure	Check out measurement harness and revision history	2026-09-12T21:56:03.8859316Z   BEFORE_REF: 469b2ac3fb88509a5ac4bf1769e4b2b3512c1008
measure	Check out measurement harness and revision history	2026-09-12T21:56:03.8860044Z   AFTER_REF: 74eaad83dbf813cb15bd883b45d52adf0dc729bd
measure	Check out measurement harness and revision history	2026-09-12T21:56:03.8860641Z   SCREEN: alternate
measure	Check out measurement harness and revision history	2026-09-12T21:56:03.8861070Z ##[endgroup]
measure	Check out measurement harness and revision history	2026-09-12T21:56:03.9854462Z Syncing repository: guicybercode/kokuban.rs
measure	Check out measurement harness and revision history	2026-09-12T21:56:03.9857358Z ##[group]Getting Git version info
measure	Check out measurement harness and revision history	2026-09-12T21:56:03.9858644Z Working directory is '/home/runner/work/kokuban.rs/kokuban.rs'
measure	Check out measurement harness and revision history	2026-09-12T21:56:03.9860427Z [command]/usr/bin/git version
measure	Check out measurement harness and revision history	2026-09-12T21:56:03.9920833Z git version 2.55.0
measure	Check out measurement harness and revision history	2026-09-12T21:56:03.9944238Z ##[endgroup]
measure	Check out measurement harness and revision history	2026-09-12T21:56:03.9957158Z Temporarily overriding HOME='/home/runner/work/_temp/f3ae3dee-8d8e-4098-b8c2-7ce14aa3edd6' before making global git config changes
measure	Check out measurement harness and revision history	2026-09-12T21:56:03.9959941Z Adding repository directory to the temporary git global config as a safe directory
measure	Check out measurement harness and revision history	2026-09-12T21:56:03.9963276Z [command]/usr/bin/git config --global --add safe.directory /home/runner/work/kokuban.rs/kokuban.rs
measure	Check out measurement harness and revision history	2026-09-12T21:56:04.0015476Z Deleting the contents of '/home/runner/work/kokuban.rs/kokuban.rs'
measure	Check out measurement harness and revision history	2026-09-12T21:56:04.0019586Z ##[group]Determining repository object format
measure	Check out measurement harness and revision history	2026-09-12T21:56:04.0021624Z ##[endgroup]
measure	Check out measurement harness and revision history	2026-09-12T21:56:04.0022925Z ##[group]Initializing the repository
measure	Check out measurement harness and revision history	2026-09-12T21:56:04.0031514Z [command]/usr/bin/git init /home/runner/work/kokuban.rs/kokuban.rs
measure	Check out measurement harness and revision history	2026-09-12T21:56:04.0118610Z hint: Using 'master' as the name for the initial branch. This default branch name
measure	Check out measurement harness and revision history	2026-09-12T21:56:04.0120672Z hint: will change to "main" in Git 3.0. To configure the initial branch name
measure	Check out measurement harness and revision history	2026-09-12T21:56:04.0122553Z hint: to use in all of your new repositories, which will suppress this warning,
measure	Check out measurement harness and revision history	2026-09-12T21:56:04.0124168Z hint: call:
measure	Check out measurement harness and revision history	2026-09-12T21:56:04.0125173Z hint:
measure	Check out measurement harness and revision history	2026-09-12T21:56:04.0126261Z hint: 	git config --global init.defaultBranch <name>
measure	Check out measurement harness and revision history	2026-09-12T21:56:04.0127909Z hint:
measure	Check out measurement harness and revision history	2026-09-12T21:56:04.0129496Z hint: Names commonly chosen instead of 'master' are 'main', 'trunk' and
measure	Check out measurement harness and revision history	2026-09-12T21:56:04.0131781Z hint: 'development'. The just-created branch can be renamed via this command:
measure	Check out measurement harness and revision history	2026-09-12T21:56:04.0133476Z hint:
measure	Check out measurement harness and revision history	2026-09-12T21:56:04.0134721Z hint: 	git branch -m <name>
measure	Check out measurement harness and revision history	2026-09-12T21:56:04.0136085Z hint:
measure	Check out measurement harness and revision history	2026-09-12T21:56:04.0137887Z hint: Disable this message with "git config set advice.defaultBranchName false"
measure	Check out measurement harness and revision history	2026-09-12T21:56:04.0140121Z Initialized empty Git repository in /home/runner/work/kokuban.rs/kokuban.rs/.git/
measure	Check out measurement harness and revision history	2026-09-12T21:56:04.0143997Z [command]/usr/bin/git remote add origin https://github.com/guicybercode/kokuban.rs
measure	Check out measurement harness and revision history	2026-09-12T21:56:04.0186625Z ##[endgroup]
measure	Check out measurement harness and revision history	2026-09-12T21:56:04.0188244Z ##[group]Disabling automatic garbage collection
measure	Check out measurement harness and revision history	2026-09-12T21:56:04.0190519Z [command]/usr/bin/git config --local gc.auto 0
measure	Check out measurement harness and revision history	2026-09-12T21:56:04.0225048Z ##[endgroup]
measure	Check out measurement harness and revision history	2026-09-12T21:56:04.0226184Z ##[group]Setting up auth
measure	Check out measurement harness and revision history	2026-09-12T21:56:04.0228135Z Removing SSH command configuration
measure	Check out measurement harness and revision history	2026-09-12T21:56:04.0231957Z [command]/usr/bin/git config --local --name-only --get-regexp core\.sshCommand
measure	Check out measurement harness and revision history	2026-09-12T21:56:04.0266721Z [command]/usr/bin/git submodule foreach --recursive sh -c "git config --local --name-only --get-regexp 'core\.sshCommand' && git config --local --unset-all 'core.sshCommand' || :"
measure	Check out measurement harness and revision history	2026-09-12T21:56:04.0623400Z Removing HTTP extra header
measure	Check out measurement harness and revision history	2026-09-12T21:56:04.0631683Z [command]/usr/bin/git config --local --name-only --get-regexp http\.https\:\/\/github\.com\/\.extraheader
measure	Check out measurement harness and revision history	2026-09-12T21:56:04.0668016Z [command]/usr/bin/git submodule foreach --recursive sh -c "git config --local --name-only --get-regexp 'http\.https\:\/\/github\.com\/\.extraheader' && git config --local --unset-all 'http.https://github.com/.extraheader' || :"
measure	Check out measurement harness and revision history	2026-09-12T21:56:04.0895320Z Removing includeIf entries pointing to credentials config files
measure	Check out measurement harness and revision history	2026-09-12T21:56:04.0900518Z [command]/usr/bin/git config --local --name-only --get-regexp ^includeIf\.gitdir:
measure	Check out measurement harness and revision history	2026-09-12T21:56:04.0942357Z [command]/usr/bin/git submodule foreach --recursive git config --local --show-origin --name-only --get-regexp remote.origin.url
measure	Check out measurement harness and revision history	2026-09-12T21:56:04.1165565Z [command]/usr/bin/git config --file /home/runner/work/_temp/git-credentials-59e897b2-3bb9-418d-9ed9-828393bc9d55.config http.https://github.com/.extraheader AUTHORIZATION: basic ***
measure	Check out measurement harness and revision history	2026-09-12T21:56:04.1205510Z [command]/usr/bin/git config --local includeIf.gitdir:/home/runner/work/kokuban.rs/kokuban.rs/.git.path /home/runner/work/_temp/git-credentials-59e897b2-3bb9-418d-9ed9-828393bc9d55.config
measure	Check out measurement harness and revision history	2026-09-12T21:56:04.1240667Z [command]/usr/bin/git config --local includeIf.gitdir:/home/runner/work/kokuban.rs/kokuban.rs/.git/worktrees/*.path /home/runner/work/_temp/git-credentials-59e897b2-3bb9-418d-9ed9-828393bc9d55.config
measure	Check out measurement harness and revision history	2026-09-12T21:56:04.1278183Z [command]/usr/bin/git config --local includeIf.gitdir:/github/workspace/.git.path /github/runner_temp/git-credentials-59e897b2-3bb9-418d-9ed9-828393bc9d55.config
measure	Check out measurement harness and revision history	2026-09-12T21:56:04.1311694Z [command]/usr/bin/git config --local includeIf.gitdir:/github/workspace/.git/worktrees/*.path /github/runner_temp/git-credentials-59e897b2-3bb9-418d-9ed9-828393bc9d55.config
measure	Check out measurement harness and revision history	2026-09-12T21:56:04.1341727Z ##[endgroup]
measure	Check out measurement harness and revision history	2026-09-12T21:56:04.1342500Z ##[group]Fetching the repository
measure	Check out measurement harness and revision history	2026-09-12T21:56:04.1348396Z [command]/usr/bin/git -c protocol.version=2 fetch --no-tags --prune --no-recurse-submodules origin +refs/heads/*:refs/remotes/origin/* +refs/tags/*:refs/tags/*
measure	Check out measurement harness and revision history	2026-09-12T21:56:04.8270241Z From https://github.com/guicybercode/kokuban.rs
measure	Check out measurement harness and revision history	2026-09-12T21:56:04.8272485Z  * [new branch]      build/linux-core-check  -> origin/build/linux-core-check
measure	Check out measurement harness and revision history	2026-09-12T21:56:04.8273975Z  * [new branch]      build/linux-glyph-atlas -> origin/build/linux-glyph-atlas
measure	Check out measurement harness and revision history	2026-09-12T21:56:04.8275398Z  * [new branch]      ci/macos-linux-core     -> origin/ci/macos-linux-core
measure	Check out measurement harness and revision history	2026-09-12T21:56:04.8277022Z  * [new branch]      codex/android-native    -> origin/codex/android-native
measure	Check out measurement harness and revision history	2026-09-12T21:56:04.8279435Z  * [new branch]      codex/linux-animation   -> origin/codex/linux-animation
measure	Check out measurement harness and revision history	2026-09-12T21:56:04.8281432Z  * [new branch]      codex/linux-clipboard   -> origin/codex/linux-clipboard
measure	Check out measurement harness and revision history	2026-09-12T21:56:04.8283222Z  * [new branch]      codex/linux-graphics    -> origin/codex/linux-graphics
measure	Check out measurement harness and revision history	2026-09-12T21:56:04.8284928Z  * [new branch]      codex/linux-video       -> origin/codex/linux-video
measure	Check out measurement harness and revision history	2026-09-12T21:56:04.8286585Z  * [new branch]      codex/omarchy-live-theme -> origin/codex/omarchy-live-theme
measure	Check out measurement harness and revision history	2026-09-12T21:56:04.8288799Z  * [new branch]      codex/terminal-compatibility -> origin/codex/terminal-compatibility
measure	Check out measurement harness and revision history	2026-09-12T21:56:04.8291085Z  * [new branch]      cursor/add-brand-image-readme-6117 -> origin/cursor/add-brand-image-readme-6117
measure	Check out measurement harness and revision history	2026-09-12T21:56:04.8293334Z  * [new branch]      cursor/product-readme-9228 -> origin/cursor/product-readme-9228
measure	Check out measurement harness and revision history	2026-09-12T21:56:04.8295839Z  * [new branch]      cursor/setup-dev-environment-1e59 -> origin/cursor/setup-dev-environment-1e59
measure	Check out measurement harness and revision history	2026-09-12T21:56:04.8299608Z  * [new branch]      feat/alternate-scroll-mode -> origin/feat/alternate-scroll-mode
measure	Check out measurement harness and revision history	2026-09-12T21:56:04.8302135Z  * [new branch]      feat/application-cursor-keys -> origin/feat/application-cursor-keys
measure	Check out measurement harness and revision history	2026-09-12T21:56:04.8304374Z  * [new branch]      feat/decawm-auto-wrap   -> origin/feat/decawm-auto-wrap
measure	Check out measurement harness and revision history	2026-09-12T21:56:04.8307113Z  * [new branch]      feat/linux-focus-reporting -> origin/feat/linux-focus-reporting
measure	Check out measurement harness and revision history	2026-09-12T21:56:04.8309604Z  * [new branch]      feat/linux-glyph-first-frame -> origin/feat/linux-glyph-first-frame
measure	Check out measurement harness and revision history	2026-09-12T21:56:04.8312032Z  * [new branch]      feat/linux-grid-rendering -> origin/feat/linux-grid-rendering
measure	Check out measurement harness and revision history	2026-09-12T21:56:04.8314207Z  * [new branch]      feat/linux-ime-commit   -> origin/feat/linux-ime-commit
measure	Check out measurement harness and revision history	2026-09-12T21:56:04.8316493Z  * [new branch]      feat/linux-ime-cursor-area -> origin/feat/linux-ime-cursor-area
measure	Check out measurement harness and revision history	2026-09-12T21:56:04.8319234Z  * [new branch]      feat/linux-ime-preedit  -> origin/feat/linux-ime-preedit
measure	Check out measurement harness and revision history	2026-09-12T21:56:04.8321717Z  * [new branch]      feat/linux-keyboard-input -> origin/feat/linux-keyboard-input
measure	Check out measurement harness and revision history	2026-09-12T21:56:04.8324402Z  * [new branch]      feat/linux-mouse-buttons -> origin/feat/linux-mouse-buttons
measure	Check out measurement harness and revision history	2026-09-12T21:56:04.8328101Z  * [new branch]      feat/linux-mouse-motion -> origin/feat/linux-mouse-motion
measure	Check out measurement harness and revision history	2026-09-12T21:56:04.8330914Z  * [new branch]      feat/linux-mouse-wheel  -> origin/feat/linux-mouse-wheel
measure	Check out measurement harness and revision history	2026-09-12T21:56:04.8334099Z  * [new branch]      feat/linux-osc-window-title -> origin/feat/linux-osc-window-title
measure	Check out measurement harness and revision history	2026-09-12T21:56:04.8338813Z  * [new branch]      feat/linux-scrollback-shortcuts -> origin/feat/linux-scrollback-shortcuts
measure	Check out measurement harness and revision history	2026-09-12T21:56:04.8343276Z  * [new branch]      feat/linux-terminal-resize -> origin/feat/linux-terminal-resize
measure	Check out measurement harness and revision history	2026-09-12T21:56:04.8346581Z  * [new branch]      feat/linux-terminal-session -> origin/feat/linux-terminal-session
measure	Check out measurement harness and revision history	2026-09-12T21:56:04.8349814Z  * [new branch]      feat/linux-terminal-writer -> origin/feat/linux-terminal-writer
measure	Check out measurement harness and revision history	2026-09-12T21:56:04.8352955Z  * [new branch]      feat/linux-window-bootstrap -> origin/feat/linux-window-bootstrap
measure	Check out measurement harness and revision history	2026-09-12T21:56:04.8356464Z  * [new branch]      feat/macos-osc-window-title -> origin/feat/macos-osc-window-title
measure	Check out measurement harness and revision history	2026-09-12T21:56:04.8359420Z  * [new branch]      feat/modified-terminal-keys -> origin/feat/modified-terminal-keys
measure	Check out measurement harness and revision history	2026-09-12T21:56:04.8362517Z  * [new branch]      feat/portable-a8-compositor -> origin/feat/portable-a8-compositor
measure	Check out measurement harness and revision history	2026-09-12T21:56:04.8367175Z  * [new branch]      feat/portable-terminal-reader -> origin/feat/portable-terminal-reader
measure	Check out measurement harness and revision history	2026-09-12T21:56:04.8371529Z  * [new branch]      feat/terminal-insert-key -> origin/feat/terminal-insert-key
measure	Check out measurement harness and revision history	2026-09-12T21:56:04.8376244Z  * [new branch]      fix/atomic-image-store-replacement -> origin/fix/atomic-image-store-replacement
measure	Check out measurement harness and revision history	2026-09-12T21:56:04.8381297Z  * [new branch]      fix/cancellable-pty-responses -> origin/fix/cancellable-pty-responses
measure	Check out measurement harness and revision history	2026-09-12T21:56:04.8385960Z  * [new branch]      fix/consume-csi-private-markers -> origin/fix/consume-csi-private-markers
measure	Check out measurement harness and revision history	2026-09-12T21:56:04.8389117Z  * [new branch]      fix/control-string-bounds -> origin/fix/control-string-bounds
measure	Check out measurement harness and revision history	2026-09-12T21:56:04.8391603Z  * [new branch]      fix/csi-3j-scrollback   -> origin/fix/csi-3j-scrollback
measure	Check out measurement harness and revision history	2026-09-12T21:56:04.8394524Z  * [new branch]      fix/csi-parser-bounds   -> origin/fix/csi-parser-bounds
measure	Check out measurement harness and revision history	2026-09-12T21:56:04.8397724Z  * [new branch]      fix/fallible-glyph-atlas -> origin/fix/fallible-glyph-atlas
measure	Check out measurement harness and revision history	2026-09-12T21:56:04.8400221Z  * [new branch]      fix/graphics-config-gates -> origin/fix/graphics-config-gates
measure	Check out measurement harness and revision history	2026-09-12T21:56:04.8402920Z  * [new branch]      fix/graphics-parser-capabilities -> origin/fix/graphics-parser-capabilities
measure	Check out measurement harness and revision history	2026-09-12T21:56:04.8405900Z  * [new branch]      fix/grid-resize-cursor-bounds -> origin/fix/grid-resize-cursor-bounds
measure	Check out measurement harness and revision history	2026-09-12T21:56:04.8409106Z  * [new branch]      fix/image-screen-buffer-lifecycle -> origin/fix/image-screen-buffer-lifecycle
measure	Check out measurement harness and revision history	2026-09-12T21:56:04.8411970Z  * [new branch]      fix/kitty-c1-placement-mode -> origin/fix/kitty-c1-placement-mode
measure	Check out measurement harness and revision history	2026-09-12T21:56:04.8414516Z  * [new branch]      fix/kitty-chunk-assembly -> origin/fix/kitty-chunk-assembly
measure	Check out measurement harness and revision history	2026-09-12T21:56:04.8417172Z  * [new branch]      fix/kitty-chunk-size-limit -> origin/fix/kitty-chunk-size-limit
measure	Check out measurement harness and revision history	2026-09-12T21:56:04.8419948Z  * [new branch]      fix/kitty-cursor-advance -> origin/fix/kitty-cursor-advance
measure	Check out measurement harness and revision history	2026-09-12T21:56:04.8424207Z  * [new branch]      fix/kitty-delete-selector-parsing -> origin/fix/kitty-delete-selector-parsing
measure	Check out measurement harness and revision history	2026-09-12T21:56:04.8429670Z  * [new branch]      fix/kitty-file-transfer-policy -> origin/fix/kitty-file-transfer-policy
measure	Check out measurement harness and revision history	2026-09-12T21:56:04.8434588Z  * [new branch]      fix/kitty-graphics-event-order -> origin/fix/kitty-graphics-event-order
measure	Check out measurement harness and revision history	2026-09-12T21:56:04.8439332Z  * [new branch]      fix/kitty-image-number-semantics -> origin/fix/kitty-image-number-semantics
measure	Check out measurement harness and revision history	2026-09-12T21:56:04.8443295Z  * [new branch]      fix/kitty-inline-cursor-motion -> origin/fix/kitty-inline-cursor-motion
measure	Check out measurement harness and revision history	2026-09-12T21:56:04.8446135Z  * [new branch]      fix/kitty-inline-pixel-offsets -> origin/fix/kitty-inline-pixel-offsets
measure	Check out measurement harness and revision history	2026-09-12T21:56:04.8449079Z  * [new branch]      fix/kitty-native-auto-size -> origin/fix/kitty-native-auto-size
measure	Check out measurement harness and revision history	2026-09-12T21:56:04.8452958Z  * [new branch]      fix/kitty-pane-scoped-image-ids -> origin/fix/kitty-pane-scoped-image-ids
measure	Check out measurement harness and revision history	2026-09-12T21:56:04.8455797Z  * [new branch]      fix/kitty-png-transmission -> origin/fix/kitty-png-transmission
measure	Check out measurement harness and revision history	2026-09-12T21:56:04.8458774Z  * [new branch]      fix/kitty-query-preserves-images -> origin/fix/kitty-query-preserves-images
measure	Check out measurement harness and revision history	2026-09-12T21:56:04.8461600Z  * [new branch]      fix/kitty-query-validation -> origin/fix/kitty-query-validation
measure	Check out measurement harness and revision history	2026-09-12T21:56:04.8466324Z  * [new branch]      fix/kitty-retransmission-placements -> origin/fix/kitty-retransmission-placements
measure	Check out measurement harness and revision history	2026-09-12T21:56:04.8471550Z  * [new branch]      fix/kitty-safe-hard-delete -> origin/fix/kitty-safe-hard-delete
measure	Check out measurement harness and revision history	2026-09-12T21:56:04.8476357Z  * [new branch]      fix/kitty-single-axis-aspect-ratio -> origin/fix/kitty-single-axis-aspect-ratio
measure	Check out measurement harness and revision history	2026-09-12T21:56:04.8480748Z  * [new branch]      fix/kitty-zlib-limits   -> origin/fix/kitty-zlib-limits
measure	Check out measurement harness and revision history	2026-09-12T21:56:04.8484299Z  * [new branch]      fix/linux-pointer-device-routing -> origin/fix/linux-pointer-device-routing
measure	Check out measurement harness and revision history	2026-09-12T21:56:04.8487647Z  * [new branch]      fix/linux-underline-rendering -> origin/fix/linux-underline-rendering
measure	Check out measurement harness and revision history	2026-09-12T21:56:04.8490613Z  * [new branch]      fix/lossless-terminal-input-headroom -> origin/fix/lossless-terminal-input-headroom
measure	Check out measurement harness and revision history	2026-09-12T21:56:04.8494587Z  * [new branch]      fix/macos-exact-keybind-modifiers -> origin/fix/macos-exact-keybind-modifiers
measure	Check out measurement harness and revision history	2026-09-12T21:56:04.8497927Z  * [new branch]      fix/macos-exact-scrollback-modifiers -> origin/fix/macos-exact-scrollback-modifiers
measure	Check out measurement harness and revision history	2026-09-12T21:56:04.8500702Z  * [new branch]      fix/macos-focus-reporting -> origin/fix/macos-focus-reporting
measure	Check out measurement harness and revision history	2026-09-12T21:56:04.8503246Z  * [new branch]      fix/macos-graphics-metric-race -> origin/fix/macos-graphics-metric-race
measure	Check out measurement harness and revision history	2026-09-12T21:56:04.8505983Z  * [new branch]      fix/macos-option-meta-text -> origin/fix/macos-option-meta-text
measure	Check out measurement harness and revision history	2026-09-12T21:56:04.8508886Z  * [new branch]      fix/macos-pane-focus-reporting -> origin/fix/macos-pane-focus-reporting
measure	Check out measurement harness and revision history	2026-09-12T21:56:04.8511497Z  * [new branch]      fix/macos-paste-preflight -> origin/fix/macos-paste-preflight
measure	Check out measurement harness and revision history	2026-09-12T21:56:04.8513981Z  * [new branch]      fix/macos-queued-pty-writes -> origin/fix/macos-queued-pty-writes
measure	Check out measurement harness and revision history	2026-09-12T21:56:04.8516482Z  * [new branch]      fix/macos-scroll-deltas -> origin/fix/macos-scroll-deltas
measure	Check out measurement harness and revision history	2026-09-12T21:56:04.8519403Z  * [new branch]      fix/macos-transactional-pane-resize -> origin/fix/macos-transactional-pane-resize
measure	Check out measurement harness and revision history	2026-09-12T21:56:04.8522120Z  * [new branch]      fix/macos-wheel-modifiers -> origin/fix/macos-wheel-modifiers
measure	Check out measurement harness and revision history	2026-09-12T21:56:04.8524493Z  * [new branch]      fix/portable-pty-lifecycle -> origin/fix/portable-pty-lifecycle
measure	Check out measurement harness and revision history	2026-09-12T21:56:04.8527150Z  * [new branch]      fix/preserve-pending-wrap -> origin/fix/preserve-pending-wrap
measure	Check out measurement harness and revision history	2026-09-12T21:56:04.8529752Z  * [new branch]      fix/preserve-terminal-content -> origin/fix/preserve-terminal-content
measure	Check out measurement harness and revision history	2026-09-12T21:56:04.8532370Z  * [new branch]      fix/pty-child-failure-cleanup -> origin/fix/pty-child-failure-cleanup
measure	Check out measurement harness and revision history	2026-09-12T21:56:04.8535055Z  * [new branch]      fix/pty-child-stage-write -> origin/fix/pty-child-stage-write
measure	Check out measurement harness and revision history	2026-09-12T21:56:04.8537845Z  * [new branch]      fix/pty-child-startup-deadline -> origin/fix/pty-child-startup-deadline
measure	Check out measurement harness and revision history	2026-09-12T21:56:04.8540457Z  * [new branch]      fix/pty-graphics-environment -> origin/fix/pty-graphics-environment
measure	Check out measurement harness and revision history	2026-09-12T21:56:04.8542732Z  * [new branch]      fix/pty-resize-eintr    -> origin/fix/pty-resize-eintr
measure	Check out measurement harness and revision history	2026-09-12T21:56:04.8544748Z  * [new branch]      fix/pty-write-errno     -> origin/fix/pty-write-errno
measure	Check out measurement harness and revision history	2026-09-12T21:56:04.8547098Z  * [new branch]      fix/serialized-pty-output -> origin/fix/serialized-pty-output
measure	Check out measurement harness and revision history	2026-09-12T21:56:04.8549348Z  * [new branch]      fix/sgr-colon-truecolor -> origin/fix/sgr-colon-truecolor
measure	Check out measurement harness and revision history	2026-09-12T21:56:04.8551518Z  * [new branch]      fix/sgr-conceal-rendering -> origin/fix/sgr-conceal-rendering
measure	Check out measurement harness and revision history	2026-09-12T21:56:04.8553707Z  * [new branch]      fix/sgr-faint-rendering -> origin/fix/sgr-faint-rendering
measure	Check out measurement harness and revision history	2026-09-12T21:56:04.8555854Z  * [new branch]      fix/sixel-event-ordering -> origin/fix/sixel-event-ordering
measure	Check out measurement harness and revision history	2026-09-12T21:56:04.8558315Z  * [new branch]      fix/sixel-resource-limits -> origin/fix/sixel-resource-limits
measure	Check out measurement harness and revision history	2026-09-12T21:56:04.8560739Z  * [new branch]      fix/terminal-input-byte-budget -> origin/fix/terminal-input-byte-budget
measure	Check out measurement harness and revision history	2026-09-12T21:56:04.8563467Z  * [new branch]      fix/terminal-pixel-report-overflow -> origin/fix/terminal-pixel-report-overflow
measure	Check out measurement harness and revision history	2026-09-12T21:56:04.8565976Z  * [new branch]      fix/utf8-control-strings -> origin/fix/utf8-control-strings
measure	Check out measurement harness and revision history	2026-09-12T21:56:04.8568289Z  * [new branch]      fix/xterm-color-cube    -> origin/fix/xterm-color-cube
measure	Check out measurement harness and revision history	2026-09-12T21:56:04.8570077Z  * [new branch]      main                    -> origin/main
measure	Check out measurement harness and revision history	2026-09-12T21:56:04.8571866Z  * [new branch]      perf/mixed-utf8-spans   -> origin/perf/mixed-utf8-spans
measure	Check out measurement harness and revision history	2026-09-12T21:56:04.8574152Z  * [new branch]      refactor/64-bit-image-store-ids -> origin/refactor/64-bit-image-store-ids
measure	Check out measurement harness and revision history	2026-09-12T21:56:04.8577224Z  * [new branch]      refactor/integer-glyph-atlas-coordinates -> origin/refactor/integer-glyph-atlas-coordinates
measure	Check out measurement harness and revision history	2026-09-12T21:56:04.8580459Z  * [new branch]      refactor/portable-graphics-types -> origin/refactor/portable-graphics-types
measure	Check out measurement harness and revision history	2026-09-12T21:56:04.8583103Z  * [new branch]      refactor/portable-pane-layout -> origin/refactor/portable-pane-layout
measure	Check out measurement harness and revision history	2026-09-12T21:56:04.8585678Z  * [new branch]      refactor/portable-render-scene -> origin/refactor/portable-render-scene
measure	Check out measurement harness and revision history	2026-09-12T21:56:04.8588580Z  * [new branch]      refactor/portable-selection-state -> origin/refactor/portable-selection-state
measure	Check out measurement harness and revision history	2026-09-12T21:56:04.8591378Z  * [new branch]      refactor/portable-terminal-colors -> origin/refactor/portable-terminal-colors
measure	Check out measurement harness and revision history	2026-09-12T21:56:04.8594178Z  * [new branch]      refactor/portable-terminal-decoder -> origin/refactor/portable-terminal-decoder
measure	Check out measurement harness and revision history	2026-09-12T21:56:04.8596617Z  * [new branch]      refactor/pty-readiness  -> origin/refactor/pty-readiness
measure	Check out measurement harness and revision history	2026-09-12T21:56:04.8599315Z  * [new branch]      refactor/shared-window-title-policy -> origin/refactor/shared-window-title-policy
measure	Check out measurement harness and revision history	2026-09-12T21:56:04.8601619Z  * [new branch]      upgrade                 -> origin/upgrade
measure	Check out measurement harness and revision history	2026-09-12T21:56:04.8603130Z  * [new tag]         v0.1                    -> v0.1
measure	Check out measurement harness and revision history	2026-09-12T21:56:04.8606503Z [command]/usr/bin/git branch --list --remote origin/perf/mixed-utf8-spans
measure	Check out measurement harness and revision history	2026-09-12T21:56:04.8608527Z   origin/perf/mixed-utf8-spans
measure	Check out measurement harness and revision history	2026-09-12T21:56:04.8611304Z [command]/usr/bin/git rev-parse refs/remotes/origin/perf/mixed-utf8-spans
measure	Check out measurement harness and revision history	2026-09-12T21:56:04.8613031Z 74eaad83dbf813cb15bd883b45d52adf0dc729bd
measure	Check out measurement harness and revision history	2026-09-12T21:56:04.8616007Z ##[endgroup]
measure	Check out measurement harness and revision history	2026-09-12T21:56:04.8617754Z ##[group]Determining the checkout info
measure	Check out measurement harness and revision history	2026-09-12T21:56:04.8619530Z ##[endgroup]
measure	Check out measurement harness and revision history	2026-09-12T21:56:04.8620543Z [command]/usr/bin/git sparse-checkout disable
measure	Check out measurement harness and revision history	2026-09-12T21:56:04.8623451Z [command]/usr/bin/git config --local --unset-all extensions.worktreeConfig
measure	Check out measurement harness and revision history	2026-09-12T21:56:04.8627065Z ##[group]Checking out the ref
measure	Check out measurement harness and revision history	2026-09-12T21:56:04.8629221Z [command]/usr/bin/git checkout --progress --force -B perf/mixed-utf8-spans refs/remotes/origin/perf/mixed-utf8-spans
measure	Check out measurement harness and revision history	2026-09-12T21:56:04.9078278Z Switched to a new branch 'perf/mixed-utf8-spans'
measure	Check out measurement harness and revision history	2026-09-12T21:56:04.9083715Z branch 'perf/mixed-utf8-spans' set up to track 'origin/perf/mixed-utf8-spans'.
measure	Check out measurement harness and revision history	2026-09-12T21:56:04.9094270Z ##[endgroup]
measure	Check out measurement harness and revision history	2026-09-12T21:56:04.9138669Z [command]/usr/bin/git log -1 --format=%H
measure	Check out measurement harness and revision history	2026-09-12T21:56:04.9167423Z 74eaad83dbf813cb15bd883b45d52adf0dc729bd
measure	Install Rust and native Wayland dependencies	﻿2026-09-12T21:56:04.9410609Z ##[group]Run rustup toolchain install 1.94.1 --profile minimal
measure	Install Rust and native Wayland dependencies	2026-09-12T21:56:04.9412477Z [36;1mrustup toolchain install 1.94.1 --profile minimal[0m
measure	Install Rust and native Wayland dependencies	2026-09-12T21:56:04.9413950Z [36;1mrustup default 1.94.1[0m
measure	Install Rust and native Wayland dependencies	2026-09-12T21:56:04.9479189Z [36;1msudo apt-get update[0m
measure	Install Rust and native Wayland dependencies	2026-09-12T21:56:04.9481813Z [36;1msudo apt-get install --yes --no-install-recommends \[0m
measure	Install Rust and native Wayland dependencies	2026-09-12T21:56:04.9485009Z [36;1m  fonts-dejavu-core fonts-noto-color-emoji libfontconfig1-dev \[0m
measure	Install Rust and native Wayland dependencies	2026-09-12T21:56:04.9488675Z [36;1m  libfreetype6-dev libxkbcommon-x11-0 pkg-config weston[0m
measure	Install Rust and native Wayland dependencies	2026-09-12T21:56:04.9535120Z shell: /usr/bin/bash --noprofile --norc -e -o pipefail {0}
measure	Install Rust and native Wayland dependencies	2026-09-12T21:56:04.9536590Z env:
measure	Install Rust and native Wayland dependencies	2026-09-12T21:56:04.9537733Z   CARGO_INCREMENTAL: 0
measure	Install Rust and native Wayland dependencies	2026-09-12T21:56:04.9538764Z   CARGO_PROFILE_RELEASE_DEBUG: 0
measure	Install Rust and native Wayland dependencies	2026-09-12T21:56:04.9540034Z   BEFORE_REF: 469b2ac3fb88509a5ac4bf1769e4b2b3512c1008
measure	Install Rust and native Wayland dependencies	2026-09-12T21:56:04.9541522Z   AFTER_REF: 74eaad83dbf813cb15bd883b45d52adf0dc729bd
measure	Install Rust and native Wayland dependencies	2026-09-12T21:56:04.9542835Z   SCREEN: alternate
measure	Install Rust and native Wayland dependencies	2026-09-12T21:56:04.9543800Z ##[endgroup]
measure	Install Rust and native Wayland dependencies	2026-09-12T21:56:04.9980955Z info: syncing channel updates for 1.94.1-x86_64-unknown-linux-gnu
measure	Install Rust and native Wayland dependencies	2026-09-12T21:56:05.1017800Z info: latest update on 2026-03-26 for version 1.94.1 (e408947bf 2026-03-25)
measure	Install Rust and native Wayland dependencies	2026-09-12T21:56:05.1020740Z info: downloading 3 components
measure	Install Rust and native Wayland dependencies	2026-09-12T21:56:12.2850417Z 
measure	Install Rust and native Wayland dependencies	2026-09-12T21:56:12.2921412Z   1.94.1-x86_64-unknown-linux-gnu installed - rustc 1.94.1 (e408947bf 2026-03-25)
measure	Install Rust and native Wayland dependencies	2026-09-12T21:56:12.2922065Z 
measure	Install Rust and native Wayland dependencies	2026-09-12T21:56:12.3017656Z info: using existing install for 1.94.1-x86_64-unknown-linux-gnu
measure	Install Rust and native Wayland dependencies	2026-09-12T21:56:12.3025008Z info: default toolchain set to 1.94.1-x86_64-unknown-linux-gnu
measure	Install Rust and native Wayland dependencies	2026-09-12T21:56:12.3025538Z 
measure	Install Rust and native Wayland dependencies	2026-09-12T21:56:12.3089993Z   1.94.1-x86_64-unknown-linux-gnu unchanged - rustc 1.94.1 (e408947bf 2026-03-25)
measure	Install Rust and native Wayland dependencies	2026-09-12T21:56:12.3090620Z 
measure	Install Rust and native Wayland dependencies	2026-09-12T21:56:12.3879714Z Get:1 file:/etc/apt/apt-mirrors.txt Mirrorlist [144 B]
measure	Install Rust and native Wayland dependencies	2026-09-12T21:56:12.4270727Z Hit:2 http://azure.archive.ubuntu.com/ubuntu noble InRelease
measure	Install Rust and native Wayland dependencies	2026-09-12T21:56:12.4290078Z Get:3 http://azure.archive.ubuntu.com/ubuntu noble-updates InRelease [126 kB]
measure	Install Rust and native Wayland dependencies	2026-09-12T21:56:12.4346637Z Get:4 http://azure.archive.ubuntu.com/ubuntu noble-backports InRelease [126 kB]
measure	Install Rust and native Wayland dependencies	2026-09-12T21:56:12.4378853Z Get:5 http://azure.archive.ubuntu.com/ubuntu noble-security InRelease [126 kB]
measure	Install Rust and native Wayland dependencies	2026-09-12T21:56:12.4414145Z Get:6 https://packages.microsoft.com/ubuntu/24.04/prod noble InRelease [3600 B]
measure	Install Rust and native Wayland dependencies	2026-09-12T21:56:12.5068465Z Get:7 https://dl.google.com/linux/chrome-stable/deb stable InRelease [2548 B]
measure	Install Rust and native Wayland dependencies	2026-09-12T21:56:12.5558642Z Get:8 http://azure.archive.ubuntu.com/ubuntu noble-updates/main amd64 Packages [1263 kB]
measure	Install Rust and native Wayland dependencies	2026-09-12T21:56:12.5697946Z Get:9 http://azure.archive.ubuntu.com/ubuntu noble-updates/main Translation-en [292 kB]
measure	Install Rust and native Wayland dependencies	2026-09-12T21:56:12.5722986Z Get:10 http://azure.archive.ubuntu.com/ubuntu noble-updates/main amd64 Components [180 kB]
measure	Install Rust and native Wayland dependencies	2026-09-12T21:56:12.5741699Z Get:11 http://azure.archive.ubuntu.com/ubuntu noble-updates/universe amd64 Packages [1690 kB]
measure	Install Rust and native Wayland dependencies	2026-09-12T21:56:12.5838386Z Get:12 http://azure.archive.ubuntu.com/ubuntu noble-updates/universe amd64 Components [388 kB]
measure	Install Rust and native Wayland dependencies	2026-09-12T21:56:12.5854995Z Get:13 http://azure.archive.ubuntu.com/ubuntu noble-updates/restricted amd64 Packages [1544 kB]
measure	Install Rust and native Wayland dependencies	2026-09-12T21:56:12.5934279Z Get:14 http://azure.archive.ubuntu.com/ubuntu noble-updates/restricted Translation-en [354 kB]
measure	Install Rust and native Wayland dependencies	2026-09-12T21:56:12.5961070Z Get:15 http://azure.archive.ubuntu.com/ubuntu noble-updates/multiverse amd64 Components [940 B]
measure	Install Rust and native Wayland dependencies	2026-09-12T21:56:12.6095501Z Get:16 http://azure.archive.ubuntu.com/ubuntu noble-backports/main amd64 Components [5748 B]
measure	Install Rust and native Wayland dependencies	2026-09-12T21:56:12.6111164Z Get:17 http://azure.archive.ubuntu.com/ubuntu noble-backports/universe amd64 Components [12.6 kB]
measure	Install Rust and native Wayland dependencies	2026-09-12T21:56:12.7082842Z Get:25 https://packages.microsoft.com/ubuntu/24.04/prod noble/main arm64 Packages [414 kB]
measure	Install Rust and native Wayland dependencies	2026-09-12T21:56:12.7093307Z Get:18 http://azure.archive.ubuntu.com/ubuntu noble-security/main amd64 Packages [1006 kB]
measure	Install Rust and native Wayland dependencies	2026-09-12T21:56:12.7141615Z Get:26 https://packages.microsoft.com/ubuntu/24.04/prod noble/main amd64 Packages [463 kB]
measure	Install Rust and native Wayland dependencies	2026-09-12T21:56:12.7168501Z Get:19 http://azure.archive.ubuntu.com/ubuntu noble-security/main Translation-en [213 kB]
measure	Install Rust and native Wayland dependencies	2026-09-12T21:56:12.7238070Z Get:20 http://azure.archive.ubuntu.com/ubuntu noble-security/main amd64 Components [46.4 kB]
measure	Install Rust and native Wayland dependencies	2026-09-12T21:56:12.7257822Z Get:21 http://azure.archive.ubuntu.com/ubuntu noble-security/universe amd64 Packages [1206 kB]
measure	Install Rust and native Wayland dependencies	2026-09-12T21:56:12.7328093Z Get:22 http://azure.archive.ubuntu.com/ubuntu noble-security/universe amd64 Components [76.3 kB]
measure	Install Rust and native Wayland dependencies	2026-09-12T21:56:12.7357878Z Get:23 http://azure.archive.ubuntu.com/ubuntu noble-security/restricted amd64 Packages [1445 kB]
measure	Install Rust and native Wayland dependencies	2026-09-12T21:56:12.7523337Z Get:24 http://azure.archive.ubuntu.com/ubuntu noble-security/restricted Translation-en [336 kB]
measure	Install Rust and native Wayland dependencies	2026-09-12T21:56:12.7990547Z Get:27 https://dl.google.com/linux/chrome-stable/deb stable/main amd64 Packages [1409 B]
measure	Install Rust and native Wayland dependencies	2026-09-12T21:56:16.6277532Z Fetched 11.3 MB in 1s (9058 kB/s)
measure	Install Rust and native Wayland dependencies	2026-09-12T21:56:17.3816024Z Reading package lists...
measure	Install Rust and native Wayland dependencies	2026-09-12T21:56:17.4124745Z Reading package lists...
measure	Install Rust and native Wayland dependencies	2026-09-12T21:56:17.5674940Z Building dependency tree...
measure	Install Rust and native Wayland dependencies	2026-09-12T21:56:17.5682767Z Reading state information...
measure	Install Rust and native Wayland dependencies	2026-09-12T21:56:17.7002858Z fonts-dejavu-core is already the newest version (2.37-8).
measure	Install Rust and native Wayland dependencies	2026-09-12T21:56:17.7004069Z fonts-dejavu-core set to manually installed.
measure	Install Rust and native Wayland dependencies	2026-09-12T21:56:17.7005368Z fonts-noto-color-emoji is already the newest version (2.047-0ubuntu0.24.04.1).
measure	Install Rust and native Wayland dependencies	2026-09-12T21:56:17.7006655Z pkg-config is already the newest version (1.8.1-2build1).
measure	Install Rust and native Wayland dependencies	2026-09-12T21:56:17.7009071Z The following additional packages will be installed:
measure	Install Rust and native Wayland dependencies	2026-09-12T21:56:17.7010291Z   libaml0t64 libass9 libasyncns0 libavcodec60 libavfilter9 libavformat60
measure	Install Rust and native Wayland dependencies	2026-09-12T21:56:17.7011290Z   libavutil58 libblas3 libbluray2 libbrotli-dev libbs2b0 libbz2-dev
measure	Install Rust and native Wayland dependencies	2026-09-12T21:56:17.7012323Z   libchromaprint1 libcjson1 libcodec2-1.2 libdav1d7 libegl-mesa0 libegl1
measure	Install Rust and native Wayland dependencies	2026-09-12T21:56:17.7013315Z   libflac12t64 libflite1 libfontconfig-dev libfreerdp-server2-2t64
measure	Install Rust and native Wayland dependencies	2026-09-12T21:56:17.7014286Z   libfreerdp2-2t64 libgles2 libgme0 libgsm1 libgstreamer-plugins-base1.0-0
measure	Install Rust and native Wayland dependencies	2026-09-12T21:56:17.7015127Z   libhwy1t64 libinput-bin libinput10 libjxl0.7 liblapack3 liblilv-0-0
measure	Install Rust and native Wayland dependencies	2026-09-12T21:56:17.7015766Z   libmbedcrypto7t64 libmp3lame0 libmpg123-0t64 libmtdev1t64 libmysofa1
measure	Install Rust and native Wayland dependencies	2026-09-12T21:56:17.7016423Z   libneatvnc0 libopenmpt0t64 libopus0 liborc-0.4-0t64 libpipewire-0.3-0t64
measure	Install Rust and native Wayland dependencies	2026-09-12T21:56:17.7017350Z   libplacebo338 libpng-dev libpocketsphinx3 libpostproc57 libpulse0 librav1e0
measure	Install Rust and native Wayland dependencies	2026-09-12T21:56:17.7018079Z   librist4 librsvg2-2 librubberband2 libsamplerate0 libseat1 libserd-0-0
measure	Install Rust and native Wayland dependencies	2026-09-12T21:56:17.7018782Z   libshine3 libsndfile1 libsord-0-0 libsoxr0 libspa-0.2-modules libspeex1
measure	Install Rust and native Wayland dependencies	2026-09-12T21:56:17.7019415Z   libsphinxbase3t64 libsratom-0-0 libsrt1.5-gnutls libssh-gcrypt-4
measure	Install Rust and native Wayland dependencies	2026-09-12T21:56:17.7020017Z   libsvtav1enc1d1 libswresample4 libswscale7 libtheora0 libturbojpeg
measure	Install Rust and native Wayland dependencies	2026-09-12T21:56:17.7020732Z   libtwolame0 libudfread0 libunibreak5 libva-drm2 libva-x11-2 libva2 libvdpau1
measure	Install Rust and native Wayland dependencies	2026-09-12T21:56:17.7021269Z   libvidstab1.1 libvorbisenc2 libvpl2 libvpx9 libwacom-common libwacom9
measure	Install Rust and native Wayland dependencies	2026-09-12T21:56:17.7021779Z   libwayland-server0 libwebrtc-audio-processing1 libweston-13-0 libwinpr2-2t64
measure	Install Rust and native Wayland dependencies	2026-09-12T21:56:17.7022299Z   libx264-164 libx265-199 libxcb-composite0 libxcb-xkb1 libxvidcore4 libzimg2
measure	Install Rust and native Wayland dependencies	2026-09-12T21:56:17.7022783Z   libzix-0-0 libzvbi-common libzvbi0t64 ocl-icd-libopencl1 uuid-dev
measure	Install Rust and native Wayland dependencies	2026-09-12T21:56:17.7023241Z Suggested packages:
measure	Install Rust and native Wayland dependencies	2026-09-12T21:56:17.7023548Z   libcuda1 libnvcuvid1 libnvidia-encode1 libbluray-bdj freerdp2-x11
measure	Install Rust and native Wayland dependencies	2026-09-12T21:56:17.7024005Z   freetype2-doc libvisual-0.4-plugins opus-tools pipewire pulseaudio
measure	Install Rust and native Wayland dependencies	2026-09-12T21:56:17.7024461Z   librsvg2-bin serdi sordi speex libwacom-bin opencl-icd wayland-utils
measure	Install Rust and native Wayland dependencies	2026-09-12T21:56:17.7024825Z Recommended packages:
measure	Install Rust and native Wayland dependencies	2026-09-12T21:56:17.7025141Z   libaacs0 bzip2-doc gstreamer1.0-plugins-base libpipewire-0.3-common
measure	Install Rust and native Wayland dependencies	2026-09-12T21:56:17.7025633Z   libpng-tools pocketsphinx-en-us librsvg2-common va-driver-all | va-driver
measure	Install Rust and native Wayland dependencies	2026-09-12T21:56:17.7026034Z   vdpau-driver-all | vdpau-driver
measure	Install Rust and native Wayland dependencies	2026-09-12T21:56:17.7520296Z The following NEW packages will be installed:
measure	Install Rust and native Wayland dependencies	2026-09-12T21:56:17.7521566Z   libaml0t64 libass9 libasyncns0 libavcodec60 libavfilter9 libavformat60
measure	Install Rust and native Wayland dependencies	2026-09-12T21:56:17.7522713Z   libavutil58 libblas3 libbluray2 libbrotli-dev libbs2b0 libbz2-dev
measure	Install Rust and native Wayland dependencies	2026-09-12T21:56:17.7523755Z   libchromaprint1 libcjson1 libcodec2-1.2 libdav1d7 libegl-mesa0 libegl1
measure	Install Rust and native Wayland dependencies	2026-09-12T21:56:17.7524858Z   libflac12t64 libflite1 libfontconfig-dev libfontconfig1-dev
measure	Install Rust and native Wayland dependencies	2026-09-12T21:56:17.7526019Z   libfreerdp-server2-2t64 libfreerdp2-2t64 libfreetype-dev libgles2 libgme0
measure	Install Rust and native Wayland dependencies	2026-09-12T21:56:17.7527532Z   libgsm1 libgstreamer-plugins-base1.0-0 libhwy1t64 libinput-bin libinput10
measure	Install Rust and native Wayland dependencies	2026-09-12T21:56:17.7528643Z   libjxl0.7 liblapack3 liblilv-0-0 libmbedcrypto7t64 libmp3lame0
measure	Install Rust and native Wayland dependencies	2026-09-12T21:56:17.7529728Z   libmpg123-0t64 libmtdev1t64 libmysofa1 libneatvnc0 libopenmpt0t64 libopus0
measure	Install Rust and native Wayland dependencies	2026-09-12T21:56:17.7530981Z   liborc-0.4-0t64 libpipewire-0.3-0t64 libplacebo338 libpng-dev
measure	Install Rust and native Wayland dependencies	2026-09-12T21:56:17.7532036Z   libpocketsphinx3 libpostproc57 libpulse0 librav1e0 librist4 librsvg2-2
measure	Install Rust and native Wayland dependencies	2026-09-12T21:56:17.7532866Z   librubberband2 libsamplerate0 libseat1 libserd-0-0 libshine3 libsndfile1
measure	Install Rust and native Wayland dependencies	2026-09-12T21:56:17.7533668Z   libsord-0-0 libsoxr0 libspa-0.2-modules libspeex1 libsphinxbase3t64
measure	Install Rust and native Wayland dependencies	2026-09-12T21:56:17.7534413Z   libsratom-0-0 libsrt1.5-gnutls libssh-gcrypt-4 libsvtav1enc1d1
measure	Install Rust and native Wayland dependencies	2026-09-12T21:56:17.7535183Z   libswresample4 libswscale7 libtheora0 libturbojpeg libtwolame0 libudfread0
measure	Install Rust and native Wayland dependencies	2026-09-12T21:56:17.7535981Z   libunibreak5 libva-drm2 libva-x11-2 libva2 libvdpau1 libvidstab1.1
measure	Install Rust and native Wayland dependencies	2026-09-12T21:56:17.7537342Z   libvorbisenc2 libvpl2 libvpx9 libwacom-common libwacom9 libwayland-server0
measure	Install Rust and native Wayland dependencies	2026-09-12T21:56:17.7538190Z   libwebrtc-audio-processing1 libweston-13-0 libwinpr2-2t64 libx264-164
measure	Install Rust and native Wayland dependencies	2026-09-12T21:56:17.7539007Z   libx265-199 libxcb-composite0 libxcb-xkb1 libxkbcommon-x11-0 libxvidcore4
measure	Install Rust and native Wayland dependencies	2026-09-12T21:56:17.7539840Z   libzimg2 libzix-0-0 libzvbi-common libzvbi0t64 ocl-icd-libopencl1 uuid-dev
measure	Install Rust and native Wayland dependencies	2026-09-12T21:56:17.7540459Z   weston
measure	Install Rust and native Wayland dependencies	2026-09-12T21:56:17.7730774Z 0 upgraded, 102 newly installed, 0 to remove and 50 not upgraded.
measure	Install Rust and native Wayland dependencies	2026-09-12T21:56:17.7731404Z Need to get 65.5 MB of archives.
measure	Install Rust and native Wayland dependencies	2026-09-12T21:56:17.7731922Z After this operation, 189 MB of additional disk space will be used.
measure	Install Rust and native Wayland dependencies	2026-09-12T21:56:17.7732346Z Get:1 file:/etc/apt/apt-mirrors.txt Mirrorlist [144 B]
measure	Install Rust and native Wayland dependencies	2026-09-12T21:56:17.8797946Z Get:2 http://azure.archive.ubuntu.com/ubuntu noble/universe amd64 libaml0t64 amd64 0.3.0-1.1build1 [11.6 kB]
measure	Install Rust and native Wayland dependencies	2026-09-12T21:56:17.8877066Z Get:3 http://azure.archive.ubuntu.com/ubuntu noble/universe amd64 libunibreak5 amd64 5.1-2build1 [25.0 kB]
measure	Install Rust and native Wayland dependencies	2026-09-12T21:56:17.8953758Z Get:4 http://azure.archive.ubuntu.com/ubuntu noble/universe amd64 libass9 amd64 1:0.17.1-2build1 [104 kB]
measure	Install Rust and native Wayland dependencies	2026-09-12T21:56:17.9044809Z Get:5 http://azure.archive.ubuntu.com/ubuntu noble/main amd64 libasyncns0 amd64 0.8-6build4 [11.3 kB]
measure	Install Rust and native Wayland dependencies	2026-09-12T21:56:17.9118953Z Get:6 http://azure.archive.ubuntu.com/ubuntu noble-updates/universe amd64 libva2 amd64 2.20.0-2ubuntu0.2 [66.4 kB]
measure	Install Rust and native Wayland dependencies	2026-09-12T21:56:17.9194527Z Get:7 http://azure.archive.ubuntu.com/ubuntu noble-updates/universe amd64 libva-drm2 amd64 2.20.0-2ubuntu0.2 [7124 B]
measure	Install Rust and native Wayland dependencies	2026-09-12T21:56:17.9261909Z Get:8 http://azure.archive.ubuntu.com/ubuntu noble-updates/universe amd64 libva-x11-2 amd64 2.20.0-2ubuntu0.2 [12.0 kB]
measure	Install Rust and native Wayland dependencies	2026-09-12T21:56:17.9331117Z Get:9 http://azure.archive.ubuntu.com/ubuntu noble/main amd64 libvdpau1 amd64 1.5-2build1 [27.8 kB]
measure	Install Rust and native Wayland dependencies	2026-09-12T21:56:17.9399235Z Get:10 http://azure.archive.ubuntu.com/ubuntu noble/universe amd64 libvpl2 amd64 2023.3.0-1build1 [99.8 kB]
measure	Install Rust and native Wayland dependencies	2026-09-12T21:56:17.9474155Z Get:11 http://azure.archive.ubuntu.com/ubuntu noble/universe amd64 ocl-icd-libopencl1 amd64 2.3.2-1build1 [38.5 kB]
measure	Install Rust and native Wayland dependencies	2026-09-12T21:56:17.9548425Z Get:12 http://azure.archive.ubuntu.com/ubuntu noble/universe amd64 libavutil58 amd64 7:6.1.1-3ubuntu5 [401 kB]
measure	Install Rust and native Wayland dependencies	2026-09-12T21:56:17.9653697Z Get:13 http://azure.archive.ubuntu.com/ubuntu noble/universe amd64 libcodec2-1.2 amd64 1.2.0-2build1 [8998 kB]
measure	Install Rust and native Wayland dependencies	2026-09-12T21:56:18.0569623Z Get:14 http://azure.archive.ubuntu.com/ubuntu noble/universe amd64 libdav1d7 amd64 1.4.1-1build1 [604 kB]
measure	Install Rust and native Wayland dependencies	2026-09-12T21:56:18.0706963Z Get:15 http://azure.archive.ubuntu.com/ubuntu noble/universe amd64 libgsm1 amd64 1.0.22-1build1 [27.8 kB]
measure	Install Rust and native Wayland dependencies	2026-09-12T21:56:18.0780049Z Get:16 http://azure.archive.ubuntu.com/ubuntu noble/universe amd64 libhwy1t64 amd64 1.0.7-8.1build1 [584 kB]
measure	Install Rust and native Wayland dependencies	2026-09-12T21:56:18.0944839Z Get:17 http://azure.archive.ubuntu.com/ubuntu noble-updates/universe amd64 libjxl0.7 amd64 0.7.0-10.2ubuntu6.1 [1001 kB]
measure	Install Rust and native Wayland dependencies	2026-09-12T21:56:18.1133688Z Get:18 http://azure.archive.ubuntu.com/ubuntu noble/main amd64 libmp3lame0 amd64 3.100-6build1 [142 kB]
measure	Install Rust and native Wayland dependencies	2026-09-12T21:56:18.1220046Z Get:19 http://azure.archive.ubuntu.com/ubuntu noble/main amd64 libopus0 amd64 1.4-1build1 [208 kB]
measure	Install Rust and native Wayland dependencies	2026-09-12T21:56:18.1306508Z Get:20 http://azure.archive.ubuntu.com/ubuntu noble/universe amd64 librav1e0 amd64 0.7.1-2 [1022 kB]
measure	Install Rust and native Wayland dependencies	2026-09-12T21:56:18.1944812Z Get:21 http://azure.archive.ubuntu.com/ubuntu noble/main amd64 librsvg2-2 amd64 2.58.0+dfsg-1build1 [2135 kB]
measure	Install Rust and native Wayland dependencies	2026-09-12T21:56:18.2881743Z Get:22 http://azure.archive.ubuntu.com/ubuntu noble/universe amd64 libshine3 amd64 3.1.1-2build1 [23.2 kB]
measure	Install Rust and native Wayland dependencies	2026-09-12T21:56:18.2955510Z Get:23 http://azure.archive.ubuntu.com/ubuntu noble-updates/main amd64 libspeex1 amd64 1.2.1-2ubuntu2.24.04.1 [59.6 kB]
measure	Install Rust and native Wayland dependencies	2026-09-12T21:56:18.3042018Z Get:24 http://azure.archive.ubuntu.com/ubuntu noble/universe amd64 libsvtav1enc1d1 amd64 1.7.0+dfsg-2build1 [2425 kB]
measure	Install Rust and native Wayland dependencies	2026-09-12T21:56:18.4113129Z Get:25 http://azure.archive.ubuntu.com/ubuntu noble/universe amd64 libsoxr0 amd64 0.1.3-4build3 [80.0 kB]
measure	Install Rust and native Wayland dependencies	2026-09-12T21:56:18.4207623Z Get:26 http://azure.archive.ubuntu.com/ubuntu noble/universe amd64 libswresample4 amd64 7:6.1.1-3ubuntu5 [63.8 kB]
measure	Install Rust and native Wayland dependencies	2026-09-12T21:56:18.4290266Z Get:27 http://azure.archive.ubuntu.com/ubuntu noble/main amd64 libtheora0 amd64 1.1.1+dfsg.1-16.1build3 [211 kB]
measure	Install Rust and native Wayland dependencies	2026-09-12T21:56:18.4401047Z Get:28 http://azure.archive.ubuntu.com/ubuntu noble/main amd64 libtwolame0 amd64 0.4.0-2build3 [52.3 kB]
measure	Install Rust and native Wayland dependencies	2026-09-12T21:56:18.4487264Z Get:29 http://azure.archive.ubuntu.com/ubuntu noble/main amd64 libvorbisenc2 amd64 1.3.7-1build3 [80.8 kB]
measure	Install Rust and native Wayland dependencies	2026-09-12T21:56:18.4579208Z Get:30 http://azure.archive.ubuntu.com/ubuntu noble-updates/main amd64 libvpx9 amd64 1.14.0-1ubuntu2.3 [1143 kB]
measure	Install Rust and native Wayland dependencies	2026-09-12T21:56:18.4967165Z Get:31 http://azure.archive.ubuntu.com/ubuntu noble/universe amd64 libx264-164 amd64 2:0.164.3108+git31e19f9-1 [604 kB]
measure	Install Rust and native Wayland dependencies	2026-09-12T21:56:18.5186311Z Get:32 http://azure.archive.ubuntu.com/ubuntu noble/universe amd64 libx265-199 amd64 3.5-2build1 [1226 kB]
measure	Install Rust and native Wayland dependencies	2026-09-12T21:56:18.5558277Z Get:33 http://azure.archive.ubuntu.com/ubuntu noble/universe amd64 libxvidcore4 amd64 2:1.3.7-1build1 [219 kB]
measure	Install Rust and native Wayland dependencies	2026-09-12T21:56:18.5670758Z Get:34 http://azure.archive.ubuntu.com/ubuntu noble/universe amd64 libzvbi-common all 0.2.42-2 [42.4 kB]
measure	Install Rust and native Wayland dependencies	2026-09-12T21:56:18.5749614Z Get:35 http://azure.archive.ubuntu.com/ubuntu noble/universe amd64 libzvbi0t64 amd64 0.2.42-2 [261 kB]
measure	Install Rust and native Wayland dependencies	2026-09-12T21:56:18.5875896Z Get:36 http://azure.archive.ubuntu.com/ubuntu noble/universe amd64 libavcodec60 amd64 7:6.1.1-3ubuntu5 [5851 kB]
measure	Install Rust and native Wayland dependencies	2026-09-12T21:56:18.7574884Z Get:37 http://azure.archive.ubuntu.com/ubuntu noble/universe amd64 libudfread0 amd64 1.1.2-1build1 [19.0 kB]
measure	Install Rust and native Wayland dependencies	2026-09-12T21:56:18.7653298Z Get:38 http://azure.archive.ubuntu.com/ubuntu noble/universe amd64 libbluray2 amd64 1:1.3.4-1build1 [159 kB]
measure	Install Rust and native Wayland dependencies	2026-09-12T21:56:18.8179176Z Get:39 http://azure.archive.ubuntu.com/ubuntu noble/universe amd64 libchromaprint1 amd64 1.5.1-5 [30.5 kB]
measure	Install Rust and native Wayland dependencies	2026-09-12T21:56:18.8249891Z Get:40 http://azure.archive.ubuntu.com/ubuntu noble/universe amd64 libgme0 amd64 0.6.3-7build1 [134 kB]
measure	Install Rust and native Wayland dependencies	2026-09-12T21:56:18.8364015Z Get:41 http://azure.archive.ubuntu.com/ubuntu noble-updates/main amd64 libmpg123-0t64 amd64 1.32.5-1ubuntu1.1 [169 kB]
measure	Install Rust and native Wayland dependencies	2026-09-12T21:56:18.8483801Z Get:42 http://azure.archive.ubuntu.com/ubuntu noble/universe amd64 libopenmpt0t64 amd64 0.7.3-1.1build3 [647 kB]
measure	Install Rust and native Wayland dependencies	2026-09-12T21:56:18.8803793Z Get:43 http://azure.archive.ubuntu.com/ubuntu noble/universe amd64 libcjson1 amd64 1.7.17-1 [24.8 kB]
measure	Install Rust and native Wayland dependencies	2026-09-12T21:56:18.8899418Z Get:44 http://azure.archive.ubuntu.com/ubuntu noble/universe amd64 libmbedcrypto7t64 amd64 2.28.8-1 [209 kB]
measure	Install Rust and native Wayland dependencies	2026-09-12T21:56:18.9123111Z Get:45 http://azure.archive.ubuntu.com/ubuntu noble/universe amd64 librist4 amd64 0.2.10+dfsg-2 [74.9 kB]
measure	Install Rust and native Wayland dependencies	2026-09-12T21:56:18.9216701Z Get:46 http://azure.archive.ubuntu.com/ubuntu noble/universe amd64 libsrt1.5-gnutls amd64 1.5.3-1build2 [316 kB]
measure	Install Rust and native Wayland dependencies	2026-09-12T21:56:18.9399649Z Get:47 http://azure.archive.ubuntu.com/ubuntu noble-updates/main amd64 libssh-gcrypt-4 amd64 0.10.6-2ubuntu0.5 [226 kB]
measure	Install Rust and native Wayland dependencies	2026-09-12T21:56:18.9536922Z Get:48 http://azure.archive.ubuntu.com/ubuntu noble/universe amd64 libavformat60 amd64 7:6.1.1-3ubuntu5 [1153 kB]
measure	Install Rust and native Wayland dependencies	2026-09-12T21:56:19.0120859Z Get:49 http://azure.archive.ubuntu.com/ubuntu noble/universe amd64 libbs2b0 amd64 3.1.0+dfsg-7build1 [10.6 kB]
measure	Install Rust and native Wayland dependencies	2026-09-12T21:56:19.0200352Z Get:50 http://azure.archive.ubuntu.com/ubuntu noble/universe amd64 libflite1 amd64 2.2-6build3 [13.6 MB]
measure	Install Rust and native Wayland dependencies	2026-09-12T21:56:19.3117778Z Get:51 http://azure.archive.ubuntu.com/ubuntu noble/universe amd64 libserd-0-0 amd64 0.32.2-1 [43.6 kB]
measure	Install Rust and native Wayland dependencies	2026-09-12T21:56:19.3193642Z Get:52 http://azure.archive.ubuntu.com/ubuntu noble/universe amd64 libzix-0-0 amd64 0.4.2-2build1 [23.6 kB]
measure	Install Rust and native Wayland dependencies	2026-09-12T21:56:19.3269455Z Get:53 http://azure.archive.ubuntu.com/ubuntu noble/universe amd64 libsord-0-0 amd64 0.16.16-2build1 [15.8 kB]
measure	Install Rust and native Wayland dependencies	2026-09-12T21:56:19.3344614Z Get:54 http://azure.archive.ubuntu.com/ubuntu noble/universe amd64 libsratom-0-0 amd64 0.6.16-1build1 [17.3 kB]
measure	Install Rust and native Wayland dependencies	2026-09-12T21:56:19.3419097Z Get:55 http://azure.archive.ubuntu.com/ubuntu noble/universe amd64 liblilv-0-0 amd64 0.24.22-1build1 [41.0 kB]
measure	Install Rust and native Wayland dependencies	2026-09-12T21:56:19.3496416Z Get:56 http://azure.archive.ubuntu.com/ubuntu noble/universe amd64 libmysofa1 amd64 1.3.2+dfsg-2ubuntu2 [1158 kB]
measure	Install Rust and native Wayland dependencies	2026-09-12T21:56:19.3753109Z Get:57 http://azure.archive.ubuntu.com/ubuntu noble/universe amd64 libplacebo338 amd64 6.338.2-2build1 [2654 kB]
measure	Install Rust and native Wayland dependencies	2026-09-12T21:56:19.4667589Z Get:58 http://azure.archive.ubuntu.com/ubuntu noble-updates/main amd64 libblas3 amd64 3.12.0-3build1.1 [238 kB]
measure	Install Rust and native Wayland dependencies	2026-09-12T21:56:19.4764496Z Get:59 http://azure.archive.ubuntu.com/ubuntu noble-updates/main amd64 liblapack3 amd64 3.12.0-3build1.1 [2646 kB]
measure	Install Rust and native Wayland dependencies	2026-09-12T21:56:19.5165838Z Get:60 http://azure.archive.ubuntu.com/ubuntu noble/main amd64 libflac12t64 amd64 1.4.3+ds-2.1ubuntu2 [197 kB]
measure	Install Rust and native Wayland dependencies	2026-09-12T21:56:19.5305857Z Get:61 http://azure.archive.ubuntu.com/ubuntu noble-updates/main amd64 libsndfile1 amd64 1.2.2-1ubuntu5.24.04.1 [209 kB]
measure	Install Rust and native Wayland dependencies	2026-09-12T21:56:19.5456052Z Get:62 http://azure.archive.ubuntu.com/ubuntu noble-updates/main amd64 libpulse0 amd64 1:16.1+dfsg1-2ubuntu10.1 [292 kB]
measure	Install Rust and native Wayland dependencies	2026-09-12T21:56:19.5603882Z Get:63 http://azure.archive.ubuntu.com/ubuntu noble/universe amd64 libsphinxbase3t64 amd64 0.8+5prealpha+1-17build2 [126 kB]
measure	Install Rust and native Wayland dependencies	2026-09-12T21:56:19.5688221Z Get:64 http://azure.archive.ubuntu.com/ubuntu noble/universe amd64 libpocketsphinx3 amd64 0.8.0+real5prealpha+1-15ubuntu5 [133 kB]
measure	Install Rust and native Wayland dependencies	2026-09-12T21:56:19.5773604Z Get:65 http://azure.archive.ubuntu.com/ubuntu noble/universe amd64 libpostproc57 amd64 7:6.1.1-3ubuntu5 [49.9 kB]
measure	Install Rust and native Wayland dependencies	2026-09-12T21:56:19.5853846Z Get:66 http://azure.archive.ubuntu.com/ubuntu noble/main amd64 libsamplerate0 amd64 0.2.2-4build1 [1344 kB]
measure	Install Rust and native Wayland dependencies	2026-09-12T21:56:19.6061460Z Get:67 http://azure.archive.ubuntu.com/ubuntu noble/universe amd64 librubberband2 amd64 3.3.0+dfsg-2build1 [130 kB]
measure	Install Rust and native Wayland dependencies	2026-09-12T21:56:19.6153449Z Get:68 http://azure.archive.ubuntu.com/ubuntu noble/universe amd64 libswscale7 amd64 7:6.1.1-3ubuntu5 [193 kB]
measure	Install Rust and native Wayland dependencies	2026-09-12T21:56:19.6245098Z Get:69 http://azure.archive.ubuntu.com/ubuntu noble/universe amd64 libvidstab1.1 amd64 1.1.0-2build1 [38.5 kB]
measure	Install Rust and native Wayland dependencies	2026-09-12T21:56:19.6319615Z Get:70 http://azure.archive.ubuntu.com/ubuntu noble/universe amd64 libzimg2 amd64 3.0.5+ds1-1build1 [254 kB]
measure	Install Rust and native Wayland dependencies	2026-09-12T21:56:19.6412835Z Get:71 http://azure.archive.ubuntu.com/ubuntu noble/universe amd64 libavfilter9 amd64 7:6.1.1-3ubuntu5 [4235 kB]
measure	Install Rust and native Wayland dependencies	2026-09-12T21:56:19.7095228Z Get:72 http://azure.archive.ubuntu.com/ubuntu noble/main amd64 libbrotli-dev amd64 1.1.0-2build2 [353 kB]
measure	Install Rust and native Wayland dependencies	2026-09-12T21:56:19.7213446Z Get:73 http://azure.archive.ubuntu.com/ubuntu noble-updates/main amd64 libbz2-dev amd64 1.0.8-5.1ubuntu0.1 [33.6 kB]
measure	Install Rust and native Wayland dependencies	2026-09-12T21:56:19.7293431Z Get:74 http://azure.archive.ubuntu.com/ubuntu noble-updates/main amd64 libegl-mesa0 amd64 25.2.8-0ubuntu0.24.04.2 [117 kB]
measure	Install Rust and native Wayland dependencies	2026-09-12T21:56:19.7383284Z Get:75 http://azure.archive.ubuntu.com/ubuntu noble-updates/main amd64 libpng-dev amd64 1.6.43-5ubuntu0.6 [265 kB]
measure	Install Rust and native Wayland dependencies	2026-09-12T21:56:19.7618180Z Get:76 http://azure.archive.ubuntu.com/ubuntu noble-updates/main amd64 libfreetype-dev amd64 2.13.2+dfsg-1ubuntu0.1 [575 kB]
measure	Install Rust and native Wayland dependencies	2026-09-12T21:56:19.8264256Z Get:77 http://azure.archive.ubuntu.com/ubuntu noble-updates/main amd64 uuid-dev amd64 2.39.3-9ubuntu6.6 [33.5 kB]
measure	Install Rust and native Wayland dependencies	2026-09-12T21:56:19.8342074Z Get:78 http://azure.archive.ubuntu.com/ubuntu noble/main amd64 libfontconfig-dev amd64 2.15.0-1.1ubuntu2 [161 kB]
measure	Install Rust and native Wayland dependencies	2026-09-12T21:56:19.8428904Z Get:79 http://azure.archive.ubuntu.com/ubuntu noble/main amd64 libfontconfig1-dev amd64 2.15.0-1.1ubuntu2 [1840 B]
measure	Install Rust and native Wayland dependencies	2026-09-12T21:56:19.8507286Z Get:80 http://azure.archive.ubuntu.com/ubuntu noble/universe amd64 libwinpr2-2t64 amd64 2.11.5+dfsg1-1build2 [350 kB]
measure	Install Rust and native Wayland dependencies	2026-09-12T21:56:19.8718593Z Get:81 http://azure.archive.ubuntu.com/ubuntu noble/universe amd64 libfreerdp2-2t64 amd64 2.11.5+dfsg1-1build2 [559 kB]
measure	Install Rust and native Wayland dependencies	2026-09-12T21:56:19.8992705Z Get:82 http://azure.archive.ubuntu.com/ubuntu noble/universe amd64 libfreerdp-server2-2t64 amd64 2.11.5+dfsg1-1build2 [108 kB]
measure	Install Rust and native Wayland dependencies	2026-09-12T21:56:19.9096591Z Get:83 http://azure.archive.ubuntu.com/ubuntu noble-updates/main amd64 liborc-0.4-0t64 amd64 1:0.4.38-1ubuntu0.1 [207 kB]
measure	Install Rust and native Wayland dependencies	2026-09-12T21:56:19.9240060Z Get:84 http://azure.archive.ubuntu.com/ubuntu noble-updates/main amd64 libgstreamer-plugins-base1.0-0 amd64 1.24.2-1ubuntu0.4 [862 kB]
measure	Install Rust and native Wayland dependencies	2026-09-12T21:56:19.9679840Z Get:85 http://azure.archive.ubuntu.com/ubuntu noble/main amd64 libwacom-common all 2.10.0-2 [63.4 kB]
measure	Install Rust and native Wayland dependencies	2026-09-12T21:56:19.9767306Z Get:86 http://azure.archive.ubuntu.com/ubuntu noble/main amd64 libwacom9 amd64 2.10.0-2 [23.9 kB]
measure	Install Rust and native Wayland dependencies	2026-09-12T21:56:19.9848603Z Get:87 http://azure.archive.ubuntu.com/ubuntu noble-updates/main amd64 libinput-bin amd64 1.25.0-1ubuntu3.6 [23.2 kB]
measure	Install Rust and native Wayland dependencies	2026-09-12T21:56:19.9928310Z Get:88 http://azure.archive.ubuntu.com/ubuntu noble/main amd64 libmtdev1t64 amd64 1.1.6-1.1build1 [14.4 kB]
measure	Install Rust and native Wayland dependencies	2026-09-12T21:56:20.0050156Z Get:89 http://azure.archive.ubuntu.com/ubuntu noble-updates/main amd64 libinput10 amd64 1.25.0-1ubuntu3.6 [133 kB]
measure	Install Rust and native Wayland dependencies	2026-09-12T21:56:20.0134216Z Get:90 http://azure.archive.ubuntu.com/ubuntu noble/universe amd64 libturbojpeg amd64 1:2.1.5-2ubuntu2 [192 kB]
measure	Install Rust and native Wayland dependencies	2026-09-12T21:56:20.0264104Z Get:91 http://azure.archive.ubuntu.com/ubuntu noble/universe amd64 libneatvnc0 amd64 0.7.1+dfsg-2build3 [55.7 kB]
measure	Install Rust and native Wayland dependencies	2026-09-12T21:56:20.0347814Z Get:92 http://azure.archive.ubuntu.com/ubuntu noble/main amd64 libwebrtc-audio-processing1 amd64 0.3.1-0ubuntu6 [290 kB]
measure	Install Rust and native Wayland dependencies	2026-09-12T21:56:20.0520254Z Get:93 http://azure.archive.ubuntu.com/ubuntu noble-updates/main amd64 libspa-0.2-modules amd64 1.0.5-1ubuntu3.3 [628 kB]
measure	Install Rust and native Wayland dependencies	2026-09-12T21:56:20.0833874Z Get:94 http://azure.archive.ubuntu.com/ubuntu noble-updates/main amd64 libpipewire-0.3-0t64 amd64 1.0.5-1ubuntu3.3 [252 kB]
measure	Install Rust and native Wayland dependencies	2026-09-12T21:56:20.1422540Z Get:95 http://azure.archive.ubuntu.com/ubuntu noble/universe amd64 libseat1 amd64 0.8.0-1 [28.3 kB]
measure	Install Rust and native Wayland dependencies	2026-09-12T21:56:20.1503668Z Get:96 http://azure.archive.ubuntu.com/ubuntu noble/main amd64 libwayland-server0 amd64 1.22.0-2.1build1 [33.9 kB]
measure	Install Rust and native Wayland dependencies	2026-09-12T21:56:20.1580758Z Get:97 http://azure.archive.ubuntu.com/ubuntu noble/main amd64 libegl1 amd64 1.7.0-1build1 [28.7 kB]
measure	Install Rust and native Wayland dependencies	2026-09-12T21:56:20.1656844Z Get:98 http://azure.archive.ubuntu.com/ubuntu noble/main amd64 libgles2 amd64 1.7.0-1build1 [17.1 kB]
measure	Install Rust and native Wayland dependencies	2026-09-12T21:56:20.1735405Z Get:99 http://azure.archive.ubuntu.com/ubuntu noble/main amd64 libxcb-composite0 amd64 1.15-1ubuntu2 [5304 B]
measure	Install Rust and native Wayland dependencies	2026-09-12T21:56:20.1811050Z Get:100 http://azure.archive.ubuntu.com/ubuntu noble/main amd64 libxcb-xkb1 amd64 1.15-1ubuntu2 [32.3 kB]
measure	Install Rust and native Wayland dependencies	2026-09-12T21:56:20.1889684Z Get:101 http://azure.archive.ubuntu.com/ubuntu noble/universe amd64 libweston-13-0 amd64 13.0.0-4build3 [415 kB]
measure	Install Rust and native Wayland dependencies	2026-09-12T21:56:20.2060843Z Get:102 http://azure.archive.ubuntu.com/ubuntu noble/main amd64 libxkbcommon-x11-0 amd64 1.6.0-1build1 [14.5 kB]
measure	Install Rust and native Wayland dependencies	2026-09-12T21:56:20.2151856Z Get:103 http://azure.archive.ubuntu.com/ubuntu noble/universe amd64 weston amd64 13.0.0-4build3 [953 kB]
measure	Install Rust and native Wayland dependencies	2026-09-12T21:56:20.5424724Z Fetched 65.5 MB in 2s (26.6 MB/s)
measure	Install Rust and native Wayland dependencies	2026-09-12T21:56:20.5648045Z Selecting previously unselected package libaml0t64:amd64.
measure	Install Rust and native Wayland dependencies	2026-09-12T21:56:20.5891061Z (Reading database ... 
measure	Install Rust and native Wayland dependencies	2026-09-12T21:56:20.5891853Z (Reading database ... 5%
measure	Install Rust and native Wayland dependencies	2026-09-12T21:56:20.5892637Z (Reading database ... 10%
measure	Install Rust and native Wayland dependencies	2026-09-12T21:56:20.5893271Z (Reading database ... 15%
measure	Install Rust and native Wayland dependencies	2026-09-12T21:56:20.5893803Z (Reading database ... 20%
measure	Install Rust and native Wayland dependencies	2026-09-12T21:56:20.5894224Z (Reading database ... 25%
measure	Install Rust and native Wayland dependencies	2026-09-12T21:56:20.5894540Z (Reading database ... 30%
measure	Install Rust and native Wayland dependencies	2026-09-12T21:56:20.5894858Z (Reading database ... 35%
measure	Install Rust and native Wayland dependencies	2026-09-12T21:56:20.5895170Z (Reading database ... 40%
measure	Install Rust and native Wayland dependencies	2026-09-12T21:56:20.5895504Z (Reading database ... 45%
measure	Install Rust and native Wayland dependencies	2026-09-12T21:56:20.5895818Z (Reading database ... 50%
measure	Install Rust and native Wayland dependencies	2026-09-12T21:56:20.5933366Z (Reading database ... 55%
measure	Install Rust and native Wayland dependencies	2026-09-12T21:56:20.7214565Z (Reading database ... 60%
measure	Install Rust and native Wayland dependencies	2026-09-12T21:56:20.8777313Z (Reading database ... 65%
measure	Install Rust and native Wayland dependencies	2026-09-12T21:56:21.0698966Z (Reading database ... 70%
measure	Install Rust and native Wayland dependencies	2026-09-12T21:56:21.2251297Z (Reading database ... 75%
measure	Install Rust and native Wayland dependencies	2026-09-12T21:56:21.3831512Z (Reading database ... 80%
measure	Install Rust and native Wayland dependencies	2026-09-12T21:56:21.5172645Z (Reading database ... 85%
measure	Install Rust and native Wayland dependencies	2026-09-12T21:56:21.6740721Z (Reading database ... 90%
measure	Install Rust and native Wayland dependencies	2026-09-12T21:56:21.7818111Z (Reading database ... 95%
measure	Install Rust and native Wayland dependencies	2026-09-12T21:56:21.7818726Z (Reading database ... 100%
measure	Install Rust and native Wayland dependencies	2026-09-12T21:56:21.7819573Z (Reading database ... 201818 files and directories currently installed.)
measure	Install Rust and native Wayland dependencies	2026-09-12T21:56:21.7857695Z Preparing to unpack .../000-libaml0t64_0.3.0-1.1build1_amd64.deb ...
measure	Install Rust and native Wayland dependencies	2026-09-12T21:56:21.7897438Z Unpacking libaml0t64:amd64 (0.3.0-1.1build1) ...
measure	Install Rust and native Wayland dependencies	2026-09-12T21:56:21.8128067Z Selecting previously unselected package libunibreak5:amd64.
measure	Install Rust and native Wayland dependencies	2026-09-12T21:56:21.8244837Z Preparing to unpack .../001-libunibreak5_5.1-2build1_amd64.deb ...
measure	Install Rust and native Wayland dependencies	2026-09-12T21:56:21.8254352Z Unpacking libunibreak5:amd64 (5.1-2build1) ...
measure	Install Rust and native Wayland dependencies	2026-09-12T21:56:21.8465499Z Selecting previously unselected package libass9:amd64.
measure	Install Rust and native Wayland dependencies	2026-09-12T21:56:21.8581233Z Preparing to unpack .../002-libass9_1%3a0.17.1-2build1_amd64.deb ...
measure	Install Rust and native Wayland dependencies	2026-09-12T21:56:21.8591022Z Unpacking libass9:amd64 (1:0.17.1-2build1) ...
measure	Install Rust and native Wayland dependencies	2026-09-12T21:56:21.8806537Z Selecting previously unselected package libasyncns0:amd64.
measure	Install Rust and native Wayland dependencies	2026-09-12T21:56:21.8923557Z Preparing to unpack .../003-libasyncns0_0.8-6build4_amd64.deb ...
measure	Install Rust and native Wayland dependencies	2026-09-12T21:56:21.8932592Z Unpacking libasyncns0:amd64 (0.8-6build4) ...
measure	Install Rust and native Wayland dependencies	2026-09-12T21:56:21.9143674Z Selecting previously unselected package libva2:amd64.
measure	Install Rust and native Wayland dependencies	2026-09-12T21:56:21.9259946Z Preparing to unpack .../004-libva2_2.20.0-2ubuntu0.2_amd64.deb ...
measure	Install Rust and native Wayland dependencies	2026-09-12T21:56:21.9270983Z Unpacking libva2:amd64 (2.20.0-2ubuntu0.2) ...
measure	Install Rust and native Wayland dependencies	2026-09-12T21:56:21.9485457Z Selecting previously unselected package libva-drm2:amd64.
measure	Install Rust and native Wayland dependencies	2026-09-12T21:56:21.9598969Z Preparing to unpack .../005-libva-drm2_2.20.0-2ubuntu0.2_amd64.deb ...
measure	Install Rust and native Wayland dependencies	2026-09-12T21:56:21.9608685Z Unpacking libva-drm2:amd64 (2.20.0-2ubuntu0.2) ...
measure	Install Rust and native Wayland dependencies	2026-09-12T21:56:21.9809873Z Selecting previously unselected package libva-x11-2:amd64.
measure	Install Rust and native Wayland dependencies	2026-09-12T21:56:21.9919527Z Preparing to unpack .../006-libva-x11-2_2.20.0-2ubuntu0.2_amd64.deb ...
measure	Install Rust and native Wayland dependencies	2026-09-12T21:56:21.9929150Z Unpacking libva-x11-2:amd64 (2.20.0-2ubuntu0.2) ...
measure	Install Rust and native Wayland dependencies	2026-09-12T21:56:22.0137058Z Selecting previously unselected package libvdpau1:amd64.
measure	Install Rust and native Wayland dependencies	2026-09-12T21:56:22.0251198Z Preparing to unpack .../007-libvdpau1_1.5-2build1_amd64.deb ...
measure	Install Rust and native Wayland dependencies	2026-09-12T21:56:22.0263833Z Unpacking libvdpau1:amd64 (1.5-2build1) ...
measure	Install Rust and native Wayland dependencies	2026-09-12T21:56:22.0476535Z Selecting previously unselected package libvpl2.
measure	Install Rust and native Wayland dependencies	2026-09-12T21:56:22.0588838Z Preparing to unpack .../008-libvpl2_2023.3.0-1build1_amd64.deb ...
measure	Install Rust and native Wayland dependencies	2026-09-12T21:56:22.0599865Z Unpacking libvpl2 (2023.3.0-1build1) ...
measure	Install Rust and native Wayland dependencies	2026-09-12T21:56:22.0819791Z Selecting previously unselected package ocl-icd-libopencl1:amd64.
measure	Install Rust and native Wayland dependencies	2026-09-12T21:56:22.0931681Z Preparing to unpack .../009-ocl-icd-libopencl1_2.3.2-1build1_amd64.deb ...
measure	Install Rust and native Wayland dependencies	2026-09-12T21:56:22.0941811Z Unpacking ocl-icd-libopencl1:amd64 (2.3.2-1build1) ...
measure	Install Rust and native Wayland dependencies	2026-09-12T21:56:22.1181287Z Selecting previously unselected package libavutil58:amd64.
measure	Install Rust and native Wayland dependencies	2026-09-12T21:56:22.1292396Z Preparing to unpack .../010-libavutil58_7%3a6.1.1-3ubuntu5_amd64.deb ...
measure	Install Rust and native Wayland dependencies	2026-09-12T21:56:22.1303387Z Unpacking libavutil58:amd64 (7:6.1.1-3ubuntu5) ...
measure	Install Rust and native Wayland dependencies	2026-09-12T21:56:22.1548831Z Selecting previously unselected package libcodec2-1.2:amd64.
measure	Install Rust and native Wayland dependencies	2026-09-12T21:56:22.1659536Z Preparing to unpack .../011-libcodec2-1.2_1.2.0-2build1_amd64.deb ...
measure	Install Rust and native Wayland dependencies	2026-09-12T21:56:22.1668782Z Unpacking libcodec2-1.2:amd64 (1.2.0-2build1) ...
measure	Install Rust and native Wayland dependencies	2026-09-12T21:56:22.2379013Z Selecting previously unselected package libdav1d7:amd64.
measure	Install Rust and native Wayland dependencies	2026-09-12T21:56:22.2499050Z Preparing to unpack .../012-libdav1d7_1.4.1-1build1_amd64.deb ...
measure	Install Rust and native Wayland dependencies	2026-09-12T21:56:22.2508995Z Unpacking libdav1d7:amd64 (1.4.1-1build1) ...
measure	Install Rust and native Wayland dependencies	2026-09-12T21:56:22.2778562Z Selecting previously unselected package libgsm1:amd64.
measure	Install Rust and native Wayland dependencies	2026-09-12T21:56:22.2897318Z Preparing to unpack .../013-libgsm1_1.0.22-1build1_amd64.deb ...
measure	Install Rust and native Wayland dependencies	2026-09-12T21:56:22.2907678Z Unpacking libgsm1:amd64 (1.0.22-1build1) ...
measure	Install Rust and native Wayland dependencies	2026-09-12T21:56:22.3115714Z Selecting previously unselected package libhwy1t64:amd64.
measure	Install Rust and native Wayland dependencies	2026-09-12T21:56:22.3234370Z Preparing to unpack .../014-libhwy1t64_1.0.7-8.1build1_amd64.deb ...
measure	Install Rust and native Wayland dependencies	2026-09-12T21:56:22.3245108Z Unpacking libhwy1t64:amd64 (1.0.7-8.1build1) ...
measure	Install Rust and native Wayland dependencies	2026-09-12T21:56:22.3569040Z Selecting previously unselected package libjxl0.7:amd64.
measure	Install Rust and native Wayland dependencies	2026-09-12T21:56:22.3688725Z Preparing to unpack .../015-libjxl0.7_0.7.0-10.2ubuntu6.1_amd64.deb ...
measure	Install Rust and native Wayland dependencies	2026-09-12T21:56:22.3699437Z Unpacking libjxl0.7:amd64 (0.7.0-10.2ubuntu6.1) ...
measure	Install Rust and native Wayland dependencies	2026-09-12T21:56:22.4033728Z Selecting previously unselected package libmp3lame0:amd64.
measure	Install Rust and native Wayland dependencies	2026-09-12T21:56:22.4151602Z Preparing to unpack .../016-libmp3lame0_3.100-6build1_amd64.deb ...
measure	Install Rust and native Wayland dependencies	2026-09-12T21:56:22.4161221Z Unpacking libmp3lame0:amd64 (3.100-6build1) ...
measure	Install Rust and native Wayland dependencies	2026-09-12T21:56:22.4379899Z Selecting previously unselected package libopus0:amd64.
measure	Install Rust and native Wayland dependencies	2026-09-12T21:56:22.4496164Z Preparing to unpack .../017-libopus0_1.4-1build1_amd64.deb ...
measure	Install Rust and native Wayland dependencies	2026-09-12T21:56:22.4506388Z Unpacking libopus0:amd64 (1.4-1build1) ...
measure	Install Rust and native Wayland dependencies	2026-09-12T21:56:22.4726645Z Selecting previously unselected package librav1e0:amd64.
measure	Install Rust and native Wayland dependencies	2026-09-12T21:56:22.4842052Z Preparing to unpack .../018-librav1e0_0.7.1-2_amd64.deb ...
measure	Install Rust and native Wayland dependencies	2026-09-12T21:56:22.4851852Z Unpacking librav1e0:amd64 (0.7.1-2) ...
measure	Install Rust and native Wayland dependencies	2026-09-12T21:56:22.5177194Z Selecting previously unselected package librsvg2-2:amd64.
measure	Install Rust and native Wayland dependencies	2026-09-12T21:56:22.5304139Z Preparing to unpack .../019-librsvg2-2_2.58.0+dfsg-1build1_amd64.deb ...
measure	Install Rust and native Wayland dependencies	2026-09-12T21:56:22.5314318Z Unpacking librsvg2-2:amd64 (2.58.0+dfsg-1build1) ...
measure	Install Rust and native Wayland dependencies	2026-09-12T21:56:22.5768543Z Selecting previously unselected package libshine3:amd64.
measure	Install Rust and native Wayland dependencies	2026-09-12T21:56:22.5887590Z Preparing to unpack .../020-libshine3_3.1.1-2build1_amd64.deb ...
measure	Install Rust and native Wayland dependencies	2026-09-12T21:56:22.5897688Z Unpacking libshine3:amd64 (3.1.1-2build1) ...
measure	Install Rust and native Wayland dependencies	2026-09-12T21:56:22.6100268Z Selecting previously unselected package libspeex1:amd64.
measure	Install Rust and native Wayland dependencies	2026-09-12T21:56:22.6218822Z Preparing to unpack .../021-libspeex1_1.2.1-2ubuntu2.24.04.1_amd64.deb ...
measure	Install Rust and native Wayland dependencies	2026-09-12T21:56:22.6229349Z Unpacking libspeex1:amd64 (1.2.1-2ubuntu2.24.04.1) ...
measure	Install Rust and native Wayland dependencies	2026-09-12T21:56:22.6434305Z Selecting previously unselected package libsvtav1enc1d1:amd64.
measure	Install Rust and native Wayland dependencies	2026-09-12T21:56:22.6550850Z Preparing to unpack .../022-libsvtav1enc1d1_1.7.0+dfsg-2build1_amd64.deb ...
measure	Install Rust and native Wayland dependencies	2026-09-12T21:56:22.6560848Z Unpacking libsvtav1enc1d1:amd64 (1.7.0+dfsg-2build1) ...
measure	Install Rust and native Wayland dependencies	2026-09-12T21:56:22.7030281Z Selecting previously unselected package libsoxr0:amd64.
measure	Install Rust and native Wayland dependencies	2026-09-12T21:56:22.7150573Z Preparing to unpack .../023-libsoxr0_0.1.3-4build3_amd64.deb ...
measure	Install Rust and native Wayland dependencies	2026-09-12T21:56:22.7161938Z Unpacking libsoxr0:amd64 (0.1.3-4build3) ...
measure	Install Rust and native Wayland dependencies	2026-09-12T21:56:22.7379628Z Selecting previously unselected package libswresample4:amd64.
measure	Install Rust and native Wayland dependencies	2026-09-12T21:56:22.7495809Z Preparing to unpack .../024-libswresample4_7%3a6.1.1-3ubuntu5_amd64.deb ...
measure	Install Rust and native Wayland dependencies	2026-09-12T21:56:22.7504858Z Unpacking libswresample4:amd64 (7:6.1.1-3ubuntu5) ...
measure	Install Rust and native Wayland dependencies	2026-09-12T21:56:22.7709927Z Selecting previously unselected package libtheora0:amd64.
measure	Install Rust and native Wayland dependencies	2026-09-12T21:56:22.7831179Z Preparing to unpack .../025-libtheora0_1.1.1+dfsg.1-16.1build3_amd64.deb ...
measure	Install Rust and native Wayland dependencies	2026-09-12T21:56:22.7838984Z Unpacking libtheora0:amd64 (1.1.1+dfsg.1-16.1build3) ...
measure	Install Rust and native Wayland dependencies	2026-09-12T21:56:22.8064869Z Selecting previously unselected package libtwolame0:amd64.
measure	Install Rust and native Wayland dependencies	2026-09-12T21:56:22.8184578Z Preparing to unpack .../026-libtwolame0_0.4.0-2build3_amd64.deb ...
measure	Install Rust and native Wayland dependencies	2026-09-12T21:56:22.8192460Z Unpacking libtwolame0:amd64 (0.4.0-2build3) ...
measure	Install Rust and native Wayland dependencies	2026-09-12T21:56:22.8390790Z Selecting previously unselected package libvorbisenc2:amd64.
measure	Install Rust and native Wayland dependencies	2026-09-12T21:56:22.8507293Z Preparing to unpack .../027-libvorbisenc2_1.3.7-1build3_amd64.deb ...
measure	Install Rust and native Wayland dependencies	2026-09-12T21:56:22.8515139Z Unpacking libvorbisenc2:amd64 (1.3.7-1build3) ...
measure	Install Rust and native Wayland dependencies	2026-09-12T21:56:22.8728235Z Selecting previously unselected package libvpx9:amd64.
measure	Install Rust and native Wayland dependencies	2026-09-12T21:56:22.8844787Z Preparing to unpack .../028-libvpx9_1.14.0-1ubuntu2.3_amd64.deb ...
measure	Install Rust and native Wayland dependencies	2026-09-12T21:56:22.8851455Z Unpacking libvpx9:amd64 (1.14.0-1ubuntu2.3) ...
measure	Install Rust and native Wayland dependencies	2026-09-12T21:56:22.9161417Z Selecting previously unselected package libx264-164:amd64.
measure	Install Rust and native Wayland dependencies	2026-09-12T21:56:22.9278565Z Preparing to unpack .../029-libx264-164_2%3a0.164.3108+git31e19f9-1_amd64.deb ...
measure	Install Rust and native Wayland dependencies	2026-09-12T21:56:22.9286643Z Unpacking libx264-164:amd64 (2:0.164.3108+git31e19f9-1) ...
measure	Install Rust and native Wayland dependencies	2026-09-12T21:56:22.9543130Z Selecting previously unselected package libx265-199:amd64.
measure	Install Rust and native Wayland dependencies	2026-09-12T21:56:22.9659747Z Preparing to unpack .../030-libx265-199_3.5-2build1_amd64.deb ...
measure	Install Rust and native Wayland dependencies	2026-09-12T21:56:22.9668200Z Unpacking libx265-199:amd64 (3.5-2build1) ...
measure	Install Rust and native Wayland dependencies	2026-09-12T21:56:23.0294118Z Selecting previously unselected package libxvidcore4:amd64.
measure	Install Rust and native Wayland dependencies	2026-09-12T21:56:23.0417090Z Preparing to unpack .../031-libxvidcore4_2%3a1.3.7-1build1_amd64.deb ...
measure	Install Rust and native Wayland dependencies	2026-09-12T21:56:23.0425224Z Unpacking libxvidcore4:amd64 (2:1.3.7-1build1) ...
measure	Install Rust and native Wayland dependencies	2026-09-12T21:56:23.0635590Z Selecting previously unselected package libzvbi-common.
measure	Install Rust and native Wayland dependencies	2026-09-12T21:56:23.0757063Z Preparing to unpack .../032-libzvbi-common_0.2.42-2_all.deb ...
measure	Install Rust and native Wayland dependencies	2026-09-12T21:56:23.0764701Z Unpacking libzvbi-common (0.2.42-2) ...
measure	Install Rust and native Wayland dependencies	2026-09-12T21:56:23.1023145Z Selecting previously unselected package libzvbi0t64:amd64.
measure	Install Rust and native Wayland dependencies	2026-09-12T21:56:23.1144600Z Preparing to unpack .../033-libzvbi0t64_0.2.42-2_amd64.deb ...
measure	Install Rust and native Wayland dependencies	2026-09-12T21:56:23.1152116Z Unpacking libzvbi0t64:amd64 (0.2.42-2) ...
measure	Install Rust and native Wayland dependencies	2026-09-12T21:56:23.1386296Z Selecting previously unselected package libavcodec60:amd64.
measure	Install Rust and native Wayland dependencies	2026-09-12T21:56:23.1506706Z Preparing to unpack .../034-libavcodec60_7%3a6.1.1-3ubuntu5_amd64.deb ...
measure	Install Rust and native Wayland dependencies	2026-09-12T21:56:23.1514663Z Unpacking libavcodec60:amd64 (7:6.1.1-3ubuntu5) ...
measure	Install Rust and native Wayland dependencies	2026-09-12T21:56:23.2348450Z Selecting previously unselected package libudfread0:amd64.
measure	Install Rust and native Wayland dependencies	2026-09-12T21:56:23.2471080Z Preparing to unpack .../035-libudfread0_1.1.2-1build1_amd64.deb ...
measure	Install Rust and native Wayland dependencies	2026-09-12T21:56:23.2479829Z Unpacking libudfread0:amd64 (1.1.2-1build1) ...
measure	Install Rust and native Wayland dependencies	2026-09-12T21:56:23.2678574Z Selecting previously unselected package libbluray2:amd64.
measure	Install Rust and native Wayland dependencies	2026-09-12T21:56:23.2799113Z Preparing to unpack .../036-libbluray2_1%3a1.3.4-1build1_amd64.deb ...
measure	Install Rust and native Wayland dependencies	2026-09-12T21:56:23.2807808Z Unpacking libbluray2:amd64 (1:1.3.4-1build1) ...
measure	Install Rust and native Wayland dependencies	2026-09-12T21:56:23.3023188Z Selecting previously unselected package libchromaprint1:amd64.
measure	Install Rust and native Wayland dependencies	2026-09-12T21:56:23.3144510Z Preparing to unpack .../037-libchromaprint1_1.5.1-5_amd64.deb ...
measure	Install Rust and native Wayland dependencies	2026-09-12T21:56:23.3153151Z Unpacking libchromaprint1:amd64 (1.5.1-5) ...
measure	Install Rust and native Wayland dependencies	2026-09-12T21:56:23.3351619Z Selecting previously unselected package libgme0:amd64.
measure	Install Rust and native Wayland dependencies	2026-09-12T21:56:23.3468531Z Preparing to unpack .../038-libgme0_0.6.3-7build1_amd64.deb ...
measure	Install Rust and native Wayland dependencies	2026-09-12T21:56:23.3476196Z Unpacking libgme0:amd64 (0.6.3-7build1) ...
measure	Install Rust and native Wayland dependencies	2026-09-12T21:56:23.3681397Z Selecting previously unselected package libmpg123-0t64:amd64.
measure	Install Rust and native Wayland dependencies	2026-09-12T21:56:23.3797201Z Preparing to unpack .../039-libmpg123-0t64_1.32.5-1ubuntu1.1_amd64.deb ...
measure	Install Rust and native Wayland dependencies	2026-09-12T21:56:23.3805853Z Unpacking libmpg123-0t64:amd64 (1.32.5-1ubuntu1.1) ...
measure	Install Rust and native Wayland dependencies	2026-09-12T21:56:23.4019247Z Selecting previously unselected package libopenmpt0t64:amd64.
measure	Install Rust and native Wayland dependencies	2026-09-12T21:56:23.4136086Z Preparing to unpack .../040-libopenmpt0t64_0.7.3-1.1build3_amd64.deb ...
measure	Install Rust and native Wayland dependencies	2026-09-12T21:56:23.4144594Z Unpacking libopenmpt0t64:amd64 (0.7.3-1.1build3) ...
measure	Install Rust and native Wayland dependencies	2026-09-12T21:56:23.4404016Z Selecting previously unselected package libcjson1:amd64.
measure	Install Rust and native Wayland dependencies	2026-09-12T21:56:23.4519531Z Preparing to unpack .../041-libcjson1_1.7.17-1_amd64.deb ...
measure	Install Rust and native Wayland dependencies	2026-09-12T21:56:23.4528986Z Unpacking libcjson1:amd64 (1.7.17-1) ...
measure	Install Rust and native Wayland dependencies	2026-09-12T21:56:23.4725731Z Selecting previously unselected package libmbedcrypto7t64:amd64.
measure	Install Rust and native Wayland dependencies	2026-09-12T21:56:23.4840892Z Preparing to unpack .../042-libmbedcrypto7t64_2.28.8-1_amd64.deb ...
measure	Install Rust and native Wayland dependencies	2026-09-12T21:56:23.4853160Z Unpacking libmbedcrypto7t64:amd64 (2.28.8-1) ...
measure	Install Rust and native Wayland dependencies	2026-09-12T21:56:23.5078633Z Selecting previously unselected package librist4:amd64.
measure	Install Rust and native Wayland dependencies	2026-09-12T21:56:23.5193601Z Preparing to unpack .../043-librist4_0.2.10+dfsg-2_amd64.deb ...
measure	Install Rust and native Wayland dependencies	2026-09-12T21:56:23.5201452Z Unpacking librist4:amd64 (0.2.10+dfsg-2) ...
measure	Install Rust and native Wayland dependencies	2026-09-12T21:56:23.5407827Z Selecting previously unselected package libsrt1.5-gnutls:amd64.
measure	Install Rust and native Wayland dependencies	2026-09-12T21:56:23.5522656Z Preparing to unpack .../044-libsrt1.5-gnutls_1.5.3-1build2_amd64.deb ...
measure	Install Rust and native Wayland dependencies	2026-09-12T21:56:23.5529474Z Unpacking libsrt1.5-gnutls:amd64 (1.5.3-1build2) ...
measure	Install Rust and native Wayland dependencies	2026-09-12T21:56:23.5758309Z Selecting previously unselected package libssh-gcrypt-4:amd64.
measure	Install Rust and native Wayland dependencies	2026-09-12T21:56:23.5873119Z Preparing to unpack .../045-libssh-gcrypt-4_0.10.6-2ubuntu0.5_amd64.deb ...
measure	Install Rust and native Wayland dependencies	2026-09-12T21:56:23.5881360Z Unpacking libssh-gcrypt-4:amd64 (0.10.6-2ubuntu0.5) ...
measure	Install Rust and native Wayland dependencies	2026-09-12T21:56:23.6102429Z Selecting previously unselected package libavformat60:amd64.
measure	Install Rust and native Wayland dependencies	2026-09-12T21:56:23.6215213Z Preparing to unpack .../046-libavformat60_7%3a6.1.1-3ubuntu5_amd64.deb ...
measure	Install Rust and native Wayland dependencies	2026-09-12T21:56:23.6224131Z Unpacking libavformat60:amd64 (7:6.1.1-3ubuntu5) ...
measure	Install Rust and native Wayland dependencies	2026-09-12T21:56:23.6530499Z Selecting previously unselected package libbs2b0:amd64.
measure	Install Rust and native Wayland dependencies	2026-09-12T21:56:23.6644277Z Preparing to unpack .../047-libbs2b0_3.1.0+dfsg-7build1_amd64.deb ...
measure	Install Rust and native Wayland dependencies	2026-09-12T21:56:23.6651767Z Unpacking libbs2b0:amd64 (3.1.0+dfsg-7build1) ...
measure	Install Rust and native Wayland dependencies	2026-09-12T21:56:23.6863424Z Selecting previously unselected package libflite1:amd64.
measure	Install Rust and native Wayland dependencies	2026-09-12T21:56:23.6978116Z Preparing to unpack .../048-libflite1_2.2-6build3_amd64.deb ...
measure	Install Rust and native Wayland dependencies	2026-09-12T21:56:23.6985388Z Unpacking libflite1:amd64 (2.2-6build3) ...
measure	Install Rust and native Wayland dependencies	2026-09-12T21:56:23.8040407Z Selecting previously unselected package libserd-0-0:amd64.
measure	Install Rust and native Wayland dependencies	2026-09-12T21:56:23.8163589Z Preparing to unpack .../049-libserd-0-0_0.32.2-1_amd64.deb ...
measure	Install Rust and native Wayland dependencies	2026-09-12T21:56:23.8171186Z Unpacking libserd-0-0:amd64 (0.32.2-1) ...
measure	Install Rust and native Wayland dependencies	2026-09-12T21:56:23.8451962Z Selecting previously unselected package libzix-0-0:amd64.
measure	Install Rust and native Wayland dependencies	2026-09-12T21:56:23.8573951Z Preparing to unpack .../050-libzix-0-0_0.4.2-2build1_amd64.deb ...
measure	Install Rust and native Wayland dependencies	2026-09-12T21:56:23.8581623Z Unpacking libzix-0-0:amd64 (0.4.2-2build1) ...
measure	Install Rust and native Wayland dependencies	2026-09-12T21:56:23.8776405Z Selecting previously unselected package libsord-0-0:amd64.
measure	Install Rust and native Wayland dependencies	2026-09-12T21:56:23.8894715Z Preparing to unpack .../051-libsord-0-0_0.16.16-2build1_amd64.deb ...
measure	Install Rust and native Wayland dependencies	2026-09-12T21:56:23.8904552Z Unpacking libsord-0-0:amd64 (0.16.16-2build1) ...
measure	Install Rust and native Wayland dependencies	2026-09-12T21:56:23.9096466Z Selecting previously unselected package libsratom-0-0:amd64.
measure	Install Rust and native Wayland dependencies	2026-09-12T21:56:23.9212172Z Preparing to unpack .../052-libsratom-0-0_0.6.16-1build1_amd64.deb ...
measure	Install Rust and native Wayland dependencies	2026-09-12T21:56:23.9220007Z Unpacking libsratom-0-0:amd64 (0.6.16-1build1) ...
measure	Install Rust and native Wayland dependencies	2026-09-12T21:56:23.9417668Z Selecting previously unselected package liblilv-0-0:amd64.
measure	Install Rust and native Wayland dependencies	2026-09-12T21:56:23.9534189Z Preparing to unpack .../053-liblilv-0-0_0.24.22-1build1_amd64.deb ...
measure	Install Rust and native Wayland dependencies	2026-09-12T21:56:23.9542052Z Unpacking liblilv-0-0:amd64 (0.24.22-1build1) ...
measure	Install Rust and native Wayland dependencies	2026-09-12T21:56:23.9745725Z Selecting previously unselected package libmysofa1:amd64.
measure	Install Rust and native Wayland dependencies	2026-09-12T21:56:23.9859837Z Preparing to unpack .../054-libmysofa1_1.3.2+dfsg-2ubuntu2_amd64.deb ...
measure	Install Rust and native Wayland dependencies	2026-09-12T21:56:23.9867942Z Unpacking libmysofa1:amd64 (1.3.2+dfsg-2ubuntu2) ...
measure	Install Rust and native Wayland dependencies	2026-09-12T21:56:24.0112010Z Selecting previously unselected package libplacebo338:amd64.
measure	Install Rust and native Wayland dependencies	2026-09-12T21:56:24.0225667Z Preparing to unpack .../055-libplacebo338_6.338.2-2build1_amd64.deb ...
measure	Install Rust and native Wayland dependencies	2026-09-12T21:56:24.0233335Z Unpacking libplacebo338:amd64 (6.338.2-2build1) ...
measure	Install Rust and native Wayland dependencies	2026-09-12T21:56:24.0790409Z Selecting previously unselected package libblas3:amd64.
measure	Install Rust and native Wayland dependencies	2026-09-12T21:56:24.0912877Z Preparing to unpack .../056-libblas3_3.12.0-3build1.1_amd64.deb ...
measure	Install Rust and native Wayland dependencies	2026-09-12T21:56:24.0940961Z Unpacking libblas3:amd64 (3.12.0-3build1.1) ...
measure	Install Rust and native Wayland dependencies	2026-09-12T21:56:24.1171885Z Selecting previously unselected package liblapack3:amd64.
measure	Install Rust and native Wayland dependencies	2026-09-12T21:56:24.1294293Z Preparing to unpack .../057-liblapack3_3.12.0-3build1.1_amd64.deb ...
measure	Install Rust and native Wayland dependencies	2026-09-12T21:56:24.1323612Z Unpacking liblapack3:amd64 (3.12.0-3build1.1) ...
measure	Install Rust and native Wayland dependencies	2026-09-12T21:56:24.1785561Z Selecting previously unselected package libflac12t64:amd64.
measure	Install Rust and native Wayland dependencies	2026-09-12T21:56:24.1908558Z Preparing to unpack .../058-libflac12t64_1.4.3+ds-2.1ubuntu2_amd64.deb ...
measure	Install Rust and native Wayland dependencies	2026-09-12T21:56:24.1915984Z Unpacking libflac12t64:amd64 (1.4.3+ds-2.1ubuntu2) ...
measure	Install Rust and native Wayland dependencies	2026-09-12T21:56:24.2133035Z Selecting previously unselected package libsndfile1:amd64.
measure	Install Rust and native Wayland dependencies	2026-09-12T21:56:24.2254171Z Preparing to unpack .../059-libsndfile1_1.2.2-1ubuntu5.24.04.1_amd64.deb ...
measure	Install Rust and native Wayland dependencies	2026-09-12T21:56:24.2261719Z Unpacking libsndfile1:amd64 (1.2.2-1ubuntu5.24.04.1) ...
measure	Install Rust and native Wayland dependencies	2026-09-12T21:56:24.2493050Z Selecting previously unselected package libpulse0:amd64.
measure	Install Rust and native Wayland dependencies	2026-09-12T21:56:24.2613208Z Preparing to unpack .../060-libpulse0_1%3a16.1+dfsg1-2ubuntu10.1_amd64.deb ...
measure	Install Rust and native Wayland dependencies	2026-09-12T21:56:24.2676065Z Unpacking libpulse0:amd64 (1:16.1+dfsg1-2ubuntu10.1) ...
measure	Install Rust and native Wayland dependencies	2026-09-12T21:56:24.2913454Z Selecting previously unselected package libsphinxbase3t64:amd64.
measure	Install Rust and native Wayland dependencies	2026-09-12T21:56:24.3029976Z Preparing to unpack .../061-libsphinxbase3t64_0.8+5prealpha+1-17build2_amd64.deb ...
measure	Install Rust and native Wayland dependencies	2026-09-12T21:56:24.3037644Z Unpacking libsphinxbase3t64:amd64 (0.8+5prealpha+1-17build2) ...
measure	Install Rust and native Wayland dependencies	2026-09-12T21:56:24.3245344Z Selecting previously unselected package libpocketsphinx3:amd64.
measure	Install Rust and native Wayland dependencies	2026-09-12T21:56:24.3364029Z Preparing to unpack .../062-libpocketsphinx3_0.8.0+real5prealpha+1-15ubuntu5_amd64.deb ...
measure	Install Rust and native Wayland dependencies	2026-09-12T21:56:24.3371458Z Unpacking libpocketsphinx3:amd64 (0.8.0+real5prealpha+1-15ubuntu5) ...
measure	Install Rust and native Wayland dependencies	2026-09-12T21:56:24.3579771Z Selecting previously unselected package libpostproc57:amd64.
measure	Install Rust and native Wayland dependencies	2026-09-12T21:56:24.3698784Z Preparing to unpack .../063-libpostproc57_7%3a6.1.1-3ubuntu5_amd64.deb ...
measure	Install Rust and native Wayland dependencies	2026-09-12T21:56:24.3707127Z Unpacking libpostproc57:amd64 (7:6.1.1-3ubuntu5) ...
measure	Install Rust and native Wayland dependencies	2026-09-12T21:56:24.3916154Z Selecting previously unselected package libsamplerate0:amd64.
measure	Install Rust and native Wayland dependencies	2026-09-12T21:56:24.4031969Z Preparing to unpack .../064-libsamplerate0_0.2.2-4build1_amd64.deb ...
measure	Install Rust and native Wayland dependencies	2026-09-12T21:56:24.4039550Z Unpacking libsamplerate0:amd64 (0.2.2-4build1) ...
measure	Install Rust and native Wayland dependencies	2026-09-12T21:56:24.4289323Z Selecting previously unselected package librubberband2:amd64.
measure	Install Rust and native Wayland dependencies	2026-09-12T21:56:24.4408408Z Preparing to unpack .../065-librubberband2_3.3.0+dfsg-2build1_amd64.deb ...
measure	Install Rust and native Wayland dependencies	2026-09-12T21:56:24.4415897Z Unpacking librubberband2:amd64 (3.3.0+dfsg-2build1) ...
measure	Install Rust and native Wayland dependencies	2026-09-12T21:56:24.4673794Z Selecting previously unselected package libswscale7:amd64.
measure	Install Rust and native Wayland dependencies	2026-09-12T21:56:24.4792657Z Preparing to unpack .../066-libswscale7_7%3a6.1.1-3ubuntu5_amd64.deb ...
measure	Install Rust and native Wayland dependencies	2026-09-12T21:56:24.4799606Z Unpacking libswscale7:amd64 (7:6.1.1-3ubuntu5) ...
measure	Install Rust and native Wayland dependencies	2026-09-12T21:56:24.5013736Z Selecting previously unselected package libvidstab1.1:amd64.
measure	Install Rust and native Wayland dependencies	2026-09-12T21:56:24.5129329Z Preparing to unpack .../067-libvidstab1.1_1.1.0-2build1_amd64.deb ...
measure	Install Rust and native Wayland dependencies	2026-09-12T21:56:24.5136541Z Unpacking libvidstab1.1:amd64 (1.1.0-2build1) ...
measure	Install Rust and native Wayland dependencies	2026-09-12T21:56:24.5330489Z Selecting previously unselected package libzimg2:amd64.
measure	Install Rust and native Wayland dependencies	2026-09-12T21:56:24.5445140Z Preparing to unpack .../068-libzimg2_3.0.5+ds1-1build1_amd64.deb ...
measure	Install Rust and native Wayland dependencies	2026-09-12T21:56:24.5453137Z Unpacking libzimg2:amd64 (3.0.5+ds1-1build1) ...
measure	Install Rust and native Wayland dependencies	2026-09-12T21:56:24.5705173Z Selecting previously unselected package libavfilter9:amd64.
measure	Install Rust and native Wayland dependencies	2026-09-12T21:56:24.5819281Z Preparing to unpack .../069-libavfilter9_7%3a6.1.1-3ubuntu5_amd64.deb ...
measure	Install Rust and native Wayland dependencies	2026-09-12T21:56:24.5827596Z Unpacking libavfilter9:amd64 (7:6.1.1-3ubuntu5) ...
measure	Install Rust and native Wayland dependencies	2026-09-12T21:56:24.6485174Z Selecting previously unselected package libbrotli-dev:amd64.
measure	Install Rust and native Wayland dependencies	2026-09-12T21:56:24.6607426Z Preparing to unpack .../070-libbrotli-dev_1.1.0-2build2_amd64.deb ...
measure	Install Rust and native Wayland dependencies	2026-09-12T21:56:24.6616061Z Unpacking libbrotli-dev:amd64 (1.1.0-2build2) ...
measure	Install Rust and native Wayland dependencies	2026-09-12T21:56:24.6870841Z Selecting previously unselected package libbz2-dev:amd64.
measure	Install Rust and native Wayland dependencies	2026-09-12T21:56:24.6988959Z Preparing to unpack .../071-libbz2-dev_1.0.8-5.1ubuntu0.1_amd64.deb ...
measure	Install Rust and native Wayland dependencies	2026-09-12T21:56:24.7001077Z Unpacking libbz2-dev:amd64 (1.0.8-5.1ubuntu0.1) ...
measure	Install Rust and native Wayland dependencies	2026-09-12T21:56:24.7207588Z Selecting previously unselected package libegl-mesa0:amd64.
measure	Install Rust and native Wayland dependencies	2026-09-12T21:56:24.7323379Z Preparing to unpack .../072-libegl-mesa0_25.2.8-0ubuntu0.24.04.2_amd64.deb ...
measure	Install Rust and native Wayland dependencies	2026-09-12T21:56:24.7331331Z Unpacking libegl-mesa0:amd64 (25.2.8-0ubuntu0.24.04.2) ...
measure	Install Rust and native Wayland dependencies	2026-09-12T21:56:24.7567602Z Selecting previously unselected package libpng-dev:amd64.
measure	Install Rust and native Wayland dependencies	2026-09-12T21:56:24.7683824Z Preparing to unpack .../073-libpng-dev_1.6.43-5ubuntu0.6_amd64.deb ...
measure	Install Rust and native Wayland dependencies	2026-09-12T21:56:24.7691805Z Unpacking libpng-dev:amd64 (1.6.43-5ubuntu0.6) ...
measure	Install Rust and native Wayland dependencies	2026-09-12T21:56:24.7999976Z Selecting previously unselected package libfreetype-dev:amd64.
measure	Install Rust and native Wayland dependencies	2026-09-12T21:56:24.8117906Z Preparing to unpack .../074-libfreetype-dev_2.13.2+dfsg-1ubuntu0.1_amd64.deb ...
measure	Install Rust and native Wayland dependencies	2026-09-12T21:56:24.8125273Z Unpacking libfreetype-dev:amd64 (2.13.2+dfsg-1ubuntu0.1) ...
measure	Install Rust and native Wayland dependencies	2026-09-12T21:56:24.8452650Z Selecting previously unselected package uuid-dev:amd64.
measure	Install Rust and native Wayland dependencies	2026-09-12T21:56:24.8571138Z Preparing to unpack .../075-uuid-dev_2.39.3-9ubuntu6.6_amd64.deb ...
measure	Install Rust and native Wayland dependencies	2026-09-12T21:56:24.8578598Z Unpacking uuid-dev:amd64 (2.39.3-9ubuntu6.6) ...
measure	Install Rust and native Wayland dependencies	2026-09-12T21:56:24.8848610Z Selecting previously unselected package libfontconfig-dev:amd64.
measure	Install Rust and native Wayland dependencies	2026-09-12T21:56:24.8965819Z Preparing to unpack .../076-libfontconfig-dev_2.15.0-1.1ubuntu2_amd64.deb ...
measure	Install Rust and native Wayland dependencies	2026-09-12T21:56:24.8973872Z Unpacking libfontconfig-dev:amd64 (2.15.0-1.1ubuntu2) ...
measure	Install Rust and native Wayland dependencies	2026-09-12T21:56:24.9196527Z Selecting previously unselected package libfontconfig1-dev:amd64.
measure	Install Rust and native Wayland dependencies	2026-09-12T21:56:24.9313003Z Preparing to unpack .../077-libfontconfig1-dev_2.15.0-1.1ubuntu2_amd64.deb ...
measure	Install Rust and native Wayland dependencies	2026-09-12T21:56:24.9320517Z Unpacking libfontconfig1-dev:amd64 (2.15.0-1.1ubuntu2) ...
measure	Install Rust and native Wayland dependencies	2026-09-12T21:56:24.9511418Z Selecting previously unselected package libwinpr2-2t64:amd64.
measure	Install Rust and native Wayland dependencies	2026-09-12T21:56:24.9626099Z Preparing to unpack .../078-libwinpr2-2t64_2.11.5+dfsg1-1build2_amd64.deb ...
measure	Install Rust and native Wayland dependencies	2026-09-12T21:56:24.9634473Z Unpacking libwinpr2-2t64:amd64 (2.11.5+dfsg1-1build2) ...
measure	Install Rust and native Wayland dependencies	2026-09-12T21:56:24.9879845Z Selecting previously unselected package libfreerdp2-2t64:amd64.
measure	Install Rust and native Wayland dependencies	2026-09-12T21:56:24.9994799Z Preparing to unpack .../079-libfreerdp2-2t64_2.11.5+dfsg1-1build2_amd64.deb ...
measure	Install Rust and native Wayland dependencies	2026-09-12T21:56:25.0003692Z Unpacking libfreerdp2-2t64:amd64 (2.11.5+dfsg1-1build2) ...
measure	Install Rust and native Wayland dependencies	2026-09-12T21:56:25.0261732Z Selecting previously unselected package libfreerdp-server2-2t64:amd64.
measure	Install Rust and native Wayland dependencies	2026-09-12T21:56:25.0379706Z Preparing to unpack .../080-libfreerdp-server2-2t64_2.11.5+dfsg1-1build2_amd64.deb ...
measure	Install Rust and native Wayland dependencies	2026-09-12T21:56:25.0387313Z Unpacking libfreerdp-server2-2t64:amd64 (2.11.5+dfsg1-1build2) ...
measure	Install Rust and native Wayland dependencies	2026-09-12T21:56:25.0602971Z Selecting previously unselected package liborc-0.4-0t64:amd64.
measure	Install Rust and native Wayland dependencies	2026-09-12T21:56:25.0718607Z Preparing to unpack .../081-liborc-0.4-0t64_1%3a0.4.38-1ubuntu0.1_amd64.deb ...
measure	Install Rust and native Wayland dependencies	2026-09-12T21:56:25.0726743Z Unpacking liborc-0.4-0t64:amd64 (1:0.4.38-1ubuntu0.1) ...
measure	Install Rust and native Wayland dependencies	2026-09-12T21:56:25.0964959Z Selecting previously unselected package libgstreamer-plugins-base1.0-0:amd64.
measure	Install Rust and native Wayland dependencies	2026-09-12T21:56:25.1082461Z Preparing to unpack .../082-libgstreamer-plugins-base1.0-0_1.24.2-1ubuntu0.4_amd64.deb ...
measure	Install Rust and native Wayland dependencies	2026-09-12T21:56:25.1090573Z Unpacking libgstreamer-plugins-base1.0-0:amd64 (1.24.2-1ubuntu0.4) ...
measure	Install Rust and native Wayland dependencies	2026-09-12T21:56:25.1514063Z Selecting previously unselected package libwacom-common.
measure	Install Rust and native Wayland dependencies	2026-09-12T21:56:25.1635013Z Preparing to unpack .../083-libwacom-common_2.10.0-2_all.deb ...
measure	Install Rust and native Wayland dependencies	2026-09-12T21:56:25.1642373Z Unpacking libwacom-common (2.10.0-2) ...
measure	Install Rust and native Wayland dependencies	2026-09-12T21:56:25.2486668Z Selecting previously unselected package libwacom9:amd64.
measure	Install Rust and native Wayland dependencies	2026-09-12T21:56:25.2609303Z Preparing to unpack .../084-libwacom9_2.10.0-2_amd64.deb ...
measure	Install Rust and native Wayland dependencies	2026-09-12T21:56:25.2617601Z Unpacking libwacom9:amd64 (2.10.0-2) ...
measure	Install Rust and native Wayland dependencies	2026-09-12T21:56:25.2806614Z Selecting previously unselected package libinput-bin.
measure	Install Rust and native Wayland dependencies	2026-09-12T21:56:25.2925424Z Preparing to unpack .../085-libinput-bin_1.25.0-1ubuntu3.6_amd64.deb ...
measure	Install Rust and native Wayland dependencies	2026-09-12T21:56:25.2932767Z Unpacking libinput-bin (1.25.0-1ubuntu3.6) ...
measure	Install Rust and native Wayland dependencies	2026-09-12T21:56:25.3184169Z Selecting previously unselected package libmtdev1t64:amd64.
measure	Install Rust and native Wayland dependencies	2026-09-12T21:56:25.3300646Z Preparing to unpack .../086-libmtdev1t64_1.1.6-1.1build1_amd64.deb ...
measure	Install Rust and native Wayland dependencies	2026-09-12T21:56:25.3308762Z Unpacking libmtdev1t64:amd64 (1.1.6-1.1build1) ...
measure	Install Rust and native Wayland dependencies	2026-09-12T21:56:25.3518634Z Selecting previously unselected package libinput10:amd64.
measure	Install Rust and native Wayland dependencies	2026-09-12T21:56:25.3633883Z Preparing to unpack .../087-libinput10_1.25.0-1ubuntu3.6_amd64.deb ...
measure	Install Rust and native Wayland dependencies	2026-09-12T21:56:25.3641584Z Unpacking libinput10:amd64 (1.25.0-1ubuntu3.6) ...
measure	Install Rust and native Wayland dependencies	2026-09-12T21:56:25.3855873Z Selecting previously unselected package libturbojpeg:amd64.
measure	Install Rust and native Wayland dependencies	2026-09-12T21:56:25.3970715Z Preparing to unpack .../088-libturbojpeg_1%3a2.1.5-2ubuntu2_amd64.deb ...
measure	Install Rust and native Wayland dependencies	2026-09-12T21:56:25.3978788Z Unpacking libturbojpeg:amd64 (1:2.1.5-2ubuntu2) ...
measure	Install Rust and native Wayland dependencies	2026-09-12T21:56:25.4200207Z Selecting previously unselected package libneatvnc0:amd64.
measure	Install Rust and native Wayland dependencies	2026-09-12T21:56:25.4315226Z Preparing to unpack .../089-libneatvnc0_0.7.1+dfsg-2build3_amd64.deb ...
measure	Install Rust and native Wayland dependencies	2026-09-12T21:56:25.4322814Z Unpacking libneatvnc0:amd64 (0.7.1+dfsg-2build3) ...
measure	Install Rust and native Wayland dependencies	2026-09-12T21:56:25.4519461Z Selecting previously unselected package libwebrtc-audio-processing1:amd64.
measure	Install Rust and native Wayland dependencies	2026-09-12T21:56:25.4633580Z Preparing to unpack .../090-libwebrtc-audio-processing1_0.3.1-0ubuntu6_amd64.deb ...
measure	Install Rust and native Wayland dependencies	2026-09-12T21:56:25.4640724Z Unpacking libwebrtc-audio-processing1:amd64 (0.3.1-0ubuntu6) ...
measure	Install Rust and native Wayland dependencies	2026-09-12T21:56:25.4853167Z Selecting previously unselected package libspa-0.2-modules:amd64.
measure	Install Rust and native Wayland dependencies	2026-09-12T21:56:25.4967165Z Preparing to unpack .../091-libspa-0.2-modules_1.0.5-1ubuntu3.3_amd64.deb ...
measure	Install Rust and native Wayland dependencies	2026-09-12T21:56:25.4975340Z Unpacking libspa-0.2-modules:amd64 (1.0.5-1ubuntu3.3) ...
measure	Install Rust and native Wayland dependencies	2026-09-12T21:56:25.5281094Z Selecting previously unselected package libpipewire-0.3-0t64:amd64.
measure	Install Rust and native Wayland dependencies	2026-09-12T21:56:25.5397661Z Preparing to unpack .../092-libpipewire-0.3-0t64_1.0.5-1ubuntu3.3_amd64.deb ...
measure	Install Rust and native Wayland dependencies	2026-09-12T21:56:25.5405681Z Unpacking libpipewire-0.3-0t64:amd64 (1.0.5-1ubuntu3.3) ...
measure	Install Rust and native Wayland dependencies	2026-09-12T21:56:25.5630511Z Selecting previously unselected package libseat1:amd64.
measure	Install Rust and native Wayland dependencies	2026-09-12T21:56:25.5744957Z Preparing to unpack .../093-libseat1_0.8.0-1_amd64.deb ...
measure	Install Rust and native Wayland dependencies	2026-09-12T21:56:25.5752751Z Unpacking libseat1:amd64 (0.8.0-1) ...
measure	Install Rust and native Wayland dependencies	2026-09-12T21:56:25.5949505Z Selecting previously unselected package libwayland-server0:amd64.
measure	Install Rust and native Wayland dependencies	2026-09-12T21:56:25.6063331Z Preparing to unpack .../094-libwayland-server0_1.22.0-2.1build1_amd64.deb ...
measure	Install Rust and native Wayland dependencies	2026-09-12T21:56:25.6070976Z Unpacking libwayland-server0:amd64 (1.22.0-2.1build1) ...
measure	Install Rust and native Wayland dependencies	2026-09-12T21:56:25.6268110Z Selecting previously unselected package libegl1:amd64.
measure	Install Rust and native Wayland dependencies	2026-09-12T21:56:25.6381164Z Preparing to unpack .../095-libegl1_1.7.0-1build1_amd64.deb ...
measure	Install Rust and native Wayland dependencies	2026-09-12T21:56:25.6388527Z Unpacking libegl1:amd64 (1.7.0-1build1) ...
measure	Install Rust and native Wayland dependencies	2026-09-12T21:56:25.6601495Z Selecting previously unselected package libgles2:amd64.
measure	Install Rust and native Wayland dependencies	2026-09-12T21:56:25.6713231Z Preparing to unpack .../096-libgles2_1.7.0-1build1_amd64.deb ...
measure	Install Rust and native Wayland dependencies	2026-09-12T21:56:25.6721299Z Unpacking libgles2:amd64 (1.7.0-1build1) ...
measure	Install Rust and native Wayland dependencies	2026-09-12T21:56:25.6921240Z Selecting previously unselected package libxcb-composite0:amd64.
measure	Install Rust and native Wayland dependencies	2026-09-12T21:56:25.7032767Z Preparing to unpack .../097-libxcb-composite0_1.15-1ubuntu2_amd64.deb ...
measure	Install Rust and native Wayland dependencies	2026-09-12T21:56:25.7040375Z Unpacking libxcb-composite0:amd64 (1.15-1ubuntu2) ...
measure	Install Rust and native Wayland dependencies	2026-09-12T21:56:25.7242540Z Selecting previously unselected package libxcb-xkb1:amd64.
measure	Install Rust and native Wayland dependencies	2026-09-12T21:56:25.7353742Z Preparing to unpack .../098-libxcb-xkb1_1.15-1ubuntu2_amd64.deb ...
measure	Install Rust and native Wayland dependencies	2026-09-12T21:56:25.7360954Z Unpacking libxcb-xkb1:amd64 (1.15-1ubuntu2) ...
measure	Install Rust and native Wayland dependencies	2026-09-12T21:56:25.7556997Z Selecting previously unselected package libweston-13-0:amd64.
measure	Install Rust and native Wayland dependencies	2026-09-12T21:56:25.7668190Z Preparing to unpack .../099-libweston-13-0_13.0.0-4build3_amd64.deb ...
measure	Install Rust and native Wayland dependencies	2026-09-12T21:56:25.7675013Z Unpacking libweston-13-0:amd64 (13.0.0-4build3) ...
measure	Install Rust and native Wayland dependencies	2026-09-12T21:56:25.7938243Z Selecting previously unselected package libxkbcommon-x11-0:amd64.
measure	Install Rust and native Wayland dependencies	2026-09-12T21:56:25.8051549Z Preparing to unpack .../100-libxkbcommon-x11-0_1.6.0-1build1_amd64.deb ...
measure	Install Rust and native Wayland dependencies	2026-09-12T21:56:25.8059048Z Unpacking libxkbcommon-x11-0:amd64 (1.6.0-1build1) ...
measure	Install Rust and native Wayland dependencies	2026-09-12T21:56:25.8253509Z Selecting previously unselected package weston.
measure	Install Rust and native Wayland dependencies	2026-09-12T21:56:25.8366818Z Preparing to unpack .../101-weston_13.0.0-4build3_amd64.deb ...
measure	Install Rust and native Wayland dependencies	2026-09-12T21:56:25.8375569Z Unpacking weston (13.0.0-4build3) ...
measure	Install Rust and native Wayland dependencies	2026-09-12T21:56:25.9029108Z Setting up libgme0:amd64 (0.6.3-7build1) ...
measure	Install Rust and native Wayland dependencies	2026-09-12T21:56:25.9051328Z Setting up libchromaprint1:amd64 (1.5.1-5) ...
measure	Install Rust and native Wayland dependencies	2026-09-12T21:56:25.9072968Z Setting up libssh-gcrypt-4:amd64 (0.10.6-2ubuntu0.5) ...
measure	Install Rust and native Wayland dependencies	2026-09-12T21:56:25.9092954Z Setting up libhwy1t64:amd64 (1.0.7-8.1build1) ...
measure	Install Rust and native Wayland dependencies	2026-09-12T21:56:25.9114590Z Setting up libudfread0:amd64 (1.1.2-1build1) ...
measure	Install Rust and native Wayland dependencies	2026-09-12T21:56:25.9138395Z Setting up libwayland-server0:amd64 (1.22.0-2.1build1) ...
measure	Install Rust and native Wayland dependencies	2026-09-12T21:56:25.9158993Z Setting up libspeex1:amd64 (1.2.1-2ubuntu2.24.04.1) ...
measure	Install Rust and native Wayland dependencies	2026-09-12T21:56:25.9183321Z Setting up libshine3:amd64 (3.1.1-2build1) ...
measure	Install Rust and native Wayland dependencies	2026-09-12T21:56:25.9202753Z Setting up libvpl2 (2023.3.0-1build1) ...
measure	Install Rust and native Wayland dependencies	2026-09-12T21:56:25.9223117Z Setting up libx264-164:amd64 (2:0.164.3108+git31e19f9-1) ...
measure	Install Rust and native Wayland dependencies	2026-09-12T21:56:25.9246196Z Setting up libtwolame0:amd64 (0.4.0-2build3) ...
measure	Install Rust and native Wayland dependencies	2026-09-12T21:56:25.9266663Z Setting up libmbedcrypto7t64:amd64 (2.28.8-1) ...
measure	Install Rust and native Wayland dependencies	2026-09-12T21:56:25.9286057Z Setting up libgsm1:amd64 (1.0.22-1build1) ...
measure	Install Rust and native Wayland dependencies	2026-09-12T21:56:25.9308395Z Setting up libaml0t64:amd64 (0.3.0-1.1build1) ...
measure	Install Rust and native Wayland dependencies	2026-09-12T21:56:25.9329640Z Setting up libsoxr0:amd64 (0.1.3-4build3) ...
measure	Install Rust and native Wayland dependencies	2026-09-12T21:56:25.9354761Z Setting up libzix-0-0:amd64 (0.4.2-2build1) ...
measure	Install Rust and native Wayland dependencies	2026-09-12T21:56:25.9375638Z Setting up libcodec2-1.2:amd64 (1.2.0-2build1) ...
measure	Install Rust and native Wayland dependencies	2026-09-12T21:56:25.9396398Z Setting up libwinpr2-2t64:amd64 (2.11.5+dfsg1-1build2) ...
measure	Install Rust and native Wayland dependencies	2026-09-12T21:56:25.9418412Z Setting up libpng-dev:amd64 (1.6.43-5ubuntu0.6) ...
measure	Install Rust and native Wayland dependencies	2026-09-12T21:56:25.9439858Z Setting up libmysofa1:amd64 (1.3.2+dfsg-2ubuntu2) ...
measure	Install Rust and native Wayland dependencies	2026-09-12T21:56:25.9461664Z Setting up libwebrtc-audio-processing1:amd64 (0.3.1-0ubuntu6) ...
measure	Install Rust and native Wayland dependencies	2026-09-12T21:56:25.9494844Z Setting up libsvtav1enc1d1:amd64 (1.7.0+dfsg-2build1) ...
measure	Install Rust and native Wayland dependencies	2026-09-12T21:56:25.9517690Z Setting up libmpg123-0t64:amd64 (1.32.5-1ubuntu1.1) ...
measure	Install Rust and native Wayland dependencies	2026-09-12T21:56:25.9534823Z Setting up libcjson1:amd64 (1.7.17-1) ...
measure	Install Rust and native Wayland dependencies	2026-09-12T21:56:25.9557230Z Setting up libxvidcore4:amd64 (2:1.3.7-1build1) ...
measure	Install Rust and native Wayland dependencies	2026-09-12T21:56:25.9579202Z Setting up librav1e0:amd64 (0.7.1-2) ...
measure	Install Rust and native Wayland dependencies	2026-09-12T21:56:25.9598724Z Setting up liborc-0.4-0t64:amd64 (1:0.4.38-1ubuntu0.1) ...
measure	Install Rust and native Wayland dependencies	2026-09-12T21:56:25.9621645Z Setting up libxcb-xkb1:amd64 (1.15-1ubuntu2) ...
measure	Install Rust and native Wayland dependencies	2026-09-12T21:56:25.9643106Z Setting up librist4:amd64 (0.2.10+dfsg-2) ...
measure	Install Rust and native Wayland dependencies	2026-09-12T21:56:25.9663565Z Setting up librsvg2-2:amd64 (2.58.0+dfsg-1build1) ...
measure	Install Rust and native Wayland dependencies	2026-09-12T21:56:25.9687316Z Setting up libblas3:amd64 (3.12.0-3build1.1) ...
measure	Install Rust and native Wayland dependencies	2026-09-12T21:56:25.9748301Z update-alternatives: using /usr/lib/x86_64-linux-gnu/blas/libblas.so.3 to provide /usr/lib/x86_64-linux-gnu/libblas.so.3 (libblas.so.3-x86_64-linux-gnu) in auto mode
measure	Install Rust and native Wayland dependencies	2026-09-12T21:56:25.9763347Z Setting up libegl-mesa0:amd64 (25.2.8-0ubuntu0.24.04.2) ...
measure	Install Rust and native Wayland dependencies	2026-09-12T21:56:25.9785027Z Setting up libplacebo338:amd64 (6.338.2-2build1) ...
measure	Install Rust and native Wayland dependencies	2026-09-12T21:56:25.9807850Z Setting up libgles2:amd64 (1.7.0-1build1) ...
measure	Install Rust and native Wayland dependencies	2026-09-12T21:56:25.9831048Z Setting up libva2:amd64 (2.20.0-2ubuntu0.2) ...
measure	Install Rust and native Wayland dependencies	2026-09-12T21:56:25.9851799Z Setting up libspa-0.2-modules:amd64 (1.0.5-1ubuntu3.3) ...
measure	Install Rust and native Wayland dependencies	2026-09-12T21:56:25.9871636Z Setting up uuid-dev:amd64 (2.39.3-9ubuntu6.6) ...
measure	Install Rust and native Wayland dependencies	2026-09-12T21:56:25.9894631Z Setting up libopus0:amd64 (1.4-1build1) ...
measure	Install Rust and native Wayland dependencies	2026-09-12T21:56:25.9915832Z Setting up libxkbcommon-x11-0:amd64 (1.6.0-1build1) ...
measure	Install Rust and native Wayland dependencies	2026-09-12T21:56:25.9936449Z Setting up libunibreak5:amd64 (5.1-2build1) ...
measure	Install Rust and native Wayland dependencies	2026-09-12T21:56:25.9959073Z Setting up libjxl0.7:amd64 (0.7.0-10.2ubuntu6.1) ...
measure	Install Rust and native Wayland dependencies	2026-09-12T21:56:25.9979641Z Setting up libx265-199:amd64 (3.5-2build1) ...
measure	Install Rust and native Wayland dependencies	2026-09-12T21:56:25.9999642Z Setting up libturbojpeg:amd64 (1:2.1.5-2ubuntu2) ...
measure	Install Rust and native Wayland dependencies	2026-09-12T21:56:26.0021425Z Setting up libvidstab1.1:amd64 (1.1.0-2build1) ...
measure	Install Rust and native Wayland dependencies	2026-09-12T21:56:26.0041715Z Setting up libvpx9:amd64 (1.14.0-1ubuntu2.3) ...
measure	Install Rust and native Wayland dependencies	2026-09-12T21:56:26.0064531Z Setting up libsrt1.5-gnutls:amd64 (1.5.3-1build2) ...
measure	Install Rust and native Wayland dependencies	2026-09-12T21:56:26.0085449Z Setting up libxcb-composite0:amd64 (1.15-1ubuntu2) ...
measure	Install Rust and native Wayland dependencies	2026-09-12T21:56:26.0106294Z Setting up libflite1:amd64 (2.2-6build3) ...
measure	Install Rust and native Wayland dependencies	2026-09-12T21:56:26.0128935Z Setting up libdav1d7:amd64 (1.4.1-1build1) ...
measure	Install Rust and native Wayland dependencies	2026-09-12T21:56:26.0149063Z Setting up libmtdev1t64:amd64 (1.1.6-1.1build1) ...
measure	Install Rust and native Wayland dependencies	2026-09-12T21:56:26.0168999Z Setting up libva-drm2:amd64 (2.20.0-2ubuntu0.2) ...
measure	Install Rust and native Wayland dependencies	2026-09-12T21:56:26.0194807Z Setting up ocl-icd-libopencl1:amd64 (2.3.2-1build1) ...
measure	Install Rust and native Wayland dependencies	2026-09-12T21:56:26.0215264Z Setting up libasyncns0:amd64 (0.8-6build4) ...
measure	Install Rust and native Wayland dependencies	2026-09-12T21:56:26.0235521Z Setting up libvdpau1:amd64 (1.5-2build1) ...
measure	Install Rust and native Wayland dependencies	2026-09-12T21:56:26.0265428Z Setting up libbs2b0:amd64 (3.1.0+dfsg-7build1) ...
measure	Install Rust and native Wayland dependencies	2026-09-12T21:56:26.0285857Z Setting up libtheora0:amd64 (1.1.1+dfsg.1-16.1build3) ...
measure	Install Rust and native Wayland dependencies	2026-09-12T21:56:26.0307619Z Setting up libegl1:amd64 (1.7.0-1build1) ...
measure	Install Rust and native Wayland dependencies	2026-09-12T21:56:26.0333750Z Setting up libfreerdp2-2t64:amd64 (2.11.5+dfsg1-1build2) ...
measure	Install Rust and native Wayland dependencies	2026-09-12T21:56:26.0360029Z Setting up libzimg2:amd64 (3.0.5+ds1-1build1) ...
measure	Install Rust and native Wayland dependencies	2026-09-12T21:56:26.0384912Z Setting up libflac12t64:amd64 (1.4.3+ds-2.1ubuntu2) ...
measure	Install Rust and native Wayland dependencies	2026-09-12T21:56:26.0407773Z Setting up libseat1:amd64 (0.8.0-1) ...
measure	Install Rust and native Wayland dependencies	2026-09-12T21:56:26.0433648Z Setting up libbluray2:amd64 (1:1.3.4-1build1) ...
measure	Install Rust and native Wayland dependencies	2026-09-12T21:56:26.0454861Z Setting up libsamplerate0:amd64 (0.2.2-4build1) ...
measure	Install Rust and native Wayland dependencies	2026-09-12T21:56:26.0475199Z Setting up libva-x11-2:amd64 (2.20.0-2ubuntu0.2) ...
measure	Install Rust and native Wayland dependencies	2026-09-12T21:56:26.0497522Z Setting up libpipewire-0.3-0t64:amd64 (1.0.5-1ubuntu3.3) ...
measure	Install Rust and native Wayland dependencies	2026-09-12T21:56:26.0517066Z Setting up libopenmpt0t64:amd64 (0.7.3-1.1build3) ...
measure	Install Rust and native Wayland dependencies	2026-09-12T21:56:26.0536674Z Setting up libbrotli-dev:amd64 (1.1.0-2build2) ...
measure	Install Rust and native Wayland dependencies	2026-09-12T21:56:26.0558880Z Setting up libzvbi-common (0.2.42-2) ...
measure	Install Rust and native Wayland dependencies	2026-09-12T21:56:26.0579506Z Setting up libmp3lame0:amd64 (3.100-6build1) ...
measure	Install Rust and native Wayland dependencies	2026-09-12T21:56:26.0607791Z Setting up libvorbisenc2:amd64 (1.3.7-1build3) ...
measure	Install Rust and native Wayland dependencies	2026-09-12T21:56:26.0638194Z Setting up libserd-0-0:amd64 (0.32.2-1) ...
measure	Install Rust and native Wayland dependencies	2026-09-12T21:56:26.0659768Z Setting up libwacom-common (2.10.0-2) ...
measure	Install Rust and native Wayland dependencies	2026-09-12T21:56:26.0681342Z Setting up libbz2-dev:amd64 (1.0.8-5.1ubuntu0.1) ...
measure	Install Rust and native Wayland dependencies	2026-09-12T21:56:26.0703514Z Setting up liblapack3:amd64 (3.12.0-3build1.1) ...
measure	Install Rust and native Wayland dependencies	2026-09-12T21:56:26.0763867Z update-alternatives: using /usr/lib/x86_64-linux-gnu/lapack/liblapack.so.3 to provide /usr/lib/x86_64-linux-gnu/liblapack.so.3 (liblapack.so.3-x86_64-linux-gnu) in auto mode
measure	Install Rust and native Wayland dependencies	2026-09-12T21:56:26.0779463Z Setting up libzvbi0t64:amd64 (0.2.42-2) ...
measure	Install Rust and native Wayland dependencies	2026-09-12T21:56:26.0801966Z Setting up libwacom9:amd64 (2.10.0-2) ...
measure	Install Rust and native Wayland dependencies	2026-09-12T21:56:26.0823951Z Setting up libgstreamer-plugins-base1.0-0:amd64 (1.24.2-1ubuntu0.4) ...
measure	Install Rust and native Wayland dependencies	2026-09-12T21:56:26.0847013Z Setting up libavutil58:amd64 (7:6.1.1-3ubuntu5) ...
measure	Install Rust and native Wayland dependencies	2026-09-12T21:56:26.0871344Z Setting up libinput-bin (1.25.0-1ubuntu3.6) ...
measure	Install Rust and native Wayland dependencies	2026-09-12T21:56:26.0890711Z Setting up libfreetype-dev:amd64 (2.13.2+dfsg-1ubuntu0.1) ...
measure	Install Rust and native Wayland dependencies	2026-09-12T21:56:26.0911865Z Setting up libass9:amd64 (1:0.17.1-2build1) ...
measure	Install Rust and native Wayland dependencies	2026-09-12T21:56:26.0933258Z Setting up libswresample4:amd64 (7:6.1.1-3ubuntu5) ...
measure	Install Rust and native Wayland dependencies	2026-09-12T21:56:26.0954377Z Setting up libfreerdp-server2-2t64:amd64 (2.11.5+dfsg1-1build2) ...
measure	Install Rust and native Wayland dependencies	2026-09-12T21:56:26.0977173Z Setting up libavcodec60:amd64 (7:6.1.1-3ubuntu5) ...
measure	Install Rust and native Wayland dependencies	2026-09-12T21:56:26.1102639Z Setting up librubberband2:amd64 (3.3.0+dfsg-2build1) ...
measure	Install Rust and native Wayland dependencies	2026-09-12T21:56:26.1122976Z Setting up libsord-0-0:amd64 (0.16.16-2build1) ...
measure	Install Rust and native Wayland dependencies	2026-09-12T21:56:26.1144668Z Setting up libpostproc57:amd64 (7:6.1.1-3ubuntu5) ...
measure	Install Rust and native Wayland dependencies	2026-09-12T21:56:26.1166327Z Setting up libsratom-0-0:amd64 (0.6.16-1build1) ...
measure	Install Rust and native Wayland dependencies	2026-09-12T21:56:26.1185843Z Setting up libsndfile1:amd64 (1.2.2-1ubuntu5.24.04.1) ...
measure	Install Rust and native Wayland dependencies	2026-09-12T21:56:26.1204877Z Setting up liblilv-0-0:amd64 (0.24.22-1build1) ...
measure	Install Rust and native Wayland dependencies	2026-09-12T21:56:26.1226340Z Setting up libswscale7:amd64 (7:6.1.1-3ubuntu5) ...
measure	Install Rust and native Wayland dependencies	2026-09-12T21:56:26.1246043Z Setting up libinput10:amd64 (1.25.0-1ubuntu3.6) ...
measure	Install Rust and native Wayland dependencies	2026-09-12T21:56:26.1266108Z Setting up libpulse0:amd64 (1:16.1+dfsg1-2ubuntu10.1) ...
measure	Install Rust and native Wayland dependencies	2026-09-12T21:56:26.1339484Z Setting up libfontconfig-dev:amd64 (2.15.0-1.1ubuntu2) ...
measure	Install Rust and native Wayland dependencies	2026-09-12T21:56:26.1359063Z Setting up libavformat60:amd64 (7:6.1.1-3ubuntu5) ...
measure	Install Rust and native Wayland dependencies	2026-09-12T21:56:26.1381764Z Setting up libsphinxbase3t64:amd64 (0.8+5prealpha+1-17build2) ...
measure	Install Rust and native Wayland dependencies	2026-09-12T21:56:26.1405987Z Setting up libfontconfig1-dev:amd64 (2.15.0-1.1ubuntu2) ...
measure	Install Rust and native Wayland dependencies	2026-09-12T21:56:26.1427210Z Setting up libpocketsphinx3:amd64 (0.8.0+real5prealpha+1-15ubuntu5) ...
measure	Install Rust and native Wayland dependencies	2026-09-12T21:56:26.1447601Z Setting up libavfilter9:amd64 (7:6.1.1-3ubuntu5) ...
measure	Install Rust and native Wayland dependencies	2026-09-12T21:56:26.1469214Z Setting up libneatvnc0:amd64 (0.7.1+dfsg-2build3) ...
measure	Install Rust and native Wayland dependencies	2026-09-12T21:56:26.1488964Z Setting up libweston-13-0:amd64 (13.0.0-4build3) ...
measure	Install Rust and native Wayland dependencies	2026-09-12T21:56:26.1508953Z Setting up weston (13.0.0-4build3) ...
measure	Install Rust and native Wayland dependencies	2026-09-12T21:56:26.1542145Z Processing triggers for man-db (2.12.0-4build2) ...
measure	Install Rust and native Wayland dependencies	2026-09-12T21:56:26.1563474Z Not building database; man-db/auto-update is not 'true'.
measure	Install Rust and native Wayland dependencies	2026-09-12T21:56:26.1576335Z Processing triggers for udev (255.4-1ubuntu8.17) ...
measure	Install Rust and native Wayland dependencies	2026-09-12T21:56:26.7467334Z Processing triggers for libc-bin (2.39-0ubuntu8.8) ...
measure	Install Rust and native Wayland dependencies	2026-09-12T21:56:27.3768927Z 
measure	Install Rust and native Wayland dependencies	2026-09-12T21:56:27.3769446Z Running kernel seems to be up-to-date.
measure	Install Rust and native Wayland dependencies	2026-09-12T21:56:27.3769927Z 
measure	Install Rust and native Wayland dependencies	2026-09-12T21:56:27.3770158Z No services need to be restarted.
measure	Install Rust and native Wayland dependencies	2026-09-12T21:56:27.3770562Z 
measure	Install Rust and native Wayland dependencies	2026-09-12T21:56:27.3771100Z No containers need to be restarted.
measure	Install Rust and native Wayland dependencies	2026-09-12T21:56:27.3771499Z 
measure	Install Rust and native Wayland dependencies	2026-09-12T21:56:27.3771779Z No user sessions are running outdated binaries.
measure	Install Rust and native Wayland dependencies	2026-09-12T21:56:27.3772263Z 
measure	Install Rust and native Wayland dependencies	2026-09-12T21:56:27.3772714Z No VM guests are running outdated hypervisor (qemu) binaries on this host.
measure	Validate measurement harness	﻿2026-09-12T21:56:28.1430128Z ##[group]Run python3 -B -m unittest discover -s scripts -p 'test_compare_*.py'
measure	Validate measurement harness	2026-09-12T21:56:28.1430721Z [36;1mpython3 -B -m unittest discover -s scripts -p 'test_compare_*.py'[0m
measure	Validate measurement harness	2026-09-12T21:56:28.1469556Z shell: /usr/bin/bash -e {0}
measure	Validate measurement harness	2026-09-12T21:56:28.1469809Z env:
measure	Validate measurement harness	2026-09-12T21:56:28.1469999Z   CARGO_INCREMENTAL: 0
measure	Validate measurement harness	2026-09-12T21:56:28.1470227Z   CARGO_PROFILE_RELEASE_DEBUG: 0
measure	Validate measurement harness	2026-09-12T21:56:28.1470517Z   BEFORE_REF: 469b2ac3fb88509a5ac4bf1769e4b2b3512c1008
measure	Validate measurement harness	2026-09-12T21:56:28.1470873Z   AFTER_REF: 74eaad83dbf813cb15bd883b45d52adf0dc729bd
measure	Validate measurement harness	2026-09-12T21:56:28.1471178Z   SCREEN: alternate
measure	Validate measurement harness	2026-09-12T21:56:28.1471379Z ##[endgroup]
measure	Validate measurement harness	2026-09-12T21:56:28.6101573Z .......................
measure	Validate measurement harness	2026-09-12T21:56:28.6102131Z ----------------------------------------------------------------------
measure	Validate measurement harness	2026-09-12T21:56:28.6102713Z Ran 23 tests in 0.341s
measure	Validate measurement harness	2026-09-12T21:56:28.6102928Z 
measure	Validate measurement harness	2026-09-12T21:56:28.6103040Z OK
measure	Build both exact revisions sequentially with the same toolchain	﻿2026-09-12T21:56:28.6277000Z ##[group]Run evidence_directory="$RUNNER_TEMP/kokuban-paired-evidence"
measure	Build both exact revisions sequentially with the same toolchain	2026-09-12T21:56:28.6277625Z [36;1mevidence_directory="$RUNNER_TEMP/kokuban-paired-evidence"[0m
measure	Build both exact revisions sequentially with the same toolchain	2026-09-12T21:56:28.6278144Z [36;1mmkdir -p "$evidence_directory" "$RUNNER_TEMP/kokuban-paired-binaries"[0m
measure	Build both exact revisions sequentially with the same toolchain	2026-09-12T21:56:28.6278664Z [36;1mgit rev-parse HEAD > "$evidence_directory/harness-revision.txt"[0m
measure	Build both exact revisions sequentially with the same toolchain	2026-09-12T21:56:28.6279322Z [36;1mgit rev-parse --verify --end-of-options "${BEFORE_REF}^{commit}" > "$evidence_directory/before-revision.txt"[0m
measure	Build both exact revisions sequentially with the same toolchain	2026-09-12T21:56:28.6280104Z [36;1mgit rev-parse --verify --end-of-options "${AFTER_REF}^{commit}" > "$evidence_directory/after-revision.txt"[0m
measure	Build both exact revisions sequentially with the same toolchain	2026-09-12T21:56:28.6280718Z [36;1mrustc --version --verbose > "$evidence_directory/rustc.txt"[0m
measure	Build both exact revisions sequentially with the same toolchain	2026-09-12T21:56:28.6281131Z [36;1mlscpu > "$evidence_directory/cpu.txt"[0m
measure	Build both exact revisions sequentially with the same toolchain	2026-09-12T21:56:28.6281467Z [36;1muname -a > "$evidence_directory/kernel.txt"[0m
measure	Build both exact revisions sequentially with the same toolchain	2026-09-12T21:56:28.6281880Z [36;1mdpkg-query -W weston fonts-dejavu-core fonts-noto-color-emoji \[0m
measure	Build both exact revisions sequentially with the same toolchain	2026-09-12T21:56:28.6282541Z [36;1m  libfontconfig1 libfreetype6 libxkbcommon-x11-0 > "$evidence_directory/system-packages.txt"[0m
measure	Build both exact revisions sequentially with the same toolchain	2026-09-12T21:56:28.6283043Z [36;1mfor label in before after; do[0m
measure	Build both exact revisions sequentially with the same toolchain	2026-09-12T21:56:28.6283392Z [36;1m  revision="$(cat "$evidence_directory/$label-revision.txt")"[0m
measure	Build both exact revisions sequentially with the same toolchain	2026-09-12T21:56:28.6283848Z [36;1m  source_directory="$RUNNER_TEMP/kokuban-paired-source-$label"[0m
measure	Build both exact revisions sequentially with the same toolchain	2026-09-12T21:56:28.6284303Z [36;1m  mkdir "$source_directory" "$evidence_directory/$label-build"[0m
measure	Build both exact revisions sequentially with the same toolchain	2026-09-12T21:56:28.6284732Z [36;1m  git archive "$revision" | tar -x -C "$source_directory"[0m
measure	Build both exact revisions sequentially with the same toolchain	2026-09-12T21:56:28.6285181Z [36;1m  # Archives preserve old mtimes: isolate targets so Cargo cannot[0m
measure	Build both exact revisions sequentially with the same toolchain	2026-09-12T21:56:28.6285681Z [36;1m  # reuse the other revision's root binary as an apparently fresh build.[0m
measure	Build both exact revisions sequentially with the same toolchain	2026-09-12T21:56:28.6286248Z [36;1m  cargo build --release --locked --manifest-path "$source_directory/Cargo.toml" \[0m
measure	Build both exact revisions sequentially with the same toolchain	2026-09-12T21:56:28.6286766Z [36;1m    --target-dir "$RUNNER_TEMP/kokuban-paired-build-$label"[0m
measure	Build both exact revisions sequentially with the same toolchain	2026-09-12T21:56:28.6287681Z [36;1m  cp "$RUNNER_TEMP/kokuban-paired-build-$label/release/kokuban" "$RUNNER_TEMP/kokuban-paired-binaries/$label"[0m
measure	Build both exact revisions sequentially with the same toolchain	2026-09-12T21:56:28.6288430Z [36;1m  cp "$source_directory/Cargo.toml" "$source_directory/Cargo.lock" "$evidence_directory/$label-build/"[0m
measure	Build both exact revisions sequentially with the same toolchain	2026-09-12T21:56:28.6289188Z [36;1m  cargo tree --locked --manifest-path "$source_directory/Cargo.toml" > "$evidence_directory/$label-build/cargo-tree.txt"[0m
measure	Build both exact revisions sequentially with the same toolchain	2026-09-12T21:56:28.6290006Z [36;1m  sha256sum "$RUNNER_TEMP/kokuban-paired-binaries/$label" > "$evidence_directory/$label-build/binary-sha256.txt"[0m
measure	Build both exact revisions sequentially with the same toolchain	2026-09-12T21:56:28.6290531Z [36;1mdone[0m
measure	Build both exact revisions sequentially with the same toolchain	2026-09-12T21:56:28.6327365Z shell: /usr/bin/bash --noprofile --norc -e -o pipefail {0}
measure	Build both exact revisions sequentially with the same toolchain	2026-09-12T21:56:28.6327879Z env:
measure	Build both exact revisions sequentially with the same toolchain	2026-09-12T21:56:28.6328074Z   CARGO_INCREMENTAL: 0
measure	Build both exact revisions sequentially with the same toolchain	2026-09-12T21:56:28.6328307Z   CARGO_PROFILE_RELEASE_DEBUG: 0
measure	Build both exact revisions sequentially with the same toolchain	2026-09-12T21:56:28.6328595Z   BEFORE_REF: 469b2ac3fb88509a5ac4bf1769e4b2b3512c1008
measure	Build both exact revisions sequentially with the same toolchain	2026-09-12T21:56:28.6328959Z   AFTER_REF: 74eaad83dbf813cb15bd883b45d52adf0dc729bd
measure	Build both exact revisions sequentially with the same toolchain	2026-09-12T21:56:28.6329253Z   SCREEN: alternate
measure	Build both exact revisions sequentially with the same toolchain	2026-09-12T21:56:28.6329451Z ##[endgroup]
measure	Build both exact revisions sequentially with the same toolchain	2026-09-12T21:56:28.7737243Z     Updating crates.io index
measure	Build both exact revisions sequentially with the same toolchain	2026-09-12T21:56:29.2623831Z  Downloading crates ...
measure	Build both exact revisions sequentially with the same toolchain	2026-09-12T21:56:29.3791046Z   Downloaded ab_glyph_rasterizer v0.1.10
measure	Build both exact revisions sequentially with the same toolchain	2026-09-12T21:56:29.3812360Z   Downloaded adler2 v2.0.1
measure	Build both exact revisions sequentially with the same toolchain	2026-09-12T21:56:29.3830583Z   Downloaded semver v1.0.27
measure	Build both exact revisions sequentially with the same toolchain	2026-09-12T21:56:29.3860113Z   Downloaded os_pipe v1.2.3
measure	Build both exact revisions sequentially with the same toolchain	2026-09-12T21:56:29.3878612Z   Downloaded cc v1.2.57
measure	Build both exact revisions sequentially with the same toolchain	2026-09-12T21:56:29.3912810Z   Downloaded ahash v0.8.12
measure	Build both exact revisions sequentially with the same toolchain	2026-09-12T21:56:29.3941928Z   Downloaded ab_glyph v0.2.32
measure	Build both exact revisions sequentially with the same toolchain	2026-09-12T21:56:29.3964346Z   Downloaded thiserror-impl v1.0.69
measure	Build both exact revisions sequentially with the same toolchain	2026-09-12T21:56:29.3982660Z   Downloaded tiny-xlib v0.2.5
measure	Build both exact revisions sequentially with the same toolchain	2026-09-12T21:56:29.4005385Z   Downloaded thiserror-impl v2.0.18
measure	Build both exact revisions sequentially with the same toolchain	2026-09-12T21:56:29.4024786Z   Downloaded smol_str v0.2.2
measure	Build both exact revisions sequentially with the same toolchain	2026-09-12T21:56:29.4044449Z   Downloaded xkbcommon-dl v0.4.2
measure	Build both exact revisions sequentially with the same toolchain	2026-09-12T21:56:29.4058931Z   Downloaded serde_derive v1.0.228
measure	Build both exact revisions sequentially with the same toolchain	2026-09-12T21:56:29.4100445Z   Downloaded walkdir v2.5.0
measure	Build both exact revisions sequentially with the same toolchain	2026-09-12T21:56:29.4131365Z   Downloaded wayland-cursor v0.31.14
measure	Build both exact revisions sequentially with the same toolchain	2026-09-12T21:56:29.4150814Z   Downloaded xcursor v0.3.11
measure	Build both exact revisions sequentially with the same toolchain	2026-09-12T21:56:29.4164892Z   Downloaded equivalent v1.0.2
measure	Build both exact revisions sequentially with the same toolchain	2026-09-12T21:56:29.4185142Z   Downloaded wayland-protocols-wlr v0.3.12
measure	Build both exact revisions sequentially with the same toolchain	2026-09-12T21:56:29.4220604Z   Downloaded version_check v0.9.5
measure	Build both exact revisions sequentially with the same toolchain	2026-09-12T21:56:29.4244080Z   Downloaded utf8parse v0.2.2
measure	Build both exact revisions sequentially with the same toolchain	2026-09-12T21:56:29.4264102Z   Downloaded softbuffer v0.4.8
measure	Build both exact revisions sequentially with the same toolchain	2026-09-12T21:56:29.4309115Z   Downloaded yeslogic-fontconfig-sys v6.0.0
measure	Build both exact revisions sequentially with the same toolchain	2026-09-12T21:56:29.4326365Z   Downloaded polling v3.11.0
measure	Build both exact revisions sequentially with the same toolchain	2026-09-12T21:56:29.4368025Z   Downloaded tiny-skia-path v0.11.4
measure	Build both exact revisions sequentially with the same toolchain	2026-09-12T21:56:29.4395198Z   Downloaded wayland-csd-frame v0.3.0
measure	Build both exact revisions sequentially with the same toolchain	2026-09-12T21:56:29.4413537Z   Downloaded rustc_version v0.4.1
measure	Build both exact revisions sequentially with the same toolchain	2026-09-12T21:56:29.4443909Z   Downloaded x11-dl v2.21.0
measure	Build both exact revisions sequentially with the same toolchain	2026-09-12T21:56:29.4496694Z   Downloaded wayland-scanner v0.31.11
measure	Build both exact revisions sequentially with the same toolchain	2026-09-12T21:56:29.4545799Z   Downloaded scopeguard v1.2.0
measure	Build both exact revisions sequentially with the same toolchain	2026-09-12T21:56:29.4578966Z   Downloaded wayland-protocols-plasma v0.3.12
measure	Build both exact revisions sequentially with the same toolchain	2026-09-12T21:56:29.4641148Z   Downloaded xkeysym v0.2.1
measure	Build both exact revisions sequentially with the same toolchain	2026-09-12T21:56:29.4685562Z   Downloaded wayland-protocols v0.32.13
measure	Build both exact revisions sequentially with the same toolchain	2026-09-12T21:56:29.4794010Z   Downloaded scoped-tls v1.0.1
measure	Build both exact revisions sequentially with the same toolchain	2026-09-12T21:56:29.4816182Z   Downloaded bitflags v2.11.0
measure	Build both exact revisions sequentially with the same toolchain	2026-09-12T21:56:29.4869659Z   Downloaded ttf-parser v0.25.1
measure	Build both exact revisions sequentially with the same toolchain	2026-09-12T21:56:29.4974583Z   Downloaded rustix v1.1.4
measure	Build both exact revisions sequentially with the same toolchain	2026-09-12T21:56:29.5253387Z   Downloaded winnow v1.0.0
measure	Build both exact revisions sequentially with the same toolchain	2026-09-12T21:56:29.5358978Z   Downloaded x11rb v0.13.2
measure	Build both exact revisions sequentially with the same toolchain	2026-09-12T21:56:29.5450674Z   Downloaded quick-xml v0.41.0
measure	Build both exact revisions sequentially with the same toolchain	2026-09-12T21:56:29.5517065Z   Downloaded smithay-client-toolkit v0.19.2
measure	Build both exact revisions sequentially with the same toolchain	2026-09-12T21:56:29.5589029Z   Downloaded tiny-skia v0.11.4
measure	Build both exact revisions sequentially with the same toolchain	2026-09-12T21:56:29.5729828Z   Downloaded rustybuzz v0.20.1
measure	Build both exact revisions sequentially with the same toolchain	2026-09-12T21:56:29.5832793Z   Downloaded zerocopy v0.8.56
measure	Build both exact revisions sequentially with the same toolchain	2026-09-12T21:56:29.6055090Z   Downloaded unicode-width v0.2.2
measure	Build both exact revisions sequentially with the same toolchain	2026-09-12T21:56:29.6115669Z   Downloaded nix v0.29.0
measure	Build both exact revisions sequentially with the same toolchain	2026-09-12T21:56:29.6237760Z   Downloaded petgraph v0.8.3
measure	Build both exact revisions sequentially with the same toolchain	2026-09-12T21:56:29.6449444Z   Downloaded rustix v0.38.44
measure	Build both exact revisions sequentially with the same toolchain	2026-09-12T21:56:29.6714358Z   Downloaded tracing v0.1.44
measure	Build both exact revisions sequentially with the same toolchain	2026-09-12T21:56:29.6873135Z   Downloaded hashbrown v0.15.5
measure	Build both exact revisions sequentially with the same toolchain	2026-09-12T21:56:29.6924127Z   Downloaded regex v1.12.3
measure	Build both exact revisions sequentially with the same toolchain	2026-09-12T21:56:29.6980334Z   Downloaded hashbrown v0.16.1
measure	Build both exact revisions sequentially with the same toolchain	2026-09-12T21:56:29.7034027Z   Downloaded libm v0.2.16
measure	Build both exact revisions sequentially with the same toolchain	2026-09-12T21:56:29.7146253Z   Downloaded aho-corasick v1.1.4
measure	Build both exact revisions sequentially with the same toolchain	2026-09-12T21:56:29.7200021Z   Downloaded x11rb-protocol v0.13.2
measure	Build both exact revisions sequentially with the same toolchain	2026-09-12T21:56:29.7325702Z   Downloaded png v0.17.16
measure	Build both exact revisions sequentially with the same toolchain	2026-09-12T21:56:29.7366668Z   Downloaded memchr v2.8.0
measure	Build both exact revisions sequentially with the same toolchain	2026-09-12T21:56:29.7424413Z   Downloaded lock_api v0.4.14
measure	Build both exact revisions sequentially with the same toolchain	2026-09-12T21:56:29.7439362Z   Downloaded indexmap v2.13.0
measure	Build both exact revisions sequentially with the same toolchain	2026-09-12T21:56:29.7483656Z   Downloaded regex-automata v0.4.14
measure	Build both exact revisions sequentially with the same toolchain	2026-09-12T21:56:29.7621941Z   Downloaded serde v1.0.228
measure	Build both exact revisions sequentially with the same toolchain	2026-09-12T21:56:29.7658463Z   Downloaded miniz_oxide v0.8.9
measure	Build both exact revisions sequentially with the same toolchain	2026-09-12T21:56:29.7684120Z   Downloaded winit v0.30.13
measure	Build both exact revisions sequentially with the same toolchain	2026-09-12T21:56:29.7895390Z   Downloaded font-kit v0.14.3
measure	Build both exact revisions sequentially with the same toolchain	2026-09-12T21:56:29.7935649Z   Downloaded flate2 v1.1.9
measure	Build both exact revisions sequentially with the same toolchain	2026-09-12T21:56:29.7986981Z   Downloaded simd-adler32 v0.3.8
measure	Build both exact revisions sequentially with the same toolchain	2026-09-12T21:56:29.8007005Z   Downloaded sctk-adwaita v0.10.1
measure	Build both exact revisions sequentially with the same toolchain	2026-09-12T21:56:29.8034052Z   Downloaded raw-window-handle v0.6.2
measure	Build both exact revisions sequentially with the same toolchain	2026-09-12T21:56:29.8053969Z   Downloaded proc-macro2 v1.0.106
measure	Build both exact revisions sequentially with the same toolchain	2026-09-12T21:56:29.8085268Z   Downloaded log v0.4.29
measure	Build both exact revisions sequentially with the same toolchain	2026-09-12T21:56:29.8111372Z   Downloaded getrandom v0.3.4
measure	Build both exact revisions sequentially with the same toolchain	2026-09-12T21:56:29.8146871Z   Downloaded libc v0.2.183
measure	Build both exact revisions sequentially with the same toolchain	2026-09-12T21:56:29.8540065Z   Downloaded jiff v0.2.23
measure	Build both exact revisions sequentially with the same toolchain	2026-09-12T21:56:29.8703217Z   Downloaded fixedbitset v0.5.7
measure	Build both exact revisions sequentially with the same toolchain	2026-09-12T21:56:29.8723959Z   Downloaded find-msvc-tools v0.1.9
measure	Build both exact revisions sequentially with the same toolchain	2026-09-12T21:56:29.8741950Z   Downloaded bytemuck v1.25.2
measure	Build both exact revisions sequentially with the same toolchain	2026-09-12T21:56:29.8774532Z   Downloaded arboard v3.6.1
measure	Build both exact revisions sequentially with the same toolchain	2026-09-12T21:56:29.8801681Z   Downloaded anstyle v1.0.14
measure	Build both exact revisions sequentially with the same toolchain	2026-09-12T21:56:29.8817478Z   Downloaded wayland-backend v0.3.17
measure	Build both exact revisions sequentially with the same toolchain	2026-09-12T21:56:29.8858983Z   Downloaded toml_writer v1.0.7+spec-1.1.0
measure	Build both exact revisions sequentially with the same toolchain	2026-09-12T21:56:29.8873497Z   Downloaded toml_datetime v1.0.1+spec-1.1.0
measure	Build both exact revisions sequentially with the same toolchain	2026-09-12T21:56:29.8886790Z   Downloaded serde_core v1.0.228
measure	Build both exact revisions sequentially with the same toolchain	2026-09-12T21:56:29.8917359Z   Downloaded parking_lot v0.12.5
measure	Build both exact revisions sequentially with the same toolchain	2026-09-12T21:56:29.8943072Z   Downloaded memmap2 v0.9.11
measure	Build both exact revisions sequentially with the same toolchain	2026-09-12T21:56:29.8961569Z   Downloaded libloading v0.8.9
measure	Build both exact revisions sequentially with the same toolchain	2026-09-12T21:56:29.8986115Z   Downloaded fdeflate v0.3.7
measure	Build both exact revisions sequentially with the same toolchain	2026-09-12T21:56:29.9003290Z   Downloaded crc32fast v1.5.0
measure	Build both exact revisions sequentially with the same toolchain	2026-09-12T21:56:29.9024112Z   Downloaded byteorder v1.5.0
measure	Build both exact revisions sequentially with the same toolchain	2026-09-12T21:56:29.9041213Z   Downloaded anstyle-parse v0.2.7
measure	Build both exact revisions sequentially with the same toolchain	2026-09-12T21:56:29.9057963Z   Downloaded anstream v0.6.21
measure	Build both exact revisions sequentially with the same toolchain	2026-09-12T21:56:29.9079826Z   Downloaded quote v1.0.45
measure	Build both exact revisions sequentially with the same toolchain	2026-09-12T21:56:29.9108581Z   Downloaded pin-project-lite v0.2.17
measure	Build both exact revisions sequentially with the same toolchain	2026-09-12T21:56:29.9168358Z   Downloaded jobserver v0.1.35
measure	Build both exact revisions sequentially with the same toolchain	2026-09-12T21:56:29.9188158Z   Downloaded is_terminal_polyfill v1.70.2
measure	Build both exact revisions sequentially with the same toolchain	2026-09-12T21:56:29.9198255Z   Downloaded gethostname v1.1.0
measure	Build both exact revisions sequentially with the same toolchain	2026-09-12T21:56:29.9210364Z   Downloaded env_filter v1.0.0
measure	Build both exact revisions sequentially with the same toolchain	2026-09-12T21:56:29.9225329Z   Downloaded downcast-rs v1.2.1
measure	Build both exact revisions sequentially with the same toolchain	2026-09-12T21:56:29.9239660Z   Downloaded core_maths v0.1.1
measure	Build both exact revisions sequentially with the same toolchain	2026-09-12T21:56:29.9248640Z   Downloaded bitflags v1.3.2
measure	Build both exact revisions sequentially with the same toolchain	2026-09-12T21:56:29.9283628Z   Downloaded unicode-segmentation v1.13.3
measure	Build both exact revisions sequentially with the same toolchain	2026-09-12T21:56:29.9313373Z   Downloaded unicode-bidi-mirroring v0.4.0
measure	Build both exact revisions sequentially with the same toolchain	2026-09-12T21:56:29.9323377Z   Downloaded tracing-core v0.1.36
measure	Build both exact revisions sequentially with the same toolchain	2026-09-12T21:56:29.9352824Z   Downloaded toml v1.0.7+spec-1.1.0
measure	Build both exact revisions sequentially with the same toolchain	2026-09-12T21:56:29.9394044Z   Downloaded pkg-config v0.3.32
measure	Build both exact revisions sequentially with the same toolchain	2026-09-12T21:56:29.9410719Z   Downloaded pathfinder_simd v0.5.5
measure	Build both exact revisions sequentially with the same toolchain	2026-09-12T21:56:29.9431566Z   Downloaded pathfinder_geometry v0.5.1
measure	Build both exact revisions sequentially with the same toolchain	2026-09-12T21:56:29.9443161Z   Downloaded owned_ttf_parser v0.25.1
measure	Build both exact revisions sequentially with the same toolchain	2026-09-12T21:56:29.9454833Z   Downloaded option-ext v0.2.0
measure	Build both exact revisions sequentially with the same toolchain	2026-09-12T21:56:29.9464230Z   Downloaded float-ord v0.3.2
measure	Build both exact revisions sequentially with the same toolchain	2026-09-12T21:56:29.9475084Z   Downloaded errno v0.3.14
measure	Build both exact revisions sequentially with the same toolchain	2026-09-12T21:56:29.9492670Z   Downloaded dtor v0.8.1
measure	Build both exact revisions sequentially with the same toolchain	2026-09-12T21:56:29.9504206Z   Downloaded colorchoice v1.0.5
measure	Build both exact revisions sequentially with the same toolchain	2026-09-12T21:56:29.9515154Z   Downloaded wl-clipboard-rs v0.9.3
measure	Build both exact revisions sequentially with the same toolchain	2026-09-12T21:56:29.9541955Z   Downloaded unicode-properties v0.1.4
measure	Build both exact revisions sequentially with the same toolchain	2026-09-12T21:56:29.9561479Z   Downloaded unicode-ident v1.0.24
measure	Build both exact revisions sequentially with the same toolchain	2026-09-12T21:56:29.9590894Z   Downloaded same-file v1.0.6
measure	Build both exact revisions sequentially with the same toolchain	2026-09-12T21:56:29.9604785Z   Downloaded once_cell v1.21.4
measure	Build both exact revisions sequentially with the same toolchain	2026-09-12T21:56:29.9631675Z   Downloaded env_logger v0.11.9
measure	Build both exact revisions sequentially with the same toolchain	2026-09-12T21:56:29.9654937Z   Downloaded dlib v0.5.3
measure	Build both exact revisions sequentially with the same toolchain	2026-09-12T21:56:29.9665562Z   Downloaded lazy_static v1.5.0
measure	Build both exact revisions sequentially with the same toolchain	2026-09-12T21:56:29.9685683Z   Downloaded as-raw-xcb-connection v1.0.1
measure	Build both exact revisions sequentially with the same toolchain	2026-09-12T21:56:29.9694811Z   Downloaded arrayref v0.3.9
measure	Build both exact revisions sequentially with the same toolchain	2026-09-12T21:56:29.9708466Z   Downloaded anstyle-query v1.1.5
measure	Build both exact revisions sequentially with the same toolchain	2026-09-12T21:56:29.9721517Z   Downloaded smallvec v1.15.2
measure	Build both exact revisions sequentially with the same toolchain	2026-09-12T21:56:29.9737699Z   Downloaded percent-encoding v2.3.2
measure	Build both exact revisions sequentially with the same toolchain	2026-09-12T21:56:29.9747739Z   Downloaded nom v8.0.0
measure	Build both exact revisions sequentially with the same toolchain	2026-09-12T21:56:29.9802836Z   Downloaded calloop v0.13.0
measure	Build both exact revisions sequentially with the same toolchain	2026-09-12T21:56:29.9836527Z   Downloaded slab v0.4.12
measure	Build both exact revisions sequentially with the same toolchain	2026-09-12T21:56:29.9850752Z   Downloaded foldhash v0.1.5
measure	Build both exact revisions sequentially with the same toolchain	2026-09-12T21:56:29.9863703Z   Downloaded wayland-sys v0.31.11
measure	Build both exact revisions sequentially with the same toolchain	2026-09-12T21:56:29.9877184Z   Downloaded wayland-client v0.31.15
measure	Build both exact revisions sequentially with the same toolchain	2026-09-12T21:56:29.9899009Z   Downloaded regex-syntax v0.8.10
measure	Build both exact revisions sequentially with the same toolchain	2026-09-12T21:56:29.9965994Z   Downloaded cfg-if v1.0.4
measure	Build both exact revisions sequentially with the same toolchain	2026-09-12T21:56:29.9979824Z   Downloaded unicode-ccc v0.4.0
measure	Build both exact revisions sequentially with the same toolchain	2026-09-12T21:56:29.9990853Z   Downloaded shlex v1.3.0
measure	Build both exact revisions sequentially with the same toolchain	2026-09-12T21:56:30.0004543Z   Downloaded dirs v6.0.0
measure	Build both exact revisions sequentially with the same toolchain	2026-09-12T21:56:30.0019554Z   Downloaded ctor v0.10.1
measure	Build both exact revisions sequentially with the same toolchain	2026-09-12T21:56:30.0033610Z   Downloaded parking_lot_core v0.9.12
measure	Build both exact revisions sequentially with the same toolchain	2026-09-12T21:56:30.0056260Z   Downloaded cursor-icon v1.2.0
measure	Build both exact revisions sequentially with the same toolchain	2026-09-12T21:56:30.0069876Z   Downloaded linux-raw-sys v0.4.15
measure	Build both exact revisions sequentially with the same toolchain	2026-09-12T21:56:30.0517093Z   Downloaded toml_parser v1.0.10+spec-1.1.0
measure	Build both exact revisions sequentially with the same toolchain	2026-09-12T21:56:30.0540464Z   Downloaded dpi v0.1.2
measure	Build both exact revisions sequentially with the same toolchain	2026-09-12T21:56:30.0553416Z   Downloaded cfg_aliases v0.2.1
measure	Build both exact revisions sequentially with the same toolchain	2026-09-12T21:56:30.0565389Z   Downloaded calloop-wayland-source v0.3.0
measure	Build both exact revisions sequentially with the same toolchain	2026-09-12T21:56:30.0578034Z   Downloaded arrayvec v0.7.8
measure	Build both exact revisions sequentially with the same toolchain	2026-09-12T21:56:30.0600443Z   Downloaded dirs-sys v0.5.0
measure	Build both exact revisions sequentially with the same toolchain	2026-09-12T21:56:30.0612302Z   Downloaded unicode-script v0.5.8
measure	Build both exact revisions sequentially with the same toolchain	2026-09-12T21:56:30.0630764Z   Downloaded tree_magic_mini v3.2.2
measure	Build both exact revisions sequentially with the same toolchain	2026-09-12T21:56:30.0649499Z   Downloaded syn v2.0.117
measure	Build both exact revisions sequentially with the same toolchain	2026-09-12T21:56:30.0754326Z   Downloaded thiserror v2.0.18
measure	Build both exact revisions sequentially with the same toolchain	2026-09-12T21:56:30.0820234Z   Downloaded thiserror v1.0.69
measure	Build both exact revisions sequentially with the same toolchain	2026-09-12T21:56:30.0878498Z   Downloaded fastrand v2.5.0
measure	Build both exact revisions sequentially with the same toolchain	2026-09-12T21:56:30.0892964Z   Downloaded strict-num v0.1.1
measure	Build both exact revisions sequentially with the same toolchain	2026-09-12T21:56:30.0903337Z   Downloaded serde_spanned v1.0.4
measure	Build both exact revisions sequentially with the same toolchain	2026-09-12T21:56:30.0916788Z   Downloaded base64 v0.22.1
measure	Build both exact revisions sequentially with the same toolchain	2026-09-12T21:56:30.0985005Z   Downloaded linux-raw-sys v0.12.1
measure	Build both exact revisions sequentially with the same toolchain	2026-09-12T21:56:30.1609955Z   Downloaded freetype-sys v0.20.1
measure	Build both exact revisions sequentially with the same toolchain	2026-09-12T21:56:30.3063175Z    Compiling cfg-if v1.0.4
measure	Build both exact revisions sequentially with the same toolchain	2026-09-12T21:56:30.3063720Z    Compiling pkg-config v0.3.32
measure	Build both exact revisions sequentially with the same toolchain	2026-09-12T21:56:30.3064245Z    Compiling proc-macro2 v1.0.106
measure	Build both exact revisions sequentially with the same toolchain	2026-09-12T21:56:30.3066259Z    Compiling bitflags v2.11.0
measure	Build both exact revisions sequentially with the same toolchain	2026-09-12T21:56:30.3353966Z    Compiling quote v1.0.45
measure	Build both exact revisions sequentially with the same toolchain	2026-09-12T21:56:30.4744704Z    Compiling log v0.4.29
measure	Build both exact revisions sequentially with the same toolchain	2026-09-12T21:56:30.5682449Z    Compiling unicode-ident v1.0.24
measure	Build both exact revisions sequentially with the same toolchain	2026-09-12T21:56:30.6487661Z    Compiling shlex v1.3.0
measure	Build both exact revisions sequentially with the same toolchain	2026-09-12T21:56:30.6520039Z    Compiling find-msvc-tools v0.1.9
measure	Build both exact revisions sequentially with the same toolchain	2026-09-12T21:56:30.7748631Z    Compiling cc v1.2.57
measure	Build both exact revisions sequentially with the same toolchain	2026-09-12T21:56:30.7777533Z    Compiling libloading v0.8.9
measure	Build both exact revisions sequentially with the same toolchain	2026-09-12T21:56:30.7862772Z    Compiling once_cell v1.21.4
measure	Build both exact revisions sequentially with the same toolchain	2026-09-12T21:56:30.9400847Z    Compiling libc v0.2.183
measure	Build both exact revisions sequentially with the same toolchain	2026-09-12T21:56:30.9588395Z    Compiling rustix v1.1.4
measure	Build both exact revisions sequentially with the same toolchain	2026-09-12T21:56:31.2647762Z    Compiling linux-raw-sys v0.12.1
measure	Build both exact revisions sequentially with the same toolchain	2026-09-12T21:56:31.3238629Z    Compiling dlib v0.5.3
measure	Build both exact revisions sequentially with the same toolchain	2026-09-12T21:56:31.3767883Z    Compiling smallvec v1.15.2
measure	Build both exact revisions sequentially with the same toolchain	2026-09-12T21:56:31.5618051Z    Compiling wayland-sys v0.31.11
measure	Build both exact revisions sequentially with the same toolchain	2026-09-12T21:56:32.0728027Z    Compiling wayland-backend v0.3.17
measure	Build both exact revisions sequentially with the same toolchain	2026-09-12T21:56:32.1908494Z    Compiling scoped-tls v1.0.1
measure	Build both exact revisions sequentially with the same toolchain	2026-09-12T21:56:32.2418493Z    Compiling downcast-rs v1.2.1
measure	Build both exact revisions sequentially with the same toolchain	2026-09-12T21:56:32.2825427Z    Compiling memchr v2.8.0
measure	Build both exact revisions sequentially with the same toolchain	2026-09-12T21:56:32.2887572Z    Compiling syn v2.0.117
measure	Build both exact revisions sequentially with the same toolchain	2026-09-12T21:56:32.6927944Z    Compiling quick-xml v0.41.0
measure	Build both exact revisions sequentially with the same toolchain	2026-09-12T21:56:32.8670533Z    Compiling wayland-client v0.31.15
measure	Build both exact revisions sequentially with the same toolchain	2026-09-12T21:56:33.5968073Z    Compiling wayland-scanner v0.31.11
measure	Build both exact revisions sequentially with the same toolchain	2026-09-12T21:56:34.1777943Z    Compiling libm v0.2.16
measure	Build both exact revisions sequentially with the same toolchain	2026-09-12T21:56:34.5657834Z    Compiling rustix v0.38.44
measure	Build both exact revisions sequentially with the same toolchain	2026-09-12T21:56:34.7418088Z    Compiling thiserror v1.0.69
measure	Build both exact revisions sequentially with the same toolchain	2026-09-12T21:56:34.9598176Z    Compiling thiserror-impl v1.0.69
measure	Build both exact revisions sequentially with the same toolchain	2026-09-12T21:56:35.1028448Z    Compiling bytemuck v1.25.2
measure	Build both exact revisions sequentially with the same toolchain	2026-09-12T21:56:35.3204821Z    Compiling core_maths v0.1.1
measure	Build both exact revisions sequentially with the same toolchain	2026-09-12T21:56:35.3788249Z    Compiling cfg_aliases v0.2.1
measure	Build both exact revisions sequentially with the same toolchain	2026-09-12T21:56:35.4087935Z    Compiling serde_core v1.0.228
measure	Build both exact revisions sequentially with the same toolchain	2026-09-12T21:56:35.5777976Z    Compiling semver v1.0.27
measure	Build both exact revisions sequentially with the same toolchain	2026-09-12T21:56:35.8168006Z    Compiling linux-raw-sys v0.4.15
measure	Build both exact revisions sequentially with the same toolchain	2026-09-12T21:56:35.9817927Z    Compiling rustc_version v0.4.1
measure	Build both exact revisions sequentially with the same toolchain	2026-09-12T21:56:36.2007689Z    Compiling ttf-parser v0.25.1
measure	Build both exact revisions sequentially with the same toolchain	2026-09-12T21:56:36.4630650Z    Compiling hashbrown v0.16.1
measure	Build both exact revisions sequentially with the same toolchain	2026-09-12T21:56:40.5867818Z    Compiling polling v3.11.0
measure	Build both exact revisions sequentially with the same toolchain	2026-09-12T21:56:40.8877907Z    Compiling foldhash v0.1.5
measure	Build both exact revisions sequentially with the same toolchain	2026-09-12T21:56:41.0438348Z    Compiling as-raw-xcb-connection v1.0.1
measure	Build both exact revisions sequentially with the same toolchain	2026-09-12T21:56:41.0828007Z    Compiling equivalent v1.0.2
measure	Build both exact revisions sequentially with the same toolchain	2026-09-12T21:56:41.1146062Z    Compiling slab v0.4.12
measure	Build both exact revisions sequentially with the same toolchain	2026-09-12T21:56:41.2459436Z    Compiling calloop v0.13.0
measure	Build both exact revisions sequentially with the same toolchain	2026-09-12T21:56:42.3027874Z    Compiling wayland-protocols v0.32.13
measure	Build both exact revisions sequentially with the same toolchain	2026-09-12T21:56:42.3337696Z    Compiling indexmap v2.13.0
measure	Build both exact revisions sequentially with the same toolchain	2026-09-12T21:56:42.4207897Z    Compiling hashbrown v0.15.5
measure	Build both exact revisions sequentially with the same toolchain	2026-09-12T21:56:43.0408317Z    Compiling gethostname v1.1.0
measure	Build both exact revisions sequentially with the same toolchain	2026-09-12T21:56:43.1448385Z    Compiling pathfinder_simd v0.5.5
measure	Build both exact revisions sequentially with the same toolchain	2026-09-12T21:56:43.2317736Z    Compiling aho-corasick v1.1.4
measure	Build both exact revisions sequentially with the same toolchain	2026-09-12T21:56:45.6207990Z    Compiling memmap2 v0.9.11
measure	Build both exact revisions sequentially with the same toolchain	2026-09-12T21:56:45.8578066Z    Compiling freetype-sys v0.20.1
measure	Build both exact revisions sequentially with the same toolchain	2026-09-12T21:56:45.9797230Z    Compiling yeslogic-fontconfig-sys v6.0.0
measure	Build both exact revisions sequentially with the same toolchain	2026-09-12T21:56:46.0727892Z    Compiling parking_lot_core v0.9.12
measure	Build both exact revisions sequentially with the same toolchain	2026-09-12T21:56:46.0920613Z    Compiling version_check v0.9.5
measure	Build both exact revisions sequentially with the same toolchain	2026-09-12T21:56:46.1728338Z    Compiling smithay-client-toolkit v0.19.2
measure	Build both exact revisions sequentially with the same toolchain	2026-09-12T21:56:46.2468002Z    Compiling x11rb-protocol v0.13.2
measure	Build both exact revisions sequentially with the same toolchain	2026-09-12T21:56:46.3037745Z    Compiling cursor-icon v1.2.0
measure	Build both exact revisions sequentially with the same toolchain	2026-09-12T21:56:46.3907961Z    Compiling getrandom v0.3.4
measure	Build both exact revisions sequentially with the same toolchain	2026-09-12T21:56:46.5458386Z    Compiling pin-project-lite v0.2.17
measure	Build both exact revisions sequentially with the same toolchain	2026-09-12T21:56:46.5858207Z    Compiling regex-syntax v0.8.10
measure	Build both exact revisions sequentially with the same toolchain	2026-09-12T21:56:49.9188104Z    Compiling wayland-protocols-wlr v0.3.12
measure	Build both exact revisions sequentially with the same toolchain	2026-09-12T21:56:53.4717938Z    Compiling arrayref v0.3.9
measure	Build both exact revisions sequentially with the same toolchain	2026-09-12T21:56:53.5012938Z    Compiling tracing-core v0.1.36
measure	Build both exact revisions sequentially with the same toolchain	2026-09-12T21:56:54.2358178Z    Compiling strict-num v0.1.1
measure	Build both exact revisions sequentially with the same toolchain	2026-09-12T21:56:54.3128094Z    Compiling crc32fast v1.5.0
measure	Build both exact revisions sequentially with the same toolchain	2026-09-12T21:56:54.4233514Z    Compiling thiserror v2.0.18
measure	Build both exact revisions sequentially with the same toolchain	2026-09-12T21:56:54.6127174Z    Compiling simd-adler32 v0.3.8
measure	Build both exact revisions sequentially with the same toolchain	2026-09-12T21:56:54.7107206Z    Compiling xcursor v0.3.11
measure	Build both exact revisions sequentially with the same toolchain	2026-09-12T21:56:54.8571443Z    Compiling fixedbitset v0.5.7
measure	Build both exact revisions sequentially with the same toolchain	2026-09-12T21:56:55.2968248Z    Compiling xkeysym v0.2.1
measure	Build both exact revisions sequentially with the same toolchain	2026-09-12T21:56:55.6347744Z    Compiling zerocopy v0.8.56
measure	Build both exact revisions sequentially with the same toolchain	2026-09-12T21:56:55.8677814Z    Compiling petgraph v0.8.3
measure	Build both exact revisions sequentially with the same toolchain	2026-09-12T21:56:57.9257925Z    Compiling x11rb v0.13.2
measure	Build both exact revisions sequentially with the same toolchain	2026-09-12T21:56:57.9668236Z    Compiling wayland-cursor v0.31.14
measure	Build both exact revisions sequentially with the same toolchain	2026-09-12T21:56:58.7448152Z    Compiling tiny-skia-path v0.11.4
measure	Build both exact revisions sequentially with the same toolchain	2026-09-12T21:57:00.3117938Z    Compiling tracing v0.1.44
measure	Build both exact revisions sequentially with the same toolchain	2026-09-12T21:57:00.5038136Z    Compiling regex-automata v0.4.14
measure	Build both exact revisions sequentially with the same toolchain	2026-09-12T21:57:01.1737909Z    Compiling wayland-csd-frame v0.3.0
measure	Build both exact revisions sequentially with the same toolchain	2026-09-12T21:57:01.4837847Z    Compiling ahash v0.8.12
measure	Build both exact revisions sequentially with the same toolchain	2026-09-12T21:57:01.6437565Z    Compiling calloop-wayland-source v0.3.0
measure	Build both exact revisions sequentially with the same toolchain	2026-09-12T21:57:01.7118124Z    Compiling owned_ttf_parser v0.25.1
measure	Build both exact revisions sequentially with the same toolchain	2026-09-12T21:57:01.9857927Z    Compiling thiserror-impl v2.0.18
measure	Build both exact revisions sequentially with the same toolchain	2026-09-12T21:57:03.0747881Z    Compiling nom v8.0.0
measure	Build both exact revisions sequentially with the same toolchain	2026-09-12T21:57:03.7505784Z    Compiling x11-dl v2.21.0
measure	Build both exact revisions sequentially with the same toolchain	2026-09-12T21:57:03.8678054Z    Compiling tiny-xlib v0.2.5
measure	Build both exact revisions sequentially with the same toolchain	2026-09-12T21:57:03.9877931Z    Compiling arrayvec v0.7.8
measure	Build both exact revisions sequentially with the same toolchain	2026-09-12T21:57:04.1557850Z    Compiling adler2 v2.0.1
measure	Build both exact revisions sequentially with the same toolchain	2026-09-12T21:57:04.2408257Z    Compiling scopeguard v1.2.0
measure	Build both exact revisions sequentially with the same toolchain	2026-09-12T21:57:04.2848151Z    Compiling ab_glyph_rasterizer v0.1.10
measure	Build both exact revisions sequentially with the same toolchain	2026-09-12T21:57:04.4700848Z    Compiling option-ext v0.2.0
measure	Build both exact revisions sequentially with the same toolchain	2026-09-12T21:57:04.5118144Z    Compiling utf8parse v0.2.2
measure	Build both exact revisions sequentially with the same toolchain	2026-09-12T21:57:04.5597899Z    Compiling anstyle-parse v0.2.7
measure	Build both exact revisions sequentially with the same toolchain	2026-09-12T21:57:04.6937773Z    Compiling dirs-sys v0.5.0
measure	Build both exact revisions sequentially with the same toolchain	2026-09-12T21:57:05.1566705Z    Compiling ab_glyph v0.2.32
measure	Build both exact revisions sequentially with the same toolchain	2026-09-12T21:57:06.3577908Z    Compiling tree_magic_mini v3.2.2
measure	Build both exact revisions sequentially with the same toolchain	2026-09-12T21:57:06.4197754Z    Compiling lock_api v0.4.14
measure	Build both exact revisions sequentially with the same toolchain	2026-09-12T21:57:06.6177747Z    Compiling miniz_oxide v0.8.9
measure	Build both exact revisions sequentially with the same toolchain	2026-09-12T21:57:08.2397949Z    Compiling tiny-skia v0.11.4
measure	Build both exact revisions sequentially with the same toolchain	2026-09-12T21:57:09.2127930Z    Compiling regex v1.12.3
measure	Build both exact revisions sequentially with the same toolchain	2026-09-12T21:57:13.8687994Z    Compiling nix v0.29.0
measure	Build both exact revisions sequentially with the same toolchain	2026-09-12T21:57:14.1258162Z    Compiling winit v0.30.13
measure	Build both exact revisions sequentially with the same toolchain	2026-09-12T21:57:14.2197895Z    Compiling os_pipe v1.2.3
measure	Build both exact revisions sequentially with the same toolchain	2026-09-12T21:57:14.3038309Z    Compiling anstyle v1.0.14
measure	Build both exact revisions sequentially with the same toolchain	2026-09-12T21:57:14.3518288Z    Compiling serde v1.0.228
measure	Build both exact revisions sequentially with the same toolchain	2026-09-12T21:57:14.4976228Z    Compiling is_terminal_polyfill v1.70.2
measure	Build both exact revisions sequentially with the same toolchain	2026-09-12T21:57:14.5138297Z    Compiling same-file v1.0.6
measure	Build both exact revisions sequentially with the same toolchain	2026-09-12T21:57:14.5334812Z    Compiling percent-encoding v2.3.2
measure	Build both exact revisions sequentially with the same toolchain	2026-09-12T21:57:14.6128071Z    Compiling anstyle-query v1.1.5
measure	Build both exact revisions sequentially with the same toolchain	2026-09-12T21:57:14.6568321Z    Compiling winnow v1.0.0
measure	Build both exact revisions sequentially with the same toolchain	2026-09-12T21:57:14.7377887Z    Compiling ctor v0.10.1
measure	Build both exact revisions sequentially with the same toolchain	2026-09-12T21:57:14.7807893Z    Compiling colorchoice v1.0.5
measure	Build both exact revisions sequentially with the same toolchain	2026-09-12T21:57:14.8317892Z    Compiling font-kit v0.14.3
measure	Build both exact revisions sequentially with the same toolchain	2026-09-12T21:57:14.9107415Z    Compiling raw-window-handle v0.6.2
measure	Build both exact revisions sequentially with the same toolchain	2026-09-12T21:57:15.0677820Z    Compiling toml_parser v1.0.10+spec-1.1.0
measure	Build both exact revisions sequentially with the same toolchain	2026-09-12T21:57:15.1307822Z    Compiling anstream v0.6.21
measure	Build both exact revisions sequentially with the same toolchain	2026-09-12T21:57:16.0397738Z    Compiling walkdir v2.5.0
measure	Build both exact revisions sequentially with the same toolchain	2026-09-12T21:57:16.5338078Z    Compiling wl-clipboard-rs v0.9.3
measure	Build both exact revisions sequentially with the same toolchain	2026-09-12T21:57:16.8378222Z    Compiling flate2 v1.1.9
measure	Build both exact revisions sequentially with the same toolchain	2026-09-12T21:57:17.3519203Z    Compiling parking_lot v0.12.5
measure	Build both exact revisions sequentially with the same toolchain	2026-09-12T21:57:17.8908441Z    Compiling pathfinder_geometry v0.5.1
measure	Build both exact revisions sequentially with the same toolchain	2026-09-12T21:57:18.1097981Z    Compiling sctk-adwaita v0.10.1
measure	Build both exact revisions sequentially with the same toolchain	2026-09-12T21:57:18.2497813Z    Compiling env_filter v1.0.0
measure	Build both exact revisions sequentially with the same toolchain	2026-09-12T21:57:19.9678259Z    Compiling dirs v6.0.0
measure	Build both exact revisions sequentially with the same toolchain	2026-09-12T21:57:20.3637924Z    Compiling xkbcommon-dl v0.4.2
measure	Build both exact revisions sequentially with the same toolchain	2026-09-12T21:57:21.3967927Z    Compiling fdeflate v0.3.7
measure	Build both exact revisions sequentially with the same toolchain	2026-09-12T21:57:22.2937843Z    Compiling wayland-protocols-plasma v0.3.12
measure	Build both exact revisions sequentially with the same toolchain	2026-09-12T21:57:22.3454036Z    Compiling serde_spanned v1.0.4
measure	Build both exact revisions sequentially with the same toolchain	2026-09-12T21:57:22.4267933Z    Compiling toml_datetime v1.0.1+spec-1.1.0
measure	Build both exact revisions sequentially with the same toolchain	2026-09-12T21:57:22.7798353Z    Compiling serde_derive v1.0.228
measure	Build both exact revisions sequentially with the same toolchain	2026-09-12T21:57:22.8922063Z    Compiling lazy_static v1.5.0
measure	Build both exact revisions sequentially with the same toolchain	2026-09-12T21:57:22.9335149Z    Compiling bitflags v1.3.2
measure	Build both exact revisions sequentially with the same toolchain	2026-09-12T21:57:22.9692509Z    Compiling jiff v0.2.23
measure	Build both exact revisions sequentially with the same toolchain	2026-09-12T21:57:25.6978124Z    Compiling unicode-properties v0.1.4
measure	Build both exact revisions sequentially with the same toolchain	2026-09-12T21:57:25.8388284Z    Compiling dpi v0.1.2
measure	Build both exact revisions sequentially with the same toolchain	2026-09-12T21:57:25.9758482Z    Compiling unicode-ccc v0.4.0
measure	Build both exact revisions sequentially with the same toolchain	2026-09-12T21:57:26.0907630Z    Compiling unicode-bidi-mirroring v0.4.0
measure	Build both exact revisions sequentially with the same toolchain	2026-09-12T21:57:26.1577779Z    Compiling fastrand v2.5.0
measure	Build both exact revisions sequentially with the same toolchain	2026-09-12T21:57:26.3608217Z    Compiling unicode-script v0.5.8
measure	Build both exact revisions sequentially with the same toolchain	2026-09-12T21:57:26.8437917Z    Compiling smol_str v0.2.2
measure	Build both exact revisions sequentially with the same toolchain	2026-09-12T21:57:26.8622965Z    Compiling float-ord v0.3.2
measure	Build both exact revisions sequentially with the same toolchain	2026-09-12T21:57:26.9077976Z    Compiling byteorder v1.5.0
measure	Build both exact revisions sequentially with the same toolchain	2026-09-12T21:57:27.0779105Z    Compiling toml_writer v1.0.7+spec-1.1.0
measure	Build both exact revisions sequentially with the same toolchain	2026-09-12T21:57:27.2658355Z    Compiling toml v1.0.7+spec-1.1.0
measure	Build both exact revisions sequentially with the same toolchain	2026-09-12T21:57:32.2118001Z    Compiling rustybuzz v0.20.1
measure	Build both exact revisions sequentially with the same toolchain	2026-09-12T21:57:32.2558289Z    Compiling env_logger v0.11.9
measure	Build both exact revisions sequentially with the same toolchain	2026-09-12T21:57:33.2987904Z    Compiling softbuffer v0.4.8
measure	Build both exact revisions sequentially with the same toolchain	2026-09-12T21:57:34.4279260Z    Compiling png v0.17.16
measure	Build both exact revisions sequentially with the same toolchain	2026-09-12T21:57:34.5807970Z    Compiling arboard v3.6.1
measure	Build both exact revisions sequentially with the same toolchain	2026-09-12T21:57:37.4702141Z    Compiling unicode-segmentation v1.13.3
measure	Build both exact revisions sequentially with the same toolchain	2026-09-12T21:57:38.0957891Z    Compiling unicode-width v0.2.2
measure	Build both exact revisions sequentially with the same toolchain	2026-09-12T21:57:38.2997908Z    Compiling base64 v0.22.1
measure	Build both exact revisions sequentially with the same toolchain	2026-09-12T21:57:42.7307581Z    Compiling kokuban v0.1.0 (/home/runner/work/_temp/kokuban-paired-source-before)
measure	Build both exact revisions sequentially with the same toolchain	2026-09-12T21:57:43.8575600Z warning: fields `descent` and `font` are never read
measure	Build both exact revisions sequentially with the same toolchain	2026-09-12T21:57:43.8576687Z   --> src/glyph_atlas.rs:89:9
measure	Build both exact revisions sequentially with the same toolchain	2026-09-12T21:57:43.8577736Z    |
measure	Build both exact revisions sequentially with the same toolchain	2026-09-12T21:57:43.8578386Z 75 | pub struct GlyphAtlas {
measure	Build both exact revisions sequentially with the same toolchain	2026-09-12T21:57:43.8579259Z    |            ---------- fields in this struct
measure	Build both exact revisions sequentially with the same toolchain	2026-09-12T21:57:43.8580148Z ...
measure	Build both exact revisions sequentially with the same toolchain	2026-09-12T21:57:43.8580740Z 89 |     pub descent: f32,
measure	Build both exact revisions sequentially with the same toolchain	2026-09-12T21:57:43.8581504Z    |         ^^^^^^^
measure	Build both exact revisions sequentially with the same toolchain	2026-09-12T21:57:43.8582160Z 90 |     font: Font,
measure	Build both exact revisions sequentially with the same toolchain	2026-09-12T21:57:43.8582720Z    |     ^^^^
measure	Build both exact revisions sequentially with the same toolchain	2026-09-12T21:57:43.8583193Z    |
measure	Build both exact revisions sequentially with the same toolchain	2026-09-12T21:57:43.8583895Z    = note: `#[warn(dead_code)]` (part of `#[warn(unused)]`) on by default
measure	Build both exact revisions sequentially with the same toolchain	2026-09-12T21:57:43.8584647Z 
measure	Build both exact revisions sequentially with the same toolchain	2026-09-12T21:57:43.8584968Z warning: method `clear_and_resize` is never used
measure	Build both exact revisions sequentially with the same toolchain	2026-09-12T21:57:43.8585815Z    --> src/glyph_atlas.rs:220:12
measure	Build both exact revisions sequentially with the same toolchain	2026-09-12T21:57:43.8586446Z     |
measure	Build both exact revisions sequentially with the same toolchain	2026-09-12T21:57:43.8587278Z 107 | impl GlyphAtlas {
measure	Build both exact revisions sequentially with the same toolchain	2026-09-12T21:57:43.8588256Z     | --------------- method in this implementation
measure	Build both exact revisions sequentially with the same toolchain	2026-09-12T21:57:43.8589010Z ...
measure	Build both exact revisions sequentially with the same toolchain	2026-09-12T21:57:43.8589985Z 220 |     pub fn clear_and_resize(&mut self, new_font_size: f32) -> Result<(), GlyphAtlasError> {
measure	Build both exact revisions sequentially with the same toolchain	2026-09-12T21:57:43.8591148Z     |            ^^^^^^^^^^^^^^^^
measure	Build both exact revisions sequentially with the same toolchain	2026-09-12T21:57:43.8591556Z 
measure	Build both exact revisions sequentially with the same toolchain	2026-09-12T21:57:43.8591823Z warning: field `blinking` is never read
measure	Build both exact revisions sequentially with the same toolchain	2026-09-12T21:57:43.8592542Z    --> src/grid/mod.rs:118:9
measure	Build both exact revisions sequentially with the same toolchain	2026-09-12T21:57:43.8593130Z     |
measure	Build both exact revisions sequentially with the same toolchain	2026-09-12T21:57:43.8593450Z 116 | pub struct CursorStyle {
measure	Build both exact revisions sequentially with the same toolchain	2026-09-12T21:57:43.8593883Z     |            ----------- field in this struct
measure	Build both exact revisions sequentially with the same toolchain	2026-09-12T21:57:43.8594376Z 117 |     pub shape: CursorShape,
measure	Build both exact revisions sequentially with the same toolchain	2026-09-12T21:57:43.8594807Z 118 |     pub blinking: bool,
measure	Build both exact revisions sequentially with the same toolchain	2026-09-12T21:57:43.8595185Z     |         ^^^^^^^^
measure	Build both exact revisions sequentially with the same toolchain	2026-09-12T21:57:43.8595504Z     |
measure	Build both exact revisions sequentially with the same toolchain	2026-09-12T21:57:43.8596210Z     = note: `CursorStyle` has derived impls for the traits `Clone` and `Debug`, but these are intentionally ignored during dead code analysis
measure	Build both exact revisions sequentially with the same toolchain	2026-09-12T21:57:43.8596756Z 
measure	Build both exact revisions sequentially with the same toolchain	2026-09-12T21:57:43.8597318Z warning: methods `title_revision`, `scrollback_cell`, `clear_dirty`, and `is_any_dirty` are never used
measure	Build both exact revisions sequentially with the same toolchain	2026-09-12T21:57:43.8597840Z     --> src/grid/mod.rs:365:19
measure	Build both exact revisions sequentially with the same toolchain	2026-09-12T21:57:43.8598075Z      |
measure	Build both exact revisions sequentially with the same toolchain	2026-09-12T21:57:43.8598454Z  228 | impl Grid {
measure	Build both exact revisions sequentially with the same toolchain	2026-09-12T21:57:43.8598693Z      | --------- methods in this implementation
measure	Build both exact revisions sequentially with the same toolchain	2026-09-12T21:57:43.8598980Z ...
measure	Build both exact revisions sequentially with the same toolchain	2026-09-12T21:57:43.8599271Z  365 |     pub(crate) fn title_revision(&self) -> u64 { self.title_revision }
measure	Build both exact revisions sequentially with the same toolchain	2026-09-12T21:57:43.8599658Z      |                   ^^^^^^^^^^^^^^
measure	Build both exact revisions sequentially with the same toolchain	2026-09-12T21:57:43.8599915Z ...
measure	Build both exact revisions sequentially with the same toolchain	2026-09-12T21:57:43.8600206Z  391 |     pub fn scrollback_cell(&self, row: usize, col: usize) -> char {
measure	Build both exact revisions sequentially with the same toolchain	2026-09-12T21:57:43.8600584Z      |            ^^^^^^^^^^^^^^^
measure	Build both exact revisions sequentially with the same toolchain	2026-09-12T21:57:43.8600818Z ...
measure	Build both exact revisions sequentially with the same toolchain	2026-09-12T21:57:43.8601130Z 1402 |     pub fn clear_dirty(&mut self) { for d in &mut self.dirty { *d = false; } }
measure	Build both exact revisions sequentially with the same toolchain	2026-09-12T21:57:43.8601535Z      |            ^^^^^^^^^^^
measure	Build both exact revisions sequentially with the same toolchain	2026-09-12T21:57:43.8601880Z 1403 |     pub fn is_any_dirty(&self) -> bool { self.dirty.iter().any(|&d| d) }
measure	Build both exact revisions sequentially with the same toolchain	2026-09-12T21:57:43.8602272Z      |            ^^^^^^^^^^^^
measure	Build both exact revisions sequentially with the same toolchain	2026-09-12T21:57:43.8602426Z 
measure	Build both exact revisions sequentially with the same toolchain	2026-09-12T21:57:43.8602524Z warning: method `text` is never used
measure	Build both exact revisions sequentially with the same toolchain	2026-09-12T21:57:43.8602858Z   --> src/grid/cell.rs:48:12
measure	Build both exact revisions sequentially with the same toolchain	2026-09-12T21:57:43.8603094Z    |
measure	Build both exact revisions sequentially with the same toolchain	2026-09-12T21:57:43.8603271Z 47 | impl Cell {
measure	Build both exact revisions sequentially with the same toolchain	2026-09-12T21:57:43.8603489Z    | --------- method in this implementation
measure	Build both exact revisions sequentially with the same toolchain	2026-09-12T21:57:43.8603776Z 48 |     pub fn text(&self) -> Cow<'_, str> {
measure	Build both exact revisions sequentially with the same toolchain	2026-09-12T21:57:43.8604032Z    |            ^^^^
measure	Build both exact revisions sequentially with the same toolchain	2026-09-12T21:57:43.8604157Z 
measure	Build both exact revisions sequentially with the same toolchain	2026-09-12T21:57:43.8604247Z warning: field `kind` is never read
measure	Build both exact revisions sequentially with the same toolchain	2026-09-12T21:57:43.8604497Z   --> src/grid/marks.rs:11:9
measure	Build both exact revisions sequentially with the same toolchain	2026-09-12T21:57:43.8604710Z    |
measure	Build both exact revisions sequentially with the same toolchain	2026-09-12T21:57:43.8604889Z 10 | pub struct PromptMark {
measure	Build both exact revisions sequentially with the same toolchain	2026-09-12T21:57:43.8605130Z    |            ---------- field in this struct
measure	Build both exact revisions sequentially with the same toolchain	2026-09-12T21:57:43.8605410Z 11 |     pub kind: PromptMarkKind,
measure	Build both exact revisions sequentially with the same toolchain	2026-09-12T21:57:43.8605646Z    |         ^^^^
measure	Build both exact revisions sequentially with the same toolchain	2026-09-12T21:57:43.8605825Z    |
measure	Build both exact revisions sequentially with the same toolchain	2026-09-12T21:57:43.8606313Z    = note: `PromptMark` has derived impls for the traits `Clone` and `Debug`, but these are intentionally ignored during dead code analysis
measure	Build both exact revisions sequentially with the same toolchain	2026-09-12T21:57:43.8606940Z 
measure	Build both exact revisions sequentially with the same toolchain	2026-09-12T21:57:43.8607216Z warning: methods `prev_prompt`, `next_prompt`, `visible_prompt_rows`, and `is_empty` are never used
measure	Build both exact revisions sequentially with the same toolchain	2026-09-12T21:57:43.8607679Z   --> src/grid/marks.rs:34:12
measure	Build both exact revisions sequentially with the same toolchain	2026-09-12T21:57:43.8607900Z    |
measure	Build both exact revisions sequentially with the same toolchain	2026-09-12T21:57:43.8608071Z 20 | impl MarkIndex {
measure	Build both exact revisions sequentially with the same toolchain	2026-09-12T21:57:43.8608310Z    | -------------- methods in this implementation
measure	Build both exact revisions sequentially with the same toolchain	2026-09-12T21:57:43.8608584Z ...
measure	Build both exact revisions sequentially with the same toolchain	2026-09-12T21:57:43.8608844Z 34 |     pub fn prev_prompt(&self, current_row: usize) -> Option<usize> {
measure	Build both exact revisions sequentially with the same toolchain	2026-09-12T21:57:43.8609187Z    |            ^^^^^^^^^^^
measure	Build both exact revisions sequentially with the same toolchain	2026-09-12T21:57:43.8609389Z ...
measure	Build both exact revisions sequentially with the same toolchain	2026-09-12T21:57:43.8609636Z 48 |     pub fn next_prompt(&self, current_row: usize) -> Option<usize> {
measure	Build both exact revisions sequentially with the same toolchain	2026-09-12T21:57:43.8609965Z    |            ^^^^^^^^^^^
measure	Build both exact revisions sequentially with the same toolchain	2026-09-12T21:57:43.8610162Z ...
measure	Build both exact revisions sequentially with the same toolchain	2026-09-12T21:57:43.8610342Z 58 |     pub fn visible_prompt_rows(
measure	Build both exact revisions sequentially with the same toolchain	2026-09-12T21:57:43.8610713Z    |            ^^^^^^^^^^^^^^^^^^^
measure	Build both exact revisions sequentially with the same toolchain	2026-09-12T21:57:43.8610936Z ...
measure	Build both exact revisions sequentially with the same toolchain	2026-09-12T21:57:43.8611131Z 79 |     pub fn is_empty(&self) -> bool {
measure	Build both exact revisions sequentially with the same toolchain	2026-09-12T21:57:43.8611386Z    |            ^^^^^^^^
measure	Build both exact revisions sequentially with the same toolchain	2026-09-12T21:57:43.8611523Z 
measure	Build both exact revisions sequentially with the same toolchain	2026-09-12T21:57:43.8611638Z warning: struct `KeyBind` is never constructed
measure	Build both exact revisions sequentially with the same toolchain	2026-09-12T21:57:43.8611924Z   --> src/input/keybind.rs:15:12
measure	Build both exact revisions sequentially with the same toolchain	2026-09-12T21:57:43.8612148Z    |
measure	Build both exact revisions sequentially with the same toolchain	2026-09-12T21:57:43.8612320Z 15 | pub struct KeyBind {
measure	Build both exact revisions sequentially with the same toolchain	2026-09-12T21:57:43.8612530Z    |            ^^^^^^^
measure	Build both exact revisions sequentially with the same toolchain	2026-09-12T21:57:43.8612656Z 
measure	Build both exact revisions sequentially with the same toolchain	2026-09-12T21:57:43.8612754Z warning: enum `PaneAction` is never used
measure	Build both exact revisions sequentially with the same toolchain	2026-09-12T21:57:43.8613021Z   --> src/input/keybind.rs:21:10
measure	Build both exact revisions sequentially with the same toolchain	2026-09-12T21:57:43.8613242Z    |
measure	Build both exact revisions sequentially with the same toolchain	2026-09-12T21:57:43.8613417Z 21 | pub enum PaneAction {
measure	Build both exact revisions sequentially with the same toolchain	2026-09-12T21:57:43.8613630Z    |          ^^^^^^^^^^
measure	Build both exact revisions sequentially with the same toolchain	2026-09-12T21:57:43.8613760Z 
measure	Build both exact revisions sequentially with the same toolchain	2026-09-12T21:57:43.8613879Z warning: struct `KeybindMap` is never constructed
measure	Build both exact revisions sequentially with the same toolchain	2026-09-12T21:57:43.8614171Z   --> src/input/keybind.rs:40:12
measure	Build both exact revisions sequentially with the same toolchain	2026-09-12T21:57:43.8614397Z    |
measure	Build both exact revisions sequentially with the same toolchain	2026-09-12T21:57:43.8614573Z 40 | pub struct KeybindMap {
measure	Build both exact revisions sequentially with the same toolchain	2026-09-12T21:57:43.8614792Z    |            ^^^^^^^^^^
measure	Build both exact revisions sequentially with the same toolchain	2026-09-12T21:57:43.8614924Z 
measure	Build both exact revisions sequentially with the same toolchain	2026-09-12T21:57:43.8615088Z warning: associated items `from_config` and `lookup` are never used
measure	Build both exact revisions sequentially with the same toolchain	2026-09-12T21:57:43.8615558Z   --> src/input/keybind.rs:45:12
measure	Build both exact revisions sequentially with the same toolchain	2026-09-12T21:57:43.8615776Z    |
measure	Build both exact revisions sequentially with the same toolchain	2026-09-12T21:57:43.8615947Z 44 | impl KeybindMap {
measure	Build both exact revisions sequentially with the same toolchain	2026-09-12T21:57:43.8616203Z    | --------------- associated items in this implementation
measure	Build both exact revisions sequentially with the same toolchain	2026-09-12T21:57:43.8616575Z 45 |     pub fn from_config(config: &KeybindConfig) -> Self {
measure	Build both exact revisions sequentially with the same toolchain	2026-09-12T21:57:43.8617105Z    |            ^^^^^^^^^^^
measure	Build both exact revisions sequentially with the same toolchain	2026-09-12T21:57:43.8617314Z ...
measure	Build both exact revisions sequentially with the same toolchain	2026-09-12T21:57:43.8617628Z 74 |     pub fn lookup(&self, key_code: u16, modifiers: KeyModifiers) -> Option<PaneAction> {
measure	Build both exact revisions sequentially with the same toolchain	2026-09-12T21:57:43.8618030Z    |            ^^^^^^
measure	Build both exact revisions sequentially with the same toolchain	2026-09-12T21:57:43.8618156Z 
measure	Build both exact revisions sequentially with the same toolchain	2026-09-12T21:57:43.8618268Z warning: function `parse_keybind` is never used
measure	Build both exact revisions sequentially with the same toolchain	2026-09-12T21:57:43.8618559Z   --> src/input/keybind.rs:84:4
measure	Build both exact revisions sequentially with the same toolchain	2026-09-12T21:57:43.8618789Z    |
measure	Build both exact revisions sequentially with the same toolchain	2026-09-12T21:57:43.8618996Z 84 | fn parse_keybind(s: &str) -> Option<KeyBind> {
measure	Build both exact revisions sequentially with the same toolchain	2026-09-12T21:57:43.8619280Z    |    ^^^^^^^^^^^^^
measure	Build both exact revisions sequentially with the same toolchain	2026-09-12T21:57:43.8619402Z 
measure	Build both exact revisions sequentially with the same toolchain	2026-09-12T21:57:43.8619519Z warning: function `key_name_to_code` is never used
measure	Build both exact revisions sequentially with the same toolchain	2026-09-12T21:57:43.8619822Z    --> src/input/keybind.rs:103:4
measure	Build both exact revisions sequentially with the same toolchain	2026-09-12T21:57:43.8620056Z     |
measure	Build both exact revisions sequentially with the same toolchain	2026-09-12T21:57:43.8620271Z 103 | fn key_name_to_code(name: &str) -> Option<u16> {
measure	Build both exact revisions sequentially with the same toolchain	2026-09-12T21:57:43.8620570Z     |    ^^^^^^^^^^^^^^^^
measure	Build both exact revisions sequentially with the same toolchain	2026-09-12T21:57:43.8620707Z 
measure	Build both exact revisions sequentially with the same toolchain	2026-09-12T21:57:43.8620810Z warning: type alias `PaneId` is never used
measure	Build both exact revisions sequentially with the same toolchain	2026-09-12T21:57:43.8621080Z  --> src/layout.rs:5:10
measure	Build both exact revisions sequentially with the same toolchain	2026-09-12T21:57:43.8621277Z   |
measure	Build both exact revisions sequentially with the same toolchain	2026-09-12T21:57:43.8621457Z 5 | pub type PaneId = u64;
measure	Build both exact revisions sequentially with the same toolchain	2026-09-12T21:57:43.8621667Z   |          ^^^^^^
measure	Build both exact revisions sequentially with the same toolchain	2026-09-12T21:57:43.8621785Z 
measure	Build both exact revisions sequentially with the same toolchain	2026-09-12T21:57:43.8621910Z warning: constant `DIVIDER_THICKNESS` is never used
measure	Build both exact revisions sequentially with the same toolchain	2026-09-12T21:57:43.8622200Z  --> src/layout.rs:7:11
measure	Build both exact revisions sequentially with the same toolchain	2026-09-12T21:57:43.8622401Z   |
measure	Build both exact revisions sequentially with the same toolchain	2026-09-12T21:57:43.8622595Z 7 | pub const DIVIDER_THICKNESS: f32 = 6.0;
measure	Build both exact revisions sequentially with the same toolchain	2026-09-12T21:57:43.8622855Z   |           ^^^^^^^^^^^^^^^^^
measure	Build both exact revisions sequentially with the same toolchain	2026-09-12T21:57:43.8623002Z 
measure	Build both exact revisions sequentially with the same toolchain	2026-09-12T21:57:43.8623111Z warning: enum `SplitDirection` is never used
measure	Build both exact revisions sequentially with the same toolchain	2026-09-12T21:57:43.8623397Z   --> src/layout.rs:10:10
measure	Build both exact revisions sequentially with the same toolchain	2026-09-12T21:57:43.8623602Z    |
measure	Build both exact revisions sequentially with the same toolchain	2026-09-12T21:57:43.8623784Z 10 | pub enum SplitDirection {
measure	Build both exact revisions sequentially with the same toolchain	2026-09-12T21:57:43.8624014Z    |          ^^^^^^^^^^^^^^
measure	Build both exact revisions sequentially with the same toolchain	2026-09-12T21:57:43.8624176Z 
measure	Build both exact revisions sequentially with the same toolchain	2026-09-12T21:57:43.8624292Z warning: struct `PixelRect` is never constructed
measure	Build both exact revisions sequentially with the same toolchain	2026-09-12T21:57:43.8624682Z   --> src/layout.rs:16:12
measure	Build both exact revisions sequentially with the same toolchain	2026-09-12T21:57:43.8624883Z    |
measure	Build both exact revisions sequentially with the same toolchain	2026-09-12T21:57:43.8625055Z 16 | pub struct PixelRect {
measure	Build both exact revisions sequentially with the same toolchain	2026-09-12T21:57:43.8625270Z    |            ^^^^^^^^^
measure	Build both exact revisions sequentially with the same toolchain	2026-09-12T21:57:43.8625397Z 
measure	Build both exact revisions sequentially with the same toolchain	2026-09-12T21:57:43.8625582Z warning: associated items `ZERO`, `split`, and `contains` are never used
measure	Build both exact revisions sequentially with the same toolchain	2026-09-12T21:57:43.8625944Z   --> src/layout.rs:24:15
measure	Build both exact revisions sequentially with the same toolchain	2026-09-12T21:57:43.8626146Z    |
measure	Build both exact revisions sequentially with the same toolchain	2026-09-12T21:57:43.8626316Z 23 | impl PixelRect {
measure	Build both exact revisions sequentially with the same toolchain	2026-09-12T21:57:43.8626704Z    | -------------- associated items in this implementation
measure	Build both exact revisions sequentially with the same toolchain	2026-09-12T21:57:43.8627165Z 24 |     pub const ZERO: Self = Self {
measure	Build both exact revisions sequentially with the same toolchain	2026-09-12T21:57:43.8627413Z    |               ^^^^
measure	Build both exact revisions sequentially with the same toolchain	2026-09-12T21:57:43.8627603Z ...
measure	Build both exact revisions sequentially with the same toolchain	2026-09-12T21:57:43.8627942Z 31 |     pub fn split(self, direction: SplitDirection, ratio: f32) -> (PixelRect, PixelRect) {
measure	Build both exact revisions sequentially with the same toolchain	2026-09-12T21:57:43.8628359Z    |            ^^^^^
measure	Build both exact revisions sequentially with the same toolchain	2026-09-12T21:57:43.8628565Z ...
measure	Build both exact revisions sequentially with the same toolchain	2026-09-12T21:57:43.8628776Z 69 |     pub fn contains(&self, x: f32, y: f32) -> bool {
measure	Build both exact revisions sequentially with the same toolchain	2026-09-12T21:57:43.8629066Z    |            ^^^^^^^^
measure	Build both exact revisions sequentially with the same toolchain	2026-09-12T21:57:43.8629193Z 
measure	Build both exact revisions sequentially with the same toolchain	2026-09-12T21:57:43.8629319Z warning: struct `DividerInfo` is never constructed
measure	Build both exact revisions sequentially with the same toolchain	2026-09-12T21:57:43.8629615Z   --> src/layout.rs:75:12
measure	Build both exact revisions sequentially with the same toolchain	2026-09-12T21:57:43.8629816Z    |
measure	Build both exact revisions sequentially with the same toolchain	2026-09-12T21:57:43.8629994Z 75 | pub struct DividerInfo {
measure	Build both exact revisions sequentially with the same toolchain	2026-09-12T21:57:43.8630219Z    |            ^^^^^^^^^^^
measure	Build both exact revisions sequentially with the same toolchain	2026-09-12T21:57:43.8630356Z 
measure	Build both exact revisions sequentially with the same toolchain	2026-09-12T21:57:43.8630468Z warning: function `compute_layout` is never used
measure	Build both exact revisions sequentially with the same toolchain	2026-09-12T21:57:43.8630758Z   --> src/layout.rs:84:8
measure	Build both exact revisions sequentially with the same toolchain	2026-09-12T21:57:43.8630962Z    |
measure	Build both exact revisions sequentially with the same toolchain	2026-09-12T21:57:43.8631133Z 84 | pub fn compute_layout(
measure	Build both exact revisions sequentially with the same toolchain	2026-09-12T21:57:43.8631347Z    |        ^^^^^^^^^^^^^^
measure	Build both exact revisions sequentially with the same toolchain	2026-09-12T21:57:43.8631475Z 
measure	Build both exact revisions sequentially with the same toolchain	2026-09-12T21:57:43.8631590Z warning: function `node_contains` is never used
measure	Build both exact revisions sequentially with the same toolchain	2026-09-12T21:57:43.8631998Z    --> src/layout.rs:131:4
measure	Build both exact revisions sequentially with the same toolchain	2026-09-12T21:57:43.8632199Z     |
measure	Build both exact revisions sequentially with the same toolchain	2026-09-12T21:57:43.8632436Z 131 | fn node_contains(node: &PaneNode, id: PaneId) -> bool {
measure	Build both exact revisions sequentially with the same toolchain	2026-09-12T21:57:43.8632746Z     |    ^^^^^^^^^^^^^
measure	Build both exact revisions sequentially with the same toolchain	2026-09-12T21:57:43.8632871Z 
measure	Build both exact revisions sequentially with the same toolchain	2026-09-12T21:57:43.8632966Z warning: enum `PaneNode` is never used
measure	Build both exact revisions sequentially with the same toolchain	2026-09-12T21:57:43.8633227Z  --> src/layout/tree.rs:3:10
measure	Build both exact revisions sequentially with the same toolchain	2026-09-12T21:57:43.8633445Z   |
measure	Build both exact revisions sequentially with the same toolchain	2026-09-12T21:57:43.8633616Z 3 | pub enum PaneNode {
measure	Build both exact revisions sequentially with the same toolchain	2026-09-12T21:57:43.8633820Z   |          ^^^^^^^^
measure	Build both exact revisions sequentially with the same toolchain	2026-09-12T21:57:43.8633936Z 
measure	Build both exact revisions sequentially with the same toolchain	2026-09-12T21:57:43.8634330Z warning: associated items `split_leaf`, `remove_leaf`, `adjust_ratio`, `contains`, `collect_leaf_ids`, and `is_single_leaf` are never used
measure	Build both exact revisions sequentially with the same toolchain	2026-09-12T21:57:43.8634907Z    --> src/layout/tree.rs:16:12
measure	Build both exact revisions sequentially with the same toolchain	2026-09-12T21:57:43.8635129Z     |
measure	Build both exact revisions sequentially with the same toolchain	2026-09-12T21:57:43.8635299Z  13 | impl PaneNode {
measure	Build both exact revisions sequentially with the same toolchain	2026-09-12T21:57:43.8635544Z     | ------------- associated items in this implementation
measure	Build both exact revisions sequentially with the same toolchain	2026-09-12T21:57:43.8635838Z ...
measure	Build both exact revisions sequentially with the same toolchain	2026-09-12T21:57:43.8636012Z  16 |     pub fn split_leaf(
measure	Build both exact revisions sequentially with the same toolchain	2026-09-12T21:57:43.8636228Z     |            ^^^^^^^^^^
measure	Build both exact revisions sequentially with the same toolchain	2026-09-12T21:57:43.8636433Z ...
measure	Build both exact revisions sequentially with the same toolchain	2026-09-12T21:57:43.8636676Z  44 |     pub fn remove_leaf(&mut self, target_id: PaneId) -> bool {
measure	Build both exact revisions sequentially with the same toolchain	2026-09-12T21:57:43.8637306Z     |            ^^^^^^^^^^^
measure	Build both exact revisions sequentially with the same toolchain	2026-09-12T21:57:43.8637516Z ...
measure	Build both exact revisions sequentially with the same toolchain	2026-09-12T21:57:43.8637794Z  72 |     pub fn adjust_ratio(&mut self, target_id: PaneId, delta: f32) -> bool {
measure	Build both exact revisions sequentially with the same toolchain	2026-09-12T21:57:43.8638160Z     |            ^^^^^^^^^^^^
measure	Build both exact revisions sequentially with the same toolchain	2026-09-12T21:57:43.8638364Z ...
measure	Build both exact revisions sequentially with the same toolchain	2026-09-12T21:57:43.8638602Z 104 |     pub fn contains(node: &PaneNode, id: PaneId) -> bool {
measure	Build both exact revisions sequentially with the same toolchain	2026-09-12T21:57:43.8638918Z     |            ^^^^^^^^
measure	Build both exact revisions sequentially with the same toolchain	2026-09-12T21:57:43.8639113Z ...
measure	Build both exact revisions sequentially with the same toolchain	2026-09-12T21:57:43.8639343Z 113 |     pub fn collect_leaf_ids(&self, out: &mut Vec<PaneId>) {
measure	Build both exact revisions sequentially with the same toolchain	2026-09-12T21:57:43.8639668Z     |            ^^^^^^^^^^^^^^^^
measure	Build both exact revisions sequentially with the same toolchain	2026-09-12T21:57:43.8639879Z ...
measure	Build both exact revisions sequentially with the same toolchain	2026-09-12T21:57:43.8640072Z 123 |     pub fn is_single_leaf(&self) -> bool {
measure	Build both exact revisions sequentially with the same toolchain	2026-09-12T21:57:43.8640348Z     |            ^^^^^^^^^^^^^^
measure	Build both exact revisions sequentially with the same toolchain	2026-09-12T21:57:43.8640486Z 
measure	Build both exact revisions sequentially with the same toolchain	2026-09-12T21:57:43.8640583Z warning: enum `Action` is never used
measure	Build both exact revisions sequentially with the same toolchain	2026-09-12T21:57:43.8640836Z  --> src/parser/mod.rs:6:10
measure	Build both exact revisions sequentially with the same toolchain	2026-09-12T21:57:43.8641056Z   |
measure	Build both exact revisions sequentially with the same toolchain	2026-09-12T21:57:43.8641221Z 6 | pub enum Action {
measure	Build both exact revisions sequentially with the same toolchain	2026-09-12T21:57:43.8641415Z   |          ^^^^^^
measure	Build both exact revisions sequentially with the same toolchain	2026-09-12T21:57:43.8641535Z 
measure	Build both exact revisions sequentially with the same toolchain	2026-09-12T21:57:43.8641624Z warning: method `feed` is never used
measure	Build both exact revisions sequentially with the same toolchain	2026-09-12T21:57:43.8641883Z    --> src/parser/ansi.rs:113:12
measure	Build both exact revisions sequentially with the same toolchain	2026-09-12T21:57:43.8642106Z     |
measure	Build both exact revisions sequentially with the same toolchain	2026-09-12T21:57:43.8642276Z  77 | impl Parser {
measure	Build both exact revisions sequentially with the same toolchain	2026-09-12T21:57:43.8642497Z     | ----------- method in this implementation
measure	Build both exact revisions sequentially with the same toolchain	2026-09-12T21:57:43.8642759Z ...
measure	Build both exact revisions sequentially with the same toolchain	2026-09-12T21:57:43.8642986Z 113 |     pub fn feed(&mut self, input: &[u8], grid: &mut Grid) {
measure	Build both exact revisions sequentially with the same toolchain	2026-09-12T21:57:43.8643427Z     |            ^^^^
measure	Build both exact revisions sequentially with the same toolchain	2026-09-12T21:57:43.8643549Z 
measure	Build both exact revisions sequentially with the same toolchain	2026-09-12T21:57:43.8643680Z warning: methods `master_fd` and `resize` are never used
measure	Build both exact revisions sequentially with the same toolchain	2026-09-12T21:57:43.8643988Z    --> src/pty/unix.rs:178:12
measure	Build both exact revisions sequentially with the same toolchain	2026-09-12T21:57:43.8644209Z     |
measure	Build both exact revisions sequentially with the same toolchain	2026-09-12T21:57:43.8644382Z  35 | impl Pty {
measure	Build both exact revisions sequentially with the same toolchain	2026-09-12T21:57:43.8644595Z     | -------- methods in this implementation
measure	Build both exact revisions sequentially with the same toolchain	2026-09-12T21:57:43.8644853Z ...
measure	Build both exact revisions sequentially with the same toolchain	2026-09-12T21:57:43.8645040Z 178 |     pub fn master_fd(&self) -> RawFd {
measure	Build both exact revisions sequentially with the same toolchain	2026-09-12T21:57:43.8645300Z     |            ^^^^^^^^^
measure	Build both exact revisions sequentially with the same toolchain	2026-09-12T21:57:43.8645498Z ...
measure	Build both exact revisions sequentially with the same toolchain	2026-09-12T21:57:43.8650108Z 243 |     pub fn resize(&self, cols: u16, rows: u16) -> std::io::Result<()> {
measure	Build both exact revisions sequentially with the same toolchain	2026-09-12T21:57:43.8650498Z     |            ^^^^^^
measure	Build both exact revisions sequentially with the same toolchain	2026-09-12T21:57:43.8650643Z 
measure	Build both exact revisions sequentially with the same toolchain	2026-09-12T21:57:43.8650785Z warning: struct `PaneRenderData` is never constructed
measure	Build both exact revisions sequentially with the same toolchain	2026-09-12T21:57:43.8651105Z  --> src/render_scene.rs:5:12
measure	Build both exact revisions sequentially with the same toolchain	2026-09-12T21:57:43.8651323Z   |
measure	Build both exact revisions sequentially with the same toolchain	2026-09-12T21:57:43.8651515Z 5 | pub struct PaneRenderData<'a> {
measure	Build both exact revisions sequentially with the same toolchain	2026-09-12T21:57:43.8651777Z   |            ^^^^^^^^^^^^^^
measure	Build both exact revisions sequentially with the same toolchain	2026-09-12T21:57:43.8651914Z 
measure	Build both exact revisions sequentially with the same toolchain	2026-09-12T21:57:43.8652061Z warning: struct `ConfirmOverlayInfo` is never constructed
measure	Build both exact revisions sequentially with the same toolchain	2026-09-12T21:57:43.8652381Z   --> src/render_scene.rs:16:12
measure	Build both exact revisions sequentially with the same toolchain	2026-09-12T21:57:43.8652599Z    |
measure	Build both exact revisions sequentially with the same toolchain	2026-09-12T21:57:43.8652962Z 16 | pub struct ConfirmOverlayInfo {
measure	Build both exact revisions sequentially with the same toolchain	2026-09-12T21:57:43.8653212Z    |            ^^^^^^^^^^^^^^^^^^
measure	Build both exact revisions sequentially with the same toolchain	2026-09-12T21:57:43.8653363Z 
measure	Build both exact revisions sequentially with the same toolchain	2026-09-12T21:57:43.8653485Z warning: struct `ChromeColors` is never constructed
measure	Build both exact revisions sequentially with the same toolchain	2026-09-12T21:57:43.8653782Z   --> src/render_scene.rs:23:12
measure	Build both exact revisions sequentially with the same toolchain	2026-09-12T21:57:43.8654002Z    |
measure	Build both exact revisions sequentially with the same toolchain	2026-09-12T21:57:43.8654186Z 23 | pub struct ChromeColors {
measure	Build both exact revisions sequentially with the same toolchain	2026-09-12T21:57:43.8654422Z    |            ^^^^^^^^^^^^
measure	Build both exact revisions sequentially with the same toolchain	2026-09-12T21:57:43.8654558Z 
measure	Build both exact revisions sequentially with the same toolchain	2026-09-12T21:57:43.8654702Z warning: methods `contains` and `get_text` are never used
measure	Build both exact revisions sequentially with the same toolchain	2026-09-12T21:57:43.8655024Z    --> src/selection.rs:85:12
measure	Build both exact revisions sequentially with the same toolchain	2026-09-12T21:57:43.8655241Z     |
measure	Build both exact revisions sequentially with the same toolchain	2026-09-12T21:57:43.8655425Z  32 | impl SelectionState {
measure	Build both exact revisions sequentially with the same toolchain	2026-09-12T21:57:43.8655693Z     | ------------------- methods in this implementation
measure	Build both exact revisions sequentially with the same toolchain	2026-09-12T21:57:43.8655973Z ...
measure	Build both exact revisions sequentially with the same toolchain	2026-09-12T21:57:43.8656145Z  85 |     pub fn contains(
measure	Build both exact revisions sequentially with the same toolchain	2026-09-12T21:57:43.8656354Z     |            ^^^^^^^^
measure	Build both exact revisions sequentially with the same toolchain	2026-09-12T21:57:43.8656556Z ...
measure	Build both exact revisions sequentially with the same toolchain	2026-09-12T21:57:43.8657014Z 145 |     pub fn get_text(&self, grid: &Grid) -> String {
measure	Build both exact revisions sequentially with the same toolchain	2026-09-12T21:57:43.8657369Z     |            ^^^^^^^^
measure	Build both exact revisions sequentially with the same toolchain	2026-09-12T21:57:43.8657496Z 
measure	Build both exact revisions sequentially with the same toolchain	2026-09-12T21:57:43.8657666Z warning: variant `UnexpectedProtocolEvent` is never constructed
measure	Build both exact revisions sequentially with the same toolchain	2026-09-12T21:57:43.8658019Z   --> src/terminal_reader.rs:53:5
measure	Build both exact revisions sequentially with the same toolchain	2026-09-12T21:57:43.8658250Z    |
measure	Build both exact revisions sequentially with the same toolchain	2026-09-12T21:57:43.8658430Z 45 | pub(crate) enum ReaderExit {
measure	Build both exact revisions sequentially with the same toolchain	2026-09-12T21:57:43.8658686Z    |                 ---------- variant in this enum
measure	Build both exact revisions sequentially with the same toolchain	2026-09-12T21:57:43.8658941Z ...
measure	Build both exact revisions sequentially with the same toolchain	2026-09-12T21:57:43.8659122Z 53 |     UnexpectedProtocolEvent,
measure	Build both exact revisions sequentially with the same toolchain	2026-09-12T21:57:43.8659357Z    |     ^^^^^^^^^^^^^^^^^^^^^^^
measure	Build both exact revisions sequentially with the same toolchain	2026-09-12T21:57:43.8659569Z    |
measure	Build both exact revisions sequentially with the same toolchain	2026-09-12T21:57:43.8659995Z    = note: `ReaderExit` has a derived impl for the trait `Debug`, but this is intentionally ignored during dead code analysis
measure	Build both exact revisions sequentially with the same toolchain	2026-09-12T21:57:43.8660429Z 
measure	Build both exact revisions sequentially with the same toolchain	2026-09-12T21:57:43.8660637Z warning: associated functions `spawn_text` and `spawn_with_io` are never used
measure	Build both exact revisions sequentially with the same toolchain	2026-09-12T21:57:43.8661024Z    --> src/terminal_reader.rs:64:19
measure	Build both exact revisions sequentially with the same toolchain	2026-09-12T21:57:43.8661261Z     |
measure	Build both exact revisions sequentially with the same toolchain	2026-09-12T21:57:43.8661440Z  63 | impl TerminalReader {
measure	Build both exact revisions sequentially with the same toolchain	2026-09-12T21:57:43.8661731Z     | ------------------- associated functions in this implementation
measure	Build both exact revisions sequentially with the same toolchain	2026-09-12T21:57:43.8662073Z  64 |     pub(crate) fn spawn_text<U, X>(
measure	Build both exact revisions sequentially with the same toolchain	2026-09-12T21:57:43.8662328Z     |                   ^^^^^^^^^^
measure	Build both exact revisions sequentially with the same toolchain	2026-09-12T21:57:43.8662548Z ...
measure	Build both exact revisions sequentially with the same toolchain	2026-09-12T21:57:43.8662722Z 111 |     fn spawn_with_io<I, U, X>(
measure	Build both exact revisions sequentially with the same toolchain	2026-09-12T21:57:43.8662956Z     |        ^^^^^^^^^^^^^
measure	Build both exact revisions sequentially with the same toolchain	2026-09-12T21:57:43.8663084Z 
measure	Build both exact revisions sequentially with the same toolchain	2026-09-12T21:57:43.8663197Z warning: struct `Vertex` is never constructed
measure	Build both exact revisions sequentially with the same toolchain	2026-09-12T21:57:43.8663476Z   --> src/renderer/mod.rs:21:12
measure	Build both exact revisions sequentially with the same toolchain	2026-09-12T21:57:43.8663694Z    |
measure	Build both exact revisions sequentially with the same toolchain	2026-09-12T21:57:43.8663866Z 21 | pub struct Vertex {
measure	Build both exact revisions sequentially with the same toolchain	2026-09-12T21:57:43.8664073Z    |            ^^^^^^
measure	Build both exact revisions sequentially with the same toolchain	2026-09-12T21:57:43.8664329Z 
measure	Build both exact revisions sequentially with the same toolchain	2026-09-12T21:57:43.8664442Z warning: associated function `new` is never used
measure	Build both exact revisions sequentially with the same toolchain	2026-09-12T21:57:43.8664730Z   --> src/renderer/mod.rs:29:12
measure	Build both exact revisions sequentially with the same toolchain	2026-09-12T21:57:43.8664951Z    |
measure	Build both exact revisions sequentially with the same toolchain	2026-09-12T21:57:43.8665116Z 28 | impl Vertex {
measure	Build both exact revisions sequentially with the same toolchain	2026-09-12T21:57:43.8665365Z    | ----------- associated function in this implementation
measure	Build both exact revisions sequentially with the same toolchain	2026-09-12T21:57:43.8665763Z 29 |     pub fn new(x: f32, y: f32, u: f32, v: f32, fg: u32, bg: u32) -> Self {
measure	Build both exact revisions sequentially with the same toolchain	2026-09-12T21:57:43.8666100Z    |            ^^^
measure	Build both exact revisions sequentially with the same toolchain	2026-09-12T21:57:43.8666216Z 
measure	Build both exact revisions sequentially with the same toolchain	2026-09-12T21:57:43.8666332Z warning: function `box_drawing_lines` is never used
measure	Build both exact revisions sequentially with the same toolchain	2026-09-12T21:57:43.8666635Z  --> src/renderer/box_drawing.rs:4:8
measure	Build both exact revisions sequentially with the same toolchain	2026-09-12T21:57:43.8667026Z   |
measure	Build both exact revisions sequentially with the same toolchain	2026-09-12T21:57:43.8667336Z 4 | pub fn box_drawing_lines(c: char, w: f32, h: f32) -> Option<Vec<(f32, f32, f32, f32)>> {
measure	Build both exact revisions sequentially with the same toolchain	2026-09-12T21:57:43.8667721Z   |        ^^^^^^^^^^^^^^^^^
measure	Build both exact revisions sequentially with the same toolchain	2026-09-12T21:57:43.8667862Z 
measure	Build both exact revisions sequentially with the same toolchain	2026-09-12T21:57:43.8667973Z warning: function `is_box_drawing` is never used
measure	Build both exact revisions sequentially with the same toolchain	2026-09-12T21:57:43.8668274Z    --> src/renderer/box_drawing.rs:124:8
measure	Build both exact revisions sequentially with the same toolchain	2026-09-12T21:57:43.8668517Z     |
measure	Build both exact revisions sequentially with the same toolchain	2026-09-12T21:57:43.8668719Z 124 | pub fn is_box_drawing(c: char) -> bool {
measure	Build both exact revisions sequentially with the same toolchain	2026-09-12T21:57:43.8668983Z     |        ^^^^^^^^^^^^^^
measure	Build both exact revisions sequentially with the same toolchain	2026-09-12T21:57:43.8669119Z 
measure	Build both exact revisions sequentially with the same toolchain	2026-09-12T21:57:43.8669351Z warning: function `is_braille` is never used
measure	Build both exact revisions sequentially with the same toolchain	2026-09-12T21:57:43.8669633Z  --> src/renderer/braille.rs:2:8
measure	Build both exact revisions sequentially with the same toolchain	2026-09-12T21:57:43.8669854Z   |
measure	Build both exact revisions sequentially with the same toolchain	2026-09-12T21:57:43.8670033Z 2 | pub fn is_braille(c: char) -> bool {
measure	Build both exact revisions sequentially with the same toolchain	2026-09-12T21:57:43.8670277Z   |        ^^^^^^^^^^
measure	Build both exact revisions sequentially with the same toolchain	2026-09-12T21:57:43.8670397Z 
measure	Build both exact revisions sequentially with the same toolchain	2026-09-12T21:57:43.8670503Z warning: function `braille_dots` is never used
measure	Build both exact revisions sequentially with the same toolchain	2026-09-12T21:57:43.8670781Z   --> src/renderer/braille.rs:12:8
measure	Build both exact revisions sequentially with the same toolchain	2026-09-12T21:57:43.8671006Z    |
measure	Build both exact revisions sequentially with the same toolchain	2026-09-12T21:57:43.8671210Z 12 | pub fn braille_dots(c: char) -> Vec<(u8, u8)> {
measure	Build both exact revisions sequentially with the same toolchain	2026-09-12T21:57:43.8671487Z    |        ^^^^^^^^^^^^
measure	Build both exact revisions sequentially with the same toolchain	2026-09-12T21:57:43.8671616Z 
measure	Build both exact revisions sequentially with the same toolchain	2026-09-12T21:57:43.8671741Z warning: variant `Unsupported` is never constructed
measure	Build both exact revisions sequentially with the same toolchain	2026-09-12T21:57:43.8672052Z   --> src/renderer/image_animation.rs:20:5
measure	Build both exact revisions sequentially with the same toolchain	2026-09-12T21:57:43.8672307Z    |
measure	Build both exact revisions sequentially with the same toolchain	2026-09-12T21:57:43.8672486Z 19 | pub enum AnimationError {
measure	Build both exact revisions sequentially with the same toolchain	2026-09-12T21:57:43.8672735Z    |          -------------- variant in this enum
measure	Build both exact revisions sequentially with the same toolchain	2026-09-12T21:57:43.8672998Z 20 |     Unsupported,
measure	Build both exact revisions sequentially with the same toolchain	2026-09-12T21:57:43.8673195Z    |     ^^^^^^^^^^^
measure	Build both exact revisions sequentially with the same toolchain	2026-09-12T21:57:43.8673372Z    |
measure	Build both exact revisions sequentially with the same toolchain	2026-09-12T21:57:43.8673866Z    = note: `AnimationError` has derived impls for the traits `Debug` and `Clone`, but these are intentionally ignored during dead code analysis
measure	Build both exact revisions sequentially with the same toolchain	2026-09-12T21:57:43.8674363Z 
measure	Build both exact revisions sequentially with the same toolchain	2026-09-12T21:57:51.7561654Z warning: `kokuban` (bin "kokuban") generated 39 warnings
measure	Build both exact revisions sequentially with the same toolchain	2026-09-12T21:57:51.7562239Z     Finished `release` profile [optimized] target(s) in 1m 23s
measure	Build both exact revisions sequentially with the same toolchain	2026-09-12T21:57:52.1523777Z    Compiling cfg-if v1.0.4
measure	Build both exact revisions sequentially with the same toolchain	2026-09-12T21:57:52.1524719Z    Compiling pkg-config v0.3.32
measure	Build both exact revisions sequentially with the same toolchain	2026-09-12T21:57:52.1526434Z    Compiling proc-macro2 v1.0.106
measure	Build both exact revisions sequentially with the same toolchain	2026-09-12T21:57:52.1527225Z    Compiling bitflags v2.11.0
measure	Build both exact revisions sequentially with the same toolchain	2026-09-12T21:57:52.1817913Z    Compiling unicode-ident v1.0.24
measure	Build both exact revisions sequentially with the same toolchain	2026-09-12T21:57:52.2354550Z    Compiling quote v1.0.45
measure	Build both exact revisions sequentially with the same toolchain	2026-09-12T21:57:52.3601438Z    Compiling log v0.4.29
measure	Build both exact revisions sequentially with the same toolchain	2026-09-12T21:57:52.4878219Z    Compiling shlex v1.3.0
measure	Build both exact revisions sequentially with the same toolchain	2026-09-12T21:57:52.5227992Z    Compiling find-msvc-tools v0.1.9
measure	Build both exact revisions sequentially with the same toolchain	2026-09-12T21:57:52.6027963Z    Compiling libloading v0.8.9
measure	Build both exact revisions sequentially with the same toolchain	2026-09-12T21:57:52.6052681Z    Compiling libc v0.2.183
measure	Build both exact revisions sequentially with the same toolchain	2026-09-12T21:57:52.6848489Z    Compiling cc v1.2.57
measure	Build both exact revisions sequentially with the same toolchain	2026-09-12T21:57:52.7530925Z    Compiling once_cell v1.21.4
measure	Build both exact revisions sequentially with the same toolchain	2026-09-12T21:57:52.9339393Z    Compiling rustix v1.1.4
measure	Build both exact revisions sequentially with the same toolchain	2026-09-12T21:57:52.9959241Z    Compiling linux-raw-sys v0.12.1
measure	Build both exact revisions sequentially with the same toolchain	2026-09-12T21:57:53.2047865Z    Compiling dlib v0.5.3
measure	Build both exact revisions sequentially with the same toolchain	2026-09-12T21:57:53.2597065Z    Compiling smallvec v1.15.2
measure	Build both exact revisions sequentially with the same toolchain	2026-09-12T21:57:53.4478176Z    Compiling wayland-sys v0.31.11
measure	Build both exact revisions sequentially with the same toolchain	2026-09-12T21:57:53.9747981Z    Compiling wayland-backend v0.3.17
measure	Build both exact revisions sequentially with the same toolchain	2026-09-12T21:57:54.0677905Z    Compiling downcast-rs v1.2.1
measure	Build both exact revisions sequentially with the same toolchain	2026-09-12T21:57:54.1077896Z    Compiling scoped-tls v1.0.1
measure	Build both exact revisions sequentially with the same toolchain	2026-09-12T21:57:54.1198353Z    Compiling memchr v2.8.0
measure	Build both exact revisions sequentially with the same toolchain	2026-09-12T21:57:54.1517947Z    Compiling syn v2.0.117
measure	Build both exact revisions sequentially with the same toolchain	2026-09-12T21:57:54.4795652Z    Compiling wayland-client v0.31.15
measure	Build both exact revisions sequentially with the same toolchain	2026-09-12T21:57:54.5558294Z    Compiling quick-xml v0.41.0
measure	Build both exact revisions sequentially with the same toolchain	2026-09-12T21:57:54.6787886Z    Compiling libm v0.2.16
measure	Build both exact revisions sequentially with the same toolchain	2026-09-12T21:57:55.4117953Z    Compiling wayland-scanner v0.31.11
measure	Build both exact revisions sequentially with the same toolchain	2026-09-12T21:57:56.4418344Z    Compiling rustix v0.38.44
measure	Build both exact revisions sequentially with the same toolchain	2026-09-12T21:57:56.6228384Z    Compiling thiserror v1.0.69
measure	Build both exact revisions sequentially with the same toolchain	2026-09-12T21:57:56.8242831Z    Compiling thiserror-impl v1.0.69
measure	Build both exact revisions sequentially with the same toolchain	2026-09-12T21:57:56.9258303Z    Compiling cfg_aliases v0.2.1
measure	Build both exact revisions sequentially with the same toolchain	2026-09-12T21:57:56.9513316Z    Compiling bytemuck v1.25.2
measure	Build both exact revisions sequentially with the same toolchain	2026-09-12T21:57:57.1778218Z    Compiling core_maths v0.1.1
measure	Build both exact revisions sequentially with the same toolchain	2026-09-12T21:57:57.2297853Z    Compiling semver v1.0.27
measure	Build both exact revisions sequentially with the same toolchain	2026-09-12T21:57:57.5228771Z    Compiling serde_core v1.0.228
measure	Build both exact revisions sequentially with the same toolchain	2026-09-12T21:57:57.6647975Z    Compiling linux-raw-sys v0.4.15
measure	Build both exact revisions sequentially with the same toolchain	2026-09-12T21:57:57.9127895Z    Compiling rustc_version v0.4.1
measure	Build both exact revisions sequentially with the same toolchain	2026-09-12T21:57:58.1117964Z    Compiling ttf-parser v0.25.1
measure	Build both exact revisions sequentially with the same toolchain	2026-09-12T21:57:58.1518340Z    Compiling as-raw-xcb-connection v1.0.1
measure	Build both exact revisions sequentially with the same toolchain	2026-09-12T21:57:58.1898090Z    Compiling hashbrown v0.16.1
measure	Build both exact revisions sequentially with the same toolchain	2026-09-12T21:58:02.1686133Z    Compiling polling v3.11.0
measure	Build both exact revisions sequentially with the same toolchain	2026-09-12T21:58:02.4618483Z    Compiling foldhash v0.1.5
measure	Build both exact revisions sequentially with the same toolchain	2026-09-12T21:58:02.6168882Z    Compiling slab v0.4.12
measure	Build both exact revisions sequentially with the same toolchain	2026-09-12T21:58:02.7459234Z    Compiling equivalent v1.0.2
measure	Build both exact revisions sequentially with the same toolchain	2026-09-12T21:58:02.7797892Z    Compiling indexmap v2.13.0
measure	Build both exact revisions sequentially with the same toolchain	2026-09-12T21:58:03.5818126Z    Compiling wayland-protocols v0.32.13
measure	Build both exact revisions sequentially with the same toolchain	2026-09-12T21:58:04.1517748Z    Compiling calloop v0.13.0
measure	Build both exact revisions sequentially with the same toolchain	2026-09-12T21:58:04.2257989Z    Compiling hashbrown v0.15.5
measure	Build both exact revisions sequentially with the same toolchain	2026-09-12T21:58:04.8557765Z    Compiling gethostname v1.1.0
measure	Build both exact revisions sequentially with the same toolchain	2026-09-12T21:58:04.9047872Z    Compiling pathfinder_simd v0.5.5
measure	Build both exact revisions sequentially with the same toolchain	2026-09-12T21:58:05.2337682Z    Compiling aho-corasick v1.1.4
measure	Build both exact revisions sequentially with the same toolchain	2026-09-12T21:58:07.5358256Z    Compiling memmap2 v0.9.11
measure	Build both exact revisions sequentially with the same toolchain	2026-09-12T21:58:07.7718080Z    Compiling freetype-sys v0.20.1
measure	Build both exact revisions sequentially with the same toolchain	2026-09-12T21:58:07.8092375Z    Compiling yeslogic-fontconfig-sys v6.0.0
measure	Build both exact revisions sequentially with the same toolchain	2026-09-12T21:58:07.8758097Z    Compiling strict-num v0.1.1
measure	Build both exact revisions sequentially with the same toolchain	2026-09-12T21:58:07.8907815Z    Compiling simd-adler32 v0.3.8
measure	Build both exact revisions sequentially with the same toolchain	2026-09-12T21:58:07.9577752Z    Compiling crc32fast v1.5.0
measure	Build both exact revisions sequentially with the same toolchain	2026-09-12T21:58:08.0685808Z    Compiling getrandom v0.3.4
measure	Build both exact revisions sequentially with the same toolchain	2026-09-12T21:58:08.1187838Z    Compiling xkeysym v0.2.1
measure	Build both exact revisions sequentially with the same toolchain	2026-09-12T21:58:08.2408266Z    Compiling zerocopy v0.8.56
measure	Build both exact revisions sequentially with the same toolchain	2026-09-12T21:58:08.4443573Z    Compiling version_check v0.9.5
measure	Build both exact revisions sequentially with the same toolchain	2026-09-12T21:58:08.6478023Z    Compiling fixedbitset v0.5.7
measure	Build both exact revisions sequentially with the same toolchain	2026-09-12T21:58:09.0897827Z    Compiling pin-project-lite v0.2.17
measure	Build both exact revisions sequentially with the same toolchain	2026-09-12T21:58:09.1337902Z    Compiling wayland-protocols-wlr v0.3.12
measure	Build both exact revisions sequentially with the same toolchain	2026-09-12T21:58:10.7618177Z    Compiling xcursor v0.3.11
measure	Build both exact revisions sequentially with the same toolchain	2026-09-12T21:58:11.6728247Z    Compiling regex-syntax v0.8.10
measure	Build both exact revisions sequentially with the same toolchain	2026-09-12T21:58:11.7735469Z    Compiling x11rb-protocol v0.13.2
measure	Build both exact revisions sequentially with the same toolchain	2026-09-12T21:58:13.7897981Z    Compiling parking_lot_core v0.9.12
measure	Build both exact revisions sequentially with the same toolchain	2026-09-12T21:58:13.8957897Z    Compiling tracing-core v0.1.36
measure	Build both exact revisions sequentially with the same toolchain	2026-09-12T21:58:14.6407738Z    Compiling arrayref v0.3.9
measure	Build both exact revisions sequentially with the same toolchain	2026-09-12T21:58:14.6708262Z    Compiling cursor-icon v1.2.0
measure	Build both exact revisions sequentially with the same toolchain	2026-09-12T21:58:14.7478373Z    Compiling thiserror v2.0.18
measure	Build both exact revisions sequentially with the same toolchain	2026-09-12T21:58:14.9348737Z    Compiling smithay-client-toolkit v0.19.2
measure	Build both exact revisions sequentially with the same toolchain	2026-09-12T21:58:15.0508126Z    Compiling wayland-csd-frame v0.3.0
measure	Build both exact revisions sequentially with the same toolchain	2026-09-12T21:58:15.3608938Z    Compiling tiny-skia-path v0.11.4
measure	Build both exact revisions sequentially with the same toolchain	2026-09-12T21:58:16.9358652Z    Compiling tracing v0.1.44
measure	Build both exact revisions sequentially with the same toolchain	2026-09-12T21:58:17.1337725Z    Compiling regex-automata v0.4.14
measure	Build both exact revisions sequentially with the same toolchain	2026-09-12T21:58:18.6717888Z    Compiling wayland-cursor v0.31.14
measure	Build both exact revisions sequentially with the same toolchain	2026-09-12T21:58:19.3837929Z    Compiling petgraph v0.8.3
measure	Build both exact revisions sequentially with the same toolchain	2026-09-12T21:58:21.4917891Z    Compiling ahash v0.8.12
measure	Build both exact revisions sequentially with the same toolchain	2026-09-12T21:58:21.6437756Z    Compiling calloop-wayland-source v0.3.0
measure	Build both exact revisions sequentially with the same toolchain	2026-09-12T21:58:21.7087877Z    Compiling owned_ttf_parser v0.25.1
measure	Build both exact revisions sequentially with the same toolchain	2026-09-12T21:58:21.9837849Z    Compiling thiserror-impl v2.0.18
measure	Build both exact revisions sequentially with the same toolchain	2026-09-12T21:58:23.0748310Z    Compiling x11rb v0.13.2
measure	Build both exact revisions sequentially with the same toolchain	2026-09-12T21:58:24.7245440Z    Compiling nom v8.0.0
measure	Build both exact revisions sequentially with the same toolchain	2026-09-12T21:58:26.2979553Z    Compiling x11-dl v2.21.0
measure	Build both exact revisions sequentially with the same toolchain	2026-09-12T21:58:26.3987930Z    Compiling tiny-xlib v0.2.5
measure	Build both exact revisions sequentially with the same toolchain	2026-09-12T21:58:26.5197811Z    Compiling option-ext v0.2.0
measure	Build both exact revisions sequentially with the same toolchain	2026-09-12T21:58:26.5577856Z    Compiling adler2 v2.0.1
measure	Build both exact revisions sequentially with the same toolchain	2026-09-12T21:58:26.6399489Z    Compiling utf8parse v0.2.2
measure	Build both exact revisions sequentially with the same toolchain	2026-09-12T21:58:26.6906033Z    Compiling arrayvec v0.7.8
measure	Build both exact revisions sequentially with the same toolchain	2026-09-12T21:58:26.8587949Z    Compiling scopeguard v1.2.0
measure	Build both exact revisions sequentially with the same toolchain	2026-09-12T21:58:26.8978000Z    Compiling ab_glyph_rasterizer v0.1.10
measure	Build both exact revisions sequentially with the same toolchain	2026-09-12T21:58:27.0887912Z    Compiling ab_glyph v0.2.32
measure	Build both exact revisions sequentially with the same toolchain	2026-09-12T21:58:28.1147895Z    Compiling tree_magic_mini v3.2.2
measure	Build both exact revisions sequentially with the same toolchain	2026-09-12T21:58:28.2888028Z    Compiling lock_api v0.4.14
measure	Build both exact revisions sequentially with the same toolchain	2026-09-12T21:58:28.4767903Z    Compiling tiny-skia v0.11.4
measure	Build both exact revisions sequentially with the same toolchain	2026-09-12T21:58:29.7087846Z    Compiling anstyle-parse v0.2.7
measure	Build both exact revisions sequentially with the same toolchain	2026-09-12T21:58:29.8467861Z    Compiling miniz_oxide v0.8.9
measure	Build both exact revisions sequentially with the same toolchain	2026-09-12T21:58:30.7481725Z    Compiling dirs-sys v0.5.0
measure	Build both exact revisions sequentially with the same toolchain	2026-09-12T21:58:34.3568188Z    Compiling regex v1.12.3
measure	Build both exact revisions sequentially with the same toolchain	2026-09-12T21:58:34.6647910Z    Compiling winit v0.30.13
measure	Build both exact revisions sequentially with the same toolchain	2026-09-12T21:58:34.8747697Z    Compiling nix v0.29.0
measure	Build both exact revisions sequentially with the same toolchain	2026-09-12T21:58:35.1217973Z    Compiling os_pipe v1.2.3
measure	Build both exact revisions sequentially with the same toolchain	2026-09-12T21:58:35.2087918Z    Compiling ctor v0.10.1
measure	Build both exact revisions sequentially with the same toolchain	2026-09-12T21:58:35.2427896Z    Compiling colorchoice v1.0.5
measure	Build both exact revisions sequentially with the same toolchain	2026-09-12T21:58:35.2877910Z    Compiling raw-window-handle v0.6.2
measure	Build both exact revisions sequentially with the same toolchain	2026-09-12T21:58:35.5048017Z    Compiling anstyle v1.0.14
measure	Build both exact revisions sequentially with the same toolchain	2026-09-12T21:58:35.6990030Z    Compiling same-file v1.0.6
measure	Build both exact revisions sequentially with the same toolchain	2026-09-12T21:58:35.7887805Z    Compiling winnow v1.0.0
measure	Build both exact revisions sequentially with the same toolchain	2026-09-12T21:58:35.8608168Z    Compiling percent-encoding v2.3.2
measure	Build both exact revisions sequentially with the same toolchain	2026-09-12T21:58:36.0397791Z    Compiling font-kit v0.14.3
measure	Build both exact revisions sequentially with the same toolchain	2026-09-12T21:58:36.0491269Z    Compiling anstyle-query v1.1.5
measure	Build both exact revisions sequentially with the same toolchain	2026-09-12T21:58:36.0923660Z    Compiling serde v1.0.228
measure	Build both exact revisions sequentially with the same toolchain	2026-09-12T21:58:36.1118078Z    Compiling is_terminal_polyfill v1.70.2
measure	Build both exact revisions sequentially with the same toolchain	2026-09-12T21:58:36.1503610Z    Compiling anstream v0.6.21
measure	Build both exact revisions sequentially with the same toolchain	2026-09-12T21:58:36.1747844Z    Compiling toml_parser v1.0.10+spec-1.1.0
measure	Build both exact revisions sequentially with the same toolchain	2026-09-12T21:58:36.4408092Z    Compiling walkdir v2.5.0
measure	Build both exact revisions sequentially with the same toolchain	2026-09-12T21:58:37.0608173Z    Compiling wl-clipboard-rs v0.9.3
measure	Build both exact revisions sequentially with the same toolchain	2026-09-12T21:58:37.2507921Z    Compiling env_filter v1.0.0
measure	Build both exact revisions sequentially with the same toolchain	2026-09-12T21:58:37.6237899Z    Compiling parking_lot v0.12.5
measure	Build both exact revisions sequentially with the same toolchain	2026-09-12T21:58:38.2627630Z    Compiling sctk-adwaita v0.10.1
measure	Build both exact revisions sequentially with the same toolchain	2026-09-12T21:58:38.5037954Z    Compiling flate2 v1.1.9
measure	Build both exact revisions sequentially with the same toolchain	2026-09-12T21:58:39.0087967Z    Compiling pathfinder_geometry v0.5.1
measure	Build both exact revisions sequentially with the same toolchain	2026-09-12T21:58:40.1332981Z    Compiling dirs v6.0.0
measure	Build both exact revisions sequentially with the same toolchain	2026-09-12T21:58:40.5117867Z    Compiling wayland-protocols-plasma v0.3.12
measure	Build both exact revisions sequentially with the same toolchain	2026-09-12T21:58:42.8147851Z    Compiling xkbcommon-dl v0.4.2
measure	Build both exact revisions sequentially with the same toolchain	2026-09-12T21:58:43.7848080Z    Compiling fdeflate v0.3.7
measure	Build both exact revisions sequentially with the same toolchain	2026-09-12T21:58:44.7018390Z    Compiling serde_spanned v1.0.4
measure	Build both exact revisions sequentially with the same toolchain	2026-09-12T21:58:44.7807948Z    Compiling toml_datetime v1.0.1+spec-1.1.0
measure	Build both exact revisions sequentially with the same toolchain	2026-09-12T21:58:45.1388243Z    Compiling serde_derive v1.0.228
measure	Build both exact revisions sequentially with the same toolchain	2026-09-12T21:58:46.7308278Z    Compiling byteorder v1.5.0
measure	Build both exact revisions sequentially with the same toolchain	2026-09-12T21:58:46.9253130Z    Compiling toml_writer v1.0.7+spec-1.1.0
measure	Build both exact revisions sequentially with the same toolchain	2026-09-12T21:58:47.1103064Z    Compiling unicode-bidi-mirroring v0.4.0
measure	Build both exact revisions sequentially with the same toolchain	2026-09-12T21:58:47.1684393Z    Compiling bitflags v1.3.2
measure	Build both exact revisions sequentially with the same toolchain	2026-09-12T21:58:47.2017994Z    Compiling unicode-ccc v0.4.0
measure	Build both exact revisions sequentially with the same toolchain	2026-09-12T21:58:47.3227885Z    Compiling smol_str v0.2.2
measure	Build both exact revisions sequentially with the same toolchain	2026-09-12T21:58:47.5477680Z    Compiling fastrand v2.5.0
measure	Build both exact revisions sequentially with the same toolchain	2026-09-12T21:58:47.7517803Z    Compiling dpi v0.1.2
measure	Build both exact revisions sequentially with the same toolchain	2026-09-12T21:58:47.8797908Z    Compiling lazy_static v1.5.0
measure	Build both exact revisions sequentially with the same toolchain	2026-09-12T21:58:47.9167835Z    Compiling jiff v0.2.23
measure	Build both exact revisions sequentially with the same toolchain	2026-09-12T21:58:48.0217843Z    Compiling float-ord v0.3.2
measure	Build both exact revisions sequentially with the same toolchain	2026-09-12T21:58:48.0677872Z    Compiling unicode-script v0.5.8
measure	Build both exact revisions sequentially with the same toolchain	2026-09-12T21:58:48.3298001Z    Compiling unicode-properties v0.1.4
measure	Build both exact revisions sequentially with the same toolchain	2026-09-12T21:58:48.4747857Z    Compiling rustybuzz v0.20.1
measure	Build both exact revisions sequentially with the same toolchain	2026-09-12T21:58:51.1617829Z    Compiling softbuffer v0.4.8
measure	Build both exact revisions sequentially with the same toolchain	2026-09-12T21:58:52.2927853Z    Compiling env_logger v0.11.9
measure	Build both exact revisions sequentially with the same toolchain	2026-09-12T21:58:53.3277953Z    Compiling png v0.17.16
measure	Build both exact revisions sequentially with the same toolchain	2026-09-12T21:58:55.8518107Z    Compiling toml v1.0.7+spec-1.1.0
measure	Build both exact revisions sequentially with the same toolchain	2026-09-12T21:58:58.9696304Z    Compiling arboard v3.6.1
measure	Build both exact revisions sequentially with the same toolchain	2026-09-12T21:59:00.8392003Z    Compiling base64 v0.22.1
measure	Build both exact revisions sequentially with the same toolchain	2026-09-12T21:59:01.2977882Z    Compiling unicode-segmentation v1.13.3
measure	Build both exact revisions sequentially with the same toolchain	2026-09-12T21:59:01.9007768Z    Compiling unicode-width v0.2.2
measure	Build both exact revisions sequentially with the same toolchain	2026-09-12T21:59:04.2405003Z    Compiling kokuban v0.1.0 (/home/runner/work/_temp/kokuban-paired-source-after)
measure	Build both exact revisions sequentially with the same toolchain	2026-09-12T21:59:05.3763644Z warning: fields `descent` and `font` are never read
measure	Build both exact revisions sequentially with the same toolchain	2026-09-12T21:59:05.3767540Z   --> src/glyph_atlas.rs:89:9
measure	Build both exact revisions sequentially with the same toolchain	2026-09-12T21:59:05.3767937Z    |
measure	Build both exact revisions sequentially with the same toolchain	2026-09-12T21:59:05.3768277Z 75 | pub struct GlyphAtlas {
measure	Build both exact revisions sequentially with the same toolchain	2026-09-12T21:59:05.3768772Z    |            ---------- fields in this struct
measure	Build both exact revisions sequentially with the same toolchain	2026-09-12T21:59:05.3769292Z ...
measure	Build both exact revisions sequentially with the same toolchain	2026-09-12T21:59:05.3769630Z 89 |     pub descent: f32,
measure	Build both exact revisions sequentially with the same toolchain	2026-09-12T21:59:05.3770040Z    |         ^^^^^^^
measure	Build both exact revisions sequentially with the same toolchain	2026-09-12T21:59:05.3770412Z 90 |     font: Font,
measure	Build both exact revisions sequentially with the same toolchain	2026-09-12T21:59:05.3770783Z    |     ^^^^
measure	Build both exact revisions sequentially with the same toolchain	2026-09-12T21:59:05.3771097Z    |
measure	Build both exact revisions sequentially with the same toolchain	2026-09-12T21:59:05.3771536Z    = note: `#[warn(dead_code)]` (part of `#[warn(unused)]`) on by default
measure	Build both exact revisions sequentially with the same toolchain	2026-09-12T21:59:05.3772008Z 
measure	Build both exact revisions sequentially with the same toolchain	2026-09-12T21:59:05.3772204Z warning: method `clear_and_resize` is never used
measure	Build both exact revisions sequentially with the same toolchain	2026-09-12T21:59:05.3772597Z    --> src/glyph_atlas.rs:220:12
measure	Build both exact revisions sequentially with the same toolchain	2026-09-12T21:59:05.3772861Z     |
measure	Build both exact revisions sequentially with the same toolchain	2026-09-12T21:59:05.3773061Z 107 | impl GlyphAtlas {
measure	Build both exact revisions sequentially with the same toolchain	2026-09-12T21:59:05.3773333Z     | --------------- method in this implementation
measure	Build both exact revisions sequentially with the same toolchain	2026-09-12T21:59:05.3773641Z ...
measure	Build both exact revisions sequentially with the same toolchain	2026-09-12T21:59:05.3774035Z 220 |     pub fn clear_and_resize(&mut self, new_font_size: f32) -> Result<(), GlyphAtlasError> {
measure	Build both exact revisions sequentially with the same toolchain	2026-09-12T21:59:05.3774519Z     |            ^^^^^^^^^^^^^^^^
measure	Build both exact revisions sequentially with the same toolchain	2026-09-12T21:59:05.3774688Z 
measure	Build both exact revisions sequentially with the same toolchain	2026-09-12T21:59:05.3774801Z warning: field `blinking` is never read
measure	Build both exact revisions sequentially with the same toolchain	2026-09-12T21:59:05.3775275Z    --> src/grid/mod.rs:118:9
measure	Build both exact revisions sequentially with the same toolchain	2026-09-12T21:59:05.3775520Z     |
measure	Build both exact revisions sequentially with the same toolchain	2026-09-12T21:59:05.3775723Z 116 | pub struct CursorStyle {
measure	Build both exact revisions sequentially with the same toolchain	2026-09-12T21:59:05.3776004Z     |            ----------- field in this struct
measure	Build both exact revisions sequentially with the same toolchain	2026-09-12T21:59:05.3776315Z 117 |     pub shape: CursorShape,
measure	Build both exact revisions sequentially with the same toolchain	2026-09-12T21:59:05.3776586Z 118 |     pub blinking: bool,
measure	Build both exact revisions sequentially with the same toolchain	2026-09-12T21:59:05.3777071Z     |         ^^^^^^^^
measure	Build both exact revisions sequentially with the same toolchain	2026-09-12T21:59:05.3777292Z     |
measure	Build both exact revisions sequentially with the same toolchain	2026-09-12T21:59:05.3777785Z     = note: `CursorStyle` has derived impls for the traits `Clone` and `Debug`, but these are intentionally ignored during dead code analysis
measure	Build both exact revisions sequentially with the same toolchain	2026-09-12T21:59:05.3778269Z 
measure	Build both exact revisions sequentially with the same toolchain	2026-09-12T21:59:05.3778567Z warning: methods `title_revision`, `scrollback_cell`, `clear_dirty`, and `is_any_dirty` are never used
measure	Build both exact revisions sequentially with the same toolchain	2026-09-12T21:59:05.3779035Z     --> src/grid/mod.rs:365:19
measure	Build both exact revisions sequentially with the same toolchain	2026-09-12T21:59:05.3779252Z      |
measure	Build both exact revisions sequentially with the same toolchain	2026-09-12T21:59:05.3779422Z  228 | impl Grid {
measure	Build both exact revisions sequentially with the same toolchain	2026-09-12T21:59:05.3779644Z      | --------- methods in this implementation
measure	Build both exact revisions sequentially with the same toolchain	2026-09-12T21:59:05.3779913Z ...
measure	Build both exact revisions sequentially with the same toolchain	2026-09-12T21:59:05.3780186Z  365 |     pub(crate) fn title_revision(&self) -> u64 { self.title_revision }
measure	Build both exact revisions sequentially with the same toolchain	2026-09-12T21:59:05.3780539Z      |                   ^^^^^^^^^^^^^^
measure	Build both exact revisions sequentially with the same toolchain	2026-09-12T21:59:05.3780773Z ...
measure	Build both exact revisions sequentially with the same toolchain	2026-09-12T21:59:05.3781039Z  391 |     pub fn scrollback_cell(&self, row: usize, col: usize) -> char {
measure	Build both exact revisions sequentially with the same toolchain	2026-09-12T21:59:05.3781381Z      |            ^^^^^^^^^^^^^^^
measure	Build both exact revisions sequentially with the same toolchain	2026-09-12T21:59:05.3781594Z ...
measure	Build both exact revisions sequentially with the same toolchain	2026-09-12T21:59:05.3781888Z 1505 |     pub fn clear_dirty(&mut self) { for d in &mut self.dirty { *d = false; } }
measure	Build both exact revisions sequentially with the same toolchain	2026-09-12T21:59:05.3782274Z      |            ^^^^^^^^^^^
measure	Build both exact revisions sequentially with the same toolchain	2026-09-12T21:59:05.3782604Z 1506 |     pub fn is_any_dirty(&self) -> bool { self.dirty.iter().any(|&d| d) }
measure	Build both exact revisions sequentially with the same toolchain	2026-09-12T21:59:05.3782963Z      |            ^^^^^^^^^^^^
measure	Build both exact revisions sequentially with the same toolchain	2026-09-12T21:59:05.3783113Z 
measure	Build both exact revisions sequentially with the same toolchain	2026-09-12T21:59:05.3783208Z warning: method `text` is never used
measure	Build both exact revisions sequentially with the same toolchain	2026-09-12T21:59:05.3783469Z   --> src/grid/cell.rs:48:12
measure	Build both exact revisions sequentially with the same toolchain	2026-09-12T21:59:05.3783681Z    |
measure	Build both exact revisions sequentially with the same toolchain	2026-09-12T21:59:05.3783851Z 47 | impl Cell {
measure	Build both exact revisions sequentially with the same toolchain	2026-09-12T21:59:05.3784068Z    | --------- method in this implementation
measure	Build both exact revisions sequentially with the same toolchain	2026-09-12T21:59:05.3784358Z 48 |     pub fn text(&self) -> Cow<'_, str> {
measure	Build both exact revisions sequentially with the same toolchain	2026-09-12T21:59:05.3785564Z    |            ^^^^
measure	Build both exact revisions sequentially with the same toolchain	2026-09-12T21:59:05.3785948Z 
measure	Build both exact revisions sequentially with the same toolchain	2026-09-12T21:59:05.3786218Z warning: field `kind` is never read
measure	Build both exact revisions sequentially with the same toolchain	2026-09-12T21:59:05.3786956Z   --> src/grid/marks.rs:11:9
measure	Build both exact revisions sequentially with the same toolchain	2026-09-12T21:59:05.3787406Z    |
measure	Build both exact revisions sequentially with the same toolchain	2026-09-12T21:59:05.3787782Z 10 | pub struct PromptMark {
measure	Build both exact revisions sequentially with the same toolchain	2026-09-12T21:59:05.3788278Z    |            ---------- field in this struct
measure	Build both exact revisions sequentially with the same toolchain	2026-09-12T21:59:05.3788812Z 11 |     pub kind: PromptMarkKind,
measure	Build both exact revisions sequentially with the same toolchain	2026-09-12T21:59:05.3789261Z    |         ^^^^
measure	Build both exact revisions sequentially with the same toolchain	2026-09-12T21:59:05.3789629Z    |
measure	Build both exact revisions sequentially with the same toolchain	2026-09-12T21:59:05.3790472Z    = note: `PromptMark` has derived impls for the traits `Clone` and `Debug`, but these are intentionally ignored during dead code analysis
measure	Build both exact revisions sequentially with the same toolchain	2026-09-12T21:59:05.3791580Z 
measure	Build both exact revisions sequentially with the same toolchain	2026-09-12T21:59:05.3792076Z warning: methods `prev_prompt`, `next_prompt`, `visible_prompt_rows`, and `is_empty` are never used
measure	Build both exact revisions sequentially with the same toolchain	2026-09-12T21:59:05.3792891Z   --> src/grid/marks.rs:34:12
measure	Build both exact revisions sequentially with the same toolchain	2026-09-12T21:59:05.3793325Z    |
measure	Build both exact revisions sequentially with the same toolchain	2026-09-12T21:59:05.3793670Z 20 | impl MarkIndex {
measure	Build both exact revisions sequentially with the same toolchain	2026-09-12T21:59:05.3794114Z    | -------------- methods in this implementation
measure	Build both exact revisions sequentially with the same toolchain	2026-09-12T21:59:05.3794599Z ...
measure	Build both exact revisions sequentially with the same toolchain	2026-09-12T21:59:05.3795060Z 34 |     pub fn prev_prompt(&self, current_row: usize) -> Option<usize> {
measure	Build both exact revisions sequentially with the same toolchain	2026-09-12T21:59:05.3795653Z    |            ^^^^^^^^^^^
measure	Build both exact revisions sequentially with the same toolchain	2026-09-12T21:59:05.3796043Z ...
measure	Build both exact revisions sequentially with the same toolchain	2026-09-12T21:59:05.3796530Z 48 |     pub fn next_prompt(&self, current_row: usize) -> Option<usize> {
measure	Build both exact revisions sequentially with the same toolchain	2026-09-12T21:59:05.3797342Z    |            ^^^^^^^^^^^
measure	Build both exact revisions sequentially with the same toolchain	2026-09-12T21:59:05.3797741Z ...
measure	Build both exact revisions sequentially with the same toolchain	2026-09-12T21:59:05.3798258Z 58 |     pub fn visible_prompt_rows(
measure	Build both exact revisions sequentially with the same toolchain	2026-09-12T21:59:05.3799076Z    |            ^^^^^^^^^^^^^^^^^^^
measure	Build both exact revisions sequentially with the same toolchain	2026-09-12T21:59:05.3799717Z ...
measure	Build both exact revisions sequentially with the same toolchain	2026-09-12T21:59:05.3800355Z 79 |     pub fn is_empty(&self) -> bool {
measure	Build both exact revisions sequentially with the same toolchain	2026-09-12T21:59:05.3801005Z    |            ^^^^^^^^
measure	Build both exact revisions sequentially with the same toolchain	2026-09-12T21:59:05.3801294Z 
measure	Build both exact revisions sequentially with the same toolchain	2026-09-12T21:59:05.3801611Z warning: struct `KeyBind` is never constructed
measure	Build both exact revisions sequentially with the same toolchain	2026-09-12T21:59:05.3802605Z   --> src/input/keybind.rs:15:12
measure	Build both exact revisions sequentially with the same toolchain	2026-09-12T21:59:05.3812659Z    |
measure	Build both exact revisions sequentially with the same toolchain	2026-09-12T21:59:05.3813056Z 15 | pub struct KeyBind {
measure	Build both exact revisions sequentially with the same toolchain	2026-09-12T21:59:05.3813482Z    |            ^^^^^^^
measure	Build both exact revisions sequentially with the same toolchain	2026-09-12T21:59:05.3813744Z 
measure	Build both exact revisions sequentially with the same toolchain	2026-09-12T21:59:05.3813967Z warning: enum `PaneAction` is never used
measure	Build both exact revisions sequentially with the same toolchain	2026-09-12T21:59:05.3814507Z   --> src/input/keybind.rs:21:10
measure	Build both exact revisions sequentially with the same toolchain	2026-09-12T21:59:05.3814946Z    |
measure	Build both exact revisions sequentially with the same toolchain	2026-09-12T21:59:05.3815315Z 21 | pub enum PaneAction {
measure	Build both exact revisions sequentially with the same toolchain	2026-09-12T21:59:05.3815747Z    |          ^^^^^^^^^^
measure	Build both exact revisions sequentially with the same toolchain	2026-09-12T21:59:05.3815989Z 
measure	Build both exact revisions sequentially with the same toolchain	2026-09-12T21:59:05.3816217Z warning: struct `KeybindMap` is never constructed
measure	Build both exact revisions sequentially with the same toolchain	2026-09-12T21:59:05.3816993Z   --> src/input/keybind.rs:40:12
measure	Build both exact revisions sequentially with the same toolchain	2026-09-12T21:59:05.3817428Z    |
measure	Build both exact revisions sequentially with the same toolchain	2026-09-12T21:59:05.3817791Z 40 | pub struct KeybindMap {
measure	Build both exact revisions sequentially with the same toolchain	2026-09-12T21:59:05.3818219Z    |            ^^^^^^^^^^
measure	Build both exact revisions sequentially with the same toolchain	2026-09-12T21:59:05.3818493Z 
measure	Build both exact revisions sequentially with the same toolchain	2026-09-12T21:59:05.3818819Z warning: associated items `from_config` and `lookup` are never used
measure	Build both exact revisions sequentially with the same toolchain	2026-09-12T21:59:05.3819467Z   --> src/input/keybind.rs:45:12
measure	Build both exact revisions sequentially with the same toolchain	2026-09-12T21:59:05.3819888Z    |
measure	Build both exact revisions sequentially with the same toolchain	2026-09-12T21:59:05.3820248Z 44 | impl KeybindMap {
measure	Build both exact revisions sequentially with the same toolchain	2026-09-12T21:59:05.3820724Z    | --------------- associated items in this implementation
measure	Build both exact revisions sequentially with the same toolchain	2026-09-12T21:59:05.3821387Z 45 |     pub fn from_config(config: &KeybindConfig) -> Self {
measure	Build both exact revisions sequentially with the same toolchain	2026-09-12T21:59:05.3821943Z    |            ^^^^^^^^^^^
measure	Build both exact revisions sequentially with the same toolchain	2026-09-12T21:59:05.3822335Z ...
measure	Build both exact revisions sequentially with the same toolchain	2026-09-12T21:59:05.3822909Z 74 |     pub fn lookup(&self, key_code: u16, modifiers: KeyModifiers) -> Option<PaneAction> {
measure	Build both exact revisions sequentially with the same toolchain	2026-09-12T21:59:05.3823619Z    |            ^^^^^^
measure	Build both exact revisions sequentially with the same toolchain	2026-09-12T21:59:05.3823857Z 
measure	Build both exact revisions sequentially with the same toolchain	2026-09-12T21:59:05.3824080Z warning: function `parse_keybind` is never used
measure	Build both exact revisions sequentially with the same toolchain	2026-09-12T21:59:05.3824627Z   --> src/input/keybind.rs:84:4
measure	Build both exact revisions sequentially with the same toolchain	2026-09-12T21:59:05.3825058Z    |
measure	Build both exact revisions sequentially with the same toolchain	2026-09-12T21:59:05.3825459Z 84 | fn parse_keybind(s: &str) -> Option<KeyBind> {
measure	Build both exact revisions sequentially with the same toolchain	2026-09-12T21:59:05.3825982Z    |    ^^^^^^^^^^^^^
measure	Build both exact revisions sequentially with the same toolchain	2026-09-12T21:59:05.3826216Z 
measure	Build both exact revisions sequentially with the same toolchain	2026-09-12T21:59:05.3826438Z warning: function `key_name_to_code` is never used
measure	Build both exact revisions sequentially with the same toolchain	2026-09-12T21:59:05.3827185Z    --> src/input/keybind.rs:103:4
measure	Build both exact revisions sequentially with the same toolchain	2026-09-12T21:59:05.3827644Z     |
measure	Build both exact revisions sequentially with the same toolchain	2026-09-12T21:59:05.3828065Z 103 | fn key_name_to_code(name: &str) -> Option<u16> {
measure	Build both exact revisions sequentially with the same toolchain	2026-09-12T21:59:05.3828583Z     |    ^^^^^^^^^^^^^^^^
measure	Build both exact revisions sequentially with the same toolchain	2026-09-12T21:59:05.3828839Z 
measure	Build both exact revisions sequentially with the same toolchain	2026-09-12T21:59:05.3829047Z warning: type alias `PaneId` is never used
measure	Build both exact revisions sequentially with the same toolchain	2026-09-12T21:59:05.3829551Z  --> src/layout.rs:5:10
measure	Build both exact revisions sequentially with the same toolchain	2026-09-12T21:59:05.3829934Z   |
measure	Build both exact revisions sequentially with the same toolchain	2026-09-12T21:59:05.3830298Z 5 | pub type PaneId = u64;
measure	Build both exact revisions sequentially with the same toolchain	2026-09-12T21:59:05.3830715Z   |          ^^^^^^
measure	Build both exact revisions sequentially with the same toolchain	2026-09-12T21:59:05.3830945Z 
measure	Build both exact revisions sequentially with the same toolchain	2026-09-12T21:59:05.3831167Z warning: constant `DIVIDER_THICKNESS` is never used
measure	Build both exact revisions sequentially with the same toolchain	2026-09-12T21:59:05.3831694Z  --> src/layout.rs:7:11
measure	Build both exact revisions sequentially with the same toolchain	2026-09-12T21:59:05.3832079Z   |
measure	Build both exact revisions sequentially with the same toolchain	2026-09-12T21:59:05.3832459Z 7 | pub const DIVIDER_THICKNESS: f32 = 6.0;
measure	Build both exact revisions sequentially with the same toolchain	2026-09-12T21:59:05.3832954Z   |           ^^^^^^^^^^^^^^^^^
measure	Build both exact revisions sequentially with the same toolchain	2026-09-12T21:59:05.3833478Z 
measure	Build both exact revisions sequentially with the same toolchain	2026-09-12T21:59:05.3833696Z warning: enum `SplitDirection` is never used
measure	Build both exact revisions sequentially with the same toolchain	2026-09-12T21:59:05.3834210Z   --> src/layout.rs:10:10
measure	Build both exact revisions sequentially with the same toolchain	2026-09-12T21:59:05.3834591Z    |
measure	Build both exact revisions sequentially with the same toolchain	2026-09-12T21:59:05.3834958Z 10 | pub enum SplitDirection {
measure	Build both exact revisions sequentially with the same toolchain	2026-09-12T21:59:05.3835403Z    |          ^^^^^^^^^^^^^^
measure	Build both exact revisions sequentially with the same toolchain	2026-09-12T21:59:05.3835660Z 
measure	Build both exact revisions sequentially with the same toolchain	2026-09-12T21:59:05.3835888Z warning: struct `PixelRect` is never constructed
measure	Build both exact revisions sequentially with the same toolchain	2026-09-12T21:59:05.3836416Z   --> src/layout.rs:16:12
measure	Build both exact revisions sequentially with the same toolchain	2026-09-12T21:59:05.3837013Z    |
measure	Build both exact revisions sequentially with the same toolchain	2026-09-12T21:59:05.3837396Z 16 | pub struct PixelRect {
measure	Build both exact revisions sequentially with the same toolchain	2026-09-12T21:59:05.3837821Z    |            ^^^^^^^^^
measure	Build both exact revisions sequentially with the same toolchain	2026-09-12T21:59:05.3838064Z 
measure	Build both exact revisions sequentially with the same toolchain	2026-09-12T21:59:05.3838435Z warning: associated items `ZERO`, `split`, and `contains` are never used
measure	Build both exact revisions sequentially with the same toolchain	2026-09-12T21:59:05.3839080Z   --> src/layout.rs:24:15
measure	Build both exact revisions sequentially with the same toolchain	2026-09-12T21:59:05.3839473Z    |
measure	Build both exact revisions sequentially with the same toolchain	2026-09-12T21:59:05.3839821Z 23 | impl PixelRect {
measure	Build both exact revisions sequentially with the same toolchain	2026-09-12T21:59:05.3840309Z    | -------------- associated items in this implementation
measure	Build both exact revisions sequentially with the same toolchain	2026-09-12T21:59:05.3840888Z 24 |     pub const ZERO: Self = Self {
measure	Build both exact revisions sequentially with the same toolchain	2026-09-12T21:59:05.3841361Z    |               ^^^^
measure	Build both exact revisions sequentially with the same toolchain	2026-09-12T21:59:05.3841739Z ...
measure	Build both exact revisions sequentially with the same toolchain	2026-09-12T21:59:05.3842356Z 31 |     pub fn split(self, direction: SplitDirection, ratio: f32) -> (PixelRect, PixelRect) {
measure	Build both exact revisions sequentially with the same toolchain	2026-09-12T21:59:05.3843297Z    |            ^^^^^
measure	Build both exact revisions sequentially with the same toolchain	2026-09-12T21:59:05.3843672Z ...
measure	Build both exact revisions sequentially with the same toolchain	2026-09-12T21:59:05.3844085Z 69 |     pub fn contains(&self, x: f32, y: f32) -> bool {
measure	Build both exact revisions sequentially with the same toolchain	2026-09-12T21:59:05.3844613Z    |            ^^^^^^^^
measure	Build both exact revisions sequentially with the same toolchain	2026-09-12T21:59:05.3844856Z 
measure	Build both exact revisions sequentially with the same toolchain	2026-09-12T21:59:05.3845080Z warning: struct `DividerInfo` is never constructed
measure	Build both exact revisions sequentially with the same toolchain	2026-09-12T21:59:05.3845629Z   --> src/layout.rs:75:12
measure	Build both exact revisions sequentially with the same toolchain	2026-09-12T21:59:05.3846052Z    |
measure	Build both exact revisions sequentially with the same toolchain	2026-09-12T21:59:05.3846406Z 75 | pub struct DividerInfo {
measure	Build both exact revisions sequentially with the same toolchain	2026-09-12T21:59:05.3847055Z    |            ^^^^^^^^^^^
measure	Build both exact revisions sequentially with the same toolchain	2026-09-12T21:59:05.3847323Z 
measure	Build both exact revisions sequentially with the same toolchain	2026-09-12T21:59:05.3847553Z warning: function `compute_layout` is never used
measure	Build both exact revisions sequentially with the same toolchain	2026-09-12T21:59:05.3848079Z   --> src/layout.rs:84:8
measure	Build both exact revisions sequentially with the same toolchain	2026-09-12T21:59:05.3848453Z    |
measure	Build both exact revisions sequentially with the same toolchain	2026-09-12T21:59:05.3848789Z 84 | pub fn compute_layout(
measure	Build both exact revisions sequentially with the same toolchain	2026-09-12T21:59:05.3849208Z    |        ^^^^^^^^^^^^^^
measure	Build both exact revisions sequentially with the same toolchain	2026-09-12T21:59:05.3849461Z 
measure	Build both exact revisions sequentially with the same toolchain	2026-09-12T21:59:05.3849680Z warning: function `node_contains` is never used
measure	Build both exact revisions sequentially with the same toolchain	2026-09-12T21:59:05.3850203Z    --> src/layout.rs:131:4
measure	Build both exact revisions sequentially with the same toolchain	2026-09-12T21:59:05.3850671Z     |
measure	Build both exact revisions sequentially with the same toolchain	2026-09-12T21:59:05.3851154Z 131 | fn node_contains(node: &PaneNode, id: PaneId) -> bool {
measure	Build both exact revisions sequentially with the same toolchain	2026-09-12T21:59:05.3851713Z     |    ^^^^^^^^^^^^^
measure	Build both exact revisions sequentially with the same toolchain	2026-09-12T21:59:05.3851945Z 
measure	Build both exact revisions sequentially with the same toolchain	2026-09-12T21:59:05.3852149Z warning: enum `PaneNode` is never used
measure	Build both exact revisions sequentially with the same toolchain	2026-09-12T21:59:05.3852649Z  --> src/layout/tree.rs:3:10
measure	Build both exact revisions sequentially with the same toolchain	2026-09-12T21:59:05.3853068Z   |
measure	Build both exact revisions sequentially with the same toolchain	2026-09-12T21:59:05.3853417Z 3 | pub enum PaneNode {
measure	Build both exact revisions sequentially with the same toolchain	2026-09-12T21:59:05.3853813Z   |          ^^^^^^^^
measure	Build both exact revisions sequentially with the same toolchain	2026-09-12T21:59:05.3854047Z 
measure	Build both exact revisions sequentially with the same toolchain	2026-09-12T21:59:05.3854733Z warning: associated items `split_leaf`, `remove_leaf`, `adjust_ratio`, `contains`, `collect_leaf_ids`, and `is_single_leaf` are never used
measure	Build both exact revisions sequentially with the same toolchain	2026-09-12T21:59:05.3855748Z    --> src/layout/tree.rs:16:12
measure	Build both exact revisions sequentially with the same toolchain	2026-09-12T21:59:05.3856195Z     |
measure	Build both exact revisions sequentially with the same toolchain	2026-09-12T21:59:05.3856553Z  13 | impl PaneNode {
measure	Build both exact revisions sequentially with the same toolchain	2026-09-12T21:59:05.3857251Z     | ------------- associated items in this implementation
measure	Build both exact revisions sequentially with the same toolchain	2026-09-12T21:59:05.3857780Z ...
measure	Build both exact revisions sequentially with the same toolchain	2026-09-12T21:59:05.3858129Z  16 |     pub fn split_leaf(
measure	Build both exact revisions sequentially with the same toolchain	2026-09-12T21:59:05.3858560Z     |            ^^^^^^^^^^
measure	Build both exact revisions sequentially with the same toolchain	2026-09-12T21:59:05.3858959Z ...
measure	Build both exact revisions sequentially with the same toolchain	2026-09-12T21:59:05.3859421Z  44 |     pub fn remove_leaf(&mut self, target_id: PaneId) -> bool {
measure	Build both exact revisions sequentially with the same toolchain	2026-09-12T21:59:05.3860014Z     |            ^^^^^^^^^^^
measure	Build both exact revisions sequentially with the same toolchain	2026-09-12T21:59:05.3860423Z ...
measure	Build both exact revisions sequentially with the same toolchain	2026-09-12T21:59:05.3860958Z  72 |     pub fn adjust_ratio(&mut self, target_id: PaneId, delta: f32) -> bool {
measure	Build both exact revisions sequentially with the same toolchain	2026-09-12T21:59:05.3861642Z     |            ^^^^^^^^^^^^
measure	Build both exact revisions sequentially with the same toolchain	2026-09-12T21:59:05.3862053Z ...
measure	Build both exact revisions sequentially with the same toolchain	2026-09-12T21:59:05.3862507Z 104 |     pub fn contains(node: &PaneNode, id: PaneId) -> bool {
measure	Build both exact revisions sequentially with the same toolchain	2026-09-12T21:59:05.3863091Z     |            ^^^^^^^^
measure	Build both exact revisions sequentially with the same toolchain	2026-09-12T21:59:05.3863479Z ...
measure	Build both exact revisions sequentially with the same toolchain	2026-09-12T21:59:05.3863927Z 113 |     pub fn collect_leaf_ids(&self, out: &mut Vec<PaneId>) {
measure	Build both exact revisions sequentially with the same toolchain	2026-09-12T21:59:05.3864509Z     |            ^^^^^^^^^^^^^^^^
measure	Build both exact revisions sequentially with the same toolchain	2026-09-12T21:59:05.3865202Z ...
measure	Build both exact revisions sequentially with the same toolchain	2026-09-12T21:59:05.3865584Z 123 |     pub fn is_single_leaf(&self) -> bool {
measure	Build both exact revisions sequentially with the same toolchain	2026-09-12T21:59:05.3866087Z     |            ^^^^^^^^^^^^^^
measure	Build both exact revisions sequentially with the same toolchain	2026-09-12T21:59:05.3866355Z 
measure	Build both exact revisions sequentially with the same toolchain	2026-09-12T21:59:05.3866534Z warning: enum `Action` is never used
measure	Build both exact revisions sequentially with the same toolchain	2026-09-12T21:59:05.3867252Z  --> src/parser/mod.rs:6:10
measure	Build both exact revisions sequentially with the same toolchain	2026-09-12T21:59:05.3867675Z   |
measure	Build both exact revisions sequentially with the same toolchain	2026-09-12T21:59:05.3868013Z 6 | pub enum Action {
measure	Build both exact revisions sequentially with the same toolchain	2026-09-12T21:59:05.3868403Z   |          ^^^^^^
measure	Build both exact revisions sequentially with the same toolchain	2026-09-12T21:59:05.3868620Z 
measure	Build both exact revisions sequentially with the same toolchain	2026-09-12T21:59:05.3868808Z warning: method `feed` is never used
measure	Build both exact revisions sequentially with the same toolchain	2026-09-12T21:59:05.3869289Z    --> src/parser/ansi.rs:113:12
measure	Build both exact revisions sequentially with the same toolchain	2026-09-12T21:59:05.3869730Z     |
measure	Build both exact revisions sequentially with the same toolchain	2026-09-12T21:59:05.3870077Z  77 | impl Parser {
measure	Build both exact revisions sequentially with the same toolchain	2026-09-12T21:59:05.3870494Z     | ----------- method in this implementation
measure	Build both exact revisions sequentially with the same toolchain	2026-09-12T21:59:05.3870981Z ...
measure	Build both exact revisions sequentially with the same toolchain	2026-09-12T21:59:05.3871419Z 113 |     pub fn feed(&mut self, input: &[u8], grid: &mut Grid) {
measure	Build both exact revisions sequentially with the same toolchain	2026-09-12T21:59:05.3871983Z     |            ^^^^
measure	Build both exact revisions sequentially with the same toolchain	2026-09-12T21:59:05.3872205Z 
measure	Build both exact revisions sequentially with the same toolchain	2026-09-12T21:59:05.3872458Z warning: methods `master_fd` and `resize` are never used
measure	Build both exact revisions sequentially with the same toolchain	2026-09-12T21:59:05.3873032Z    --> src/pty/unix.rs:178:12
measure	Build both exact revisions sequentially with the same toolchain	2026-09-12T21:59:05.3873448Z     |
measure	Build both exact revisions sequentially with the same toolchain	2026-09-12T21:59:05.3873790Z  35 | impl Pty {
measure	Build both exact revisions sequentially with the same toolchain	2026-09-12T21:59:05.3874198Z     | -------- methods in this implementation
measure	Build both exact revisions sequentially with the same toolchain	2026-09-12T21:59:05.3874892Z ...
measure	Build both exact revisions sequentially with the same toolchain	2026-09-12T21:59:05.3875278Z 178 |     pub fn master_fd(&self) -> RawFd {
measure	Build both exact revisions sequentially with the same toolchain	2026-09-12T21:59:05.3875783Z     |            ^^^^^^^^^
measure	Build both exact revisions sequentially with the same toolchain	2026-09-12T21:59:05.3876183Z ...
measure	Build both exact revisions sequentially with the same toolchain	2026-09-12T21:59:05.3876728Z 243 |     pub fn resize(&self, cols: u16, rows: u16) -> std::io::Result<()> {
measure	Build both exact revisions sequentially with the same toolchain	2026-09-12T21:59:05.3877555Z     |            ^^^^^^
measure	Build both exact revisions sequentially with the same toolchain	2026-09-12T21:59:05.3877779Z 
measure	Build both exact revisions sequentially with the same toolchain	2026-09-12T21:59:05.3878013Z warning: struct `PaneRenderData` is never constructed
measure	Build both exact revisions sequentially with the same toolchain	2026-09-12T21:59:05.3878545Z  --> src/render_scene.rs:5:12
measure	Build both exact revisions sequentially with the same toolchain	2026-09-12T21:59:05.3878940Z   |
measure	Build both exact revisions sequentially with the same toolchain	2026-09-12T21:59:05.3879308Z 5 | pub struct PaneRenderData<'a> {
measure	Build both exact revisions sequentially with the same toolchain	2026-09-12T21:59:05.3879775Z   |            ^^^^^^^^^^^^^^
measure	Build both exact revisions sequentially with the same toolchain	2026-09-12T21:59:05.3880034Z 
measure	Build both exact revisions sequentially with the same toolchain	2026-09-12T21:59:05.3880297Z warning: struct `ConfirmOverlayInfo` is never constructed
measure	Build both exact revisions sequentially with the same toolchain	2026-09-12T21:59:05.3880892Z   --> src/render_scene.rs:16:12
measure	Build both exact revisions sequentially with the same toolchain	2026-09-12T21:59:05.3881291Z    |
measure	Build both exact revisions sequentially with the same toolchain	2026-09-12T21:59:05.3881663Z 16 | pub struct ConfirmOverlayInfo {
measure	Build both exact revisions sequentially with the same toolchain	2026-09-12T21:59:05.3882113Z    |            ^^^^^^^^^^^^^^^^^^
measure	Build both exact revisions sequentially with the same toolchain	2026-09-12T21:59:05.3882381Z 
measure	Build both exact revisions sequentially with the same toolchain	2026-09-12T21:59:05.3882600Z warning: struct `ChromeColors` is never constructed
measure	Build both exact revisions sequentially with the same toolchain	2026-09-12T21:59:05.3883107Z   --> src/render_scene.rs:23:12
measure	Build both exact revisions sequentially with the same toolchain	2026-09-12T21:59:05.3883513Z    |
measure	Build both exact revisions sequentially with the same toolchain	2026-09-12T21:59:05.3883867Z 23 | pub struct ChromeColors {
measure	Build both exact revisions sequentially with the same toolchain	2026-09-12T21:59:05.3884301Z    |            ^^^^^^^^^^^^
measure	Build both exact revisions sequentially with the same toolchain	2026-09-12T21:59:05.3884567Z 
measure	Build both exact revisions sequentially with the same toolchain	2026-09-12T21:59:05.3884831Z warning: methods `contains` and `get_text` are never used
measure	Build both exact revisions sequentially with the same toolchain	2026-09-12T21:59:05.3885427Z    --> src/selection.rs:85:12
measure	Build both exact revisions sequentially with the same toolchain	2026-09-12T21:59:05.3885848Z     |
measure	Build both exact revisions sequentially with the same toolchain	2026-09-12T21:59:05.3886219Z  32 | impl SelectionState {
measure	Build both exact revisions sequentially with the same toolchain	2026-09-12T21:59:05.3886711Z     | ------------------- methods in this implementation
measure	Build both exact revisions sequentially with the same toolchain	2026-09-12T21:59:05.3887420Z ...
measure	Build both exact revisions sequentially with the same toolchain	2026-09-12T21:59:05.3887764Z  85 |     pub fn contains(
measure	Build both exact revisions sequentially with the same toolchain	2026-09-12T21:59:05.3888174Z     |            ^^^^^^^^
measure	Build both exact revisions sequentially with the same toolchain	2026-09-12T21:59:05.3888550Z ...
measure	Build both exact revisions sequentially with the same toolchain	2026-09-12T21:59:05.3888974Z 145 |     pub fn get_text(&self, grid: &Grid) -> String {
measure	Build both exact revisions sequentially with the same toolchain	2026-09-12T21:59:05.3889505Z     |            ^^^^^^^^
measure	Build both exact revisions sequentially with the same toolchain	2026-09-12T21:59:05.3889746Z 
measure	Build both exact revisions sequentially with the same toolchain	2026-09-12T21:59:05.3890033Z warning: variant `UnexpectedProtocolEvent` is never constructed
measure	Build both exact revisions sequentially with the same toolchain	2026-09-12T21:59:05.3890655Z   --> src/terminal_reader.rs:53:5
measure	Build both exact revisions sequentially with the same toolchain	2026-09-12T21:59:05.3891096Z    |
measure	Build both exact revisions sequentially with the same toolchain	2026-09-12T21:59:05.3891464Z 45 | pub(crate) enum ReaderExit {
measure	Build both exact revisions sequentially with the same toolchain	2026-09-12T21:59:05.3891939Z    |                 ---------- variant in this enum
measure	Build both exact revisions sequentially with the same toolchain	2026-09-12T21:59:05.3892428Z ...
measure	Build both exact revisions sequentially with the same toolchain	2026-09-12T21:59:05.3892777Z 53 |     UnexpectedProtocolEvent,
measure	Build both exact revisions sequentially with the same toolchain	2026-09-12T21:59:05.3893243Z    |     ^^^^^^^^^^^^^^^^^^^^^^^
measure	Build both exact revisions sequentially with the same toolchain	2026-09-12T21:59:05.3893654Z    |
measure	Build both exact revisions sequentially with the same toolchain	2026-09-12T21:59:05.3894402Z    = note: `ReaderExit` has a derived impl for the trait `Debug`, but this is intentionally ignored during dead code analysis
measure	Build both exact revisions sequentially with the same toolchain	2026-09-12T21:59:05.3895137Z 
measure	Build both exact revisions sequentially with the same toolchain	2026-09-12T21:59:05.3895504Z warning: associated functions `spawn_text` and `spawn_with_io` are never used
measure	Build both exact revisions sequentially with the same toolchain	2026-09-12T21:59:05.3896448Z    --> src/terminal_reader.rs:64:19
measure	Build both exact revisions sequentially with the same toolchain	2026-09-12T21:59:05.3897134Z     |
measure	Build both exact revisions sequentially with the same toolchain	2026-09-12T21:59:05.3897510Z  63 | impl TerminalReader {
measure	Build both exact revisions sequentially with the same toolchain	2026-09-12T21:59:05.3898062Z     | ------------------- associated functions in this implementation
measure	Build both exact revisions sequentially with the same toolchain	2026-09-12T21:59:05.3898677Z  64 |     pub(crate) fn spawn_text<U, X>(
measure	Build both exact revisions sequentially with the same toolchain	2026-09-12T21:59:05.3899173Z     |                   ^^^^^^^^^^
measure	Build both exact revisions sequentially with the same toolchain	2026-09-12T21:59:05.3899624Z ...
measure	Build both exact revisions sequentially with the same toolchain	2026-09-12T21:59:05.3899976Z 111 |     fn spawn_with_io<I, U, X>(
measure	Build both exact revisions sequentially with the same toolchain	2026-09-12T21:59:05.3900433Z     |        ^^^^^^^^^^^^^
measure	Build both exact revisions sequentially with the same toolchain	2026-09-12T21:59:05.3900686Z 
measure	Build both exact revisions sequentially with the same toolchain	2026-09-12T21:59:05.3900895Z warning: struct `Vertex` is never constructed
measure	Build both exact revisions sequentially with the same toolchain	2026-09-12T21:59:05.3901424Z   --> src/renderer/mod.rs:21:12
measure	Build both exact revisions sequentially with the same toolchain	2026-09-12T21:59:05.3901838Z    |
measure	Build both exact revisions sequentially with the same toolchain	2026-09-12T21:59:05.3902190Z 21 | pub struct Vertex {
measure	Build both exact revisions sequentially with the same toolchain	2026-09-12T21:59:05.3902598Z    |            ^^^^^^
measure	Build both exact revisions sequentially with the same toolchain	2026-09-12T21:59:05.3902829Z 
measure	Build both exact revisions sequentially with the same toolchain	2026-09-12T21:59:05.3903050Z warning: associated function `new` is never used
measure	Build both exact revisions sequentially with the same toolchain	2026-09-12T21:59:05.3903606Z   --> src/renderer/mod.rs:29:12
measure	Build both exact revisions sequentially with the same toolchain	2026-09-12T21:59:05.3904029Z    |
measure	Build both exact revisions sequentially with the same toolchain	2026-09-12T21:59:05.3904366Z 28 | impl Vertex {
measure	Build both exact revisions sequentially with the same toolchain	2026-09-12T21:59:05.3904951Z    | ----------- associated function in this implementation
measure	Build both exact revisions sequentially with the same toolchain	2026-09-12T21:59:05.3906040Z 29 |     pub fn new(x: f32, y: f32, u: f32, v: f32, fg: u32, bg: u32) -> Self {
measure	Build both exact revisions sequentially with the same toolchain	2026-09-12T21:59:05.3906670Z    |            ^^^
measure	Build both exact revisions sequentially with the same toolchain	2026-09-12T21:59:05.3907117Z 
measure	Build both exact revisions sequentially with the same toolchain	2026-09-12T21:59:05.3907347Z warning: function `box_drawing_lines` is never used
measure	Build both exact revisions sequentially with the same toolchain	2026-09-12T21:59:05.3907899Z  --> src/renderer/box_drawing.rs:4:8
measure	Build both exact revisions sequentially with the same toolchain	2026-09-12T21:59:05.3908348Z   |
measure	Build both exact revisions sequentially with the same toolchain	2026-09-12T21:59:05.3908897Z 4 | pub fn box_drawing_lines(c: char, w: f32, h: f32) -> Option<Vec<(f32, f32, f32, f32)>> {
measure	Build both exact revisions sequentially with the same toolchain	2026-09-12T21:59:05.3909599Z   |        ^^^^^^^^^^^^^^^^^
measure	Build both exact revisions sequentially with the same toolchain	2026-09-12T21:59:05.3909856Z 
measure	Build both exact revisions sequentially with the same toolchain	2026-09-12T21:59:05.3910078Z warning: function `is_box_drawing` is never used
measure	Build both exact revisions sequentially with the same toolchain	2026-09-12T21:59:05.3910627Z    --> src/renderer/box_drawing.rs:124:8
measure	Build both exact revisions sequentially with the same toolchain	2026-09-12T21:59:05.3911095Z     |
measure	Build both exact revisions sequentially with the same toolchain	2026-09-12T21:59:05.3911485Z 124 | pub fn is_box_drawing(c: char) -> bool {
measure	Build both exact revisions sequentially with the same toolchain	2026-09-12T21:59:05.3911983Z     |        ^^^^^^^^^^^^^^
measure	Build both exact revisions sequentially with the same toolchain	2026-09-12T21:59:05.3912251Z 
measure	Build both exact revisions sequentially with the same toolchain	2026-09-12T21:59:05.3912456Z warning: function `is_braille` is never used
measure	Build both exact revisions sequentially with the same toolchain	2026-09-12T21:59:05.3912928Z  --> src/renderer/braille.rs:2:8
measure	Build both exact revisions sequentially with the same toolchain	2026-09-12T21:59:05.3913349Z   |
measure	Build both exact revisions sequentially with the same toolchain	2026-09-12T21:59:05.3913691Z 2 | pub fn is_braille(c: char) -> bool {
measure	Build both exact revisions sequentially with the same toolchain	2026-09-12T21:59:05.3914149Z   |        ^^^^^^^^^^
measure	Build both exact revisions sequentially with the same toolchain	2026-09-12T21:59:05.3914368Z 
measure	Build both exact revisions sequentially with the same toolchain	2026-09-12T21:59:05.3914564Z warning: function `braille_dots` is never used
measure	Build both exact revisions sequentially with the same toolchain	2026-09-12T21:59:05.3915059Z   --> src/renderer/braille.rs:12:8
measure	Build both exact revisions sequentially with the same toolchain	2026-09-12T21:59:05.3915473Z    |
measure	Build both exact revisions sequentially with the same toolchain	2026-09-12T21:59:05.3915880Z 12 | pub fn braille_dots(c: char) -> Vec<(u8, u8)> {
measure	Build both exact revisions sequentially with the same toolchain	2026-09-12T21:59:05.3916399Z    |        ^^^^^^^^^^^^
measure	Build both exact revisions sequentially with the same toolchain	2026-09-12T21:59:05.3916649Z 
measure	Build both exact revisions sequentially with the same toolchain	2026-09-12T21:59:05.3917082Z warning: variant `Unsupported` is never constructed
measure	Build both exact revisions sequentially with the same toolchain	2026-09-12T21:59:05.3917672Z   --> src/renderer/image_animation.rs:20:5
measure	Build both exact revisions sequentially with the same toolchain	2026-09-12T21:59:05.3918156Z    |
measure	Build both exact revisions sequentially with the same toolchain	2026-09-12T21:59:05.3918521Z 19 | pub enum AnimationError {
measure	Build both exact revisions sequentially with the same toolchain	2026-09-12T21:59:05.3918998Z    |          -------------- variant in this enum
measure	Build both exact revisions sequentially with the same toolchain	2026-09-12T21:59:05.3919482Z 20 |     Unsupported,
measure	Build both exact revisions sequentially with the same toolchain	2026-09-12T21:59:05.3919872Z    |     ^^^^^^^^^^^
measure	Build both exact revisions sequentially with the same toolchain	2026-09-12T21:59:05.3920237Z    |
measure	Build both exact revisions sequentially with the same toolchain	2026-09-12T21:59:05.3921088Z    = note: `AnimationError` has derived impls for the traits `Debug` and `Clone`, but these are intentionally ignored during dead code analysis
measure	Build both exact revisions sequentially with the same toolchain	2026-09-12T21:59:05.3921919Z 
measure	Build both exact revisions sequentially with the same toolchain	2026-09-12T21:59:13.3699579Z warning: `kokuban` (bin "kokuban") generated 39 warnings
measure	Build both exact revisions sequentially with the same toolchain	2026-09-12T21:59:13.3700293Z     Finished `release` profile [optimized] target(s) in 1m 21s
measure	Measure five alternating pairs in one native Wayland session	﻿2026-09-12T21:59:13.5265376Z ##[group]Run evidence_directory="$RUNNER_TEMP/kokuban-paired-evidence"
measure	Measure five alternating pairs in one native Wayland session	2026-09-12T21:59:13.5265992Z [36;1mevidence_directory="$RUNNER_TEMP/kokuban-paired-evidence"[0m
measure	Measure five alternating pairs in one native Wayland session	2026-09-12T21:59:13.5266388Z [36;1mexport XDG_RUNTIME_DIR[0m
measure	Measure five alternating pairs in one native Wayland session	2026-09-12T21:59:13.5266666Z [36;1mXDG_RUNTIME_DIR="$(mktemp -d)"[0m
measure	Measure five alternating pairs in one native Wayland session	2026-09-12T21:59:13.5267344Z [36;1mexport WAYLAND_DISPLAY=wayland-kokuban-paired[0m
measure	Measure five alternating pairs in one native Wayland session	2026-09-12T21:59:13.5267878Z [36;1munset DISPLAY WAYLAND_SOCKET[0m
measure	Measure five alternating pairs in one native Wayland session	2026-09-12T21:59:13.5268251Z [36;1mweston --backend=headless-backend.so --use-pixman \[0m
measure	Measure five alternating pairs in one native Wayland session	2026-09-12T21:59:13.5268746Z [36;1m  --socket="$WAYLAND_DISPLAY" --idle-time=0 --width=1280 --height=900 \[0m
measure	Measure five alternating pairs in one native Wayland session	2026-09-12T21:59:13.5269218Z [36;1m  --log="$evidence_directory/weston.log" &[0m
measure	Measure five alternating pairs in one native Wayland session	2026-09-12T21:59:13.5269535Z [36;1mweston_pid=$![0m
measure	Measure five alternating pairs in one native Wayland session	2026-09-12T21:59:13.5269956Z [36;1mtrap 'kill "$weston_pid" 2>/dev/null || true; wait "$weston_pid" 2>/dev/null || true' EXIT[0m
measure	Measure five alternating pairs in one native Wayland session	2026-09-12T21:59:13.5270426Z [36;1mfor _attempt in {1..100}; do[0m
measure	Measure five alternating pairs in one native Wayland session	2026-09-12T21:59:13.5270809Z [36;1m  test ! -S "$XDG_RUNTIME_DIR/$WAYLAND_DISPLAY" || break[0m
measure	Measure five alternating pairs in one native Wayland session	2026-09-12T21:59:13.5271136Z [36;1m  kill -0 "$weston_pid"[0m
measure	Measure five alternating pairs in one native Wayland session	2026-09-12T21:59:13.5271377Z [36;1m  sleep 0.1[0m
measure	Measure five alternating pairs in one native Wayland session	2026-09-12T21:59:13.5271573Z [36;1mdone[0m
measure	Measure five alternating pairs in one native Wayland session	2026-09-12T21:59:13.5271800Z [36;1mtest -S "$XDG_RUNTIME_DIR/$WAYLAND_DISPLAY"[0m
measure	Measure five alternating pairs in one native Wayland session	2026-09-12T21:59:13.5272239Z [36;1mbenchmark_cpu="$(python3 -c 'import os; print(min(os.sched_getaffinity(0)))')"[0m
measure	Measure five alternating pairs in one native Wayland session	2026-09-12T21:59:13.5272742Z [36;1mtimeout --kill-after=10s 20m taskset -c "$benchmark_cpu" \[0m
measure	Measure five alternating pairs in one native Wayland session	2026-09-12T21:59:13.5273147Z [36;1m  python3 scripts/compare-kokuban-revisions.py \[0m
measure	Measure five alternating pairs in one native Wayland session	2026-09-12T21:59:13.5273559Z [36;1m    --before "$RUNNER_TEMP/kokuban-paired-binaries/before" \[0m
measure	Measure five alternating pairs in one native Wayland session	2026-09-12T21:59:13.5274000Z [36;1m    --after "$RUNNER_TEMP/kokuban-paired-binaries/after" \[0m
measure	Measure five alternating pairs in one native Wayland session	2026-09-12T21:59:13.5274473Z [36;1m    --before-ref "$(cat "$evidence_directory/before-revision.txt")" \[0m
measure	Measure five alternating pairs in one native Wayland session	2026-09-12T21:59:13.5274952Z [36;1m    --after-ref "$(cat "$evidence_directory/after-revision.txt")" \[0m
measure	Measure five alternating pairs in one native Wayland session	2026-09-12T21:59:13.5275390Z [36;1m    --artifacts-dir "$evidence_directory/measurements" \[0m
measure	Measure five alternating pairs in one native Wayland session	2026-09-12T21:59:13.5275833Z [36;1m    --backend wayland --screen "$SCREEN" --samples 5 --bytes 33554432 \[0m
measure	Measure five alternating pairs in one native Wayland session	2026-09-12T21:59:13.5276237Z [36;1m    --timeout 120 --environment-note \[0m
measure	Measure five alternating pairs in one native Wayland session	2026-09-12T21:59:13.5277204Z [36;1m    "GitHub ubuntu-24.04 runner; Weston headless pixman; both binaries on CPU $benchmark_cpu; DSR processing only, no physical display or GPU comparison"[0m
measure	Measure five alternating pairs in one native Wayland session	2026-09-12T21:59:13.5313217Z shell: /usr/bin/bash --noprofile --norc -e -o pipefail {0}
measure	Measure five alternating pairs in one native Wayland session	2026-09-12T21:59:13.5313566Z env:
measure	Measure five alternating pairs in one native Wayland session	2026-09-12T21:59:13.5313753Z   CARGO_INCREMENTAL: 0
measure	Measure five alternating pairs in one native Wayland session	2026-09-12T21:59:13.5313977Z   CARGO_PROFILE_RELEASE_DEBUG: 0
measure	Measure five alternating pairs in one native Wayland session	2026-09-12T21:59:13.5314264Z   BEFORE_REF: 469b2ac3fb88509a5ac4bf1769e4b2b3512c1008
measure	Measure five alternating pairs in one native Wayland session	2026-09-12T21:59:13.5314612Z   AFTER_REF: 74eaad83dbf813cb15bd883b45d52adf0dc729bd
measure	Measure five alternating pairs in one native Wayland session	2026-09-12T21:59:13.5314908Z   SCREEN: alternate
measure	Measure five alternating pairs in one native Wayland session	2026-09-12T21:59:13.5315106Z ##[endgroup]
measure	Measure five alternating pairs in one native Wayland session	2026-09-12T21:59:13.9457560Z pair 1/5: before (469b2ac3fb88509a5ac4bf1769e4b2b3512c1008)
measure	Measure five alternating pairs in one native Wayland session	2026-09-12T21:59:14.1993063Z could not load cursor 'dnd-move'
measure	Measure five alternating pairs in one native Wayland session	2026-09-12T21:59:14.1993575Z could not load cursor 'dnd-move'
measure	Measure five alternating pairs in one native Wayland session	2026-09-12T21:59:14.1993991Z could not load cursor 'dnd-copy'
measure	Measure five alternating pairs in one native Wayland session	2026-09-12T21:59:14.1994402Z could not load cursor 'dnd-none'
measure	Measure five alternating pairs in one native Wayland session	2026-09-12T21:59:14.1994806Z could not load cursor 'dnd-copy'
measure	Measure five alternating pairs in one native Wayland session	2026-09-12T21:59:14.1995226Z could not load cursor 'dnd-none'
measure	Measure five alternating pairs in one native Wayland session	2026-09-12T21:59:21.0847303Z pair 1/5: after (74eaad83dbf813cb15bd883b45d52adf0dc729bd)
measure	Measure five alternating pairs in one native Wayland session	2026-09-12T21:59:27.5493005Z pair 2/5: after (74eaad83dbf813cb15bd883b45d52adf0dc729bd)
measure	Measure five alternating pairs in one native Wayland session	2026-09-12T21:59:34.0049155Z pair 2/5: before (469b2ac3fb88509a5ac4bf1769e4b2b3512c1008)
measure	Measure five alternating pairs in one native Wayland session	2026-09-12T21:59:41.1234862Z pair 3/5: before (469b2ac3fb88509a5ac4bf1769e4b2b3512c1008)
measure	Measure five alternating pairs in one native Wayland session	2026-09-12T21:59:48.3382502Z pair 3/5: after (74eaad83dbf813cb15bd883b45d52adf0dc729bd)
measure	Measure five alternating pairs in one native Wayland session	2026-09-12T21:59:54.8715916Z pair 4/5: after (74eaad83dbf813cb15bd883b45d52adf0dc729bd)
measure	Measure five alternating pairs in one native Wayland session	2026-09-12T22:00:01.4210671Z pair 4/5: before (469b2ac3fb88509a5ac4bf1769e4b2b3512c1008)
measure	Measure five alternating pairs in one native Wayland session	2026-09-12T22:00:08.6034563Z pair 5/5: before (469b2ac3fb88509a5ac4bf1769e4b2b3512c1008)
measure	Measure five alternating pairs in one native Wayland session	2026-09-12T22:00:15.6787425Z pair 5/5: after (74eaad83dbf813cb15bd883b45d52adf0dc729bd)
measure	Measure five alternating pairs in one native Wayland session	2026-09-12T22:00:22.2274011Z {
measure	Measure five alternating pairs in one native Wayland session	2026-09-12T22:00:22.2276322Z   "report": "/home/runner/work/_temp/kokuban-paired-evidence/measurements/report.json",
measure	Measure five alternating pairs in one native Wayland session	2026-09-12T22:00:22.2277463Z   "status": "passed",
measure	Measure five alternating pairs in one native Wayland session	2026-09-12T22:00:22.2278055Z   "comparability": {
measure	Measure five alternating pairs in one native Wayland session	2026-09-12T22:00:22.2278402Z     "geometry_and_history_checks_passed": true,
measure	Measure five alternating pairs in one native Wayland session	2026-09-12T22:00:22.2278807Z     "reasons": [],
measure	Measure five alternating pairs in one native Wayland session	2026-09-12T22:00:22.2279112Z     "geometries_rows_cols_pixels": [
measure	Measure five alternating pairs in one native Wayland session	2026-09-12T22:00:22.2279465Z       [
measure	Measure five alternating pairs in one native Wayland session	2026-09-12T22:00:22.2279703Z         24,
measure	Measure five alternating pairs in one native Wayland session	2026-09-12T22:00:22.2279946Z         80,
measure	Measure five alternating pairs in one native Wayland session	2026-09-12T22:00:22.2280187Z         720,
measure	Measure five alternating pairs in one native Wayland session	2026-09-12T22:00:22.2280436Z         408
measure	Measure five alternating pairs in one native Wayland session	2026-09-12T22:00:22.2280676Z       ]
measure	Measure five alternating pairs in one native Wayland session	2026-09-12T22:00:22.2280913Z     ],
measure	Measure five alternating pairs in one native Wayland session	2026-09-12T22:00:22.2281202Z     "rendering_equivalence_verified": false,
measure	Measure five alternating pairs in one native Wayland session	2026-09-12T22:00:22.2281612Z     "rendering_limitations": [
measure	Measure five alternating pairs in one native Wayland session	2026-09-12T22:00:22.2282162Z       "DSR validates the final marker reply, not workload text or rendered pixels",
measure	Measure five alternating pairs in one native Wayland session	2026-09-12T22:00:22.2283084Z       "Unicode grapheme and font fallback fidelity must be checked separately from this throughput workload",
measure	Measure five alternating pairs in one native Wayland session	2026-09-12T22:00:22.2284022Z       "Installed fallback fonts can differ between terminals and affect rendered output"
measure	Measure five alternating pairs in one native Wayland session	2026-09-12T22:00:22.2284616Z     ],
measure	Measure five alternating pairs in one native Wayland session	2026-09-12T22:00:22.2284863Z     "ranking": null,
measure	Measure five alternating pairs in one native Wayland session	2026-09-12T22:00:22.2285439Z     "scope": "PTY processing throughput and DSR RTT; no presentation latency or terminal ranking",
measure	Measure five alternating pairs in one native Wayland session	2026-09-12T22:00:22.2286112Z     "paired_inputs_validated": true
measure	Measure five alternating pairs in one native Wayland session	2026-09-12T22:00:22.2286462Z   }
measure	Measure five alternating pairs in one native Wayland session	2026-09-12T22:00:22.2286691Z }
measure	Upload reports, configurations, logs and build provenance	﻿2026-09-12T22:00:22.2469151Z Node 20 is being deprecated. This workflow is running with Node 24 by default. If you need to temporarily use Node 20, you can set the ACTIONS_ALLOW_USE_UNSECURE_NODE_VERSION=true environment variable. For more information see: https://github.blog/changelog/2025-09-19-deprecation-of-node-20-on-github-actions-runners/
measure	Upload reports, configurations, logs and build provenance	2026-09-12T22:00:22.2471115Z ##[group]Run actions/upload-artifact@ea165f8d65b6e75b540449e92b4886f43607fa02
measure	Upload reports, configurations, logs and build provenance	2026-09-12T22:00:22.2471506Z with:
measure	Upload reports, configurations, logs and build provenance	2026-09-12T22:00:22.2471737Z   name: linux-paired-revision-measurements
measure	Upload reports, configurations, logs and build provenance	2026-09-12T22:00:22.2472293Z   path: /home/runner/work/_temp/kokuban-paired-evidence
measure	Upload reports, configurations, logs and build provenance	!/home/runner/work/_temp/kokuban-paired-evidence/**/*.bin
measure	Upload reports, configurations, logs and build provenance	
measure	Upload reports, configurations, logs and build provenance	2026-09-12T22:00:22.2472877Z   if-no-files-found: ignore
measure	Upload reports, configurations, logs and build provenance	2026-09-12T22:00:22.2473119Z   retention-days: 7
measure	Upload reports, configurations, logs and build provenance	2026-09-12T22:00:22.2473329Z   compression-level: 6
measure	Upload reports, configurations, logs and build provenance	2026-09-12T22:00:22.2473543Z   overwrite: false
measure	Upload reports, configurations, logs and build provenance	2026-09-12T22:00:22.2473749Z   include-hidden-files: false
measure	Upload reports, configurations, logs and build provenance	2026-09-12T22:00:22.2473975Z env:
measure	Upload reports, configurations, logs and build provenance	2026-09-12T22:00:22.2474148Z   CARGO_INCREMENTAL: 0
measure	Upload reports, configurations, logs and build provenance	2026-09-12T22:00:22.2474408Z   CARGO_PROFILE_RELEASE_DEBUG: 0
measure	Upload reports, configurations, logs and build provenance	2026-09-12T22:00:22.2474688Z   BEFORE_REF: 469b2ac3fb88509a5ac4bf1769e4b2b3512c1008
measure	Upload reports, configurations, logs and build provenance	2026-09-12T22:00:22.2475028Z   AFTER_REF: 74eaad83dbf813cb15bd883b45d52adf0dc729bd
measure	Upload reports, configurations, logs and build provenance	2026-09-12T22:00:22.2475313Z   SCREEN: alternate
measure	Upload reports, configurations, logs and build provenance	2026-09-12T22:00:22.2475504Z ##[endgroup]
measure	Upload reports, configurations, logs and build provenance	2026-09-12T22:00:22.4078386Z (node:10357) [DEP0040] DeprecationWarning: The `punycode` module is deprecated. Please use a userland alternative instead.
measure	Upload reports, configurations, logs and build provenance	2026-09-12T22:00:22.4079257Z (Use `node --trace-deprecation ...` to show where the warning was created)
measure	Upload reports, configurations, logs and build provenance	2026-09-12T22:00:22.4328590Z With the provided path, there will be 87 files uploaded
measure	Upload reports, configurations, logs and build provenance	2026-09-12T22:00:22.4329126Z Artifact name is valid!
measure	Upload reports, configurations, logs and build provenance	2026-09-12T22:00:22.4329363Z Root directory input is valid!
measure	Upload reports, configurations, logs and build provenance	2026-09-12T22:00:22.6546763Z Beginning upload of artifact content to blob storage
measure	Upload reports, configurations, logs and build provenance	2026-09-12T22:00:22.7526943Z (node:10357) [DEP0169] DeprecationWarning: `url.parse()` behavior is not standardized and prone to errors that have security implications. Use the WHATWG URL API instead. CVEs are not issued for `url.parse()` vulnerabilities.
measure	Upload reports, configurations, logs and build provenance	2026-09-12T22:00:22.8130765Z Uploaded bytes 97761
measure	Upload reports, configurations, logs and build provenance	2026-09-12T22:00:22.8314723Z Finished uploading artifact content to blob storage!
measure	Upload reports, configurations, logs and build provenance	2026-09-12T22:00:22.8315960Z SHA256 digest of uploaded artifact zip is 97baae8affe0818eefb2e87bf82a5031ba8d564092f5da9faf921e86e46bdb18
measure	Upload reports, configurations, logs and build provenance	2026-09-12T22:00:22.8317926Z Finalizing artifact upload
measure	Upload reports, configurations, logs and build provenance	2026-09-12T22:00:23.0206524Z Artifact linux-paired-revision-measurements.zip successfully finalized. Artifact ID 10306915169
measure	Upload reports, configurations, logs and build provenance	2026-09-12T22:00:23.0209179Z Artifact linux-paired-revision-measurements has been successfully uploaded! Final size is 97761 bytes. Artifact ID is 10306915169
measure	Upload reports, configurations, logs and build provenance	2026-09-12T22:00:23.0215144Z Artifact download URL: https://github.com/guicybercode/kokuban.rs/actions/runs/34721333020/artifacts/10306915169
measure	Post Check out measurement harness and revision history	﻿2026-09-12T22:00:23.0441110Z Post job cleanup.
measure	Post Check out measurement harness and revision history	2026-09-12T22:00:23.1263362Z [command]/usr/bin/git version
measure	Post Check out measurement harness and revision history	2026-09-12T22:00:23.1306236Z git version 2.55.0
measure	Post Check out measurement harness and revision history	2026-09-12T22:00:23.1350797Z Temporarily overriding HOME='/home/runner/work/_temp/1546e033-bdf0-4f39-9303-e05392a8978d' before making global git config changes
measure	Post Check out measurement harness and revision history	2026-09-12T22:00:23.1352146Z Adding repository directory to the temporary git global config as a safe directory
measure	Post Check out measurement harness and revision history	2026-09-12T22:00:23.1357825Z [command]/usr/bin/git config --global --add safe.directory /home/runner/work/kokuban.rs/kokuban.rs
measure	Post Check out measurement harness and revision history	2026-09-12T22:00:23.1392415Z Removing SSH command configuration
measure	Post Check out measurement harness and revision history	2026-09-12T22:00:23.1400235Z [command]/usr/bin/git config --local --name-only --get-regexp core\.sshCommand
measure	Post Check out measurement harness and revision history	2026-09-12T22:00:23.1438537Z [command]/usr/bin/git submodule foreach --recursive sh -c "git config --local --name-only --get-regexp 'core\.sshCommand' && git config --local --unset-all 'core.sshCommand' || :"
measure	Post Check out measurement harness and revision history	2026-09-12T22:00:23.1711695Z Removing HTTP extra header
measure	Post Check out measurement harness and revision history	2026-09-12T22:00:23.1721705Z [command]/usr/bin/git config --local --name-only --get-regexp http\.https\:\/\/github\.com\/\.extraheader
measure	Post Check out measurement harness and revision history	2026-09-12T22:00:23.1769636Z [command]/usr/bin/git submodule foreach --recursive sh -c "git config --local --name-only --get-regexp 'http\.https\:\/\/github\.com\/\.extraheader' && git config --local --unset-all 'http.https://github.com/.extraheader' || :"
measure	Post Check out measurement harness and revision history	2026-09-12T22:00:23.2103275Z Removing includeIf entries pointing to credentials config files
measure	Post Check out measurement harness and revision history	2026-09-12T22:00:23.2104428Z [command]/usr/bin/git config --local --name-only --get-regexp ^includeIf\.gitdir:
measure	Post Check out measurement harness and revision history	2026-09-12T22:00:23.2135466Z includeif.gitdir:/home/runner/work/kokuban.rs/kokuban.rs/.git.path
measure	Post Check out measurement harness and revision history	2026-09-12T22:00:23.2157623Z includeif.gitdir:/home/runner/work/kokuban.rs/kokuban.rs/.git/worktrees/*.path
measure	Post Check out measurement harness and revision history	2026-09-12T22:00:23.2158544Z includeif.gitdir:/github/workspace/.git.path
measure	Post Check out measurement harness and revision history	2026-09-12T22:00:23.2158955Z includeif.gitdir:/github/workspace/.git/worktrees/*.path
measure	Post Check out measurement harness and revision history	2026-09-12T22:00:23.2198934Z [command]/usr/bin/git config --local --get-all includeif.gitdir:/home/runner/work/kokuban.rs/kokuban.rs/.git.path
measure	Post Check out measurement harness and revision history	2026-09-12T22:00:23.2200470Z /home/runner/work/_temp/git-credentials-59e897b2-3bb9-418d-9ed9-828393bc9d55.config
measure	Post Check out measurement harness and revision history	2026-09-12T22:00:23.2203623Z [command]/usr/bin/git config --local --unset includeif.gitdir:/home/runner/work/kokuban.rs/kokuban.rs/.git.path \/home\/runner\/work\/_temp\/git\-credentials\-59e897b2\-3bb9\-418d\-9ed9\-828393bc9d55\.config
measure	Post Check out measurement harness and revision history	2026-09-12T22:00:23.2250157Z [command]/usr/bin/git config --local --get-all includeif.gitdir:/home/runner/work/kokuban.rs/kokuban.rs/.git/worktrees/*.path
measure	Post Check out measurement harness and revision history	2026-09-12T22:00:23.2293280Z /home/runner/work/_temp/git-credentials-59e897b2-3bb9-418d-9ed9-828393bc9d55.config
measure	Post Check out measurement harness and revision history	2026-09-12T22:00:23.2329739Z [command]/usr/bin/git config --local --unset includeif.gitdir:/home/runner/work/kokuban.rs/kokuban.rs/.git/worktrees/*.path \/home\/runner\/work\/_temp\/git\-credentials\-59e897b2\-3bb9\-418d\-9ed9\-828393bc9d55\.config
measure	Post Check out measurement harness and revision history	2026-09-12T22:00:23.2379005Z [command]/usr/bin/git config --local --get-all includeif.gitdir:/github/workspace/.git.path
measure	Post Check out measurement harness and revision history	2026-09-12T22:00:23.2404293Z /github/runner_temp/git-credentials-59e897b2-3bb9-418d-9ed9-828393bc9d55.config
measure	Post Check out measurement harness and revision history	2026-09-12T22:00:23.2416237Z [command]/usr/bin/git config --local --unset includeif.gitdir:/github/workspace/.git.path \/github\/runner_temp\/git\-credentials\-59e897b2\-3bb9\-418d\-9ed9\-828393bc9d55\.config
measure	Post Check out measurement harness and revision history	2026-09-12T22:00:23.2464023Z [command]/usr/bin/git config --local --get-all includeif.gitdir:/github/workspace/.git/worktrees/*.path
measure	Post Check out measurement harness and revision history	2026-09-12T22:00:23.2494534Z /github/runner_temp/git-credentials-59e897b2-3bb9-418d-9ed9-828393bc9d55.config
measure	Post Check out measurement harness and revision history	2026-09-12T22:00:23.2505648Z [command]/usr/bin/git config --local --unset includeif.gitdir:/github/workspace/.git/worktrees/*.path \/github\/runner_temp\/git\-credentials\-59e897b2\-3bb9\-418d\-9ed9\-828393bc9d55\.config
measure	Post Check out measurement harness and revision history	2026-09-12T22:00:23.2549962Z [command]/usr/bin/git submodule foreach --recursive git config --local --show-origin --name-only --get-regexp remote.origin.url
measure	Post Check out measurement harness and revision history	2026-09-12T22:00:23.2797893Z Removing credentials config '/home/runner/work/_temp/git-credentials-59e897b2-3bb9-418d-9ed9-828393bc9d55.config'
measure	Complete job	﻿2026-09-12T22:00:23.2946386Z Cleaning up orphan processes
measure	Complete job	2026-09-12T22:00:23.3259053Z ##[warning]Node.js 20 is deprecated. The following actions target Node.js 20 but are being forced to run on Node.js 24: actions/upload-artifact@ea165f8d65b6e75b540449e92b4886f43607fa02. For more information see: https://github.blog/changelog/2025-09-19-deprecation-of-node-20-on-github-actions-runners/
