measure	Set up job	﻿2026-09-13T06:58:53.3912336Z Current runner version: '2.337.0'
measure	Set up job	2026-09-13T06:58:53.3937667Z ##[group]Runner Image Provisioner
measure	Set up job	2026-09-13T06:58:53.3938647Z Hosted Compute Agent
measure	Set up job	2026-09-13T06:58:53.3939358Z Version: 20260828.587
measure	Set up job	2026-09-13T06:58:53.3940006Z Commit: abac92662cab4cc7352de4f9f9d2e2419aad9c29
measure	Set up job	2026-09-13T06:58:53.3941002Z Build Date: 2026-08-28T16:44:25Z
measure	Set up job	2026-09-13T06:58:53.3941760Z Worker ID: {cde3409f-4731-4f2f-ad1c-6e30ab401b81}
measure	Set up job	2026-09-13T06:58:53.3942529Z Azure Region: northcentralus
measure	Set up job	2026-09-13T06:58:53.3943213Z ##[endgroup]
measure	Set up job	2026-09-13T06:58:53.3944720Z ##[group]Operating System
measure	Set up job	2026-09-13T06:58:53.3945357Z Ubuntu
measure	Set up job	2026-09-13T06:58:53.3945981Z 24.04.5
measure	Set up job	2026-09-13T06:58:53.3946569Z LTS
measure	Set up job	2026-09-13T06:58:53.3947126Z ##[endgroup]
measure	Set up job	2026-09-13T06:58:53.3947680Z ##[group]Runner Image
measure	Set up job	2026-09-13T06:58:53.3948258Z Image: ubuntu-24.04
measure	Set up job	2026-09-13T06:58:53.3948891Z Version: 20260907.300.1
measure	Set up job	2026-09-13T06:58:53.3950041Z Included Software: https://github.com/actions/runner-images/blob/ubuntu24/20260907.300/images/ubuntu/Ubuntu2404-Readme.md
measure	Set up job	2026-09-13T06:58:53.3952238Z Image Release: https://github.com/actions/runner-images/releases/tag/ubuntu24%2F20260907.300
measure	Set up job	2026-09-13T06:58:53.3953197Z ##[endgroup]
measure	Set up job	2026-09-13T06:58:53.3954890Z ##[group]GITHUB_TOKEN Permissions
measure	Set up job	2026-09-13T06:58:53.3957536Z Contents: read
measure	Set up job	2026-09-13T06:58:53.3958321Z Metadata: read
measure	Set up job	2026-09-13T06:58:53.3958883Z ##[endgroup]
measure	Set up job	2026-09-13T06:58:53.3961394Z Secret source: Actions
measure	Set up job	2026-09-13T06:58:53.3962492Z Cache mode: write
measure	Set up job	2026-09-13T06:58:53.3963668Z Prepare workflow directory
measure	Set up job	2026-09-13T06:58:53.4487262Z Prepare all required actions
measure	Set up job	2026-09-13T06:58:53.4533566Z Getting action download info
measure	Set up job	2026-09-13T06:58:53.6825107Z Download action repository 'actions/checkout@3d3c42e5aac5ba805825da76410c181273ba90b1' (SHA:3d3c42e5aac5ba805825da76410c181273ba90b1)
measure	Set up job	2026-09-13T06:58:53.8055775Z Download action repository 'actions/upload-artifact@ea165f8d65b6e75b540449e92b4886f43607fa02' (SHA:ea165f8d65b6e75b540449e92b4886f43607fa02)
measure	Set up job	2026-09-13T06:58:54.0046980Z Complete job name: measure
measure	Check out measurement harness and revision history	﻿2026-09-13T06:58:54.0740707Z ##[group]Run actions/checkout@3d3c42e5aac5ba805825da76410c181273ba90b1
measure	Check out measurement harness and revision history	2026-09-13T06:58:54.0742001Z with:
measure	Check out measurement harness and revision history	2026-09-13T06:58:54.0742434Z   fetch-depth: 0
measure	Check out measurement harness and revision history	2026-09-13T06:58:54.0742915Z   repository: guicybercode/kokuban.rs
measure	Check out measurement harness and revision history	2026-09-13T06:58:54.0746705Z   token: ***
measure	Check out measurement harness and revision history	2026-09-13T06:58:54.0747144Z   ssh-strict: true
measure	Check out measurement harness and revision history	2026-09-13T06:58:54.0747589Z   ssh-user: git
measure	Check out measurement harness and revision history	2026-09-13T06:58:54.0748033Z   persist-credentials: true
measure	Check out measurement harness and revision history	2026-09-13T06:58:54.0748523Z   clean: true
measure	Check out measurement harness and revision history	2026-09-13T06:58:54.0748969Z   sparse-checkout-cone-mode: true
measure	Check out measurement harness and revision history	2026-09-13T06:58:54.0749496Z   fetch-tags: false
measure	Check out measurement harness and revision history	2026-09-13T06:58:54.0749949Z   show-progress: true
measure	Check out measurement harness and revision history	2026-09-13T06:58:54.0750413Z   lfs: false
measure	Check out measurement harness and revision history	2026-09-13T06:58:54.0751186Z   submodules: false
measure	Check out measurement harness and revision history	2026-09-13T06:58:54.0751743Z   set-safe-directory: true
measure	Check out measurement harness and revision history	2026-09-13T06:58:54.0752264Z   allow-unsafe-pr-checkout: false
measure	Check out measurement harness and revision history	2026-09-13T06:58:54.0753094Z env:
measure	Check out measurement harness and revision history	2026-09-13T06:58:54.0753520Z   CARGO_INCREMENTAL: 0
measure	Check out measurement harness and revision history	2026-09-13T06:58:54.0754013Z   CARGO_PROFILE_RELEASE_DEBUG: 0
measure	Check out measurement harness and revision history	2026-09-13T06:58:54.0754613Z   BEFORE_REF: 24782c344714727be4f8981cd0d1d10f047aa9f4
measure	Check out measurement harness and revision history	2026-09-13T06:58:54.0755242Z   AFTER_REF: f0040ad
measure	Check out measurement harness and revision history	2026-09-13T06:58:54.0755684Z   SCREEN: alternate
measure	Check out measurement harness and revision history	2026-09-13T06:58:54.0756115Z ##[endgroup]
measure	Check out measurement harness and revision history	2026-09-13T06:58:54.1728952Z Syncing repository: guicybercode/kokuban.rs
measure	Check out measurement harness and revision history	2026-09-13T06:58:54.1731130Z ##[group]Getting Git version info
measure	Check out measurement harness and revision history	2026-09-13T06:58:54.1732068Z Working directory is '/home/runner/work/kokuban.rs/kokuban.rs'
measure	Check out measurement harness and revision history	2026-09-13T06:58:54.1733102Z [command]/usr/bin/git version
measure	Check out measurement harness and revision history	2026-09-13T06:58:54.1830137Z git version 2.55.0
measure	Check out measurement harness and revision history	2026-09-13T06:58:54.1854379Z ##[endgroup]
measure	Check out measurement harness and revision history	2026-09-13T06:58:54.1865941Z Temporarily overriding HOME='/home/runner/work/_temp/dc3340d0-1f6b-4425-9263-595a539dae46' before making global git config changes
measure	Check out measurement harness and revision history	2026-09-13T06:58:54.1873350Z Adding repository directory to the temporary git global config as a safe directory
measure	Check out measurement harness and revision history	2026-09-13T06:58:54.1874947Z [command]/usr/bin/git config --global --add safe.directory /home/runner/work/kokuban.rs/kokuban.rs
measure	Check out measurement harness and revision history	2026-09-13T06:58:54.1924961Z Deleting the contents of '/home/runner/work/kokuban.rs/kokuban.rs'
measure	Check out measurement harness and revision history	2026-09-13T06:58:54.1927917Z ##[group]Determining repository object format
measure	Check out measurement harness and revision history	2026-09-13T06:58:54.1934628Z ##[endgroup]
measure	Check out measurement harness and revision history	2026-09-13T06:58:54.1943641Z ##[group]Initializing the repository
measure	Check out measurement harness and revision history	2026-09-13T06:58:54.1944739Z [command]/usr/bin/git init /home/runner/work/kokuban.rs/kokuban.rs
measure	Check out measurement harness and revision history	2026-09-13T06:58:54.2067526Z hint: Using 'master' as the name for the initial branch. This default branch name
measure	Check out measurement harness and revision history	2026-09-13T06:58:54.2069233Z hint: will change to "main" in Git 3.0. To configure the initial branch name
measure	Check out measurement harness and revision history	2026-09-13T06:58:54.2070982Z hint: to use in all of your new repositories, which will suppress this warning,
measure	Check out measurement harness and revision history	2026-09-13T06:58:54.2072301Z hint: call:
measure	Check out measurement harness and revision history	2026-09-13T06:58:54.2073013Z hint:
measure	Check out measurement harness and revision history	2026-09-13T06:58:54.2073832Z hint: 	git config --global init.defaultBranch <name>
measure	Check out measurement harness and revision history	2026-09-13T06:58:54.2074831Z hint:
measure	Check out measurement harness and revision history	2026-09-13T06:58:54.2075772Z hint: Names commonly chosen instead of 'master' are 'main', 'trunk' and
measure	Check out measurement harness and revision history	2026-09-13T06:58:54.2077373Z hint: 'development'. The just-created branch can be renamed via this command:
measure	Check out measurement harness and revision history	2026-09-13T06:58:54.2078666Z hint:
measure	Check out measurement harness and revision history	2026-09-13T06:58:54.2079318Z hint: 	git branch -m <name>
measure	Check out measurement harness and revision history	2026-09-13T06:58:54.2080076Z hint:
measure	Check out measurement harness and revision history	2026-09-13T06:58:54.2081686Z hint: Disable this message with "git config set advice.defaultBranchName false"
measure	Check out measurement harness and revision history	2026-09-13T06:58:54.2083483Z Initialized empty Git repository in /home/runner/work/kokuban.rs/kokuban.rs/.git/
measure	Check out measurement harness and revision history	2026-09-13T06:58:54.2086205Z [command]/usr/bin/git remote add origin https://github.com/guicybercode/kokuban.rs
measure	Check out measurement harness and revision history	2026-09-13T06:58:54.2139538Z ##[endgroup]
measure	Check out measurement harness and revision history	2026-09-13T06:58:54.2141128Z ##[group]Disabling automatic garbage collection
measure	Check out measurement harness and revision history	2026-09-13T06:58:54.2147734Z [command]/usr/bin/git config --local gc.auto 0
measure	Check out measurement harness and revision history	2026-09-13T06:58:54.2179548Z ##[endgroup]
measure	Check out measurement harness and revision history	2026-09-13T06:58:54.2181290Z ##[group]Setting up auth
measure	Check out measurement harness and revision history	2026-09-13T06:58:54.2182187Z Removing SSH command configuration
measure	Check out measurement harness and revision history	2026-09-13T06:58:54.2187806Z [command]/usr/bin/git config --local --name-only --get-regexp core\.sshCommand
measure	Check out measurement harness and revision history	2026-09-13T06:58:54.2221688Z [command]/usr/bin/git submodule foreach --recursive sh -c "git config --local --name-only --get-regexp 'core\.sshCommand' && git config --local --unset-all 'core.sshCommand' || :"
measure	Check out measurement harness and revision history	2026-09-13T06:58:54.2628272Z Removing HTTP extra header
measure	Check out measurement harness and revision history	2026-09-13T06:58:54.2634304Z [command]/usr/bin/git config --local --name-only --get-regexp http\.https\:\/\/github\.com\/\.extraheader
measure	Check out measurement harness and revision history	2026-09-13T06:58:54.2670516Z [command]/usr/bin/git submodule foreach --recursive sh -c "git config --local --name-only --get-regexp 'http\.https\:\/\/github\.com\/\.extraheader' && git config --local --unset-all 'http.https://github.com/.extraheader' || :"
measure	Check out measurement harness and revision history	2026-09-13T06:58:54.2888547Z Removing includeIf entries pointing to credentials config files
measure	Check out measurement harness and revision history	2026-09-13T06:58:54.2893426Z [command]/usr/bin/git config --local --name-only --get-regexp ^includeIf\.gitdir:
measure	Check out measurement harness and revision history	2026-09-13T06:58:54.2926532Z [command]/usr/bin/git submodule foreach --recursive git config --local --show-origin --name-only --get-regexp remote.origin.url
measure	Check out measurement harness and revision history	2026-09-13T06:58:54.3155998Z [command]/usr/bin/git config --file /home/runner/work/_temp/git-credentials-1a161aa5-f78c-4cbc-9539-6508c55c74b0.config http.https://github.com/.extraheader AUTHORIZATION: basic ***
measure	Check out measurement harness and revision history	2026-09-13T06:58:54.3195016Z [command]/usr/bin/git config --local includeIf.gitdir:/home/runner/work/kokuban.rs/kokuban.rs/.git.path /home/runner/work/_temp/git-credentials-1a161aa5-f78c-4cbc-9539-6508c55c74b0.config
measure	Check out measurement harness and revision history	2026-09-13T06:58:54.3230018Z [command]/usr/bin/git config --local includeIf.gitdir:/home/runner/work/kokuban.rs/kokuban.rs/.git/worktrees/*.path /home/runner/work/_temp/git-credentials-1a161aa5-f78c-4cbc-9539-6508c55c74b0.config
measure	Check out measurement harness and revision history	2026-09-13T06:58:54.3269583Z [command]/usr/bin/git config --local includeIf.gitdir:/github/workspace/.git.path /github/runner_temp/git-credentials-1a161aa5-f78c-4cbc-9539-6508c55c74b0.config
measure	Check out measurement harness and revision history	2026-09-13T06:58:54.3306625Z [command]/usr/bin/git config --local includeIf.gitdir:/github/workspace/.git/worktrees/*.path /github/runner_temp/git-credentials-1a161aa5-f78c-4cbc-9539-6508c55c74b0.config
measure	Check out measurement harness and revision history	2026-09-13T06:58:54.3338736Z ##[endgroup]
measure	Check out measurement harness and revision history	2026-09-13T06:58:54.3339824Z ##[group]Fetching the repository
measure	Check out measurement harness and revision history	2026-09-13T06:58:54.3346613Z [command]/usr/bin/git -c protocol.version=2 fetch --no-tags --prune --no-recurse-submodules origin +refs/heads/*:refs/remotes/origin/* +refs/tags/*:refs/tags/*
measure	Check out measurement harness and revision history	2026-09-13T06:58:55.2594599Z From https://github.com/guicybercode/kokuban.rs
measure	Check out measurement harness and revision history	2026-09-13T06:58:55.2596632Z  * [new branch]      build/linux-core-check  -> origin/build/linux-core-check
measure	Check out measurement harness and revision history	2026-09-13T06:58:55.2597753Z  * [new branch]      build/linux-glyph-atlas -> origin/build/linux-glyph-atlas
measure	Check out measurement harness and revision history	2026-09-13T06:58:55.2598804Z  * [new branch]      ci/macos-linux-core     -> origin/ci/macos-linux-core
measure	Check out measurement harness and revision history	2026-09-13T06:58:55.2599784Z  * [new branch]      codex/android-native    -> origin/codex/android-native
measure	Check out measurement harness and revision history	2026-09-13T06:58:55.2601038Z  * [new branch]      codex/linux-animation   -> origin/codex/linux-animation
measure	Check out measurement harness and revision history	2026-09-13T06:58:55.2602799Z  * [new branch]      codex/linux-clipboard   -> origin/codex/linux-clipboard
measure	Check out measurement harness and revision history	2026-09-13T06:58:55.2603852Z  * [new branch]      codex/linux-graphics    -> origin/codex/linux-graphics
measure	Check out measurement harness and revision history	2026-09-13T06:58:55.2604883Z  * [new branch]      codex/linux-video       -> origin/codex/linux-video
measure	Check out measurement harness and revision history	2026-09-13T06:58:55.2605896Z  * [new branch]      codex/omarchy-live-theme -> origin/codex/omarchy-live-theme
measure	Check out measurement harness and revision history	2026-09-13T06:58:55.2607011Z  * [new branch]      codex/terminal-compatibility -> origin/codex/terminal-compatibility
measure	Check out measurement harness and revision history	2026-09-13T06:58:55.2608401Z  * [new branch]      cursor/add-brand-image-readme-6117 -> origin/cursor/add-brand-image-readme-6117
measure	Check out measurement harness and revision history	2026-09-13T06:58:55.2609924Z  * [new branch]      cursor/product-readme-9228 -> origin/cursor/product-readme-9228
measure	Check out measurement harness and revision history	2026-09-13T06:58:55.2611740Z  * [new branch]      cursor/setup-dev-environment-1e59 -> origin/cursor/setup-dev-environment-1e59
measure	Check out measurement harness and revision history	2026-09-13T06:58:55.2613628Z  * [new branch]      feat/alternate-scroll-mode -> origin/feat/alternate-scroll-mode
measure	Check out measurement harness and revision history	2026-09-13T06:58:55.2619245Z  * [new branch]      feat/application-cursor-keys -> origin/feat/application-cursor-keys
measure	Check out measurement harness and revision history	2026-09-13T06:58:55.2620437Z  * [new branch]      feat/decawm-auto-wrap   -> origin/feat/decawm-auto-wrap
measure	Check out measurement harness and revision history	2026-09-13T06:58:55.2622025Z  * [new branch]      feat/linux-focus-reporting -> origin/feat/linux-focus-reporting
measure	Check out measurement harness and revision history	2026-09-13T06:58:55.2624125Z  * [new branch]      feat/linux-glyph-first-frame -> origin/feat/linux-glyph-first-frame
measure	Check out measurement harness and revision history	2026-09-13T06:58:55.2625702Z  * [new branch]      feat/linux-grid-rendering -> origin/feat/linux-grid-rendering
measure	Check out measurement harness and revision history	2026-09-13T06:58:55.2627278Z  * [new branch]      feat/linux-ime-commit   -> origin/feat/linux-ime-commit
measure	Check out measurement harness and revision history	2026-09-13T06:58:55.2628833Z  * [new branch]      feat/linux-ime-cursor-area -> origin/feat/linux-ime-cursor-area
measure	Check out measurement harness and revision history	2026-09-13T06:58:55.2630406Z  * [new branch]      feat/linux-ime-preedit  -> origin/feat/linux-ime-preedit
measure	Check out measurement harness and revision history	2026-09-13T06:58:55.2632202Z  * [new branch]      feat/linux-keyboard-input -> origin/feat/linux-keyboard-input
measure	Check out measurement harness and revision history	2026-09-13T06:58:55.2633852Z  * [new branch]      feat/linux-mouse-buttons -> origin/feat/linux-mouse-buttons
measure	Check out measurement harness and revision history	2026-09-13T06:58:55.2635651Z  * [new branch]      feat/linux-mouse-motion -> origin/feat/linux-mouse-motion
measure	Check out measurement harness and revision history	2026-09-13T06:58:55.2637422Z  * [new branch]      feat/linux-mouse-wheel  -> origin/feat/linux-mouse-wheel
measure	Check out measurement harness and revision history	2026-09-13T06:58:55.2639165Z  * [new branch]      feat/linux-osc-window-title -> origin/feat/linux-osc-window-title
measure	Check out measurement harness and revision history	2026-09-13T06:58:55.2641324Z  * [new branch]      feat/linux-scrollback-shortcuts -> origin/feat/linux-scrollback-shortcuts
measure	Check out measurement harness and revision history	2026-09-13T06:58:55.2643680Z  * [new branch]      feat/linux-terminal-resize -> origin/feat/linux-terminal-resize
measure	Check out measurement harness and revision history	2026-09-13T06:58:55.2645732Z  * [new branch]      feat/linux-terminal-session -> origin/feat/linux-terminal-session
measure	Check out measurement harness and revision history	2026-09-13T06:58:55.2647651Z  * [new branch]      feat/linux-terminal-writer -> origin/feat/linux-terminal-writer
measure	Check out measurement harness and revision history	2026-09-13T06:58:55.2649574Z  * [new branch]      feat/linux-window-bootstrap -> origin/feat/linux-window-bootstrap
measure	Check out measurement harness and revision history	2026-09-13T06:58:55.2651752Z  * [new branch]      feat/macos-osc-window-title -> origin/feat/macos-osc-window-title
measure	Check out measurement harness and revision history	2026-09-13T06:58:55.2653979Z  * [new branch]      feat/modified-terminal-keys -> origin/feat/modified-terminal-keys
measure	Check out measurement harness and revision history	2026-09-13T06:58:55.2656550Z  * [new branch]      feat/portable-a8-compositor -> origin/feat/portable-a8-compositor
measure	Check out measurement harness and revision history	2026-09-13T06:58:55.2658894Z  * [new branch]      feat/portable-terminal-reader -> origin/feat/portable-terminal-reader
measure	Check out measurement harness and revision history	2026-09-13T06:58:55.2661373Z  * [new branch]      feat/terminal-insert-key -> origin/feat/terminal-insert-key
measure	Check out measurement harness and revision history	2026-09-13T06:58:55.2663802Z  * [new branch]      fix/atomic-image-store-replacement -> origin/fix/atomic-image-store-replacement
measure	Check out measurement harness and revision history	2026-09-13T06:58:55.2666410Z  * [new branch]      fix/cancellable-pty-responses -> origin/fix/cancellable-pty-responses
measure	Check out measurement harness and revision history	2026-09-13T06:58:55.2668782Z  * [new branch]      fix/consume-csi-private-markers -> origin/fix/consume-csi-private-markers
measure	Check out measurement harness and revision history	2026-09-13T06:58:55.2670224Z  * [new branch]      fix/control-string-bounds -> origin/fix/control-string-bounds
measure	Check out measurement harness and revision history	2026-09-13T06:58:55.2671987Z  * [new branch]      fix/csi-3j-scrollback   -> origin/fix/csi-3j-scrollback
measure	Check out measurement harness and revision history	2026-09-13T06:58:55.2673206Z  * [new branch]      fix/csi-parser-bounds   -> origin/fix/csi-parser-bounds
measure	Check out measurement harness and revision history	2026-09-13T06:58:55.2674427Z  * [new branch]      fix/fallible-glyph-atlas -> origin/fix/fallible-glyph-atlas
measure	Check out measurement harness and revision history	2026-09-13T06:58:55.2675671Z  * [new branch]      fix/graphics-config-gates -> origin/fix/graphics-config-gates
measure	Check out measurement harness and revision history	2026-09-13T06:58:55.2677244Z  * [new branch]      fix/graphics-parser-capabilities -> origin/fix/graphics-parser-capabilities
measure	Check out measurement harness and revision history	2026-09-13T06:58:55.2679070Z  * [new branch]      fix/grid-resize-cursor-bounds -> origin/fix/grid-resize-cursor-bounds
measure	Check out measurement harness and revision history	2026-09-13T06:58:55.2680539Z  * [new branch]      fix/image-screen-buffer-lifecycle -> origin/fix/image-screen-buffer-lifecycle
measure	Check out measurement harness and revision history	2026-09-13T06:58:55.2682355Z  * [new branch]      fix/kitty-c1-placement-mode -> origin/fix/kitty-c1-placement-mode
measure	Check out measurement harness and revision history	2026-09-13T06:58:55.2683578Z  * [new branch]      fix/kitty-chunk-assembly -> origin/fix/kitty-chunk-assembly
measure	Check out measurement harness and revision history	2026-09-13T06:58:55.2684732Z  * [new branch]      fix/kitty-chunk-size-limit -> origin/fix/kitty-chunk-size-limit
measure	Check out measurement harness and revision history	2026-09-13T06:58:55.2685911Z  * [new branch]      fix/kitty-cursor-advance -> origin/fix/kitty-cursor-advance
measure	Check out measurement harness and revision history	2026-09-13T06:58:55.2687469Z  * [new branch]      fix/kitty-delete-selector-parsing -> origin/fix/kitty-delete-selector-parsing
measure	Check out measurement harness and revision history	2026-09-13T06:58:55.2689474Z  * [new branch]      fix/kitty-file-transfer-policy -> origin/fix/kitty-file-transfer-policy
measure	Check out measurement harness and revision history	2026-09-13T06:58:55.2691869Z  * [new branch]      fix/kitty-graphics-event-order -> origin/fix/kitty-graphics-event-order
measure	Check out measurement harness and revision history	2026-09-13T06:58:55.2694206Z  * [new branch]      fix/kitty-image-number-semantics -> origin/fix/kitty-image-number-semantics
measure	Check out measurement harness and revision history	2026-09-13T06:58:55.2696452Z  * [new branch]      fix/kitty-inline-cursor-motion -> origin/fix/kitty-inline-cursor-motion
measure	Check out measurement harness and revision history	2026-09-13T06:58:55.2698649Z  * [new branch]      fix/kitty-inline-pixel-offsets -> origin/fix/kitty-inline-pixel-offsets
measure	Check out measurement harness and revision history	2026-09-13T06:58:55.2701022Z  * [new branch]      fix/kitty-native-auto-size -> origin/fix/kitty-native-auto-size
measure	Check out measurement harness and revision history	2026-09-13T06:58:55.2703441Z  * [new branch]      fix/kitty-pane-scoped-image-ids -> origin/fix/kitty-pane-scoped-image-ids
measure	Check out measurement harness and revision history	2026-09-13T06:58:55.2705724Z  * [new branch]      fix/kitty-png-transmission -> origin/fix/kitty-png-transmission
measure	Check out measurement harness and revision history	2026-09-13T06:58:55.2708013Z  * [new branch]      fix/kitty-query-preserves-images -> origin/fix/kitty-query-preserves-images
measure	Check out measurement harness and revision history	2026-09-13T06:58:55.2710328Z  * [new branch]      fix/kitty-query-validation -> origin/fix/kitty-query-validation
measure	Check out measurement harness and revision history	2026-09-13T06:58:55.2712980Z  * [new branch]      fix/kitty-retransmission-placements -> origin/fix/kitty-retransmission-placements
measure	Check out measurement harness and revision history	2026-09-13T06:58:55.2715431Z  * [new branch]      fix/kitty-safe-hard-delete -> origin/fix/kitty-safe-hard-delete
measure	Check out measurement harness and revision history	2026-09-13T06:58:55.2716852Z  * [new branch]      fix/kitty-single-axis-aspect-ratio -> origin/fix/kitty-single-axis-aspect-ratio
measure	Check out measurement harness and revision history	2026-09-13T06:58:55.2718403Z  * [new branch]      fix/kitty-zlib-limits   -> origin/fix/kitty-zlib-limits
measure	Check out measurement harness and revision history	2026-09-13T06:58:55.2719781Z  * [new branch]      fix/linux-pointer-device-routing -> origin/fix/linux-pointer-device-routing
measure	Check out measurement harness and revision history	2026-09-13T06:58:55.2722270Z  * [new branch]      fix/linux-underline-rendering -> origin/fix/linux-underline-rendering
measure	Check out measurement harness and revision history	2026-09-13T06:58:55.2723808Z  * [new branch]      fix/lossless-terminal-input-headroom -> origin/fix/lossless-terminal-input-headroom
measure	Check out measurement harness and revision history	2026-09-13T06:58:55.2725849Z  * [new branch]      fix/macos-exact-keybind-modifiers -> origin/fix/macos-exact-keybind-modifiers
measure	Check out measurement harness and revision history	2026-09-13T06:58:55.2727405Z  * [new branch]      fix/macos-exact-scrollback-modifiers -> origin/fix/macos-exact-scrollback-modifiers
measure	Check out measurement harness and revision history	2026-09-13T06:58:55.2728779Z  * [new branch]      fix/macos-focus-reporting -> origin/fix/macos-focus-reporting
measure	Check out measurement harness and revision history	2026-09-13T06:58:55.2729999Z  * [new branch]      fix/macos-graphics-metric-race -> origin/fix/macos-graphics-metric-race
measure	Check out measurement harness and revision history	2026-09-13T06:58:55.2731600Z  * [new branch]      fix/macos-option-meta-text -> origin/fix/macos-option-meta-text
measure	Check out measurement harness and revision history	2026-09-13T06:58:55.2732854Z  * [new branch]      fix/macos-pane-focus-reporting -> origin/fix/macos-pane-focus-reporting
measure	Check out measurement harness and revision history	2026-09-13T06:58:55.2734076Z  * [new branch]      fix/macos-paste-preflight -> origin/fix/macos-paste-preflight
measure	Check out measurement harness and revision history	2026-09-13T06:58:55.2735241Z  * [new branch]      fix/macos-queued-pty-writes -> origin/fix/macos-queued-pty-writes
measure	Check out measurement harness and revision history	2026-09-13T06:58:55.2737321Z  * [new branch]      fix/macos-scroll-deltas -> origin/fix/macos-scroll-deltas
measure	Check out measurement harness and revision history	2026-09-13T06:58:55.2739388Z  * [new branch]      fix/macos-transactional-pane-resize -> origin/fix/macos-transactional-pane-resize
measure	Check out measurement harness and revision history	2026-09-13T06:58:55.2741824Z  * [new branch]      fix/macos-wheel-modifiers -> origin/fix/macos-wheel-modifiers
measure	Check out measurement harness and revision history	2026-09-13T06:58:55.2743724Z  * [new branch]      fix/portable-pty-lifecycle -> origin/fix/portable-pty-lifecycle
measure	Check out measurement harness and revision history	2026-09-13T06:58:55.2745671Z  * [new branch]      fix/preserve-pending-wrap -> origin/fix/preserve-pending-wrap
measure	Check out measurement harness and revision history	2026-09-13T06:58:55.2747931Z  * [new branch]      fix/preserve-terminal-content -> origin/fix/preserve-terminal-content
measure	Check out measurement harness and revision history	2026-09-13T06:58:55.2750408Z  * [new branch]      fix/pty-child-failure-cleanup -> origin/fix/pty-child-failure-cleanup
measure	Check out measurement harness and revision history	2026-09-13T06:58:55.2752841Z  * [new branch]      fix/pty-child-stage-write -> origin/fix/pty-child-stage-write
measure	Check out measurement harness and revision history	2026-09-13T06:58:55.2757736Z  * [new branch]      fix/pty-child-startup-deadline -> origin/fix/pty-child-startup-deadline
measure	Check out measurement harness and revision history	2026-09-13T06:58:55.2760066Z  * [new branch]      fix/pty-graphics-environment -> origin/fix/pty-graphics-environment
measure	Check out measurement harness and revision history	2026-09-13T06:58:55.2761906Z  * [new branch]      fix/pty-resize-eintr    -> origin/fix/pty-resize-eintr
measure	Check out measurement harness and revision history	2026-09-13T06:58:55.2762998Z  * [new branch]      fix/pty-write-errno     -> origin/fix/pty-write-errno
measure	Check out measurement harness and revision history	2026-09-13T06:58:55.2764477Z  * [new branch]      fix/serialized-pty-output -> origin/fix/serialized-pty-output
measure	Check out measurement harness and revision history	2026-09-13T06:58:55.2765676Z  * [new branch]      fix/sgr-colon-truecolor -> origin/fix/sgr-colon-truecolor
measure	Check out measurement harness and revision history	2026-09-13T06:58:55.2766805Z  * [new branch]      fix/sgr-conceal-rendering -> origin/fix/sgr-conceal-rendering
measure	Check out measurement harness and revision history	2026-09-13T06:58:55.2768187Z  * [new branch]      fix/sgr-faint-rendering -> origin/fix/sgr-faint-rendering
measure	Check out measurement harness and revision history	2026-09-13T06:58:55.2769316Z  * [new branch]      fix/sixel-event-ordering -> origin/fix/sixel-event-ordering
measure	Check out measurement harness and revision history	2026-09-13T06:58:55.2771246Z  * [new branch]      fix/sixel-resource-limits -> origin/fix/sixel-resource-limits
measure	Check out measurement harness and revision history	2026-09-13T06:58:55.2773537Z  * [new branch]      fix/terminal-input-byte-budget -> origin/fix/terminal-input-byte-budget
measure	Check out measurement harness and revision history	2026-09-13T06:58:55.2776223Z  * [new branch]      fix/terminal-pixel-report-overflow -> origin/fix/terminal-pixel-report-overflow
measure	Check out measurement harness and revision history	2026-09-13T06:58:55.2778727Z  * [new branch]      fix/utf8-control-strings -> origin/fix/utf8-control-strings
measure	Check out measurement harness and revision history	2026-09-13T06:58:55.2781069Z  * [new branch]      fix/xterm-color-cube    -> origin/fix/xterm-color-cube
measure	Check out measurement harness and revision history	2026-09-13T06:58:55.2782794Z  * [new branch]      main                    -> origin/main
measure	Check out measurement harness and revision history	2026-09-13T06:58:55.2784362Z  * [new branch]      perf/compact-history    -> origin/perf/compact-history
measure	Check out measurement harness and revision history	2026-09-13T06:58:55.2785600Z  * [new branch]      perf/mixed-utf8-spans   -> origin/perf/mixed-utf8-spans
measure	Check out measurement harness and revision history	2026-09-13T06:58:55.2787033Z  * [new branch]      perf/remove-grid-dirty  -> origin/perf/remove-grid-dirty
measure	Check out measurement harness and revision history	2026-09-13T06:58:55.2788762Z  * [new branch]      refactor/64-bit-image-store-ids -> origin/refactor/64-bit-image-store-ids
measure	Check out measurement harness and revision history	2026-09-13T06:58:55.2790601Z  * [new branch]      refactor/integer-glyph-atlas-coordinates -> origin/refactor/integer-glyph-atlas-coordinates
measure	Check out measurement harness and revision history	2026-09-13T06:58:55.2793072Z  * [new branch]      refactor/portable-graphics-types -> origin/refactor/portable-graphics-types
measure	Check out measurement harness and revision history	2026-09-13T06:58:55.2795582Z  * [new branch]      refactor/portable-pane-layout -> origin/refactor/portable-pane-layout
measure	Check out measurement harness and revision history	2026-09-13T06:58:55.2797230Z  * [new branch]      refactor/portable-render-scene -> origin/refactor/portable-render-scene
measure	Check out measurement harness and revision history	2026-09-13T06:58:55.2798815Z  * [new branch]      refactor/portable-selection-state -> origin/refactor/portable-selection-state
measure	Check out measurement harness and revision history	2026-09-13T06:58:55.2800447Z  * [new branch]      refactor/portable-terminal-colors -> origin/refactor/portable-terminal-colors
measure	Check out measurement harness and revision history	2026-09-13T06:58:55.2802461Z  * [new branch]      refactor/portable-terminal-decoder -> origin/refactor/portable-terminal-decoder
measure	Check out measurement harness and revision history	2026-09-13T06:58:55.2803900Z  * [new branch]      refactor/pty-readiness  -> origin/refactor/pty-readiness
measure	Check out measurement harness and revision history	2026-09-13T06:58:55.2805853Z  * [new branch]      refactor/shared-window-title-policy -> origin/refactor/shared-window-title-policy
measure	Check out measurement harness and revision history	2026-09-13T06:58:55.2808051Z  * [new branch]      upgrade                 -> origin/upgrade
measure	Check out measurement harness and revision history	2026-09-13T06:58:55.2809433Z  * [new tag]         v0.1                    -> v0.1
measure	Check out measurement harness and revision history	2026-09-13T06:58:55.2810643Z  * [new tag]         v0.2                    -> v0.2
measure	Check out measurement harness and revision history	2026-09-13T06:58:55.2813633Z [command]/usr/bin/git branch --list --remote origin/perf/compact-history
measure	Check out measurement harness and revision history	2026-09-13T06:58:55.2815278Z   origin/perf/compact-history
measure	Check out measurement harness and revision history	2026-09-13T06:58:55.2817947Z [command]/usr/bin/git rev-parse refs/remotes/origin/perf/compact-history
measure	Check out measurement harness and revision history	2026-09-13T06:58:55.2819688Z f0040ad66cbb49d76b387bbe0539c014bc801d28
measure	Check out measurement harness and revision history	2026-09-13T06:58:55.2822721Z ##[endgroup]
measure	Check out measurement harness and revision history	2026-09-13T06:58:55.2824173Z ##[group]Determining the checkout info
measure	Check out measurement harness and revision history	2026-09-13T06:58:55.2825847Z ##[endgroup]
measure	Check out measurement harness and revision history	2026-09-13T06:58:55.2826770Z [command]/usr/bin/git sparse-checkout disable
measure	Check out measurement harness and revision history	2026-09-13T06:58:55.2829977Z [command]/usr/bin/git config --local --unset-all extensions.worktreeConfig
measure	Check out measurement harness and revision history	2026-09-13T06:58:55.2838292Z ##[group]Checking out the ref
measure	Check out measurement harness and revision history	2026-09-13T06:58:55.2844388Z [command]/usr/bin/git checkout --progress --force -B perf/compact-history refs/remotes/origin/perf/compact-history
measure	Check out measurement harness and revision history	2026-09-13T06:58:55.3775333Z Switched to a new branch 'perf/compact-history'
measure	Check out measurement harness and revision history	2026-09-13T06:58:55.3780441Z branch 'perf/compact-history' set up to track 'origin/perf/compact-history'.
measure	Check out measurement harness and revision history	2026-09-13T06:58:55.3838447Z ##[endgroup]
measure	Check out measurement harness and revision history	2026-09-13T06:58:55.3842332Z [command]/usr/bin/git log -1 --format=%H
measure	Check out measurement harness and revision history	2026-09-13T06:58:55.3871449Z f0040ad66cbb49d76b387bbe0539c014bc801d28
measure	Install Rust and native Wayland dependencies	﻿2026-09-13T06:58:55.4181364Z ##[group]Run rustup toolchain install 1.94.1 --profile minimal
measure	Install Rust and native Wayland dependencies	2026-09-13T06:58:55.4183331Z [36;1mrustup toolchain install 1.94.1 --profile minimal[0m
measure	Install Rust and native Wayland dependencies	2026-09-13T06:58:55.4184905Z [36;1mrustup default 1.94.1[0m
measure	Install Rust and native Wayland dependencies	2026-09-13T06:58:55.4186143Z [36;1msudo apt-get update[0m
measure	Install Rust and native Wayland dependencies	2026-09-13T06:58:55.4187638Z [36;1msudo apt-get install --yes --no-install-recommends \[0m
measure	Install Rust and native Wayland dependencies	2026-09-13T06:58:55.4189635Z [36;1m  fonts-dejavu-core fonts-noto-color-emoji libfontconfig1-dev \[0m
measure	Install Rust and native Wayland dependencies	2026-09-13T06:58:55.4191987Z [36;1m  libfreetype6-dev libxkbcommon-x11-0 pkg-config weston[0m
measure	Install Rust and native Wayland dependencies	2026-09-13T06:58:55.4236726Z shell: /usr/bin/bash --noprofile --norc -e -o pipefail {0}
measure	Install Rust and native Wayland dependencies	2026-09-13T06:58:55.4238228Z env:
measure	Install Rust and native Wayland dependencies	2026-09-13T06:58:55.4239146Z   CARGO_INCREMENTAL: 0
measure	Install Rust and native Wayland dependencies	2026-09-13T06:58:55.4240299Z   CARGO_PROFILE_RELEASE_DEBUG: 0
measure	Install Rust and native Wayland dependencies	2026-09-13T06:58:55.4241966Z   BEFORE_REF: 24782c344714727be4f8981cd0d1d10f047aa9f4
measure	Install Rust and native Wayland dependencies	2026-09-13T06:58:55.4243353Z   AFTER_REF: f0040ad
measure	Install Rust and native Wayland dependencies	2026-09-13T06:58:55.4244369Z   SCREEN: alternate
measure	Install Rust and native Wayland dependencies	2026-09-13T06:58:55.4245353Z ##[endgroup]
measure	Install Rust and native Wayland dependencies	2026-09-13T06:58:55.4829158Z info: syncing channel updates for 1.94.1-x86_64-unknown-linux-gnu
measure	Install Rust and native Wayland dependencies	2026-09-13T06:58:55.5941656Z info: latest update on 2026-03-26 for version 1.94.1 (e408947bf 2026-03-25)
measure	Install Rust and native Wayland dependencies	2026-09-13T06:58:55.5943854Z info: downloading 3 components
measure	Install Rust and native Wayland dependencies	2026-09-13T06:59:03.0187670Z 
measure	Install Rust and native Wayland dependencies	2026-09-13T06:59:03.0261143Z   1.94.1-x86_64-unknown-linux-gnu installed - rustc 1.94.1 (e408947bf 2026-03-25)
measure	Install Rust and native Wayland dependencies	2026-09-13T06:59:03.0261709Z 
measure	Install Rust and native Wayland dependencies	2026-09-13T06:59:03.0357645Z info: using existing install for 1.94.1-x86_64-unknown-linux-gnu
measure	Install Rust and native Wayland dependencies	2026-09-13T06:59:03.0364304Z info: default toolchain set to 1.94.1-x86_64-unknown-linux-gnu
measure	Install Rust and native Wayland dependencies	2026-09-13T06:59:03.0364815Z 
measure	Install Rust and native Wayland dependencies	2026-09-13T06:59:03.0430729Z   1.94.1-x86_64-unknown-linux-gnu unchanged - rustc 1.94.1 (e408947bf 2026-03-25)
measure	Install Rust and native Wayland dependencies	2026-09-13T06:59:03.0431585Z 
measure	Install Rust and native Wayland dependencies	2026-09-13T06:59:03.1273882Z Get:1 file:/etc/apt/apt-mirrors.txt Mirrorlist [144 B]
measure	Install Rust and native Wayland dependencies	2026-09-13T06:59:03.1602934Z Hit:2 http://azure.archive.ubuntu.com/ubuntu noble InRelease
measure	Install Rust and native Wayland dependencies	2026-09-13T06:59:03.1604590Z Get:6 https://packages.microsoft.com/ubuntu/24.04/prod noble InRelease [3600 B]
measure	Install Rust and native Wayland dependencies	2026-09-13T06:59:03.1614824Z Get:3 http://azure.archive.ubuntu.com/ubuntu noble-updates InRelease [126 kB]
measure	Install Rust and native Wayland dependencies	2026-09-13T06:59:03.1666335Z Get:4 http://azure.archive.ubuntu.com/ubuntu noble-backports InRelease [126 kB]
measure	Install Rust and native Wayland dependencies	2026-09-13T06:59:03.1703400Z Get:5 http://azure.archive.ubuntu.com/ubuntu noble-security InRelease [126 kB]
measure	Install Rust and native Wayland dependencies	2026-09-13T06:59:03.1892022Z Get:7 https://dl.google.com/linux/chrome-stable/deb stable InRelease [2548 B]
measure	Install Rust and native Wayland dependencies	2026-09-13T06:59:03.2884916Z Get:8 https://packages.microsoft.com/ubuntu/24.04/prod noble/main arm64 Packages [414 kB]
measure	Install Rust and native Wayland dependencies	2026-09-13T06:59:03.3052275Z Get:9 https://packages.microsoft.com/ubuntu/24.04/prod noble/main amd64 Packages [463 kB]
measure	Install Rust and native Wayland dependencies	2026-09-13T06:59:03.3395158Z Get:10 http://azure.archive.ubuntu.com/ubuntu noble-updates/main amd64 Packages [1263 kB]
measure	Install Rust and native Wayland dependencies	2026-09-13T06:59:03.3479496Z Get:11 http://azure.archive.ubuntu.com/ubuntu noble-updates/main Translation-en [292 kB]
measure	Install Rust and native Wayland dependencies	2026-09-13T06:59:03.3511961Z Get:12 http://azure.archive.ubuntu.com/ubuntu noble-updates/main amd64 Components [180 kB]
measure	Install Rust and native Wayland dependencies	2026-09-13T06:59:03.3529299Z Get:13 http://azure.archive.ubuntu.com/ubuntu noble-updates/universe amd64 Packages [1690 kB]
measure	Install Rust and native Wayland dependencies	2026-09-13T06:59:03.3618852Z Get:14 http://azure.archive.ubuntu.com/ubuntu noble-updates/universe amd64 Components [388 kB]
measure	Install Rust and native Wayland dependencies	2026-09-13T06:59:03.3661885Z Get:15 http://azure.archive.ubuntu.com/ubuntu noble-updates/restricted amd64 Packages [1544 kB]
measure	Install Rust and native Wayland dependencies	2026-09-13T06:59:03.3736692Z Get:16 http://azure.archive.ubuntu.com/ubuntu noble-updates/restricted Translation-en [354 kB]
measure	Install Rust and native Wayland dependencies	2026-09-13T06:59:03.3766342Z Get:17 http://azure.archive.ubuntu.com/ubuntu noble-updates/multiverse amd64 Components [940 B]
measure	Install Rust and native Wayland dependencies	2026-09-13T06:59:03.3911892Z Get:18 http://azure.archive.ubuntu.com/ubuntu noble-backports/main amd64 Components [5748 B]
measure	Install Rust and native Wayland dependencies	2026-09-13T06:59:03.3929565Z Get:19 http://azure.archive.ubuntu.com/ubuntu noble-backports/universe amd64 Components [12.6 kB]
measure	Install Rust and native Wayland dependencies	2026-09-13T06:59:03.4882400Z Get:20 http://azure.archive.ubuntu.com/ubuntu noble-security/main amd64 Packages [1006 kB]
measure	Install Rust and native Wayland dependencies	2026-09-13T06:59:03.5006023Z Get:21 http://azure.archive.ubuntu.com/ubuntu noble-security/main Translation-en [213 kB]
measure	Install Rust and native Wayland dependencies	2026-09-13T06:59:03.5019269Z Get:22 http://azure.archive.ubuntu.com/ubuntu noble-security/main amd64 Components [46.4 kB]
measure	Install Rust and native Wayland dependencies	2026-09-13T06:59:03.5048338Z Get:23 http://azure.archive.ubuntu.com/ubuntu noble-security/universe amd64 Packages [1206 kB]
measure	Install Rust and native Wayland dependencies	2026-09-13T06:59:03.5121802Z Get:24 http://azure.archive.ubuntu.com/ubuntu noble-security/universe amd64 Components [76.3 kB]
measure	Install Rust and native Wayland dependencies	2026-09-13T06:59:03.5141163Z Get:25 http://azure.archive.ubuntu.com/ubuntu noble-security/restricted amd64 Packages [1445 kB]
measure	Install Rust and native Wayland dependencies	2026-09-13T06:59:03.5230302Z Get:26 http://azure.archive.ubuntu.com/ubuntu noble-security/restricted Translation-en [336 kB]
measure	Install Rust and native Wayland dependencies	2026-09-13T06:59:03.5368009Z Get:27 https://dl.google.com/linux/chrome-stable/deb stable/main amd64 Packages [1409 B]
measure	Install Rust and native Wayland dependencies	2026-09-13T06:59:08.0722457Z Fetched 11.3 MB in 1s (8868 kB/s)
measure	Install Rust and native Wayland dependencies	2026-09-13T06:59:08.8351369Z Reading package lists...
measure	Install Rust and native Wayland dependencies	2026-09-13T06:59:08.8657790Z Reading package lists...
measure	Install Rust and native Wayland dependencies	2026-09-13T06:59:09.0155849Z Building dependency tree...
measure	Install Rust and native Wayland dependencies	2026-09-13T06:59:09.0163577Z Reading state information...
measure	Install Rust and native Wayland dependencies	2026-09-13T06:59:09.1474432Z fonts-dejavu-core is already the newest version (2.37-8).
measure	Install Rust and native Wayland dependencies	2026-09-13T06:59:09.1475045Z fonts-dejavu-core set to manually installed.
measure	Install Rust and native Wayland dependencies	2026-09-13T06:59:09.1476453Z fonts-noto-color-emoji is already the newest version (2.047-0ubuntu0.24.04.1).
measure	Install Rust and native Wayland dependencies	2026-09-13T06:59:09.1477159Z pkg-config is already the newest version (1.8.1-2build1).
measure	Install Rust and native Wayland dependencies	2026-09-13T06:59:09.1477682Z The following additional packages will be installed:
measure	Install Rust and native Wayland dependencies	2026-09-13T06:59:09.1478335Z   libaml0t64 libass9 libasyncns0 libavcodec60 libavfilter9 libavformat60
measure	Install Rust and native Wayland dependencies	2026-09-13T06:59:09.1479188Z   libavutil58 libblas3 libbluray2 libbrotli-dev libbs2b0 libbz2-dev
measure	Install Rust and native Wayland dependencies	2026-09-13T06:59:09.1480010Z   libchromaprint1 libcjson1 libcodec2-1.2 libdav1d7 libegl-mesa0 libegl1
measure	Install Rust and native Wayland dependencies	2026-09-13T06:59:09.1480674Z   libflac12t64 libflite1 libfontconfig-dev libfreerdp-server2-2t64
measure	Install Rust and native Wayland dependencies	2026-09-13T06:59:09.1481745Z   libfreerdp2-2t64 libgles2 libgme0 libgsm1 libgstreamer-plugins-base1.0-0
measure	Install Rust and native Wayland dependencies	2026-09-13T06:59:09.1482459Z   libhwy1t64 libinput-bin libinput10 libjxl0.7 liblapack3 liblilv-0-0
measure	Install Rust and native Wayland dependencies	2026-09-13T06:59:09.1483117Z   libmbedcrypto7t64 libmp3lame0 libmpg123-0t64 libmtdev1t64 libmysofa1
measure	Install Rust and native Wayland dependencies	2026-09-13T06:59:09.1483731Z   libneatvnc0 libopenmpt0t64 libopus0 liborc-0.4-0t64 libpipewire-0.3-0t64
measure	Install Rust and native Wayland dependencies	2026-09-13T06:59:09.1484466Z   libplacebo338 libpng-dev libpocketsphinx3 libpostproc57 libpulse0 librav1e0
measure	Install Rust and native Wayland dependencies	2026-09-13T06:59:09.1485300Z   librist4 librsvg2-2 librubberband2 libsamplerate0 libseat1 libserd-0-0
measure	Install Rust and native Wayland dependencies	2026-09-13T06:59:09.1486067Z   libshine3 libsndfile1 libsord-0-0 libsoxr0 libspa-0.2-modules libspeex1
measure	Install Rust and native Wayland dependencies	2026-09-13T06:59:09.1486800Z   libsphinxbase3t64 libsratom-0-0 libsrt1.5-gnutls libssh-gcrypt-4
measure	Install Rust and native Wayland dependencies	2026-09-13T06:59:09.1487499Z   libsvtav1enc1d1 libswresample4 libswscale7 libtheora0 libturbojpeg
measure	Install Rust and native Wayland dependencies	2026-09-13T06:59:09.1488244Z   libtwolame0 libudfread0 libunibreak5 libva-drm2 libva-x11-2 libva2 libvdpau1
measure	Install Rust and native Wayland dependencies	2026-09-13T06:59:09.1488996Z   libvidstab1.1 libvorbisenc2 libvpl2 libvpx9 libwacom-common libwacom9
measure	Install Rust and native Wayland dependencies	2026-09-13T06:59:09.1489555Z   libwayland-server0 libwebrtc-audio-processing1 libweston-13-0 libwinpr2-2t64
measure	Install Rust and native Wayland dependencies	2026-09-13T06:59:09.1490118Z   libx264-164 libx265-199 libxcb-composite0 libxcb-xkb1 libxvidcore4 libzimg2
measure	Install Rust and native Wayland dependencies	2026-09-13T06:59:09.1490645Z   libzix-0-0 libzvbi-common libzvbi0t64 ocl-icd-libopencl1 uuid-dev
measure	Install Rust and native Wayland dependencies	2026-09-13T06:59:09.1491186Z Suggested packages:
measure	Install Rust and native Wayland dependencies	2026-09-13T06:59:09.1491506Z   libcuda1 libnvcuvid1 libnvidia-encode1 libbluray-bdj freerdp2-x11
measure	Install Rust and native Wayland dependencies	2026-09-13T06:59:09.1491989Z   freetype2-doc libvisual-0.4-plugins opus-tools pipewire pulseaudio
measure	Install Rust and native Wayland dependencies	2026-09-13T06:59:09.1492477Z   librsvg2-bin serdi sordi speex libwacom-bin opencl-icd wayland-utils
measure	Install Rust and native Wayland dependencies	2026-09-13T06:59:09.1492951Z Recommended packages:
measure	Install Rust and native Wayland dependencies	2026-09-13T06:59:09.1493284Z   libaacs0 bzip2-doc gstreamer1.0-plugins-base libpipewire-0.3-common
measure	Install Rust and native Wayland dependencies	2026-09-13T06:59:09.1493801Z   libpng-tools pocketsphinx-en-us librsvg2-common va-driver-all | va-driver
measure	Install Rust and native Wayland dependencies	2026-09-13T06:59:09.1494243Z   vdpau-driver-all | vdpau-driver
measure	Install Rust and native Wayland dependencies	2026-09-13T06:59:09.1992885Z The following NEW packages will be installed:
measure	Install Rust and native Wayland dependencies	2026-09-13T06:59:09.1993934Z   libaml0t64 libass9 libasyncns0 libavcodec60 libavfilter9 libavformat60
measure	Install Rust and native Wayland dependencies	2026-09-13T06:59:09.1994715Z   libavutil58 libblas3 libbluray2 libbrotli-dev libbs2b0 libbz2-dev
measure	Install Rust and native Wayland dependencies	2026-09-13T06:59:09.1995401Z   libchromaprint1 libcjson1 libcodec2-1.2 libdav1d7 libegl-mesa0 libegl1
measure	Install Rust and native Wayland dependencies	2026-09-13T06:59:09.1996475Z   libflac12t64 libflite1 libfontconfig-dev libfontconfig1-dev
measure	Install Rust and native Wayland dependencies	2026-09-13T06:59:09.1997200Z   libfreerdp-server2-2t64 libfreerdp2-2t64 libfreetype-dev libgles2 libgme0
measure	Install Rust and native Wayland dependencies	2026-09-13T06:59:09.1997963Z   libgsm1 libgstreamer-plugins-base1.0-0 libhwy1t64 libinput-bin libinput10
measure	Install Rust and native Wayland dependencies	2026-09-13T06:59:09.1998817Z   libjxl0.7 liblapack3 liblilv-0-0 libmbedcrypto7t64 libmp3lame0
measure	Install Rust and native Wayland dependencies	2026-09-13T06:59:09.1999594Z   libmpg123-0t64 libmtdev1t64 libmysofa1 libneatvnc0 libopenmpt0t64 libopus0
measure	Install Rust and native Wayland dependencies	2026-09-13T06:59:09.2000254Z   liborc-0.4-0t64 libpipewire-0.3-0t64 libplacebo338 libpng-dev
measure	Install Rust and native Wayland dependencies	2026-09-13T06:59:09.2001218Z   libpocketsphinx3 libpostproc57 libpulse0 librav1e0 librist4 librsvg2-2
measure	Install Rust and native Wayland dependencies	2026-09-13T06:59:09.2001949Z   librubberband2 libsamplerate0 libseat1 libserd-0-0 libshine3 libsndfile1
measure	Install Rust and native Wayland dependencies	2026-09-13T06:59:09.2002635Z   libsord-0-0 libsoxr0 libspa-0.2-modules libspeex1 libsphinxbase3t64
measure	Install Rust and native Wayland dependencies	2026-09-13T06:59:09.2003255Z   libsratom-0-0 libsrt1.5-gnutls libssh-gcrypt-4 libsvtav1enc1d1
measure	Install Rust and native Wayland dependencies	2026-09-13T06:59:09.2004218Z   libswresample4 libswscale7 libtheora0 libturbojpeg libtwolame0 libudfread0
measure	Install Rust and native Wayland dependencies	2026-09-13T06:59:09.2004895Z   libunibreak5 libva-drm2 libva-x11-2 libva2 libvdpau1 libvidstab1.1
measure	Install Rust and native Wayland dependencies	2026-09-13T06:59:09.2005440Z   libvorbisenc2 libvpl2 libvpx9 libwacom-common libwacom9 libwayland-server0
measure	Install Rust and native Wayland dependencies	2026-09-13T06:59:09.2005969Z   libwebrtc-audio-processing1 libweston-13-0 libwinpr2-2t64 libx264-164
measure	Install Rust and native Wayland dependencies	2026-09-13T06:59:09.2006486Z   libx265-199 libxcb-composite0 libxcb-xkb1 libxkbcommon-x11-0 libxvidcore4
measure	Install Rust and native Wayland dependencies	2026-09-13T06:59:09.2007033Z   libzimg2 libzix-0-0 libzvbi-common libzvbi0t64 ocl-icd-libopencl1 uuid-dev
measure	Install Rust and native Wayland dependencies	2026-09-13T06:59:09.2007418Z   weston
measure	Install Rust and native Wayland dependencies	2026-09-13T06:59:09.2196355Z 0 upgraded, 102 newly installed, 0 to remove and 50 not upgraded.
measure	Install Rust and native Wayland dependencies	2026-09-13T06:59:09.2196902Z Need to get 65.5 MB of archives.
measure	Install Rust and native Wayland dependencies	2026-09-13T06:59:09.2197493Z After this operation, 189 MB of additional disk space will be used.
measure	Install Rust and native Wayland dependencies	2026-09-13T06:59:09.2198217Z Get:1 file:/etc/apt/apt-mirrors.txt Mirrorlist [144 B]
measure	Install Rust and native Wayland dependencies	2026-09-13T06:59:09.2572178Z Get:2 http://azure.archive.ubuntu.com/ubuntu noble/universe amd64 libaml0t64 amd64 0.3.0-1.1build1 [11.6 kB]
measure	Install Rust and native Wayland dependencies	2026-09-13T06:59:09.2800388Z Get:3 http://azure.archive.ubuntu.com/ubuntu noble/universe amd64 libunibreak5 amd64 5.1-2build1 [25.0 kB]
measure	Install Rust and native Wayland dependencies	2026-09-13T06:59:09.3018711Z Get:4 http://azure.archive.ubuntu.com/ubuntu noble/universe amd64 libass9 amd64 1:0.17.1-2build1 [104 kB]
measure	Install Rust and native Wayland dependencies	2026-09-13T06:59:09.3282111Z Get:5 http://azure.archive.ubuntu.com/ubuntu noble/main amd64 libasyncns0 amd64 0.8-6build4 [11.3 kB]
measure	Install Rust and native Wayland dependencies	2026-09-13T06:59:09.3500753Z Get:6 http://azure.archive.ubuntu.com/ubuntu noble-updates/universe amd64 libva2 amd64 2.20.0-2ubuntu0.2 [66.4 kB]
measure	Install Rust and native Wayland dependencies	2026-09-13T06:59:09.3725251Z Get:7 http://azure.archive.ubuntu.com/ubuntu noble-updates/universe amd64 libva-drm2 amd64 2.20.0-2ubuntu0.2 [7124 B]
measure	Install Rust and native Wayland dependencies	2026-09-13T06:59:09.3943821Z Get:8 http://azure.archive.ubuntu.com/ubuntu noble-updates/universe amd64 libva-x11-2 amd64 2.20.0-2ubuntu0.2 [12.0 kB]
measure	Install Rust and native Wayland dependencies	2026-09-13T06:59:09.4174484Z Get:9 http://azure.archive.ubuntu.com/ubuntu noble/main amd64 libvdpau1 amd64 1.5-2build1 [27.8 kB]
measure	Install Rust and native Wayland dependencies	2026-09-13T06:59:09.4396997Z Get:10 http://azure.archive.ubuntu.com/ubuntu noble/universe amd64 libvpl2 amd64 2023.3.0-1build1 [99.8 kB]
measure	Install Rust and native Wayland dependencies	2026-09-13T06:59:09.4640128Z Get:11 http://azure.archive.ubuntu.com/ubuntu noble/universe amd64 ocl-icd-libopencl1 amd64 2.3.2-1build1 [38.5 kB]
measure	Install Rust and native Wayland dependencies	2026-09-13T06:59:09.4863631Z Get:12 http://azure.archive.ubuntu.com/ubuntu noble/universe amd64 libavutil58 amd64 7:6.1.1-3ubuntu5 [401 kB]
measure	Install Rust and native Wayland dependencies	2026-09-13T06:59:09.5190180Z Get:13 http://azure.archive.ubuntu.com/ubuntu noble/universe amd64 libcodec2-1.2 amd64 1.2.0-2build1 [8998 kB]
measure	Install Rust and native Wayland dependencies	2026-09-13T06:59:09.7161852Z Get:14 http://azure.archive.ubuntu.com/ubuntu noble/universe amd64 libdav1d7 amd64 1.4.1-1build1 [604 kB]
measure	Install Rust and native Wayland dependencies	2026-09-13T06:59:09.7451058Z Get:15 http://azure.archive.ubuntu.com/ubuntu noble/universe amd64 libgsm1 amd64 1.0.22-1build1 [27.8 kB]
measure	Install Rust and native Wayland dependencies	2026-09-13T06:59:09.7692857Z Get:16 http://azure.archive.ubuntu.com/ubuntu noble/universe amd64 libhwy1t64 amd64 1.0.7-8.1build1 [584 kB]
measure	Install Rust and native Wayland dependencies	2026-09-13T06:59:09.8040918Z Get:17 http://azure.archive.ubuntu.com/ubuntu noble-updates/universe amd64 libjxl0.7 amd64 0.7.0-10.2ubuntu6.1 [1001 kB]
measure	Install Rust and native Wayland dependencies	2026-09-13T06:59:09.8345095Z Get:18 http://azure.archive.ubuntu.com/ubuntu noble/main amd64 libmp3lame0 amd64 3.100-6build1 [142 kB]
measure	Install Rust and native Wayland dependencies	2026-09-13T06:59:09.8579555Z Get:19 http://azure.archive.ubuntu.com/ubuntu noble/main amd64 libopus0 amd64 1.4-1build1 [208 kB]
measure	Install Rust and native Wayland dependencies	2026-09-13T06:59:09.8818685Z Get:20 http://azure.archive.ubuntu.com/ubuntu noble/universe amd64 librav1e0 amd64 0.7.1-2 [1022 kB]
measure	Install Rust and native Wayland dependencies	2026-09-13T06:59:09.9596143Z Get:21 http://azure.archive.ubuntu.com/ubuntu noble/main amd64 librsvg2-2 amd64 2.58.0+dfsg-1build1 [2135 kB]
measure	Install Rust and native Wayland dependencies	2026-09-13T06:59:09.9991714Z Get:22 http://azure.archive.ubuntu.com/ubuntu noble/universe amd64 libshine3 amd64 3.1.1-2build1 [23.2 kB]
measure	Install Rust and native Wayland dependencies	2026-09-13T06:59:10.0210640Z Get:23 http://azure.archive.ubuntu.com/ubuntu noble-updates/main amd64 libspeex1 amd64 1.2.1-2ubuntu2.24.04.1 [59.6 kB]
measure	Install Rust and native Wayland dependencies	2026-09-13T06:59:10.0435968Z Get:24 http://azure.archive.ubuntu.com/ubuntu noble/universe amd64 libsvtav1enc1d1 amd64 1.7.0+dfsg-2build1 [2425 kB]
measure	Install Rust and native Wayland dependencies	2026-09-13T06:59:10.0883482Z Get:25 http://azure.archive.ubuntu.com/ubuntu noble/universe amd64 libsoxr0 amd64 0.1.3-4build3 [80.0 kB]
measure	Install Rust and native Wayland dependencies	2026-09-13T06:59:10.1108102Z Get:26 http://azure.archive.ubuntu.com/ubuntu noble/universe amd64 libswresample4 amd64 7:6.1.1-3ubuntu5 [63.8 kB]
measure	Install Rust and native Wayland dependencies	2026-09-13T06:59:10.1334494Z Get:27 http://azure.archive.ubuntu.com/ubuntu noble/main amd64 libtheora0 amd64 1.1.1+dfsg.1-16.1build3 [211 kB]
measure	Install Rust and native Wayland dependencies	2026-09-13T06:59:10.1567325Z Get:28 http://azure.archive.ubuntu.com/ubuntu noble/main amd64 libtwolame0 amd64 0.4.0-2build3 [52.3 kB]
measure	Install Rust and native Wayland dependencies	2026-09-13T06:59:10.1794236Z Get:29 http://azure.archive.ubuntu.com/ubuntu noble/main amd64 libvorbisenc2 amd64 1.3.7-1build3 [80.8 kB]
measure	Install Rust and native Wayland dependencies	2026-09-13T06:59:10.2019812Z Get:30 http://azure.archive.ubuntu.com/ubuntu noble-updates/main amd64 libvpx9 amd64 1.14.0-1ubuntu2.3 [1143 kB]
measure	Install Rust and native Wayland dependencies	2026-09-13T06:59:10.2324545Z Get:31 http://azure.archive.ubuntu.com/ubuntu noble/universe amd64 libx264-164 amd64 2:0.164.3108+git31e19f9-1 [604 kB]
measure	Install Rust and native Wayland dependencies	2026-09-13T06:59:10.2581889Z Get:32 http://azure.archive.ubuntu.com/ubuntu noble/universe amd64 libx265-199 amd64 3.5-2build1 [1226 kB]
measure	Install Rust and native Wayland dependencies	2026-09-13T06:59:10.2912093Z Get:33 http://azure.archive.ubuntu.com/ubuntu noble/universe amd64 libxvidcore4 amd64 2:1.3.7-1build1 [219 kB]
measure	Install Rust and native Wayland dependencies	2026-09-13T06:59:10.3147249Z Get:34 http://azure.archive.ubuntu.com/ubuntu noble/universe amd64 libzvbi-common all 0.2.42-2 [42.4 kB]
measure	Install Rust and native Wayland dependencies	2026-09-13T06:59:10.3368852Z Get:35 http://azure.archive.ubuntu.com/ubuntu noble/universe amd64 libzvbi0t64 amd64 0.2.42-2 [261 kB]
measure	Install Rust and native Wayland dependencies	2026-09-13T06:59:10.3604341Z Get:36 http://azure.archive.ubuntu.com/ubuntu noble/universe amd64 libavcodec60 amd64 7:6.1.1-3ubuntu5 [5851 kB]
measure	Install Rust and native Wayland dependencies	2026-09-13T06:59:10.4280778Z Get:37 http://azure.archive.ubuntu.com/ubuntu noble/universe amd64 libudfread0 amd64 1.1.2-1build1 [19.0 kB]
measure	Install Rust and native Wayland dependencies	2026-09-13T06:59:10.4501945Z Get:38 http://azure.archive.ubuntu.com/ubuntu noble/universe amd64 libbluray2 amd64 1:1.3.4-1build1 [159 kB]
measure	Install Rust and native Wayland dependencies	2026-09-13T06:59:10.5157471Z Get:39 http://azure.archive.ubuntu.com/ubuntu noble/universe amd64 libchromaprint1 amd64 1.5.1-5 [30.5 kB]
measure	Install Rust and native Wayland dependencies	2026-09-13T06:59:10.5377365Z Get:40 http://azure.archive.ubuntu.com/ubuntu noble/universe amd64 libgme0 amd64 0.6.3-7build1 [134 kB]
measure	Install Rust and native Wayland dependencies	2026-09-13T06:59:10.5605447Z Get:41 http://azure.archive.ubuntu.com/ubuntu noble-updates/main amd64 libmpg123-0t64 amd64 1.32.5-1ubuntu1.1 [169 kB]
measure	Install Rust and native Wayland dependencies	2026-09-13T06:59:10.5835824Z Get:42 http://azure.archive.ubuntu.com/ubuntu noble/universe amd64 libopenmpt0t64 amd64 0.7.3-1.1build3 [647 kB]
measure	Install Rust and native Wayland dependencies	2026-09-13T06:59:10.6110090Z Get:43 http://azure.archive.ubuntu.com/ubuntu noble/universe amd64 libcjson1 amd64 1.7.17-1 [24.8 kB]
measure	Install Rust and native Wayland dependencies	2026-09-13T06:59:10.6335676Z Get:44 http://azure.archive.ubuntu.com/ubuntu noble/universe amd64 libmbedcrypto7t64 amd64 2.28.8-1 [209 kB]
measure	Install Rust and native Wayland dependencies	2026-09-13T06:59:10.6571128Z Get:45 http://azure.archive.ubuntu.com/ubuntu noble/universe amd64 librist4 amd64 0.2.10+dfsg-2 [74.9 kB]
measure	Install Rust and native Wayland dependencies	2026-09-13T06:59:10.6793629Z Get:46 http://azure.archive.ubuntu.com/ubuntu noble/universe amd64 libsrt1.5-gnutls amd64 1.5.3-1build2 [316 kB]
measure	Install Rust and native Wayland dependencies	2026-09-13T06:59:10.7043601Z Get:47 http://azure.archive.ubuntu.com/ubuntu noble-updates/main amd64 libssh-gcrypt-4 amd64 0.10.6-2ubuntu0.5 [226 kB]
measure	Install Rust and native Wayland dependencies	2026-09-13T06:59:10.7281792Z Get:48 http://azure.archive.ubuntu.com/ubuntu noble/universe amd64 libavformat60 amd64 7:6.1.1-3ubuntu5 [1153 kB]
measure	Install Rust and native Wayland dependencies	2026-09-13T06:59:10.7578219Z Get:49 http://azure.archive.ubuntu.com/ubuntu noble/universe amd64 libbs2b0 amd64 3.1.0+dfsg-7build1 [10.6 kB]
measure	Install Rust and native Wayland dependencies	2026-09-13T06:59:10.7798102Z Get:50 http://azure.archive.ubuntu.com/ubuntu noble/universe amd64 libflite1 amd64 2.2-6build3 [13.6 MB]
measure	Install Rust and native Wayland dependencies	2026-09-13T06:59:10.9184793Z Get:51 http://azure.archive.ubuntu.com/ubuntu noble/universe amd64 libserd-0-0 amd64 0.32.2-1 [43.6 kB]
measure	Install Rust and native Wayland dependencies	2026-09-13T06:59:10.9405081Z Get:52 http://azure.archive.ubuntu.com/ubuntu noble/universe amd64 libzix-0-0 amd64 0.4.2-2build1 [23.6 kB]
measure	Install Rust and native Wayland dependencies	2026-09-13T06:59:10.9624316Z Get:53 http://azure.archive.ubuntu.com/ubuntu noble/universe amd64 libsord-0-0 amd64 0.16.16-2build1 [15.8 kB]
measure	Install Rust and native Wayland dependencies	2026-09-13T06:59:10.9853434Z Get:54 http://azure.archive.ubuntu.com/ubuntu noble/universe amd64 libsratom-0-0 amd64 0.6.16-1build1 [17.3 kB]
measure	Install Rust and native Wayland dependencies	2026-09-13T06:59:11.0073871Z Get:55 http://azure.archive.ubuntu.com/ubuntu noble/universe amd64 liblilv-0-0 amd64 0.24.22-1build1 [41.0 kB]
measure	Install Rust and native Wayland dependencies	2026-09-13T06:59:11.0303626Z Get:56 http://azure.archive.ubuntu.com/ubuntu noble/universe amd64 libmysofa1 amd64 1.3.2+dfsg-2ubuntu2 [1158 kB]
measure	Install Rust and native Wayland dependencies	2026-09-13T06:59:11.0815177Z Get:57 http://azure.archive.ubuntu.com/ubuntu noble/universe amd64 libplacebo338 amd64 6.338.2-2build1 [2654 kB]
measure	Install Rust and native Wayland dependencies	2026-09-13T06:59:11.2444155Z Get:58 http://azure.archive.ubuntu.com/ubuntu noble-updates/main amd64 libblas3 amd64 3.12.0-3build1.1 [238 kB]
measure	Install Rust and native Wayland dependencies	2026-09-13T06:59:11.2695174Z Get:59 http://azure.archive.ubuntu.com/ubuntu noble-updates/main amd64 liblapack3 amd64 3.12.0-3build1.1 [2646 kB]
measure	Install Rust and native Wayland dependencies	2026-09-13T06:59:11.3649018Z Get:60 http://azure.archive.ubuntu.com/ubuntu noble/main amd64 libflac12t64 amd64 1.4.3+ds-2.1ubuntu2 [197 kB]
measure	Install Rust and native Wayland dependencies	2026-09-13T06:59:11.3900415Z Get:61 http://azure.archive.ubuntu.com/ubuntu noble-updates/main amd64 libsndfile1 amd64 1.2.2-1ubuntu5.24.04.1 [209 kB]
measure	Install Rust and native Wayland dependencies	2026-09-13T06:59:11.4178135Z Get:62 http://azure.archive.ubuntu.com/ubuntu noble-updates/main amd64 libpulse0 amd64 1:16.1+dfsg1-2ubuntu10.1 [292 kB]
measure	Install Rust and native Wayland dependencies	2026-09-13T06:59:11.4470590Z Get:63 http://azure.archive.ubuntu.com/ubuntu noble/universe amd64 libsphinxbase3t64 amd64 0.8+5prealpha+1-17build2 [126 kB]
measure	Install Rust and native Wayland dependencies	2026-09-13T06:59:11.4728227Z Get:64 http://azure.archive.ubuntu.com/ubuntu noble/universe amd64 libpocketsphinx3 amd64 0.8.0+real5prealpha+1-15ubuntu5 [133 kB]
measure	Install Rust and native Wayland dependencies	2026-09-13T06:59:11.4979567Z Get:65 http://azure.archive.ubuntu.com/ubuntu noble/universe amd64 libpostproc57 amd64 7:6.1.1-3ubuntu5 [49.9 kB]
measure	Install Rust and native Wayland dependencies	2026-09-13T06:59:11.5233877Z Get:66 http://azure.archive.ubuntu.com/ubuntu noble/main amd64 libsamplerate0 amd64 0.2.2-4build1 [1344 kB]
measure	Install Rust and native Wayland dependencies	2026-09-13T06:59:11.5856444Z Get:67 http://azure.archive.ubuntu.com/ubuntu noble/universe amd64 librubberband2 amd64 3.3.0+dfsg-2build1 [130 kB]
measure	Install Rust and native Wayland dependencies	2026-09-13T06:59:11.6103072Z Get:68 http://azure.archive.ubuntu.com/ubuntu noble/universe amd64 libswscale7 amd64 7:6.1.1-3ubuntu5 [193 kB]
measure	Install Rust and native Wayland dependencies	2026-09-13T06:59:11.6365779Z Get:69 http://azure.archive.ubuntu.com/ubuntu noble/universe amd64 libvidstab1.1 amd64 1.1.0-2build1 [38.5 kB]
measure	Install Rust and native Wayland dependencies	2026-09-13T06:59:11.6589063Z Get:70 http://azure.archive.ubuntu.com/ubuntu noble/universe amd64 libzimg2 amd64 3.0.5+ds1-1build1 [254 kB]
measure	Install Rust and native Wayland dependencies	2026-09-13T06:59:11.6859653Z Get:71 http://azure.archive.ubuntu.com/ubuntu noble/universe amd64 libavfilter9 amd64 7:6.1.1-3ubuntu5 [4235 kB]
measure	Install Rust and native Wayland dependencies	2026-09-13T06:59:11.7958160Z Get:72 http://azure.archive.ubuntu.com/ubuntu noble/main amd64 libbrotli-dev amd64 1.1.0-2build2 [353 kB]
measure	Install Rust and native Wayland dependencies	2026-09-13T06:59:11.8253719Z Get:73 http://azure.archive.ubuntu.com/ubuntu noble-updates/main amd64 libbz2-dev amd64 1.0.8-5.1ubuntu0.1 [33.6 kB]
measure	Install Rust and native Wayland dependencies	2026-09-13T06:59:11.8489988Z Get:74 http://azure.archive.ubuntu.com/ubuntu noble-updates/main amd64 libegl-mesa0 amd64 25.2.8-0ubuntu0.24.04.2 [117 kB]
measure	Install Rust and native Wayland dependencies	2026-09-13T06:59:11.8721540Z Get:75 http://azure.archive.ubuntu.com/ubuntu noble-updates/main amd64 libpng-dev amd64 1.6.43-5ubuntu0.6 [265 kB]
measure	Install Rust and native Wayland dependencies	2026-09-13T06:59:11.8969636Z Get:76 http://azure.archive.ubuntu.com/ubuntu noble-updates/main amd64 libfreetype-dev amd64 2.13.2+dfsg-1ubuntu0.1 [575 kB]
measure	Install Rust and native Wayland dependencies	2026-09-13T06:59:11.9691154Z Get:77 http://azure.archive.ubuntu.com/ubuntu noble-updates/main amd64 uuid-dev amd64 2.39.3-9ubuntu6.6 [33.5 kB]
measure	Install Rust and native Wayland dependencies	2026-09-13T06:59:11.9914590Z Get:78 http://azure.archive.ubuntu.com/ubuntu noble/main amd64 libfontconfig-dev amd64 2.15.0-1.1ubuntu2 [161 kB]
measure	Install Rust and native Wayland dependencies	2026-09-13T06:59:12.0145098Z Get:79 http://azure.archive.ubuntu.com/ubuntu noble/main amd64 libfontconfig1-dev amd64 2.15.0-1.1ubuntu2 [1840 B]
measure	Install Rust and native Wayland dependencies	2026-09-13T06:59:12.0361926Z Get:80 http://azure.archive.ubuntu.com/ubuntu noble/universe amd64 libwinpr2-2t64 amd64 2.11.5+dfsg1-1build2 [350 kB]
measure	Install Rust and native Wayland dependencies	2026-09-13T06:59:12.0612184Z Get:81 http://azure.archive.ubuntu.com/ubuntu noble/universe amd64 libfreerdp2-2t64 amd64 2.11.5+dfsg1-1build2 [559 kB]
measure	Install Rust and native Wayland dependencies	2026-09-13T06:59:12.0889371Z Get:82 http://azure.archive.ubuntu.com/ubuntu noble/universe amd64 libfreerdp-server2-2t64 amd64 2.11.5+dfsg1-1build2 [108 kB]
measure	Install Rust and native Wayland dependencies	2026-09-13T06:59:12.1118586Z Get:83 http://azure.archive.ubuntu.com/ubuntu noble-updates/main amd64 liborc-0.4-0t64 amd64 1:0.4.38-1ubuntu0.1 [207 kB]
measure	Install Rust and native Wayland dependencies	2026-09-13T06:59:12.1352698Z Get:84 http://azure.archive.ubuntu.com/ubuntu noble-updates/main amd64 libgstreamer-plugins-base1.0-0 amd64 1.24.2-1ubuntu0.4 [862 kB]
measure	Install Rust and native Wayland dependencies	2026-09-13T06:59:12.1645180Z Get:85 http://azure.archive.ubuntu.com/ubuntu noble/main amd64 libwacom-common all 2.10.0-2 [63.4 kB]
measure	Install Rust and native Wayland dependencies	2026-09-13T06:59:12.1867578Z Get:86 http://azure.archive.ubuntu.com/ubuntu noble/main amd64 libwacom9 amd64 2.10.0-2 [23.9 kB]
measure	Install Rust and native Wayland dependencies	2026-09-13T06:59:12.2086849Z Get:87 http://azure.archive.ubuntu.com/ubuntu noble-updates/main amd64 libinput-bin amd64 1.25.0-1ubuntu3.6 [23.2 kB]
measure	Install Rust and native Wayland dependencies	2026-09-13T06:59:12.2306273Z Get:88 http://azure.archive.ubuntu.com/ubuntu noble/main amd64 libmtdev1t64 amd64 1.1.6-1.1build1 [14.4 kB]
measure	Install Rust and native Wayland dependencies	2026-09-13T06:59:12.2526780Z Get:89 http://azure.archive.ubuntu.com/ubuntu noble-updates/main amd64 libinput10 amd64 1.25.0-1ubuntu3.6 [133 kB]
measure	Install Rust and native Wayland dependencies	2026-09-13T06:59:12.2756295Z Get:90 http://azure.archive.ubuntu.com/ubuntu noble/universe amd64 libturbojpeg amd64 1:2.1.5-2ubuntu2 [192 kB]
measure	Install Rust and native Wayland dependencies	2026-09-13T06:59:12.2988477Z Get:91 http://azure.archive.ubuntu.com/ubuntu noble/universe amd64 libneatvnc0 amd64 0.7.1+dfsg-2build3 [55.7 kB]
measure	Install Rust and native Wayland dependencies	2026-09-13T06:59:12.3214325Z Get:92 http://azure.archive.ubuntu.com/ubuntu noble/main amd64 libwebrtc-audio-processing1 amd64 0.3.1-0ubuntu6 [290 kB]
measure	Install Rust and native Wayland dependencies	2026-09-13T06:59:12.3453541Z Get:93 http://azure.archive.ubuntu.com/ubuntu noble-updates/main amd64 libspa-0.2-modules amd64 1.0.5-1ubuntu3.3 [628 kB]
measure	Install Rust and native Wayland dependencies	2026-09-13T06:59:12.3724889Z Get:94 http://azure.archive.ubuntu.com/ubuntu noble-updates/main amd64 libpipewire-0.3-0t64 amd64 1.0.5-1ubuntu3.3 [252 kB]
measure	Install Rust and native Wayland dependencies	2026-09-13T06:59:12.4398334Z Get:95 http://azure.archive.ubuntu.com/ubuntu noble/universe amd64 libseat1 amd64 0.8.0-1 [28.3 kB]
measure	Install Rust and native Wayland dependencies	2026-09-13T06:59:12.4617557Z Get:96 http://azure.archive.ubuntu.com/ubuntu noble/main amd64 libwayland-server0 amd64 1.22.0-2.1build1 [33.9 kB]
measure	Install Rust and native Wayland dependencies	2026-09-13T06:59:12.4837962Z Get:97 http://azure.archive.ubuntu.com/ubuntu noble/main amd64 libegl1 amd64 1.7.0-1build1 [28.7 kB]
measure	Install Rust and native Wayland dependencies	2026-09-13T06:59:12.5059580Z Get:98 http://azure.archive.ubuntu.com/ubuntu noble/main amd64 libgles2 amd64 1.7.0-1build1 [17.1 kB]
measure	Install Rust and native Wayland dependencies	2026-09-13T06:59:12.5278067Z Get:99 http://azure.archive.ubuntu.com/ubuntu noble/main amd64 libxcb-composite0 amd64 1.15-1ubuntu2 [5304 B]
measure	Install Rust and native Wayland dependencies	2026-09-13T06:59:12.5495392Z Get:100 http://azure.archive.ubuntu.com/ubuntu noble/main amd64 libxcb-xkb1 amd64 1.15-1ubuntu2 [32.3 kB]
measure	Install Rust and native Wayland dependencies	2026-09-13T06:59:12.5715940Z Get:101 http://azure.archive.ubuntu.com/ubuntu noble/universe amd64 libweston-13-0 amd64 13.0.0-4build3 [415 kB]
measure	Install Rust and native Wayland dependencies	2026-09-13T06:59:12.5964274Z Get:102 http://azure.archive.ubuntu.com/ubuntu noble/main amd64 libxkbcommon-x11-0 amd64 1.6.0-1build1 [14.5 kB]
measure	Install Rust and native Wayland dependencies	2026-09-13T06:59:12.6200502Z Get:103 http://azure.archive.ubuntu.com/ubuntu noble/universe amd64 weston amd64 13.0.0-4build3 [953 kB]
measure	Install Rust and native Wayland dependencies	2026-09-13T06:59:12.9651314Z Fetched 65.5 MB in 3s (19.1 MB/s)
measure	Install Rust and native Wayland dependencies	2026-09-13T06:59:12.9902611Z Selecting previously unselected package libaml0t64:amd64.
measure	Install Rust and native Wayland dependencies	2026-09-13T06:59:13.0241328Z (Reading database ... 
measure	Install Rust and native Wayland dependencies	2026-09-13T06:59:13.0241762Z (Reading database ... 5%
measure	Install Rust and native Wayland dependencies	2026-09-13T06:59:13.0242330Z (Reading database ... 10%
measure	Install Rust and native Wayland dependencies	2026-09-13T06:59:13.0242805Z (Reading database ... 15%
measure	Install Rust and native Wayland dependencies	2026-09-13T06:59:13.0243114Z (Reading database ... 20%
measure	Install Rust and native Wayland dependencies	2026-09-13T06:59:13.0244647Z (Reading database ... 25%
measure	Install Rust and native Wayland dependencies	2026-09-13T06:59:13.0244961Z (Reading database ... 30%
measure	Install Rust and native Wayland dependencies	2026-09-13T06:59:13.0245405Z (Reading database ... 35%
measure	Install Rust and native Wayland dependencies	2026-09-13T06:59:13.0245770Z (Reading database ... 40%
measure	Install Rust and native Wayland dependencies	2026-09-13T06:59:13.0246165Z (Reading database ... 45%
measure	Install Rust and native Wayland dependencies	2026-09-13T06:59:13.0246418Z (Reading database ... 50%
measure	Install Rust and native Wayland dependencies	2026-09-13T06:59:13.0302208Z (Reading database ... 55%
measure	Install Rust and native Wayland dependencies	2026-09-13T06:59:13.1776282Z (Reading database ... 60%
measure	Install Rust and native Wayland dependencies	2026-09-13T06:59:13.3351199Z (Reading database ... 65%
measure	Install Rust and native Wayland dependencies	2026-09-13T06:59:13.5255909Z (Reading database ... 70%
measure	Install Rust and native Wayland dependencies	2026-09-13T06:59:13.6753771Z (Reading database ... 75%
measure	Install Rust and native Wayland dependencies	2026-09-13T06:59:13.8343186Z (Reading database ... 80%
measure	Install Rust and native Wayland dependencies	2026-09-13T06:59:13.9853401Z (Reading database ... 85%
measure	Install Rust and native Wayland dependencies	2026-09-13T06:59:14.1247044Z (Reading database ... 90%
measure	Install Rust and native Wayland dependencies	2026-09-13T06:59:14.2864810Z (Reading database ... 95%
measure	Install Rust and native Wayland dependencies	2026-09-13T06:59:14.2865242Z (Reading database ... 100%
measure	Install Rust and native Wayland dependencies	2026-09-13T06:59:14.2865775Z (Reading database ... 201818 files and directories currently installed.)
measure	Install Rust and native Wayland dependencies	2026-09-13T06:59:14.2904949Z Preparing to unpack .../000-libaml0t64_0.3.0-1.1build1_amd64.deb ...
measure	Install Rust and native Wayland dependencies	2026-09-13T06:59:14.2948282Z Unpacking libaml0t64:amd64 (0.3.0-1.1build1) ...
measure	Install Rust and native Wayland dependencies	2026-09-13T06:59:14.3189371Z Selecting previously unselected package libunibreak5:amd64.
measure	Install Rust and native Wayland dependencies	2026-09-13T06:59:14.3307457Z Preparing to unpack .../001-libunibreak5_5.1-2build1_amd64.deb ...
measure	Install Rust and native Wayland dependencies	2026-09-13T06:59:14.3319670Z Unpacking libunibreak5:amd64 (5.1-2build1) ...
measure	Install Rust and native Wayland dependencies	2026-09-13T06:59:14.3542726Z Selecting previously unselected package libass9:amd64.
measure	Install Rust and native Wayland dependencies	2026-09-13T06:59:14.3661613Z Preparing to unpack .../002-libass9_1%3a0.17.1-2build1_amd64.deb ...
measure	Install Rust and native Wayland dependencies	2026-09-13T06:59:14.3672627Z Unpacking libass9:amd64 (1:0.17.1-2build1) ...
measure	Install Rust and native Wayland dependencies	2026-09-13T06:59:14.3893964Z Selecting previously unselected package libasyncns0:amd64.
measure	Install Rust and native Wayland dependencies	2026-09-13T06:59:14.4011341Z Preparing to unpack .../003-libasyncns0_0.8-6build4_amd64.deb ...
measure	Install Rust and native Wayland dependencies	2026-09-13T06:59:14.4022935Z Unpacking libasyncns0:amd64 (0.8-6build4) ...
measure	Install Rust and native Wayland dependencies	2026-09-13T06:59:14.4237249Z Selecting previously unselected package libva2:amd64.
measure	Install Rust and native Wayland dependencies	2026-09-13T06:59:14.4355160Z Preparing to unpack .../004-libva2_2.20.0-2ubuntu0.2_amd64.deb ...
measure	Install Rust and native Wayland dependencies	2026-09-13T06:59:14.4389372Z Unpacking libva2:amd64 (2.20.0-2ubuntu0.2) ...
measure	Install Rust and native Wayland dependencies	2026-09-13T06:59:14.4611713Z Selecting previously unselected package libva-drm2:amd64.
measure	Install Rust and native Wayland dependencies	2026-09-13T06:59:14.4728249Z Preparing to unpack .../005-libva-drm2_2.20.0-2ubuntu0.2_amd64.deb ...
measure	Install Rust and native Wayland dependencies	2026-09-13T06:59:14.4738885Z Unpacking libva-drm2:amd64 (2.20.0-2ubuntu0.2) ...
measure	Install Rust and native Wayland dependencies	2026-09-13T06:59:14.4951821Z Selecting previously unselected package libva-x11-2:amd64.
measure	Install Rust and native Wayland dependencies	2026-09-13T06:59:14.5067536Z Preparing to unpack .../006-libva-x11-2_2.20.0-2ubuntu0.2_amd64.deb ...
measure	Install Rust and native Wayland dependencies	2026-09-13T06:59:14.5079217Z Unpacking libva-x11-2:amd64 (2.20.0-2ubuntu0.2) ...
measure	Install Rust and native Wayland dependencies	2026-09-13T06:59:14.5306415Z Selecting previously unselected package libvdpau1:amd64.
measure	Install Rust and native Wayland dependencies	2026-09-13T06:59:14.5423093Z Preparing to unpack .../007-libvdpau1_1.5-2build1_amd64.deb ...
measure	Install Rust and native Wayland dependencies	2026-09-13T06:59:14.5435177Z Unpacking libvdpau1:amd64 (1.5-2build1) ...
measure	Install Rust and native Wayland dependencies	2026-09-13T06:59:14.5654946Z Selecting previously unselected package libvpl2.
measure	Install Rust and native Wayland dependencies	2026-09-13T06:59:14.5769913Z Preparing to unpack .../008-libvpl2_2023.3.0-1build1_amd64.deb ...
measure	Install Rust and native Wayland dependencies	2026-09-13T06:59:14.5781271Z Unpacking libvpl2 (2023.3.0-1build1) ...
measure	Install Rust and native Wayland dependencies	2026-09-13T06:59:14.6010679Z Selecting previously unselected package ocl-icd-libopencl1:amd64.
measure	Install Rust and native Wayland dependencies	2026-09-13T06:59:14.6125803Z Preparing to unpack .../009-ocl-icd-libopencl1_2.3.2-1build1_amd64.deb ...
measure	Install Rust and native Wayland dependencies	2026-09-13T06:59:14.6138445Z Unpacking ocl-icd-libopencl1:amd64 (2.3.2-1build1) ...
measure	Install Rust and native Wayland dependencies	2026-09-13T06:59:14.6389592Z Selecting previously unselected package libavutil58:amd64.
measure	Install Rust and native Wayland dependencies	2026-09-13T06:59:14.6503881Z Preparing to unpack .../010-libavutil58_7%3a6.1.1-3ubuntu5_amd64.deb ...
measure	Install Rust and native Wayland dependencies	2026-09-13T06:59:14.6515373Z Unpacking libavutil58:amd64 (7:6.1.1-3ubuntu5) ...
measure	Install Rust and native Wayland dependencies	2026-09-13T06:59:14.6762684Z Selecting previously unselected package libcodec2-1.2:amd64.
measure	Install Rust and native Wayland dependencies	2026-09-13T06:59:14.6878857Z Preparing to unpack .../011-libcodec2-1.2_1.2.0-2build1_amd64.deb ...
measure	Install Rust and native Wayland dependencies	2026-09-13T06:59:14.6911940Z Unpacking libcodec2-1.2:amd64 (1.2.0-2build1) ...
measure	Install Rust and native Wayland dependencies	2026-09-13T06:59:14.7660455Z Selecting previously unselected package libdav1d7:amd64.
measure	Install Rust and native Wayland dependencies	2026-09-13T06:59:14.7786757Z Preparing to unpack .../012-libdav1d7_1.4.1-1build1_amd64.deb ...
measure	Install Rust and native Wayland dependencies	2026-09-13T06:59:14.7799752Z Unpacking libdav1d7:amd64 (1.4.1-1build1) ...
measure	Install Rust and native Wayland dependencies	2026-09-13T06:59:14.8073356Z Selecting previously unselected package libgsm1:amd64.
measure	Install Rust and native Wayland dependencies	2026-09-13T06:59:14.8198402Z Preparing to unpack .../013-libgsm1_1.0.22-1build1_amd64.deb ...
measure	Install Rust and native Wayland dependencies	2026-09-13T06:59:14.8209209Z Unpacking libgsm1:amd64 (1.0.22-1build1) ...
measure	Install Rust and native Wayland dependencies	2026-09-13T06:59:14.8431484Z Selecting previously unselected package libhwy1t64:amd64.
measure	Install Rust and native Wayland dependencies	2026-09-13T06:59:14.8553976Z Preparing to unpack .../014-libhwy1t64_1.0.7-8.1build1_amd64.deb ...
measure	Install Rust and native Wayland dependencies	2026-09-13T06:59:14.8563898Z Unpacking libhwy1t64:amd64 (1.0.7-8.1build1) ...
measure	Install Rust and native Wayland dependencies	2026-09-13T06:59:14.8880998Z Selecting previously unselected package libjxl0.7:amd64.
measure	Install Rust and native Wayland dependencies	2026-09-13T06:59:14.9004179Z Preparing to unpack .../015-libjxl0.7_0.7.0-10.2ubuntu6.1_amd64.deb ...
measure	Install Rust and native Wayland dependencies	2026-09-13T06:59:14.9014344Z Unpacking libjxl0.7:amd64 (0.7.0-10.2ubuntu6.1) ...
measure	Install Rust and native Wayland dependencies	2026-09-13T06:59:14.9353271Z Selecting previously unselected package libmp3lame0:amd64.
measure	Install Rust and native Wayland dependencies	2026-09-13T06:59:14.9516985Z Preparing to unpack .../016-libmp3lame0_3.100-6build1_amd64.deb ...
measure	Install Rust and native Wayland dependencies	2026-09-13T06:59:14.9532945Z Unpacking libmp3lame0:amd64 (3.100-6build1) ...
measure	Install Rust and native Wayland dependencies	2026-09-13T06:59:14.9759959Z Selecting previously unselected package libopus0:amd64.
measure	Install Rust and native Wayland dependencies	2026-09-13T06:59:14.9882557Z Preparing to unpack .../017-libopus0_1.4-1build1_amd64.deb ...
measure	Install Rust and native Wayland dependencies	2026-09-13T06:59:14.9892904Z Unpacking libopus0:amd64 (1.4-1build1) ...
measure	Install Rust and native Wayland dependencies	2026-09-13T06:59:15.0125282Z Selecting previously unselected package librav1e0:amd64.
measure	Install Rust and native Wayland dependencies	2026-09-13T06:59:15.0245868Z Preparing to unpack .../018-librav1e0_0.7.1-2_amd64.deb ...
measure	Install Rust and native Wayland dependencies	2026-09-13T06:59:15.0256436Z Unpacking librav1e0:amd64 (0.7.1-2) ...
measure	Install Rust and native Wayland dependencies	2026-09-13T06:59:15.0595849Z Selecting previously unselected package librsvg2-2:amd64.
measure	Install Rust and native Wayland dependencies	2026-09-13T06:59:15.0718083Z Preparing to unpack .../019-librsvg2-2_2.58.0+dfsg-1build1_amd64.deb ...
measure	Install Rust and native Wayland dependencies	2026-09-13T06:59:15.0729362Z Unpacking librsvg2-2:amd64 (2.58.0+dfsg-1build1) ...
measure	Install Rust and native Wayland dependencies	2026-09-13T06:59:15.1177109Z Selecting previously unselected package libshine3:amd64.
measure	Install Rust and native Wayland dependencies	2026-09-13T06:59:15.1300608Z Preparing to unpack .../020-libshine3_3.1.1-2build1_amd64.deb ...
measure	Install Rust and native Wayland dependencies	2026-09-13T06:59:15.1311589Z Unpacking libshine3:amd64 (3.1.1-2build1) ...
measure	Install Rust and native Wayland dependencies	2026-09-13T06:59:15.1518931Z Selecting previously unselected package libspeex1:amd64.
measure	Install Rust and native Wayland dependencies	2026-09-13T06:59:15.1640497Z Preparing to unpack .../021-libspeex1_1.2.1-2ubuntu2.24.04.1_amd64.deb ...
measure	Install Rust and native Wayland dependencies	2026-09-13T06:59:15.1651839Z Unpacking libspeex1:amd64 (1.2.1-2ubuntu2.24.04.1) ...
measure	Install Rust and native Wayland dependencies	2026-09-13T06:59:15.1864138Z Selecting previously unselected package libsvtav1enc1d1:amd64.
measure	Install Rust and native Wayland dependencies	2026-09-13T06:59:15.1984643Z Preparing to unpack .../022-libsvtav1enc1d1_1.7.0+dfsg-2build1_amd64.deb ...
measure	Install Rust and native Wayland dependencies	2026-09-13T06:59:15.1995219Z Unpacking libsvtav1enc1d1:amd64 (1.7.0+dfsg-2build1) ...
measure	Install Rust and native Wayland dependencies	2026-09-13T06:59:15.2452442Z Selecting previously unselected package libsoxr0:amd64.
measure	Install Rust and native Wayland dependencies	2026-09-13T06:59:15.2576203Z Preparing to unpack .../023-libsoxr0_0.1.3-4build3_amd64.deb ...
measure	Install Rust and native Wayland dependencies	2026-09-13T06:59:15.2585823Z Unpacking libsoxr0:amd64 (0.1.3-4build3) ...
measure	Install Rust and native Wayland dependencies	2026-09-13T06:59:15.2795528Z Selecting previously unselected package libswresample4:amd64.
measure	Install Rust and native Wayland dependencies	2026-09-13T06:59:15.2918748Z Preparing to unpack .../024-libswresample4_7%3a6.1.1-3ubuntu5_amd64.deb ...
measure	Install Rust and native Wayland dependencies	2026-09-13T06:59:15.2927651Z Unpacking libswresample4:amd64 (7:6.1.1-3ubuntu5) ...
measure	Install Rust and native Wayland dependencies	2026-09-13T06:59:15.3144960Z Selecting previously unselected package libtheora0:amd64.
measure	Install Rust and native Wayland dependencies	2026-09-13T06:59:15.3263462Z Preparing to unpack .../025-libtheora0_1.1.1+dfsg.1-16.1build3_amd64.deb ...
measure	Install Rust and native Wayland dependencies	2026-09-13T06:59:15.3271718Z Unpacking libtheora0:amd64 (1.1.1+dfsg.1-16.1build3) ...
measure	Install Rust and native Wayland dependencies	2026-09-13T06:59:15.3497666Z Selecting previously unselected package libtwolame0:amd64.
measure	Install Rust and native Wayland dependencies	2026-09-13T06:59:15.3616034Z Preparing to unpack .../026-libtwolame0_0.4.0-2build3_amd64.deb ...
measure	Install Rust and native Wayland dependencies	2026-09-13T06:59:15.3625721Z Unpacking libtwolame0:amd64 (0.4.0-2build3) ...
measure	Install Rust and native Wayland dependencies	2026-09-13T06:59:15.3826744Z Selecting previously unselected package libvorbisenc2:amd64.
measure	Install Rust and native Wayland dependencies	2026-09-13T06:59:15.3944348Z Preparing to unpack .../027-libvorbisenc2_1.3.7-1build3_amd64.deb ...
measure	Install Rust and native Wayland dependencies	2026-09-13T06:59:15.3953468Z Unpacking libvorbisenc2:amd64 (1.3.7-1build3) ...
measure	Install Rust and native Wayland dependencies	2026-09-13T06:59:15.4169981Z Selecting previously unselected package libvpx9:amd64.
measure	Install Rust and native Wayland dependencies	2026-09-13T06:59:15.4287697Z Preparing to unpack .../028-libvpx9_1.14.0-1ubuntu2.3_amd64.deb ...
measure	Install Rust and native Wayland dependencies	2026-09-13T06:59:15.4297737Z Unpacking libvpx9:amd64 (1.14.0-1ubuntu2.3) ...
measure	Install Rust and native Wayland dependencies	2026-09-13T06:59:15.4631946Z Selecting previously unselected package libx264-164:amd64.
measure	Install Rust and native Wayland dependencies	2026-09-13T06:59:15.4755796Z Preparing to unpack .../029-libx264-164_2%3a0.164.3108+git31e19f9-1_amd64.deb ...
measure	Install Rust and native Wayland dependencies	2026-09-13T06:59:15.4765315Z Unpacking libx264-164:amd64 (2:0.164.3108+git31e19f9-1) ...
measure	Install Rust and native Wayland dependencies	2026-09-13T06:59:15.5031374Z Selecting previously unselected package libx265-199:amd64.
measure	Install Rust and native Wayland dependencies	2026-09-13T06:59:15.5153100Z Preparing to unpack .../030-libx265-199_3.5-2build1_amd64.deb ...
measure	Install Rust and native Wayland dependencies	2026-09-13T06:59:15.5161820Z Unpacking libx265-199:amd64 (3.5-2build1) ...
measure	Install Rust and native Wayland dependencies	2026-09-13T06:59:15.5791493Z Selecting previously unselected package libxvidcore4:amd64.
measure	Install Rust and native Wayland dependencies	2026-09-13T06:59:15.5916689Z Preparing to unpack .../031-libxvidcore4_2%3a1.3.7-1build1_amd64.deb ...
measure	Install Rust and native Wayland dependencies	2026-09-13T06:59:15.5926033Z Unpacking libxvidcore4:amd64 (2:1.3.7-1build1) ...
measure	Install Rust and native Wayland dependencies	2026-09-13T06:59:15.6140578Z Selecting previously unselected package libzvbi-common.
measure	Install Rust and native Wayland dependencies	2026-09-13T06:59:15.6263659Z Preparing to unpack .../032-libzvbi-common_0.2.42-2_all.deb ...
measure	Install Rust and native Wayland dependencies	2026-09-13T06:59:15.6272658Z Unpacking libzvbi-common (0.2.42-2) ...
measure	Install Rust and native Wayland dependencies	2026-09-13T06:59:15.6561666Z Selecting previously unselected package libzvbi0t64:amd64.
measure	Install Rust and native Wayland dependencies	2026-09-13T06:59:15.6682876Z Preparing to unpack .../033-libzvbi0t64_0.2.42-2_amd64.deb ...
measure	Install Rust and native Wayland dependencies	2026-09-13T06:59:15.6691624Z Unpacking libzvbi0t64:amd64 (0.2.42-2) ...
measure	Install Rust and native Wayland dependencies	2026-09-13T06:59:15.6927094Z Selecting previously unselected package libavcodec60:amd64.
measure	Install Rust and native Wayland dependencies	2026-09-13T06:59:15.7047492Z Preparing to unpack .../034-libavcodec60_7%3a6.1.1-3ubuntu5_amd64.deb ...
measure	Install Rust and native Wayland dependencies	2026-09-13T06:59:15.7056763Z Unpacking libavcodec60:amd64 (7:6.1.1-3ubuntu5) ...
measure	Install Rust and native Wayland dependencies	2026-09-13T06:59:15.7840308Z Selecting previously unselected package libudfread0:amd64.
measure	Install Rust and native Wayland dependencies	2026-09-13T06:59:15.7964280Z Preparing to unpack .../035-libudfread0_1.1.2-1build1_amd64.deb ...
measure	Install Rust and native Wayland dependencies	2026-09-13T06:59:15.7972967Z Unpacking libudfread0:amd64 (1.1.2-1build1) ...
measure	Install Rust and native Wayland dependencies	2026-09-13T06:59:15.8178918Z Selecting previously unselected package libbluray2:amd64.
measure	Install Rust and native Wayland dependencies	2026-09-13T06:59:15.8300131Z Preparing to unpack .../036-libbluray2_1%3a1.3.4-1build1_amd64.deb ...
measure	Install Rust and native Wayland dependencies	2026-09-13T06:59:15.8308229Z Unpacking libbluray2:amd64 (1:1.3.4-1build1) ...
measure	Install Rust and native Wayland dependencies	2026-09-13T06:59:15.8523029Z Selecting previously unselected package libchromaprint1:amd64.
measure	Install Rust and native Wayland dependencies	2026-09-13T06:59:15.8643787Z Preparing to unpack .../037-libchromaprint1_1.5.1-5_amd64.deb ...
measure	Install Rust and native Wayland dependencies	2026-09-13T06:59:15.8651857Z Unpacking libchromaprint1:amd64 (1.5.1-5) ...
measure	Install Rust and native Wayland dependencies	2026-09-13T06:59:15.8850123Z Selecting previously unselected package libgme0:amd64.
measure	Install Rust and native Wayland dependencies	2026-09-13T06:59:15.8969444Z Preparing to unpack .../038-libgme0_0.6.3-7build1_amd64.deb ...
measure	Install Rust and native Wayland dependencies	2026-09-13T06:59:15.8977483Z Unpacking libgme0:amd64 (0.6.3-7build1) ...
measure	Install Rust and native Wayland dependencies	2026-09-13T06:59:15.9188619Z Selecting previously unselected package libmpg123-0t64:amd64.
measure	Install Rust and native Wayland dependencies	2026-09-13T06:59:15.9305888Z Preparing to unpack .../039-libmpg123-0t64_1.32.5-1ubuntu1.1_amd64.deb ...
measure	Install Rust and native Wayland dependencies	2026-09-13T06:59:15.9313666Z Unpacking libmpg123-0t64:amd64 (1.32.5-1ubuntu1.1) ...
measure	Install Rust and native Wayland dependencies	2026-09-13T06:59:15.9531516Z Selecting previously unselected package libopenmpt0t64:amd64.
measure	Install Rust and native Wayland dependencies	2026-09-13T06:59:15.9648881Z Preparing to unpack .../040-libopenmpt0t64_0.7.3-1.1build3_amd64.deb ...
measure	Install Rust and native Wayland dependencies	2026-09-13T06:59:15.9656538Z Unpacking libopenmpt0t64:amd64 (0.7.3-1.1build3) ...
measure	Install Rust and native Wayland dependencies	2026-09-13T06:59:15.9922390Z Selecting previously unselected package libcjson1:amd64.
measure	Install Rust and native Wayland dependencies	2026-09-13T06:59:16.0039618Z Preparing to unpack .../041-libcjson1_1.7.17-1_amd64.deb ...
measure	Install Rust and native Wayland dependencies	2026-09-13T06:59:16.0048201Z Unpacking libcjson1:amd64 (1.7.17-1) ...
measure	Install Rust and native Wayland dependencies	2026-09-13T06:59:16.0256557Z Selecting previously unselected package libmbedcrypto7t64:amd64.
measure	Install Rust and native Wayland dependencies	2026-09-13T06:59:16.0373287Z Preparing to unpack .../042-libmbedcrypto7t64_2.28.8-1_amd64.deb ...
measure	Install Rust and native Wayland dependencies	2026-09-13T06:59:16.0382753Z Unpacking libmbedcrypto7t64:amd64 (2.28.8-1) ...
measure	Install Rust and native Wayland dependencies	2026-09-13T06:59:16.0604705Z Selecting previously unselected package librist4:amd64.
measure	Install Rust and native Wayland dependencies	2026-09-13T06:59:16.0719982Z Preparing to unpack .../043-librist4_0.2.10+dfsg-2_amd64.deb ...
measure	Install Rust and native Wayland dependencies	2026-09-13T06:59:16.0727909Z Unpacking librist4:amd64 (0.2.10+dfsg-2) ...
measure	Install Rust and native Wayland dependencies	2026-09-13T06:59:16.0925127Z Selecting previously unselected package libsrt1.5-gnutls:amd64.
measure	Install Rust and native Wayland dependencies	2026-09-13T06:59:16.1041291Z Preparing to unpack .../044-libsrt1.5-gnutls_1.5.3-1build2_amd64.deb ...
measure	Install Rust and native Wayland dependencies	2026-09-13T06:59:16.1049546Z Unpacking libsrt1.5-gnutls:amd64 (1.5.3-1build2) ...
measure	Install Rust and native Wayland dependencies	2026-09-13T06:59:16.1278229Z Selecting previously unselected package libssh-gcrypt-4:amd64.
measure	Install Rust and native Wayland dependencies	2026-09-13T06:59:16.1394778Z Preparing to unpack .../045-libssh-gcrypt-4_0.10.6-2ubuntu0.5_amd64.deb ...
measure	Install Rust and native Wayland dependencies	2026-09-13T06:59:16.1403312Z Unpacking libssh-gcrypt-4:amd64 (0.10.6-2ubuntu0.5) ...
measure	Install Rust and native Wayland dependencies	2026-09-13T06:59:16.1623732Z Selecting previously unselected package libavformat60:amd64.
measure	Install Rust and native Wayland dependencies	2026-09-13T06:59:16.1738551Z Preparing to unpack .../046-libavformat60_7%3a6.1.1-3ubuntu5_amd64.deb ...
measure	Install Rust and native Wayland dependencies	2026-09-13T06:59:16.1745818Z Unpacking libavformat60:amd64 (7:6.1.1-3ubuntu5) ...
measure	Install Rust and native Wayland dependencies	2026-09-13T06:59:16.2049966Z Selecting previously unselected package libbs2b0:amd64.
measure	Install Rust and native Wayland dependencies	2026-09-13T06:59:16.2168396Z Preparing to unpack .../047-libbs2b0_3.1.0+dfsg-7build1_amd64.deb ...
measure	Install Rust and native Wayland dependencies	2026-09-13T06:59:16.2176716Z Unpacking libbs2b0:amd64 (3.1.0+dfsg-7build1) ...
measure	Install Rust and native Wayland dependencies	2026-09-13T06:59:16.2393448Z Selecting previously unselected package libflite1:amd64.
measure	Install Rust and native Wayland dependencies	2026-09-13T06:59:16.2511696Z Preparing to unpack .../048-libflite1_2.2-6build3_amd64.deb ...
measure	Install Rust and native Wayland dependencies	2026-09-13T06:59:16.2519695Z Unpacking libflite1:amd64 (2.2-6build3) ...
measure	Install Rust and native Wayland dependencies	2026-09-13T06:59:16.3562966Z Selecting previously unselected package libserd-0-0:amd64.
measure	Install Rust and native Wayland dependencies	2026-09-13T06:59:16.3688621Z Preparing to unpack .../049-libserd-0-0_0.32.2-1_amd64.deb ...
measure	Install Rust and native Wayland dependencies	2026-09-13T06:59:16.3697074Z Unpacking libserd-0-0:amd64 (0.32.2-1) ...
measure	Install Rust and native Wayland dependencies	2026-09-13T06:59:16.3898292Z Selecting previously unselected package libzix-0-0:amd64.
measure	Install Rust and native Wayland dependencies	2026-09-13T06:59:16.4021048Z Preparing to unpack .../050-libzix-0-0_0.4.2-2build1_amd64.deb ...
measure	Install Rust and native Wayland dependencies	2026-09-13T06:59:16.4028893Z Unpacking libzix-0-0:amd64 (0.4.2-2build1) ...
measure	Install Rust and native Wayland dependencies	2026-09-13T06:59:16.4228833Z Selecting previously unselected package libsord-0-0:amd64.
measure	Install Rust and native Wayland dependencies	2026-09-13T06:59:16.4349693Z Preparing to unpack .../051-libsord-0-0_0.16.16-2build1_amd64.deb ...
measure	Install Rust and native Wayland dependencies	2026-09-13T06:59:16.4357971Z Unpacking libsord-0-0:amd64 (0.16.16-2build1) ...
measure	Install Rust and native Wayland dependencies	2026-09-13T06:59:16.4557224Z Selecting previously unselected package libsratom-0-0:amd64.
measure	Install Rust and native Wayland dependencies	2026-09-13T06:59:16.4677552Z Preparing to unpack .../052-libsratom-0-0_0.6.16-1build1_amd64.deb ...
measure	Install Rust and native Wayland dependencies	2026-09-13T06:59:16.4687480Z Unpacking libsratom-0-0:amd64 (0.6.16-1build1) ...
measure	Install Rust and native Wayland dependencies	2026-09-13T06:59:16.4885000Z Selecting previously unselected package liblilv-0-0:amd64.
measure	Install Rust and native Wayland dependencies	2026-09-13T06:59:16.5003052Z Preparing to unpack .../053-liblilv-0-0_0.24.22-1build1_amd64.deb ...
measure	Install Rust and native Wayland dependencies	2026-09-13T06:59:16.5011931Z Unpacking liblilv-0-0:amd64 (0.24.22-1build1) ...
measure	Install Rust and native Wayland dependencies	2026-09-13T06:59:16.5211548Z Selecting previously unselected package libmysofa1:amd64.
measure	Install Rust and native Wayland dependencies	2026-09-13T06:59:16.5329415Z Preparing to unpack .../054-libmysofa1_1.3.2+dfsg-2ubuntu2_amd64.deb ...
measure	Install Rust and native Wayland dependencies	2026-09-13T06:59:16.5337868Z Unpacking libmysofa1:amd64 (1.3.2+dfsg-2ubuntu2) ...
measure	Install Rust and native Wayland dependencies	2026-09-13T06:59:16.5581474Z Selecting previously unselected package libplacebo338:amd64.
measure	Install Rust and native Wayland dependencies	2026-09-13T06:59:16.5699814Z Preparing to unpack .../055-libplacebo338_6.338.2-2build1_amd64.deb ...
measure	Install Rust and native Wayland dependencies	2026-09-13T06:59:16.5708424Z Unpacking libplacebo338:amd64 (6.338.2-2build1) ...
measure	Install Rust and native Wayland dependencies	2026-09-13T06:59:16.6223801Z Selecting previously unselected package libblas3:amd64.
measure	Install Rust and native Wayland dependencies	2026-09-13T06:59:16.6347762Z Preparing to unpack .../056-libblas3_3.12.0-3build1.1_amd64.deb ...
measure	Install Rust and native Wayland dependencies	2026-09-13T06:59:16.6376498Z Unpacking libblas3:amd64 (3.12.0-3build1.1) ...
measure	Install Rust and native Wayland dependencies	2026-09-13T06:59:16.6611315Z Selecting previously unselected package liblapack3:amd64.
measure	Install Rust and native Wayland dependencies	2026-09-13T06:59:16.6731123Z Preparing to unpack .../057-liblapack3_3.12.0-3build1.1_amd64.deb ...
measure	Install Rust and native Wayland dependencies	2026-09-13T06:59:16.6759653Z Unpacking liblapack3:amd64 (3.12.0-3build1.1) ...
measure	Install Rust and native Wayland dependencies	2026-09-13T06:59:16.7229862Z Selecting previously unselected package libflac12t64:amd64.
measure	Install Rust and native Wayland dependencies	2026-09-13T06:59:16.7354374Z Preparing to unpack .../058-libflac12t64_1.4.3+ds-2.1ubuntu2_amd64.deb ...
measure	Install Rust and native Wayland dependencies	2026-09-13T06:59:16.7363258Z Unpacking libflac12t64:amd64 (1.4.3+ds-2.1ubuntu2) ...
measure	Install Rust and native Wayland dependencies	2026-09-13T06:59:16.7587512Z Selecting previously unselected package libsndfile1:amd64.
measure	Install Rust and native Wayland dependencies	2026-09-13T06:59:16.7709171Z Preparing to unpack .../059-libsndfile1_1.2.2-1ubuntu5.24.04.1_amd64.deb ...
measure	Install Rust and native Wayland dependencies	2026-09-13T06:59:16.7717134Z Unpacking libsndfile1:amd64 (1.2.2-1ubuntu5.24.04.1) ...
measure	Install Rust and native Wayland dependencies	2026-09-13T06:59:16.7958090Z Selecting previously unselected package libpulse0:amd64.
measure	Install Rust and native Wayland dependencies	2026-09-13T06:59:16.8078269Z Preparing to unpack .../060-libpulse0_1%3a16.1+dfsg1-2ubuntu10.1_amd64.deb ...
measure	Install Rust and native Wayland dependencies	2026-09-13T06:59:16.8144475Z Unpacking libpulse0:amd64 (1:16.1+dfsg1-2ubuntu10.1) ...
measure	Install Rust and native Wayland dependencies	2026-09-13T06:59:16.8386845Z Selecting previously unselected package libsphinxbase3t64:amd64.
measure	Install Rust and native Wayland dependencies	2026-09-13T06:59:16.8507058Z Preparing to unpack .../061-libsphinxbase3t64_0.8+5prealpha+1-17build2_amd64.deb ...
measure	Install Rust and native Wayland dependencies	2026-09-13T06:59:16.8515923Z Unpacking libsphinxbase3t64:amd64 (0.8+5prealpha+1-17build2) ...
measure	Install Rust and native Wayland dependencies	2026-09-13T06:59:16.8736523Z Selecting previously unselected package libpocketsphinx3:amd64.
measure	Install Rust and native Wayland dependencies	2026-09-13T06:59:16.8855347Z Preparing to unpack .../062-libpocketsphinx3_0.8.0+real5prealpha+1-15ubuntu5_amd64.deb ...
measure	Install Rust and native Wayland dependencies	2026-09-13T06:59:16.8864286Z Unpacking libpocketsphinx3:amd64 (0.8.0+real5prealpha+1-15ubuntu5) ...
measure	Install Rust and native Wayland dependencies	2026-09-13T06:59:16.9099558Z Selecting previously unselected package libpostproc57:amd64.
measure	Install Rust and native Wayland dependencies	2026-09-13T06:59:16.9216783Z Preparing to unpack .../063-libpostproc57_7%3a6.1.1-3ubuntu5_amd64.deb ...
measure	Install Rust and native Wayland dependencies	2026-09-13T06:59:16.9225538Z Unpacking libpostproc57:amd64 (7:6.1.1-3ubuntu5) ...
measure	Install Rust and native Wayland dependencies	2026-09-13T06:59:16.9431905Z Selecting previously unselected package libsamplerate0:amd64.
measure	Install Rust and native Wayland dependencies	2026-09-13T06:59:16.9550099Z Preparing to unpack .../064-libsamplerate0_0.2.2-4build1_amd64.deb ...
measure	Install Rust and native Wayland dependencies	2026-09-13T06:59:16.9560661Z Unpacking libsamplerate0:amd64 (0.2.2-4build1) ...
measure	Install Rust and native Wayland dependencies	2026-09-13T06:59:16.9820149Z Selecting previously unselected package librubberband2:amd64.
measure	Install Rust and native Wayland dependencies	2026-09-13T06:59:16.9938122Z Preparing to unpack .../065-librubberband2_3.3.0+dfsg-2build1_amd64.deb ...
measure	Install Rust and native Wayland dependencies	2026-09-13T06:59:16.9945715Z Unpacking librubberband2:amd64 (3.3.0+dfsg-2build1) ...
measure	Install Rust and native Wayland dependencies	2026-09-13T06:59:17.0160445Z Selecting previously unselected package libswscale7:amd64.
measure	Install Rust and native Wayland dependencies	2026-09-13T06:59:17.0277896Z Preparing to unpack .../066-libswscale7_7%3a6.1.1-3ubuntu5_amd64.deb ...
measure	Install Rust and native Wayland dependencies	2026-09-13T06:59:17.0285970Z Unpacking libswscale7:amd64 (7:6.1.1-3ubuntu5) ...
measure	Install Rust and native Wayland dependencies	2026-09-13T06:59:17.0556127Z Selecting previously unselected package libvidstab1.1:amd64.
measure	Install Rust and native Wayland dependencies	2026-09-13T06:59:17.0671883Z Preparing to unpack .../067-libvidstab1.1_1.1.0-2build1_amd64.deb ...
measure	Install Rust and native Wayland dependencies	2026-09-13T06:59:17.0681499Z Unpacking libvidstab1.1:amd64 (1.1.0-2build1) ...
measure	Install Rust and native Wayland dependencies	2026-09-13T06:59:17.0880040Z Selecting previously unselected package libzimg2:amd64.
measure	Install Rust and native Wayland dependencies	2026-09-13T06:59:17.0995214Z Preparing to unpack .../068-libzimg2_3.0.5+ds1-1build1_amd64.deb ...
measure	Install Rust and native Wayland dependencies	2026-09-13T06:59:17.1004747Z Unpacking libzimg2:amd64 (3.0.5+ds1-1build1) ...
measure	Install Rust and native Wayland dependencies	2026-09-13T06:59:17.1229983Z Selecting previously unselected package libavfilter9:amd64.
measure	Install Rust and native Wayland dependencies	2026-09-13T06:59:17.1347818Z Preparing to unpack .../069-libavfilter9_7%3a6.1.1-3ubuntu5_amd64.deb ...
measure	Install Rust and native Wayland dependencies	2026-09-13T06:59:17.1357773Z Unpacking libavfilter9:amd64 (7:6.1.1-3ubuntu5) ...
measure	Install Rust and native Wayland dependencies	2026-09-13T06:59:17.2015354Z Selecting previously unselected package libbrotli-dev:amd64.
measure	Install Rust and native Wayland dependencies	2026-09-13T06:59:17.2140375Z Preparing to unpack .../070-libbrotli-dev_1.1.0-2build2_amd64.deb ...
measure	Install Rust and native Wayland dependencies	2026-09-13T06:59:17.2148457Z Unpacking libbrotli-dev:amd64 (1.1.0-2build2) ...
measure	Install Rust and native Wayland dependencies	2026-09-13T06:59:17.2402440Z Selecting previously unselected package libbz2-dev:amd64.
measure	Install Rust and native Wayland dependencies	2026-09-13T06:59:17.2526574Z Preparing to unpack .../071-libbz2-dev_1.0.8-5.1ubuntu0.1_amd64.deb ...
measure	Install Rust and native Wayland dependencies	2026-09-13T06:59:17.2535389Z Unpacking libbz2-dev:amd64 (1.0.8-5.1ubuntu0.1) ...
measure	Install Rust and native Wayland dependencies	2026-09-13T06:59:17.2736055Z Selecting previously unselected package libegl-mesa0:amd64.
measure	Install Rust and native Wayland dependencies	2026-09-13T06:59:17.2857596Z Preparing to unpack .../072-libegl-mesa0_25.2.8-0ubuntu0.24.04.2_amd64.deb ...
measure	Install Rust and native Wayland dependencies	2026-09-13T06:59:17.2866349Z Unpacking libegl-mesa0:amd64 (25.2.8-0ubuntu0.24.04.2) ...
measure	Install Rust and native Wayland dependencies	2026-09-13T06:59:17.3076950Z Selecting previously unselected package libpng-dev:amd64.
measure	Install Rust and native Wayland dependencies	2026-09-13T06:59:17.3197380Z Preparing to unpack .../073-libpng-dev_1.6.43-5ubuntu0.6_amd64.deb ...
measure	Install Rust and native Wayland dependencies	2026-09-13T06:59:17.3208018Z Unpacking libpng-dev:amd64 (1.6.43-5ubuntu0.6) ...
measure	Install Rust and native Wayland dependencies	2026-09-13T06:59:17.3540145Z Selecting previously unselected package libfreetype-dev:amd64.
measure	Install Rust and native Wayland dependencies	2026-09-13T06:59:17.3659972Z Preparing to unpack .../074-libfreetype-dev_2.13.2+dfsg-1ubuntu0.1_amd64.deb ...
measure	Install Rust and native Wayland dependencies	2026-09-13T06:59:17.3668417Z Unpacking libfreetype-dev:amd64 (2.13.2+dfsg-1ubuntu0.1) ...
measure	Install Rust and native Wayland dependencies	2026-09-13T06:59:17.4004741Z Selecting previously unselected package uuid-dev:amd64.
measure	Install Rust and native Wayland dependencies	2026-09-13T06:59:17.4124772Z Preparing to unpack .../075-uuid-dev_2.39.3-9ubuntu6.6_amd64.deb ...
measure	Install Rust and native Wayland dependencies	2026-09-13T06:59:17.4166001Z Unpacking uuid-dev:amd64 (2.39.3-9ubuntu6.6) ...
measure	Install Rust and native Wayland dependencies	2026-09-13T06:59:17.4415010Z Selecting previously unselected package libfontconfig-dev:amd64.
measure	Install Rust and native Wayland dependencies	2026-09-13T06:59:17.4535142Z Preparing to unpack .../076-libfontconfig-dev_2.15.0-1.1ubuntu2_amd64.deb ...
measure	Install Rust and native Wayland dependencies	2026-09-13T06:59:17.4543206Z Unpacking libfontconfig-dev:amd64 (2.15.0-1.1ubuntu2) ...
measure	Install Rust and native Wayland dependencies	2026-09-13T06:59:17.4779818Z Selecting previously unselected package libfontconfig1-dev:amd64.
measure	Install Rust and native Wayland dependencies	2026-09-13T06:59:17.4898271Z Preparing to unpack .../077-libfontconfig1-dev_2.15.0-1.1ubuntu2_amd64.deb ...
measure	Install Rust and native Wayland dependencies	2026-09-13T06:59:17.4906145Z Unpacking libfontconfig1-dev:amd64 (2.15.0-1.1ubuntu2) ...
measure	Install Rust and native Wayland dependencies	2026-09-13T06:59:17.5105306Z Selecting previously unselected package libwinpr2-2t64:amd64.
measure	Install Rust and native Wayland dependencies	2026-09-13T06:59:17.5222909Z Preparing to unpack .../078-libwinpr2-2t64_2.11.5+dfsg1-1build2_amd64.deb ...
measure	Install Rust and native Wayland dependencies	2026-09-13T06:59:17.5231297Z Unpacking libwinpr2-2t64:amd64 (2.11.5+dfsg1-1build2) ...
measure	Install Rust and native Wayland dependencies	2026-09-13T06:59:17.5485376Z Selecting previously unselected package libfreerdp2-2t64:amd64.
measure	Install Rust and native Wayland dependencies	2026-09-13T06:59:17.5602592Z Preparing to unpack .../079-libfreerdp2-2t64_2.11.5+dfsg1-1build2_amd64.deb ...
measure	Install Rust and native Wayland dependencies	2026-09-13T06:59:17.5610983Z Unpacking libfreerdp2-2t64:amd64 (2.11.5+dfsg1-1build2) ...
measure	Install Rust and native Wayland dependencies	2026-09-13T06:59:17.5897920Z Selecting previously unselected package libfreerdp-server2-2t64:amd64.
measure	Install Rust and native Wayland dependencies	2026-09-13T06:59:17.6015187Z Preparing to unpack .../080-libfreerdp-server2-2t64_2.11.5+dfsg1-1build2_amd64.deb ...
measure	Install Rust and native Wayland dependencies	2026-09-13T06:59:17.6025458Z Unpacking libfreerdp-server2-2t64:amd64 (2.11.5+dfsg1-1build2) ...
measure	Install Rust and native Wayland dependencies	2026-09-13T06:59:17.6242944Z Selecting previously unselected package liborc-0.4-0t64:amd64.
measure	Install Rust and native Wayland dependencies	2026-09-13T06:59:17.6359971Z Preparing to unpack .../081-liborc-0.4-0t64_1%3a0.4.38-1ubuntu0.1_amd64.deb ...
measure	Install Rust and native Wayland dependencies	2026-09-13T06:59:17.6371001Z Unpacking liborc-0.4-0t64:amd64 (1:0.4.38-1ubuntu0.1) ...
measure	Install Rust and native Wayland dependencies	2026-09-13T06:59:17.6605569Z Selecting previously unselected package libgstreamer-plugins-base1.0-0:amd64.
measure	Install Rust and native Wayland dependencies	2026-09-13T06:59:17.6721305Z Preparing to unpack .../082-libgstreamer-plugins-base1.0-0_1.24.2-1ubuntu0.4_amd64.deb ...
measure	Install Rust and native Wayland dependencies	2026-09-13T06:59:17.6732325Z Unpacking libgstreamer-plugins-base1.0-0:amd64 (1.24.2-1ubuntu0.4) ...
measure	Install Rust and native Wayland dependencies	2026-09-13T06:59:17.7154393Z Selecting previously unselected package libwacom-common.
measure	Install Rust and native Wayland dependencies	2026-09-13T06:59:17.7274260Z Preparing to unpack .../083-libwacom-common_2.10.0-2_all.deb ...
measure	Install Rust and native Wayland dependencies	2026-09-13T06:59:17.7282295Z Unpacking libwacom-common (2.10.0-2) ...
measure	Install Rust and native Wayland dependencies	2026-09-13T06:59:17.8267419Z Selecting previously unselected package libwacom9:amd64.
measure	Install Rust and native Wayland dependencies	2026-09-13T06:59:17.8387858Z Preparing to unpack .../084-libwacom9_2.10.0-2_amd64.deb ...
measure	Install Rust and native Wayland dependencies	2026-09-13T06:59:17.8396083Z Unpacking libwacom9:amd64 (2.10.0-2) ...
measure	Install Rust and native Wayland dependencies	2026-09-13T06:59:17.8587563Z Selecting previously unselected package libinput-bin.
measure	Install Rust and native Wayland dependencies	2026-09-13T06:59:17.8706591Z Preparing to unpack .../085-libinput-bin_1.25.0-1ubuntu3.6_amd64.deb ...
measure	Install Rust and native Wayland dependencies	2026-09-13T06:59:17.8714179Z Unpacking libinput-bin (1.25.0-1ubuntu3.6) ...
measure	Install Rust and native Wayland dependencies	2026-09-13T06:59:17.8986168Z Selecting previously unselected package libmtdev1t64:amd64.
measure	Install Rust and native Wayland dependencies	2026-09-13T06:59:17.9104718Z Preparing to unpack .../086-libmtdev1t64_1.1.6-1.1build1_amd64.deb ...
measure	Install Rust and native Wayland dependencies	2026-09-13T06:59:17.9112997Z Unpacking libmtdev1t64:amd64 (1.1.6-1.1build1) ...
measure	Install Rust and native Wayland dependencies	2026-09-13T06:59:17.9344715Z Selecting previously unselected package libinput10:amd64.
measure	Install Rust and native Wayland dependencies	2026-09-13T06:59:17.9464305Z Preparing to unpack .../087-libinput10_1.25.0-1ubuntu3.6_amd64.deb ...
measure	Install Rust and native Wayland dependencies	2026-09-13T06:59:17.9472521Z Unpacking libinput10:amd64 (1.25.0-1ubuntu3.6) ...
measure	Install Rust and native Wayland dependencies	2026-09-13T06:59:17.9693575Z Selecting previously unselected package libturbojpeg:amd64.
measure	Install Rust and native Wayland dependencies	2026-09-13T06:59:17.9810542Z Preparing to unpack .../088-libturbojpeg_1%3a2.1.5-2ubuntu2_amd64.deb ...
measure	Install Rust and native Wayland dependencies	2026-09-13T06:59:17.9818238Z Unpacking libturbojpeg:amd64 (1:2.1.5-2ubuntu2) ...
measure	Install Rust and native Wayland dependencies	2026-09-13T06:59:18.0046760Z Selecting previously unselected package libneatvnc0:amd64.
measure	Install Rust and native Wayland dependencies	2026-09-13T06:59:18.0165022Z Preparing to unpack .../089-libneatvnc0_0.7.1+dfsg-2build3_amd64.deb ...
measure	Install Rust and native Wayland dependencies	2026-09-13T06:59:18.0173964Z Unpacking libneatvnc0:amd64 (0.7.1+dfsg-2build3) ...
measure	Install Rust and native Wayland dependencies	2026-09-13T06:59:18.0375183Z Selecting previously unselected package libwebrtc-audio-processing1:amd64.
measure	Install Rust and native Wayland dependencies	2026-09-13T06:59:18.0491703Z Preparing to unpack .../090-libwebrtc-audio-processing1_0.3.1-0ubuntu6_amd64.deb ...
measure	Install Rust and native Wayland dependencies	2026-09-13T06:59:18.0500162Z Unpacking libwebrtc-audio-processing1:amd64 (0.3.1-0ubuntu6) ...
measure	Install Rust and native Wayland dependencies	2026-09-13T06:59:18.0722401Z Selecting previously unselected package libspa-0.2-modules:amd64.
measure	Install Rust and native Wayland dependencies	2026-09-13T06:59:18.0838134Z Preparing to unpack .../091-libspa-0.2-modules_1.0.5-1ubuntu3.3_amd64.deb ...
measure	Install Rust and native Wayland dependencies	2026-09-13T06:59:18.0848355Z Unpacking libspa-0.2-modules:amd64 (1.0.5-1ubuntu3.3) ...
measure	Install Rust and native Wayland dependencies	2026-09-13T06:59:18.1153938Z Selecting previously unselected package libpipewire-0.3-0t64:amd64.
measure	Install Rust and native Wayland dependencies	2026-09-13T06:59:18.1273359Z Preparing to unpack .../092-libpipewire-0.3-0t64_1.0.5-1ubuntu3.3_amd64.deb ...
measure	Install Rust and native Wayland dependencies	2026-09-13T06:59:18.1283786Z Unpacking libpipewire-0.3-0t64:amd64 (1.0.5-1ubuntu3.3) ...
measure	Install Rust and native Wayland dependencies	2026-09-13T06:59:18.1523355Z Selecting previously unselected package libseat1:amd64.
measure	Install Rust and native Wayland dependencies	2026-09-13T06:59:18.1640055Z Preparing to unpack .../093-libseat1_0.8.0-1_amd64.deb ...
measure	Install Rust and native Wayland dependencies	2026-09-13T06:59:18.1651480Z Unpacking libseat1:amd64 (0.8.0-1) ...
measure	Install Rust and native Wayland dependencies	2026-09-13T06:59:18.1857118Z Selecting previously unselected package libwayland-server0:amd64.
measure	Install Rust and native Wayland dependencies	2026-09-13T06:59:18.1974062Z Preparing to unpack .../094-libwayland-server0_1.22.0-2.1build1_amd64.deb ...
measure	Install Rust and native Wayland dependencies	2026-09-13T06:59:18.1982831Z Unpacking libwayland-server0:amd64 (1.22.0-2.1build1) ...
measure	Install Rust and native Wayland dependencies	2026-09-13T06:59:18.2187806Z Selecting previously unselected package libegl1:amd64.
measure	Install Rust and native Wayland dependencies	2026-09-13T06:59:18.2304171Z Preparing to unpack .../095-libegl1_1.7.0-1build1_amd64.deb ...
measure	Install Rust and native Wayland dependencies	2026-09-13T06:59:18.2312791Z Unpacking libegl1:amd64 (1.7.0-1build1) ...
measure	Install Rust and native Wayland dependencies	2026-09-13T06:59:18.2537193Z Selecting previously unselected package libgles2:amd64.
measure	Install Rust and native Wayland dependencies	2026-09-13T06:59:18.2653313Z Preparing to unpack .../096-libgles2_1.7.0-1build1_amd64.deb ...
measure	Install Rust and native Wayland dependencies	2026-09-13T06:59:18.2663389Z Unpacking libgles2:amd64 (1.7.0-1build1) ...
measure	Install Rust and native Wayland dependencies	2026-09-13T06:59:18.2870436Z Selecting previously unselected package libxcb-composite0:amd64.
measure	Install Rust and native Wayland dependencies	2026-09-13T06:59:18.2985314Z Preparing to unpack .../097-libxcb-composite0_1.15-1ubuntu2_amd64.deb ...
measure	Install Rust and native Wayland dependencies	2026-09-13T06:59:18.2993786Z Unpacking libxcb-composite0:amd64 (1.15-1ubuntu2) ...
measure	Install Rust and native Wayland dependencies	2026-09-13T06:59:18.3193681Z Selecting previously unselected package libxcb-xkb1:amd64.
measure	Install Rust and native Wayland dependencies	2026-09-13T06:59:18.3307479Z Preparing to unpack .../098-libxcb-xkb1_1.15-1ubuntu2_amd64.deb ...
measure	Install Rust and native Wayland dependencies	2026-09-13T06:59:18.3321217Z Unpacking libxcb-xkb1:amd64 (1.15-1ubuntu2) ...
measure	Install Rust and native Wayland dependencies	2026-09-13T06:59:18.3526415Z Selecting previously unselected package libweston-13-0:amd64.
measure	Install Rust and native Wayland dependencies	2026-09-13T06:59:18.3641490Z Preparing to unpack .../099-libweston-13-0_13.0.0-4build3_amd64.deb ...
measure	Install Rust and native Wayland dependencies	2026-09-13T06:59:18.3649851Z Unpacking libweston-13-0:amd64 (13.0.0-4build3) ...
measure	Install Rust and native Wayland dependencies	2026-09-13T06:59:18.3919481Z Selecting previously unselected package libxkbcommon-x11-0:amd64.
measure	Install Rust and native Wayland dependencies	2026-09-13T06:59:18.4035874Z Preparing to unpack .../100-libxkbcommon-x11-0_1.6.0-1build1_amd64.deb ...
measure	Install Rust and native Wayland dependencies	2026-09-13T06:59:18.4044360Z Unpacking libxkbcommon-x11-0:amd64 (1.6.0-1build1) ...
measure	Install Rust and native Wayland dependencies	2026-09-13T06:59:18.4245759Z Selecting previously unselected package weston.
measure	Install Rust and native Wayland dependencies	2026-09-13T06:59:18.4361032Z Preparing to unpack .../101-weston_13.0.0-4build3_amd64.deb ...
measure	Install Rust and native Wayland dependencies	2026-09-13T06:59:18.4370050Z Unpacking weston (13.0.0-4build3) ...
measure	Install Rust and native Wayland dependencies	2026-09-13T06:59:18.5057716Z Setting up libgme0:amd64 (0.6.3-7build1) ...
measure	Install Rust and native Wayland dependencies	2026-09-13T06:59:18.5082636Z Setting up libchromaprint1:amd64 (1.5.1-5) ...
measure	Install Rust and native Wayland dependencies	2026-09-13T06:59:18.5105087Z Setting up libssh-gcrypt-4:amd64 (0.10.6-2ubuntu0.5) ...
measure	Install Rust and native Wayland dependencies	2026-09-13T06:59:18.5129249Z Setting up libhwy1t64:amd64 (1.0.7-8.1build1) ...
measure	Install Rust and native Wayland dependencies	2026-09-13T06:59:18.5149942Z Setting up libudfread0:amd64 (1.1.2-1build1) ...
measure	Install Rust and native Wayland dependencies	2026-09-13T06:59:18.5174936Z Setting up libwayland-server0:amd64 (1.22.0-2.1build1) ...
measure	Install Rust and native Wayland dependencies	2026-09-13T06:59:18.5200369Z Setting up libspeex1:amd64 (1.2.1-2ubuntu2.24.04.1) ...
measure	Install Rust and native Wayland dependencies	2026-09-13T06:59:18.5222271Z Setting up libshine3:amd64 (3.1.1-2build1) ...
measure	Install Rust and native Wayland dependencies	2026-09-13T06:59:18.5245396Z Setting up libvpl2 (2023.3.0-1build1) ...
measure	Install Rust and native Wayland dependencies	2026-09-13T06:59:18.5269497Z Setting up libx264-164:amd64 (2:0.164.3108+git31e19f9-1) ...
measure	Install Rust and native Wayland dependencies	2026-09-13T06:59:18.5292457Z Setting up libtwolame0:amd64 (0.4.0-2build3) ...
measure	Install Rust and native Wayland dependencies	2026-09-13T06:59:18.5316000Z Setting up libmbedcrypto7t64:amd64 (2.28.8-1) ...
measure	Install Rust and native Wayland dependencies	2026-09-13T06:59:18.5337597Z Setting up libgsm1:amd64 (1.0.22-1build1) ...
measure	Install Rust and native Wayland dependencies	2026-09-13T06:59:18.5362767Z Setting up libaml0t64:amd64 (0.3.0-1.1build1) ...
measure	Install Rust and native Wayland dependencies	2026-09-13T06:59:18.5385035Z Setting up libsoxr0:amd64 (0.1.3-4build3) ...
measure	Install Rust and native Wayland dependencies	2026-09-13T06:59:18.5422967Z Setting up libzix-0-0:amd64 (0.4.2-2build1) ...
measure	Install Rust and native Wayland dependencies	2026-09-13T06:59:18.5432657Z Setting up libcodec2-1.2:amd64 (1.2.0-2build1) ...
measure	Install Rust and native Wayland dependencies	2026-09-13T06:59:18.5454151Z Setting up libwinpr2-2t64:amd64 (2.11.5+dfsg1-1build2) ...
measure	Install Rust and native Wayland dependencies	2026-09-13T06:59:18.5487575Z Setting up libpng-dev:amd64 (1.6.43-5ubuntu0.6) ...
measure	Install Rust and native Wayland dependencies	2026-09-13T06:59:18.5509864Z Setting up libmysofa1:amd64 (1.3.2+dfsg-2ubuntu2) ...
measure	Install Rust and native Wayland dependencies	2026-09-13T06:59:18.5532616Z Setting up libwebrtc-audio-processing1:amd64 (0.3.1-0ubuntu6) ...
measure	Install Rust and native Wayland dependencies	2026-09-13T06:59:18.5558978Z Setting up libsvtav1enc1d1:amd64 (1.7.0+dfsg-2build1) ...
measure	Install Rust and native Wayland dependencies	2026-09-13T06:59:18.5583033Z Setting up libmpg123-0t64:amd64 (1.32.5-1ubuntu1.1) ...
measure	Install Rust and native Wayland dependencies	2026-09-13T06:59:18.5604950Z Setting up libcjson1:amd64 (1.7.17-1) ...
measure	Install Rust and native Wayland dependencies	2026-09-13T06:59:18.5629005Z Setting up libxvidcore4:amd64 (2:1.3.7-1build1) ...
measure	Install Rust and native Wayland dependencies	2026-09-13T06:59:18.5650093Z Setting up librav1e0:amd64 (0.7.1-2) ...
measure	Install Rust and native Wayland dependencies	2026-09-13T06:59:18.5686548Z Setting up liborc-0.4-0t64:amd64 (1:0.4.38-1ubuntu0.1) ...
measure	Install Rust and native Wayland dependencies	2026-09-13T06:59:18.5712764Z Setting up libxcb-xkb1:amd64 (1.15-1ubuntu2) ...
measure	Install Rust and native Wayland dependencies	2026-09-13T06:59:18.5735187Z Setting up librist4:amd64 (0.2.10+dfsg-2) ...
measure	Install Rust and native Wayland dependencies	2026-09-13T06:59:18.5755795Z Setting up librsvg2-2:amd64 (2.58.0+dfsg-1build1) ...
measure	Install Rust and native Wayland dependencies	2026-09-13T06:59:18.5780167Z Setting up libblas3:amd64 (3.12.0-3build1.1) ...
measure	Install Rust and native Wayland dependencies	2026-09-13T06:59:18.5842079Z update-alternatives: using /usr/lib/x86_64-linux-gnu/blas/libblas.so.3 to provide /usr/lib/x86_64-linux-gnu/libblas.so.3 (libblas.so.3-x86_64-linux-gnu) in auto mode
measure	Install Rust and native Wayland dependencies	2026-09-13T06:59:18.5858407Z Setting up libegl-mesa0:amd64 (25.2.8-0ubuntu0.24.04.2) ...
measure	Install Rust and native Wayland dependencies	2026-09-13T06:59:18.5883142Z Setting up libplacebo338:amd64 (6.338.2-2build1) ...
measure	Install Rust and native Wayland dependencies	2026-09-13T06:59:18.5907788Z Setting up libgles2:amd64 (1.7.0-1build1) ...
measure	Install Rust and native Wayland dependencies	2026-09-13T06:59:18.5933196Z Setting up libva2:amd64 (2.20.0-2ubuntu0.2) ...
measure	Install Rust and native Wayland dependencies	2026-09-13T06:59:18.5955464Z Setting up libspa-0.2-modules:amd64 (1.0.5-1ubuntu3.3) ...
measure	Install Rust and native Wayland dependencies	2026-09-13T06:59:18.5977057Z Setting up uuid-dev:amd64 (2.39.3-9ubuntu6.6) ...
measure	Install Rust and native Wayland dependencies	2026-09-13T06:59:18.6001776Z Setting up libopus0:amd64 (1.4-1build1) ...
measure	Install Rust and native Wayland dependencies	2026-09-13T06:59:18.6023190Z Setting up libxkbcommon-x11-0:amd64 (1.6.0-1build1) ...
measure	Install Rust and native Wayland dependencies	2026-09-13T06:59:18.6047286Z Setting up libunibreak5:amd64 (5.1-2build1) ...
measure	Install Rust and native Wayland dependencies	2026-09-13T06:59:18.6072717Z Setting up libjxl0.7:amd64 (0.7.0-10.2ubuntu6.1) ...
measure	Install Rust and native Wayland dependencies	2026-09-13T06:59:18.6094150Z Setting up libx265-199:amd64 (3.5-2build1) ...
measure	Install Rust and native Wayland dependencies	2026-09-13T06:59:18.6115672Z Setting up libturbojpeg:amd64 (1:2.1.5-2ubuntu2) ...
measure	Install Rust and native Wayland dependencies	2026-09-13T06:59:18.6139955Z Setting up libvidstab1.1:amd64 (1.1.0-2build1) ...
measure	Install Rust and native Wayland dependencies	2026-09-13T06:59:18.6165343Z Setting up libvpx9:amd64 (1.14.0-1ubuntu2.3) ...
measure	Install Rust and native Wayland dependencies	2026-09-13T06:59:18.6187557Z Setting up libsrt1.5-gnutls:amd64 (1.5.3-1build2) ...
measure	Install Rust and native Wayland dependencies	2026-09-13T06:59:18.6216054Z Setting up libxcb-composite0:amd64 (1.15-1ubuntu2) ...
measure	Install Rust and native Wayland dependencies	2026-09-13T06:59:18.6237824Z Setting up libflite1:amd64 (2.2-6build3) ...
measure	Install Rust and native Wayland dependencies	2026-09-13T06:59:18.6263754Z Setting up libdav1d7:amd64 (1.4.1-1build1) ...
measure	Install Rust and native Wayland dependencies	2026-09-13T06:59:18.6291341Z Setting up libmtdev1t64:amd64 (1.1.6-1.1build1) ...
measure	Install Rust and native Wayland dependencies	2026-09-13T06:59:18.6316298Z Setting up libva-drm2:amd64 (2.20.0-2ubuntu0.2) ...
measure	Install Rust and native Wayland dependencies	2026-09-13T06:59:18.6340365Z Setting up ocl-icd-libopencl1:amd64 (2.3.2-1build1) ...
measure	Install Rust and native Wayland dependencies	2026-09-13T06:59:18.6363096Z Setting up libasyncns0:amd64 (0.8-6build4) ...
measure	Install Rust and native Wayland dependencies	2026-09-13T06:59:18.6385915Z Setting up libvdpau1:amd64 (1.5-2build1) ...
measure	Install Rust and native Wayland dependencies	2026-09-13T06:59:18.6418524Z Setting up libbs2b0:amd64 (3.1.0+dfsg-7build1) ...
measure	Install Rust and native Wayland dependencies	2026-09-13T06:59:18.6442293Z Setting up libtheora0:amd64 (1.1.1+dfsg.1-16.1build3) ...
measure	Install Rust and native Wayland dependencies	2026-09-13T06:59:18.6468544Z Setting up libegl1:amd64 (1.7.0-1build1) ...
measure	Install Rust and native Wayland dependencies	2026-09-13T06:59:18.6492364Z Setting up libfreerdp2-2t64:amd64 (2.11.5+dfsg1-1build2) ...
measure	Install Rust and native Wayland dependencies	2026-09-13T06:59:18.6516089Z Setting up libzimg2:amd64 (3.0.5+ds1-1build1) ...
measure	Install Rust and native Wayland dependencies	2026-09-13T06:59:18.6542091Z Setting up libflac12t64:amd64 (1.4.3+ds-2.1ubuntu2) ...
measure	Install Rust and native Wayland dependencies	2026-09-13T06:59:18.6564888Z Setting up libseat1:amd64 (0.8.0-1) ...
measure	Install Rust and native Wayland dependencies	2026-09-13T06:59:18.6586935Z Setting up libbluray2:amd64 (1:1.3.4-1build1) ...
measure	Install Rust and native Wayland dependencies	2026-09-13T06:59:18.6611722Z Setting up libsamplerate0:amd64 (0.2.2-4build1) ...
measure	Install Rust and native Wayland dependencies	2026-09-13T06:59:18.6637251Z Setting up libva-x11-2:amd64 (2.20.0-2ubuntu0.2) ...
measure	Install Rust and native Wayland dependencies	2026-09-13T06:59:18.6659395Z Setting up libpipewire-0.3-0t64:amd64 (1.0.5-1ubuntu3.3) ...
measure	Install Rust and native Wayland dependencies	2026-09-13T06:59:18.6683742Z Setting up libopenmpt0t64:amd64 (0.7.3-1.1build3) ...
measure	Install Rust and native Wayland dependencies	2026-09-13T06:59:18.6705294Z Setting up libbrotli-dev:amd64 (1.1.0-2build2) ...
measure	Install Rust and native Wayland dependencies	2026-09-13T06:59:18.6726295Z Setting up libzvbi-common (0.2.42-2) ...
measure	Install Rust and native Wayland dependencies	2026-09-13T06:59:18.6749262Z Setting up libmp3lame0:amd64 (3.100-6build1) ...
measure	Install Rust and native Wayland dependencies	2026-09-13T06:59:18.6771681Z Setting up libvorbisenc2:amd64 (1.3.7-1build3) ...
measure	Install Rust and native Wayland dependencies	2026-09-13T06:59:18.6812575Z Setting up libserd-0-0:amd64 (0.32.2-1) ...
measure	Install Rust and native Wayland dependencies	2026-09-13T06:59:18.6835114Z Setting up libwacom-common (2.10.0-2) ...
measure	Install Rust and native Wayland dependencies	2026-09-13T06:59:18.6857390Z Setting up libbz2-dev:amd64 (1.0.8-5.1ubuntu0.1) ...
measure	Install Rust and native Wayland dependencies	2026-09-13T06:59:18.6882376Z Setting up liblapack3:amd64 (3.12.0-3build1.1) ...
measure	Install Rust and native Wayland dependencies	2026-09-13T06:59:18.6944110Z update-alternatives: using /usr/lib/x86_64-linux-gnu/lapack/liblapack.so.3 to provide /usr/lib/x86_64-linux-gnu/liblapack.so.3 (liblapack.so.3-x86_64-linux-gnu) in auto mode
measure	Install Rust and native Wayland dependencies	2026-09-13T06:59:18.6960642Z Setting up libzvbi0t64:amd64 (0.2.42-2) ...
measure	Install Rust and native Wayland dependencies	2026-09-13T06:59:18.6986785Z Setting up libwacom9:amd64 (2.10.0-2) ...
measure	Install Rust and native Wayland dependencies	2026-09-13T06:59:18.7011058Z Setting up libgstreamer-plugins-base1.0-0:amd64 (1.24.2-1ubuntu0.4) ...
measure	Install Rust and native Wayland dependencies	2026-09-13T06:59:18.7035454Z Setting up libavutil58:amd64 (7:6.1.1-3ubuntu5) ...
measure	Install Rust and native Wayland dependencies	2026-09-13T06:59:18.7062740Z Setting up libinput-bin (1.25.0-1ubuntu3.6) ...
measure	Install Rust and native Wayland dependencies	2026-09-13T06:59:18.7086042Z Setting up libfreetype-dev:amd64 (2.13.2+dfsg-1ubuntu0.1) ...
measure	Install Rust and native Wayland dependencies	2026-09-13T06:59:18.7110410Z Setting up libass9:amd64 (1:0.17.1-2build1) ...
measure	Install Rust and native Wayland dependencies	2026-09-13T06:59:18.7136511Z Setting up libswresample4:amd64 (7:6.1.1-3ubuntu5) ...
measure	Install Rust and native Wayland dependencies	2026-09-13T06:59:18.7159327Z Setting up libfreerdp-server2-2t64:amd64 (2.11.5+dfsg1-1build2) ...
measure	Install Rust and native Wayland dependencies	2026-09-13T06:59:18.7182366Z Setting up libavcodec60:amd64 (7:6.1.1-3ubuntu5) ...
measure	Install Rust and native Wayland dependencies	2026-09-13T06:59:18.7308704Z Setting up librubberband2:amd64 (3.3.0+dfsg-2build1) ...
measure	Install Rust and native Wayland dependencies	2026-09-13T06:59:18.7332742Z Setting up libsord-0-0:amd64 (0.16.16-2build1) ...
measure	Install Rust and native Wayland dependencies	2026-09-13T06:59:18.7354610Z Setting up libpostproc57:amd64 (7:6.1.1-3ubuntu5) ...
measure	Install Rust and native Wayland dependencies	2026-09-13T06:59:18.7375758Z Setting up libsratom-0-0:amd64 (0.6.16-1build1) ...
measure	Install Rust and native Wayland dependencies	2026-09-13T06:59:18.7398673Z Setting up libsndfile1:amd64 (1.2.2-1ubuntu5.24.04.1) ...
measure	Install Rust and native Wayland dependencies	2026-09-13T06:59:18.7421051Z Setting up liblilv-0-0:amd64 (0.24.22-1build1) ...
measure	Install Rust and native Wayland dependencies	2026-09-13T06:59:18.7441866Z Setting up libswscale7:amd64 (7:6.1.1-3ubuntu5) ...
measure	Install Rust and native Wayland dependencies	2026-09-13T06:59:18.7468181Z Setting up libinput10:amd64 (1.25.0-1ubuntu3.6) ...
measure	Install Rust and native Wayland dependencies	2026-09-13T06:59:18.7489717Z Setting up libpulse0:amd64 (1:16.1+dfsg1-2ubuntu10.1) ...
measure	Install Rust and native Wayland dependencies	2026-09-13T06:59:18.7561119Z Setting up libfontconfig-dev:amd64 (2.15.0-1.1ubuntu2) ...
measure	Install Rust and native Wayland dependencies	2026-09-13T06:59:18.7587205Z Setting up libavformat60:amd64 (7:6.1.1-3ubuntu5) ...
measure	Install Rust and native Wayland dependencies	2026-09-13T06:59:18.7609674Z Setting up libsphinxbase3t64:amd64 (0.8+5prealpha+1-17build2) ...
measure	Install Rust and native Wayland dependencies	2026-09-13T06:59:18.7630481Z Setting up libfontconfig1-dev:amd64 (2.15.0-1.1ubuntu2) ...
measure	Install Rust and native Wayland dependencies	2026-09-13T06:59:18.7653983Z Setting up libpocketsphinx3:amd64 (0.8.0+real5prealpha+1-15ubuntu5) ...
measure	Install Rust and native Wayland dependencies	2026-09-13T06:59:18.7675189Z Setting up libavfilter9:amd64 (7:6.1.1-3ubuntu5) ...
measure	Install Rust and native Wayland dependencies	2026-09-13T06:59:18.7698602Z Setting up libneatvnc0:amd64 (0.7.1+dfsg-2build3) ...
measure	Install Rust and native Wayland dependencies	2026-09-13T06:59:18.7718908Z Setting up libweston-13-0:amd64 (13.0.0-4build3) ...
measure	Install Rust and native Wayland dependencies	2026-09-13T06:59:18.7743070Z Setting up weston (13.0.0-4build3) ...
measure	Install Rust and native Wayland dependencies	2026-09-13T06:59:18.7776951Z Processing triggers for man-db (2.12.0-4build2) ...
measure	Install Rust and native Wayland dependencies	2026-09-13T06:59:18.7800130Z Not building database; man-db/auto-update is not 'true'.
measure	Install Rust and native Wayland dependencies	2026-09-13T06:59:18.7814975Z Processing triggers for udev (255.4-1ubuntu8.17) ...
measure	Install Rust and native Wayland dependencies	2026-09-13T06:59:19.3053152Z Processing triggers for libc-bin (2.39-0ubuntu8.8) ...
measure	Install Rust and native Wayland dependencies	2026-09-13T06:59:19.9821326Z 
measure	Install Rust and native Wayland dependencies	2026-09-13T06:59:19.9821914Z Running kernel seems to be up-to-date.
measure	Install Rust and native Wayland dependencies	2026-09-13T06:59:19.9822310Z 
measure	Install Rust and native Wayland dependencies	2026-09-13T06:59:19.9822563Z No services need to be restarted.
measure	Install Rust and native Wayland dependencies	2026-09-13T06:59:19.9822887Z 
measure	Install Rust and native Wayland dependencies	2026-09-13T06:59:19.9823057Z No containers need to be restarted.
measure	Install Rust and native Wayland dependencies	2026-09-13T06:59:19.9823360Z 
measure	Install Rust and native Wayland dependencies	2026-09-13T06:59:19.9823582Z No user sessions are running outdated binaries.
measure	Install Rust and native Wayland dependencies	2026-09-13T06:59:19.9823944Z 
measure	Install Rust and native Wayland dependencies	2026-09-13T06:59:19.9824280Z No VM guests are running outdated hypervisor (qemu) binaries on this host.
measure	Validate measurement harness	﻿2026-09-13T06:59:20.7631489Z ##[group]Run python3 -B -m unittest discover -s scripts -p 'test_compare_*.py'
measure	Validate measurement harness	2026-09-13T06:59:20.7632133Z [36;1mpython3 -B -m unittest discover -s scripts -p 'test_compare_*.py'[0m
measure	Validate measurement harness	2026-09-13T06:59:20.7671662Z shell: /usr/bin/bash -e {0}
measure	Validate measurement harness	2026-09-13T06:59:20.7671924Z env:
measure	Validate measurement harness	2026-09-13T06:59:20.7672115Z   CARGO_INCREMENTAL: 0
measure	Validate measurement harness	2026-09-13T06:59:20.7672345Z   CARGO_PROFILE_RELEASE_DEBUG: 0
measure	Validate measurement harness	2026-09-13T06:59:20.7672625Z   BEFORE_REF: 24782c344714727be4f8981cd0d1d10f047aa9f4
measure	Validate measurement harness	2026-09-13T06:59:20.7672930Z   AFTER_REF: f0040ad
measure	Validate measurement harness	2026-09-13T06:59:20.7673138Z   SCREEN: alternate
measure	Validate measurement harness	2026-09-13T06:59:20.7673338Z ##[endgroup]
measure	Validate measurement harness	2026-09-13T06:59:21.2632533Z .......................
measure	Validate measurement harness	2026-09-13T06:59:21.2633214Z ----------------------------------------------------------------------
measure	Validate measurement harness	2026-09-13T06:59:21.2633880Z Ran 23 tests in 0.341s
measure	Validate measurement harness	2026-09-13T06:59:21.2634119Z 
measure	Validate measurement harness	2026-09-13T06:59:21.2634403Z OK
measure	Build both exact revisions sequentially with the same toolchain	﻿2026-09-13T06:59:21.2789218Z ##[group]Run evidence_directory="$RUNNER_TEMP/kokuban-paired-evidence"
measure	Build both exact revisions sequentially with the same toolchain	2026-09-13T06:59:21.2789784Z [36;1mevidence_directory="$RUNNER_TEMP/kokuban-paired-evidence"[0m
measure	Build both exact revisions sequentially with the same toolchain	2026-09-13T06:59:21.2790299Z [36;1mmkdir -p "$evidence_directory" "$RUNNER_TEMP/kokuban-paired-binaries"[0m
measure	Build both exact revisions sequentially with the same toolchain	2026-09-13T06:59:21.2791089Z [36;1mgit rev-parse HEAD > "$evidence_directory/harness-revision.txt"[0m
measure	Build both exact revisions sequentially with the same toolchain	2026-09-13T06:59:21.2791742Z [36;1mgit rev-parse --verify --end-of-options "${BEFORE_REF}^{commit}" > "$evidence_directory/before-revision.txt"[0m
measure	Build both exact revisions sequentially with the same toolchain	2026-09-13T06:59:21.2792501Z [36;1mgit rev-parse --verify --end-of-options "${AFTER_REF}^{commit}" > "$evidence_directory/after-revision.txt"[0m
measure	Build both exact revisions sequentially with the same toolchain	2026-09-13T06:59:21.2793101Z [36;1mrustc --version --verbose > "$evidence_directory/rustc.txt"[0m
measure	Build both exact revisions sequentially with the same toolchain	2026-09-13T06:59:21.2793485Z [36;1mlscpu > "$evidence_directory/cpu.txt"[0m
measure	Build both exact revisions sequentially with the same toolchain	2026-09-13T06:59:21.2793810Z [36;1muname -a > "$evidence_directory/kernel.txt"[0m
measure	Build both exact revisions sequentially with the same toolchain	2026-09-13T06:59:21.2794214Z [36;1mdpkg-query -W weston fonts-dejavu-core fonts-noto-color-emoji \[0m
measure	Build both exact revisions sequentially with the same toolchain	2026-09-13T06:59:21.2794818Z [36;1m  libfontconfig1 libfreetype6 libxkbcommon-x11-0 > "$evidence_directory/system-packages.txt"[0m
measure	Build both exact revisions sequentially with the same toolchain	2026-09-13T06:59:21.2795304Z [36;1mfor label in before after; do[0m
measure	Build both exact revisions sequentially with the same toolchain	2026-09-13T06:59:21.2795651Z [36;1m  revision="$(cat "$evidence_directory/$label-revision.txt")"[0m
measure	Build both exact revisions sequentially with the same toolchain	2026-09-13T06:59:21.2796123Z [36;1m  source_directory="$RUNNER_TEMP/kokuban-paired-source-$label"[0m
measure	Build both exact revisions sequentially with the same toolchain	2026-09-13T06:59:21.2796575Z [36;1m  mkdir "$source_directory" "$evidence_directory/$label-build"[0m
measure	Build both exact revisions sequentially with the same toolchain	2026-09-13T06:59:21.2796995Z [36;1m  git archive "$revision" | tar -x -C "$source_directory"[0m
measure	Build both exact revisions sequentially with the same toolchain	2026-09-13T06:59:21.2797431Z [36;1m  # Archives preserve old mtimes: isolate targets so Cargo cannot[0m
measure	Build both exact revisions sequentially with the same toolchain	2026-09-13T06:59:21.2797919Z [36;1m  # reuse the other revision's root binary as an apparently fresh build.[0m
measure	Build both exact revisions sequentially with the same toolchain	2026-09-13T06:59:21.2798461Z [36;1m  cargo build --release --locked --manifest-path "$source_directory/Cargo.toml" \[0m
measure	Build both exact revisions sequentially with the same toolchain	2026-09-13T06:59:21.2798971Z [36;1m    --target-dir "$RUNNER_TEMP/kokuban-paired-build-$label"[0m
measure	Build both exact revisions sequentially with the same toolchain	2026-09-13T06:59:21.2799577Z [36;1m  cp "$RUNNER_TEMP/kokuban-paired-build-$label/release/kokuban" "$RUNNER_TEMP/kokuban-paired-binaries/$label"[0m
measure	Build both exact revisions sequentially with the same toolchain	2026-09-13T06:59:21.2800321Z [36;1m  cp "$source_directory/Cargo.toml" "$source_directory/Cargo.lock" "$evidence_directory/$label-build/"[0m
measure	Build both exact revisions sequentially with the same toolchain	2026-09-13T06:59:21.2801305Z [36;1m  cargo tree --locked --manifest-path "$source_directory/Cargo.toml" > "$evidence_directory/$label-build/cargo-tree.txt"[0m
measure	Build both exact revisions sequentially with the same toolchain	2026-09-13T06:59:21.2802127Z [36;1m  sha256sum "$RUNNER_TEMP/kokuban-paired-binaries/$label" > "$evidence_directory/$label-build/binary-sha256.txt"[0m
measure	Build both exact revisions sequentially with the same toolchain	2026-09-13T06:59:21.2802826Z [36;1mdone[0m
measure	Build both exact revisions sequentially with the same toolchain	2026-09-13T06:59:21.2839111Z shell: /usr/bin/bash --noprofile --norc -e -o pipefail {0}
measure	Build both exact revisions sequentially with the same toolchain	2026-09-13T06:59:21.2839458Z env:
measure	Build both exact revisions sequentially with the same toolchain	2026-09-13T06:59:21.2839650Z   CARGO_INCREMENTAL: 0
measure	Build both exact revisions sequentially with the same toolchain	2026-09-13T06:59:21.2839881Z   CARGO_PROFILE_RELEASE_DEBUG: 0
measure	Build both exact revisions sequentially with the same toolchain	2026-09-13T06:59:21.2840164Z   BEFORE_REF: 24782c344714727be4f8981cd0d1d10f047aa9f4
measure	Build both exact revisions sequentially with the same toolchain	2026-09-13T06:59:21.2840468Z   AFTER_REF: f0040ad
measure	Build both exact revisions sequentially with the same toolchain	2026-09-13T06:59:21.2840670Z   SCREEN: alternate
measure	Build both exact revisions sequentially with the same toolchain	2026-09-13T06:59:21.2841086Z ##[endgroup]
measure	Build both exact revisions sequentially with the same toolchain	2026-09-13T06:59:21.4531435Z     Updating crates.io index
measure	Build both exact revisions sequentially with the same toolchain	2026-09-13T06:59:21.8947341Z  Downloading crates ...
measure	Build both exact revisions sequentially with the same toolchain	2026-09-13T06:59:21.9348515Z   Downloaded calloop-wayland-source v0.3.0
measure	Build both exact revisions sequentially with the same toolchain	2026-09-13T06:59:21.9366949Z   Downloaded core_maths v0.1.1
measure	Build both exact revisions sequentially with the same toolchain	2026-09-13T06:59:21.9377211Z   Downloaded colorchoice v1.0.5
measure	Build both exact revisions sequentially with the same toolchain	2026-09-13T06:59:21.9390505Z   Downloaded ab_glyph v0.2.32
measure	Build both exact revisions sequentially with the same toolchain	2026-09-13T06:59:21.9412457Z   Downloaded bitflags v2.11.0
measure	Build both exact revisions sequentially with the same toolchain	2026-09-13T06:59:21.9459904Z   Downloaded byteorder v1.5.0
measure	Build both exact revisions sequentially with the same toolchain	2026-09-13T06:59:21.9481191Z   Downloaded cc v1.2.57
measure	Build both exact revisions sequentially with the same toolchain	2026-09-13T06:59:21.9517317Z   Downloaded tiny-skia v0.11.4
measure	Build both exact revisions sequentially with the same toolchain	2026-09-13T06:59:21.9656198Z   Downloaded errno v0.3.14
measure	Build both exact revisions sequentially with the same toolchain	2026-09-13T06:59:21.9680570Z   Downloaded shlex v1.3.0
measure	Build both exact revisions sequentially with the same toolchain	2026-09-13T06:59:21.9700144Z   Downloaded dpi v0.1.2
measure	Build both exact revisions sequentially with the same toolchain	2026-09-13T06:59:21.9721375Z   Downloaded thiserror-impl v1.0.69
measure	Build both exact revisions sequentially with the same toolchain	2026-09-13T06:59:21.9740242Z   Downloaded version_check v0.9.5
measure	Build both exact revisions sequentially with the same toolchain	2026-09-13T06:59:21.9766900Z   Downloaded strict-num v0.1.1
measure	Build both exact revisions sequentially with the same toolchain	2026-09-13T06:59:21.9782121Z   Downloaded wayland-sys v0.31.11
measure	Build both exact revisions sequentially with the same toolchain	2026-09-13T06:59:21.9798734Z   Downloaded xkbcommon-dl v0.4.2
measure	Build both exact revisions sequentially with the same toolchain	2026-09-13T06:59:21.9812401Z   Downloaded fastrand v2.5.0
measure	Build both exact revisions sequentially with the same toolchain	2026-09-13T06:59:21.9832728Z   Downloaded tiny-xlib v0.2.5
measure	Build both exact revisions sequentially with the same toolchain	2026-09-13T06:59:21.9855568Z   Downloaded anstyle-query v1.1.5
measure	Build both exact revisions sequentially with the same toolchain	2026-09-13T06:59:21.9872137Z   Downloaded pathfinder_geometry v0.5.1
measure	Build both exact revisions sequentially with the same toolchain	2026-09-13T06:59:21.9887449Z   Downloaded yeslogic-fontconfig-sys v6.0.0
measure	Build both exact revisions sequentially with the same toolchain	2026-09-13T06:59:21.9897237Z   Downloaded thiserror-impl v2.0.18
measure	Build both exact revisions sequentially with the same toolchain	2026-09-13T06:59:21.9916723Z   Downloaded wayland-cursor v0.31.14
measure	Build both exact revisions sequentially with the same toolchain	2026-09-13T06:59:21.9927241Z   Downloaded utf8parse v0.2.2
measure	Build both exact revisions sequentially with the same toolchain	2026-09-13T06:59:21.9938285Z   Downloaded tree_magic_mini v3.2.2
measure	Build both exact revisions sequentially with the same toolchain	2026-09-13T06:59:21.9960667Z   Downloaded xcursor v0.3.11
measure	Build both exact revisions sequentially with the same toolchain	2026-09-13T06:59:21.9971931Z   Downloaded unicode-ccc v0.4.0
measure	Build both exact revisions sequentially with the same toolchain	2026-09-13T06:59:21.9986311Z   Downloaded thiserror v2.0.18
measure	Build both exact revisions sequentially with the same toolchain	2026-09-13T06:59:22.0056226Z   Downloaded toml_datetime v1.0.1+spec-1.1.0
measure	Build both exact revisions sequentially with the same toolchain	2026-09-13T06:59:22.0073779Z   Downloaded toml_writer v1.0.7+spec-1.1.0
measure	Build both exact revisions sequentially with the same toolchain	2026-09-13T06:59:22.0091065Z   Downloaded wayland-protocols-wlr v0.3.12
measure	Build both exact revisions sequentially with the same toolchain	2026-09-13T06:59:22.0118969Z   Downloaded lock_api v0.4.14
measure	Build both exact revisions sequentially with the same toolchain	2026-09-13T06:59:22.0135670Z   Downloaded wayland-scanner v0.31.11
measure	Build both exact revisions sequentially with the same toolchain	2026-09-13T06:59:22.0161753Z   Downloaded wl-clipboard-rs v0.9.3
measure	Build both exact revisions sequentially with the same toolchain	2026-09-13T06:59:22.0192278Z   Downloaded unicode-script v0.5.8
measure	Build both exact revisions sequentially with the same toolchain	2026-09-13T06:59:22.0214915Z   Downloaded toml v1.0.7+spec-1.1.0
measure	Build both exact revisions sequentially with the same toolchain	2026-09-13T06:59:22.0261899Z   Downloaded x11-dl v2.21.0
measure	Build both exact revisions sequentially with the same toolchain	2026-09-13T06:59:22.0299057Z   Downloaded wayland-backend v0.3.17
measure	Build both exact revisions sequentially with the same toolchain	2026-09-13T06:59:22.0344368Z   Downloaded pkg-config v0.3.32
measure	Build both exact revisions sequentially with the same toolchain	2026-09-13T06:59:22.0365237Z   Downloaded xkeysym v0.2.1
measure	Build both exact revisions sequentially with the same toolchain	2026-09-13T06:59:22.0398859Z   Downloaded unicode-segmentation v1.13.3
measure	Build both exact revisions sequentially with the same toolchain	2026-09-13T06:59:22.0436311Z   Downloaded semver v1.0.27
measure	Build both exact revisions sequentially with the same toolchain	2026-09-13T06:59:22.0464501Z   Downloaded arrayvec v0.7.8
measure	Build both exact revisions sequentially with the same toolchain	2026-09-13T06:59:22.0490202Z   Downloaded winnow v1.0.0
measure	Build both exact revisions sequentially with the same toolchain	2026-09-13T06:59:22.0590075Z   Downloaded wayland-protocols v0.32.13
measure	Build both exact revisions sequentially with the same toolchain	2026-09-13T06:59:22.0678648Z   Downloaded log v0.4.29
measure	Build both exact revisions sequentially with the same toolchain	2026-09-13T06:59:22.0709317Z   Downloaded x11rb v0.13.2
measure	Build both exact revisions sequentially with the same toolchain	2026-09-13T06:59:22.0793506Z   Downloaded zerocopy v0.8.56
measure	Build both exact revisions sequentially with the same toolchain	2026-09-13T06:59:22.1013070Z   Downloaded proc-macro2 v1.0.106
measure	Build both exact revisions sequentially with the same toolchain	2026-09-13T06:59:22.1047457Z   Downloaded arboard v3.6.1
measure	Build both exact revisions sequentially with the same toolchain	2026-09-13T06:59:22.1078023Z   Downloaded miniz_oxide v0.8.9
measure	Build both exact revisions sequentially with the same toolchain	2026-09-13T06:59:22.1106452Z   Downloaded unicode-width v0.2.2
measure	Build both exact revisions sequentially with the same toolchain	2026-09-13T06:59:22.1164049Z   Downloaded serde_core v1.0.228
measure	Build both exact revisions sequentially with the same toolchain	2026-09-13T06:59:22.1194312Z   Downloaded syn v2.0.117
measure	Build both exact revisions sequentially with the same toolchain	2026-09-13T06:59:22.1300613Z   Downloaded font-kit v0.14.3
measure	Build both exact revisions sequentially with the same toolchain	2026-09-13T06:59:22.1344401Z   Downloaded sctk-adwaita v0.10.1
measure	Build both exact revisions sequentially with the same toolchain	2026-09-13T06:59:22.1375075Z   Downloaded ttf-parser v0.25.1
measure	Build both exact revisions sequentially with the same toolchain	2026-09-13T06:59:22.1473599Z   Downloaded memchr v2.8.0
measure	Build both exact revisions sequentially with the same toolchain	2026-09-13T06:59:22.1532115Z   Downloaded serde v1.0.228
measure	Build both exact revisions sequentially with the same toolchain	2026-09-13T06:59:22.1570084Z   Downloaded indexmap v2.13.0
measure	Build both exact revisions sequentially with the same toolchain	2026-09-13T06:59:22.1615714Z   Downloaded tracing v0.1.44
measure	Build both exact revisions sequentially with the same toolchain	2026-09-13T06:59:22.1773407Z   Downloaded png v0.17.16
measure	Build both exact revisions sequentially with the same toolchain	2026-09-13T06:59:22.1812609Z   Downloaded x11rb-protocol v0.13.2
measure	Build both exact revisions sequentially with the same toolchain	2026-09-13T06:59:22.1932978Z   Downloaded hashbrown v0.16.1
measure	Build both exact revisions sequentially with the same toolchain	2026-09-13T06:59:22.1984153Z   Downloaded hashbrown v0.15.5
measure	Build both exact revisions sequentially with the same toolchain	2026-09-13T06:59:22.2035066Z   Downloaded flate2 v1.1.9
measure	Build both exact revisions sequentially with the same toolchain	2026-09-13T06:59:22.2085136Z   Downloaded winit v0.30.13
measure	Build both exact revisions sequentially with the same toolchain	2026-09-13T06:59:22.2292515Z   Downloaded base64 v0.22.1
measure	Build both exact revisions sequentially with the same toolchain	2026-09-13T06:59:22.2331057Z   Downloaded nom v8.0.0
measure	Build both exact revisions sequentially with the same toolchain	2026-09-13T06:59:22.2383745Z   Downloaded regex v1.12.3
measure	Build both exact revisions sequentially with the same toolchain	2026-09-13T06:59:22.2436015Z   Downloaded polling v3.11.0
measure	Build both exact revisions sequentially with the same toolchain	2026-09-13T06:59:22.2466382Z   Downloaded libm v0.2.16
measure	Build both exact revisions sequentially with the same toolchain	2026-09-13T06:59:22.2575265Z   Downloaded parking_lot_core v0.9.12
measure	Build both exact revisions sequentially with the same toolchain	2026-09-13T06:59:22.2597039Z   Downloaded memmap2 v0.9.11
measure	Build both exact revisions sequentially with the same toolchain	2026-09-13T06:59:22.2615161Z   Downloaded wayland-client v0.31.15
measure	Build both exact revisions sequentially with the same toolchain	2026-09-13T06:59:22.2636939Z   Downloaded smithay-client-toolkit v0.19.2
measure	Build both exact revisions sequentially with the same toolchain	2026-09-13T06:59:22.2700580Z   Downloaded parking_lot v0.12.5
measure	Build both exact revisions sequentially with the same toolchain	2026-09-13T06:59:22.2726437Z   Downloaded pathfinder_simd v0.5.5
measure	Build both exact revisions sequentially with the same toolchain	2026-09-13T06:59:22.2746384Z   Downloaded getrandom v0.3.4
measure	Build both exact revisions sequentially with the same toolchain	2026-09-13T06:59:22.2781166Z   Downloaded aho-corasick v1.1.4
measure	Build both exact revisions sequentially with the same toolchain	2026-09-13T06:59:22.2833185Z   Downloaded once_cell v1.21.4
measure	Build both exact revisions sequentially with the same toolchain	2026-09-13T06:59:22.2858890Z   Downloaded anstyle-parse v0.2.7
measure	Build both exact revisions sequentially with the same toolchain	2026-09-13T06:59:22.2875167Z   Downloaded wayland-protocols-plasma v0.3.12
measure	Build both exact revisions sequentially with the same toolchain	2026-09-13T06:59:22.2920816Z   Downloaded tracing-core v0.1.36
measure	Build both exact revisions sequentially with the same toolchain	2026-09-13T06:59:22.2948222Z   Downloaded bitflags v1.3.2
measure	Build both exact revisions sequentially with the same toolchain	2026-09-13T06:59:22.2981736Z   Downloaded quick-xml v0.41.0
measure	Build both exact revisions sequentially with the same toolchain	2026-09-13T06:59:22.3041136Z   Downloaded unicode-ident v1.0.24
measure	Build both exact revisions sequentially with the same toolchain	2026-09-13T06:59:22.3074112Z   Downloaded raw-window-handle v0.6.2
measure	Build both exact revisions sequentially with the same toolchain	2026-09-13T06:59:22.3093070Z   Downloaded quote v1.0.45
measure	Build both exact revisions sequentially with the same toolchain	2026-09-13T06:59:22.3121151Z   Downloaded anstyle v1.0.14
measure	Build both exact revisions sequentially with the same toolchain	2026-09-13T06:59:22.3136492Z   Downloaded unicode-properties v0.1.4
measure	Build both exact revisions sequentially with the same toolchain	2026-09-13T06:59:22.3156163Z   Downloaded anstream v0.6.21
measure	Build both exact revisions sequentially with the same toolchain	2026-09-13T06:59:22.3178002Z   Downloaded toml_parser v1.0.10+spec-1.1.0
measure	Build both exact revisions sequentially with the same toolchain	2026-09-13T06:59:22.3201208Z   Downloaded nix v0.29.0
measure	Build both exact revisions sequentially with the same toolchain	2026-09-13T06:59:22.3313338Z   Downloaded rustybuzz v0.20.1
measure	Build both exact revisions sequentially with the same toolchain	2026-09-13T06:59:22.3410051Z   Downloaded jobserver v0.1.35
measure	Build both exact revisions sequentially with the same toolchain	2026-09-13T06:59:22.3428782Z   Downloaded dtor v0.8.1
measure	Build both exact revisions sequentially with the same toolchain	2026-09-13T06:59:22.3440859Z   Downloaded walkdir v2.5.0
measure	Build both exact revisions sequentially with the same toolchain	2026-09-13T06:59:22.3460077Z   Downloaded fdeflate v0.3.7
measure	Build both exact revisions sequentially with the same toolchain	2026-09-13T06:59:22.3477841Z   Downloaded tiny-skia-path v0.11.4
measure	Build both exact revisions sequentially with the same toolchain	2026-09-13T06:59:22.3497698Z   Downloaded softbuffer v0.4.8
measure	Build both exact revisions sequentially with the same toolchain	2026-09-13T06:59:22.3530338Z   Downloaded regex-syntax v0.8.10
measure	Build both exact revisions sequentially with the same toolchain	2026-09-13T06:59:22.3596876Z   Downloaded rustc_version v0.4.1
measure	Build both exact revisions sequentially with the same toolchain	2026-09-13T06:59:22.3610151Z   Downloaded os_pipe v1.2.3
measure	Build both exact revisions sequentially with the same toolchain	2026-09-13T06:59:22.3625174Z   Downloaded pin-project-lite v0.2.17
measure	Build both exact revisions sequentially with the same toolchain	2026-09-13T06:59:22.3685822Z   Downloaded rustix v0.38.44
measure	Build both exact revisions sequentially with the same toolchain	2026-09-13T06:59:22.3942213Z   Downloaded libloading v0.8.9
measure	Build both exact revisions sequentially with the same toolchain	2026-09-13T06:59:22.3966204Z   Downloaded rustix v1.1.4
measure	Build both exact revisions sequentially with the same toolchain	2026-09-13T06:59:22.4235249Z   Downloaded unicode-bidi-mirroring v0.4.0
measure	Build both exact revisions sequentially with the same toolchain	2026-09-13T06:59:22.4244715Z   Downloaded scopeguard v1.2.0
measure	Build both exact revisions sequentially with the same toolchain	2026-09-13T06:59:22.4257845Z   Downloaded scoped-tls v1.0.1
measure	Build both exact revisions sequentially with the same toolchain	2026-09-13T06:59:22.4269460Z   Downloaded arrayref v0.3.9
measure	Build both exact revisions sequentially with the same toolchain	2026-09-13T06:59:22.4284247Z   Downloaded same-file v1.0.6
measure	Build both exact revisions sequentially with the same toolchain	2026-09-13T06:59:22.4302106Z   Downloaded option-ext v0.2.0
measure	Build both exact revisions sequentially with the same toolchain	2026-09-13T06:59:22.4311170Z   Downloaded wayland-csd-frame v0.3.0
measure	Build both exact revisions sequentially with the same toolchain	2026-09-13T06:59:22.4324582Z   Downloaded smol_str v0.2.2
measure	Build both exact revisions sequentially with the same toolchain	2026-09-13T06:59:22.4339270Z   Downloaded fixedbitset v0.5.7
measure	Build both exact revisions sequentially with the same toolchain	2026-09-13T06:59:22.4358512Z   Downloaded find-msvc-tools v0.1.9
measure	Build both exact revisions sequentially with the same toolchain	2026-09-13T06:59:22.4375327Z   Downloaded regex-automata v0.4.14
measure	Build both exact revisions sequentially with the same toolchain	2026-09-13T06:59:22.4511041Z   Downloaded as-raw-xcb-connection v1.0.1
measure	Build both exact revisions sequentially with the same toolchain	2026-09-13T06:59:22.4524010Z   Downloaded slab v0.4.12
measure	Build both exact revisions sequentially with the same toolchain	2026-09-13T06:59:22.4539195Z   Downloaded percent-encoding v2.3.2
measure	Build both exact revisions sequentially with the same toolchain	2026-09-13T06:59:22.4549026Z   Downloaded owned_ttf_parser v0.25.1
measure	Build both exact revisions sequentially with the same toolchain	2026-09-13T06:59:22.4559743Z   Downloaded gethostname v1.1.0
measure	Build both exact revisions sequentially with the same toolchain	2026-09-13T06:59:22.4570985Z   Downloaded simd-adler32 v0.3.8
measure	Build both exact revisions sequentially with the same toolchain	2026-09-13T06:59:22.4590238Z   Downloaded lazy_static v1.5.0
measure	Build both exact revisions sequentially with the same toolchain	2026-09-13T06:59:22.4609315Z   Downloaded is_terminal_polyfill v1.70.2
measure	Build both exact revisions sequentially with the same toolchain	2026-09-13T06:59:22.4619018Z   Downloaded jiff v0.2.23
measure	Build both exact revisions sequentially with the same toolchain	2026-09-13T06:59:22.4779692Z   Downloaded float-ord v0.3.2
measure	Build both exact revisions sequentially with the same toolchain	2026-09-13T06:59:22.4789687Z   Downloaded petgraph v0.8.3
measure	Build both exact revisions sequentially with the same toolchain	2026-09-13T06:59:22.4991086Z   Downloaded thiserror v1.0.69
measure	Build both exact revisions sequentially with the same toolchain	2026-09-13T06:59:22.5047845Z   Downloaded libc v0.2.183
measure	Build both exact revisions sequentially with the same toolchain	2026-09-13T06:59:22.5430652Z   Downloaded smallvec v1.15.2
measure	Build both exact revisions sequentially with the same toolchain	2026-09-13T06:59:22.5445946Z   Downloaded foldhash v0.1.5
measure	Build both exact revisions sequentially with the same toolchain	2026-09-13T06:59:22.5459431Z   Downloaded cursor-icon v1.2.0
measure	Build both exact revisions sequentially with the same toolchain	2026-09-13T06:59:22.5473137Z   Downloaded serde_spanned v1.0.4
measure	Build both exact revisions sequentially with the same toolchain	2026-09-13T06:59:22.5484398Z   Downloaded serde_derive v1.0.228
measure	Build both exact revisions sequentially with the same toolchain	2026-09-13T06:59:22.5516328Z   Downloaded dlib v0.5.3
measure	Build both exact revisions sequentially with the same toolchain	2026-09-13T06:59:22.5526750Z   Downloaded env_filter v1.0.0
measure	Build both exact revisions sequentially with the same toolchain	2026-09-13T06:59:22.5541235Z   Downloaded downcast-rs v1.2.1
measure	Build both exact revisions sequentially with the same toolchain	2026-09-13T06:59:22.5554503Z   Downloaded dirs v6.0.0
measure	Build both exact revisions sequentially with the same toolchain	2026-09-13T06:59:22.5568027Z   Downloaded equivalent v1.0.2
measure	Build both exact revisions sequentially with the same toolchain	2026-09-13T06:59:22.5577919Z   Downloaded env_logger v0.11.9
measure	Build both exact revisions sequentially with the same toolchain	2026-09-13T06:59:22.5604372Z   Downloaded dirs-sys v0.5.0
measure	Build both exact revisions sequentially with the same toolchain	2026-09-13T06:59:22.5616133Z   Downloaded ctor v0.10.1
measure	Build both exact revisions sequentially with the same toolchain	2026-09-13T06:59:22.5629146Z   Downloaded crc32fast v1.5.0
measure	Build both exact revisions sequentially with the same toolchain	2026-09-13T06:59:22.5647809Z   Downloaded calloop v0.13.0
measure	Build both exact revisions sequentially with the same toolchain	2026-09-13T06:59:22.5680455Z   Downloaded ahash v0.8.12
measure	Build both exact revisions sequentially with the same toolchain	2026-09-13T06:59:22.5704245Z   Downloaded bytemuck v1.25.2
measure	Build both exact revisions sequentially with the same toolchain	2026-09-13T06:59:22.5735712Z   Downloaded adler2 v2.0.1
measure	Build both exact revisions sequentially with the same toolchain	2026-09-13T06:59:22.5747808Z   Downloaded ab_glyph_rasterizer v0.1.10
measure	Build both exact revisions sequentially with the same toolchain	2026-09-13T06:59:22.5759338Z   Downloaded cfg_aliases v0.2.1
measure	Build both exact revisions sequentially with the same toolchain	2026-09-13T06:59:22.5769127Z   Downloaded cfg-if v1.0.4
measure	Build both exact revisions sequentially with the same toolchain	2026-09-13T06:59:22.5874686Z   Downloaded linux-raw-sys v0.4.15
measure	Build both exact revisions sequentially with the same toolchain	2026-09-13T06:59:22.6323922Z   Downloaded linux-raw-sys v0.12.1
measure	Build both exact revisions sequentially with the same toolchain	2026-09-13T06:59:22.6953653Z   Downloaded freetype-sys v0.20.1
measure	Build both exact revisions sequentially with the same toolchain	2026-09-13T06:59:22.8406131Z    Compiling cfg-if v1.0.4
measure	Build both exact revisions sequentially with the same toolchain	2026-09-13T06:59:22.8406866Z    Compiling pkg-config v0.3.32
measure	Build both exact revisions sequentially with the same toolchain	2026-09-13T06:59:22.8421600Z    Compiling bitflags v2.11.0
measure	Build both exact revisions sequentially with the same toolchain	2026-09-13T06:59:22.8439597Z    Compiling proc-macro2 v1.0.106
measure	Build both exact revisions sequentially with the same toolchain	2026-09-13T06:59:22.8739653Z    Compiling log v0.4.29
measure	Build both exact revisions sequentially with the same toolchain	2026-09-13T06:59:23.0602220Z    Compiling quote v1.0.45
measure	Build both exact revisions sequentially with the same toolchain	2026-09-13T06:59:23.1052063Z    Compiling unicode-ident v1.0.24
measure	Build both exact revisions sequentially with the same toolchain	2026-09-13T06:59:23.1659951Z    Compiling shlex v1.3.0
measure	Build both exact revisions sequentially with the same toolchain	2026-09-13T06:59:23.2096242Z    Compiling find-msvc-tools v0.1.9
measure	Build both exact revisions sequentially with the same toolchain	2026-09-13T06:59:23.2821850Z    Compiling libloading v0.8.9
measure	Build both exact revisions sequentially with the same toolchain	2026-09-13T06:59:23.2982026Z    Compiling once_cell v1.21.4
measure	Build both exact revisions sequentially with the same toolchain	2026-09-13T06:59:23.3651977Z    Compiling cc v1.2.57
measure	Build both exact revisions sequentially with the same toolchain	2026-09-13T06:59:23.4421929Z    Compiling libc v0.2.183
measure	Build both exact revisions sequentially with the same toolchain	2026-09-13T06:59:23.4671731Z    Compiling rustix v1.1.4
measure	Build both exact revisions sequentially with the same toolchain	2026-09-13T06:59:23.8082371Z    Compiling linux-raw-sys v0.12.1
measure	Build both exact revisions sequentially with the same toolchain	2026-09-13T06:59:23.8612239Z    Compiling dlib v0.5.3
measure	Build both exact revisions sequentially with the same toolchain	2026-09-13T06:59:23.9136292Z    Compiling smallvec v1.15.2
measure	Build both exact revisions sequentially with the same toolchain	2026-09-13T06:59:24.0942379Z    Compiling wayland-sys v0.31.11
measure	Build both exact revisions sequentially with the same toolchain	2026-09-13T06:59:24.9222932Z    Compiling memchr v2.8.0
measure	Build both exact revisions sequentially with the same toolchain	2026-09-13T06:59:24.9403596Z    Compiling wayland-backend v0.3.17
measure	Build both exact revisions sequentially with the same toolchain	2026-09-13T06:59:25.0682425Z    Compiling downcast-rs v1.2.1
measure	Build both exact revisions sequentially with the same toolchain	2026-09-13T06:59:25.1142404Z    Compiling scoped-tls v1.0.1
measure	Build both exact revisions sequentially with the same toolchain	2026-09-13T06:59:25.1622007Z    Compiling syn v2.0.117
measure	Build both exact revisions sequentially with the same toolchain	2026-09-13T06:59:25.3072424Z    Compiling wayland-client v0.31.15
measure	Build both exact revisions sequentially with the same toolchain	2026-09-13T06:59:25.3912719Z    Compiling quick-xml v0.41.0
measure	Build both exact revisions sequentially with the same toolchain	2026-09-13T06:59:26.3171866Z    Compiling wayland-scanner v0.31.11
measure	Build both exact revisions sequentially with the same toolchain	2026-09-13T06:59:26.7574764Z    Compiling libm v0.2.16
measure	Build both exact revisions sequentially with the same toolchain	2026-09-13T06:59:27.4922002Z    Compiling thiserror v1.0.69
measure	Build both exact revisions sequentially with the same toolchain	2026-09-13T06:59:27.6341777Z    Compiling rustix v0.38.44
measure	Build both exact revisions sequentially with the same toolchain	2026-09-13T06:59:27.8244565Z    Compiling thiserror-impl v1.0.69
measure	Build both exact revisions sequentially with the same toolchain	2026-09-13T06:59:27.8381848Z    Compiling bytemuck v1.25.2
measure	Build both exact revisions sequentially with the same toolchain	2026-09-13T06:59:28.0672348Z    Compiling core_maths v0.1.1
measure	Build both exact revisions sequentially with the same toolchain	2026-09-13T06:59:28.1252067Z    Compiling linux-raw-sys v0.4.15
measure	Build both exact revisions sequentially with the same toolchain	2026-09-13T06:59:28.4421897Z    Compiling serde_core v1.0.228
measure	Build both exact revisions sequentially with the same toolchain	2026-09-13T06:59:28.5916759Z    Compiling cfg_aliases v0.2.1
measure	Build both exact revisions sequentially with the same toolchain	2026-09-13T06:59:28.6201403Z    Compiling semver v1.0.27
measure	Build both exact revisions sequentially with the same toolchain	2026-09-13T06:59:28.8422383Z    Compiling rustc_version v0.4.1
measure	Build both exact revisions sequentially with the same toolchain	2026-09-13T06:59:29.0562688Z    Compiling ttf-parser v0.25.1
measure	Build both exact revisions sequentially with the same toolchain	2026-09-13T06:59:29.0619571Z    Compiling equivalent v1.0.2
measure	Build both exact revisions sequentially with the same toolchain	2026-09-13T06:59:29.1112094Z    Compiling as-raw-xcb-connection v1.0.1
measure	Build both exact revisions sequentially with the same toolchain	2026-09-13T06:59:29.1531858Z    Compiling slab v0.4.12
measure	Build both exact revisions sequentially with the same toolchain	2026-09-13T06:59:29.2911920Z    Compiling foldhash v0.1.5
measure	Build both exact revisions sequentially with the same toolchain	2026-09-13T06:59:29.4462477Z    Compiling hashbrown v0.16.1
measure	Build both exact revisions sequentially with the same toolchain	2026-09-13T06:59:33.5181947Z    Compiling polling v3.11.0
measure	Build both exact revisions sequentially with the same toolchain	2026-09-13T06:59:33.8281995Z    Compiling calloop v0.13.0
measure	Build both exact revisions sequentially with the same toolchain	2026-09-13T06:59:34.9402421Z    Compiling wayland-protocols v0.32.13
measure	Build both exact revisions sequentially with the same toolchain	2026-09-13T06:59:35.1142267Z    Compiling indexmap v2.13.0
measure	Build both exact revisions sequentially with the same toolchain	2026-09-13T06:59:35.2601711Z    Compiling gethostname v1.1.0
measure	Build both exact revisions sequentially with the same toolchain	2026-09-13T06:59:35.3112015Z    Compiling hashbrown v0.15.5
measure	Build both exact revisions sequentially with the same toolchain	2026-09-13T06:59:35.9201995Z    Compiling pathfinder_simd v0.5.5
measure	Build both exact revisions sequentially with the same toolchain	2026-09-13T06:59:36.0141745Z    Compiling aho-corasick v1.1.4
measure	Build both exact revisions sequentially with the same toolchain	2026-09-13T06:59:38.4511886Z    Compiling memmap2 v0.9.11
measure	Build both exact revisions sequentially with the same toolchain	2026-09-13T06:59:38.6836319Z    Compiling freetype-sys v0.20.1
measure	Build both exact revisions sequentially with the same toolchain	2026-09-13T06:59:38.8012092Z    Compiling yeslogic-fontconfig-sys v6.0.0
measure	Build both exact revisions sequentially with the same toolchain	2026-09-13T06:59:38.8917495Z    Compiling cursor-icon v1.2.0
measure	Build both exact revisions sequentially with the same toolchain	2026-09-13T06:59:38.9742103Z    Compiling strict-num v0.1.1
measure	Build both exact revisions sequentially with the same toolchain	2026-09-13T06:59:38.9922410Z    Compiling crc32fast v1.5.0
measure	Build both exact revisions sequentially with the same toolchain	2026-09-13T06:59:39.0552292Z    Compiling smithay-client-toolkit v0.19.2
measure	Build both exact revisions sequentially with the same toolchain	2026-09-13T06:59:39.1081919Z    Compiling regex-syntax v0.8.10
measure	Build both exact revisions sequentially with the same toolchain	2026-09-13T06:59:39.1217906Z    Compiling fixedbitset v0.5.7
measure	Build both exact revisions sequentially with the same toolchain	2026-09-13T06:59:39.5922162Z    Compiling zerocopy v0.8.56
measure	Build both exact revisions sequentially with the same toolchain	2026-09-13T06:59:39.8151834Z    Compiling parking_lot_core v0.9.12
measure	Build both exact revisions sequentially with the same toolchain	2026-09-13T06:59:39.9171994Z    Compiling thiserror v2.0.18
measure	Build both exact revisions sequentially with the same toolchain	2026-09-13T06:59:40.0942249Z    Compiling pin-project-lite v0.2.17
measure	Build both exact revisions sequentially with the same toolchain	2026-09-13T06:59:40.1366895Z    Compiling version_check v0.9.5
measure	Build both exact revisions sequentially with the same toolchain	2026-09-13T06:59:40.3472081Z    Compiling xcursor v0.3.11
measure	Build both exact revisions sequentially with the same toolchain	2026-09-13T06:59:41.2892162Z    Compiling wayland-protocols-wlr v0.3.12
measure	Build both exact revisions sequentially with the same toolchain	2026-09-13T06:59:42.6832116Z    Compiling arrayref v0.3.9
measure	Build both exact revisions sequentially with the same toolchain	2026-09-13T06:59:42.7156688Z    Compiling x11rb-protocol v0.13.2
measure	Build both exact revisions sequentially with the same toolchain	2026-09-13T06:59:46.0735000Z    Compiling xkeysym v0.2.1
measure	Build both exact revisions sequentially with the same toolchain	2026-09-13T06:59:46.0791523Z    Compiling tracing-core v0.1.36
measure	Build both exact revisions sequentially with the same toolchain	2026-09-13T06:59:46.8471692Z    Compiling simd-adler32 v0.3.8
measure	Build both exact revisions sequentially with the same toolchain	2026-09-13T06:59:47.0951838Z    Compiling getrandom v0.3.4
measure	Build both exact revisions sequentially with the same toolchain	2026-09-13T06:59:47.2622444Z    Compiling tracing v0.1.44
measure	Build both exact revisions sequentially with the same toolchain	2026-09-13T06:59:47.4511937Z    Compiling tiny-skia-path v0.11.4
measure	Build both exact revisions sequentially with the same toolchain	2026-09-13T06:59:48.8168387Z    Compiling wayland-cursor v0.31.14
measure	Build both exact revisions sequentially with the same toolchain	2026-09-13T06:59:49.0391926Z    Compiling ahash v0.8.12
measure	Build both exact revisions sequentially with the same toolchain	2026-09-13T06:59:49.1232310Z    Compiling regex-automata v0.4.14
measure	Build both exact revisions sequentially with the same toolchain	2026-09-13T06:59:49.6512450Z    Compiling petgraph v0.8.3
measure	Build both exact revisions sequentially with the same toolchain	2026-09-13T06:59:51.7631892Z    Compiling wayland-csd-frame v0.3.0
measure	Build both exact revisions sequentially with the same toolchain	2026-09-13T06:59:52.1732009Z    Compiling calloop-wayland-source v0.3.0
measure	Build both exact revisions sequentially with the same toolchain	2026-09-13T06:59:52.2502020Z    Compiling owned_ttf_parser v0.25.1
measure	Build both exact revisions sequentially with the same toolchain	2026-09-13T06:59:52.5231765Z    Compiling thiserror-impl v2.0.18
measure	Build both exact revisions sequentially with the same toolchain	2026-09-13T06:59:53.6232047Z    Compiling nom v8.0.0
measure	Build both exact revisions sequentially with the same toolchain	2026-09-13T06:59:56.4202007Z    Compiling x11rb v0.13.2
measure	Build both exact revisions sequentially with the same toolchain	2026-09-13T06:59:57.0482292Z    Compiling x11-dl v2.21.0
measure	Build both exact revisions sequentially with the same toolchain	2026-09-13T06:59:57.1521972Z    Compiling tiny-xlib v0.2.5
measure	Build both exact revisions sequentially with the same toolchain	2026-09-13T06:59:57.2742013Z    Compiling arrayvec v0.7.8
measure	Build both exact revisions sequentially with the same toolchain	2026-09-13T06:59:57.4521875Z    Compiling utf8parse v0.2.2
measure	Build both exact revisions sequentially with the same toolchain	2026-09-13T06:59:57.5002006Z    Compiling ab_glyph_rasterizer v0.1.10
measure	Build both exact revisions sequentially with the same toolchain	2026-09-13T06:59:57.6942079Z    Compiling scopeguard v1.2.0
measure	Build both exact revisions sequentially with the same toolchain	2026-09-13T06:59:57.7342479Z    Compiling adler2 v2.0.1
measure	Build both exact revisions sequentially with the same toolchain	2026-09-13T06:59:57.8232393Z    Compiling option-ext v0.2.0
measure	Build both exact revisions sequentially with the same toolchain	2026-09-13T06:59:57.8632189Z    Compiling dirs-sys v0.5.0
measure	Build both exact revisions sequentially with the same toolchain	2026-09-13T06:59:58.3267907Z    Compiling miniz_oxide v0.8.9
measure	Build both exact revisions sequentially with the same toolchain	2026-09-13T06:59:59.6662301Z    Compiling lock_api v0.4.14
measure	Build both exact revisions sequentially with the same toolchain	2026-09-13T06:59:59.8561940Z    Compiling ab_glyph v0.2.32
measure	Build both exact revisions sequentially with the same toolchain	2026-09-13T06:59:59.9662541Z    Compiling anstyle-parse v0.2.7
measure	Build both exact revisions sequentially with the same toolchain	2026-09-13T07:00:00.1047856Z    Compiling tiny-skia v0.11.4
measure	Build both exact revisions sequentially with the same toolchain	2026-09-13T07:00:01.3173165Z    Compiling tree_magic_mini v3.2.2
measure	Build both exact revisions sequentially with the same toolchain	2026-09-13T07:00:04.7048666Z    Compiling regex v1.12.3
measure	Build both exact revisions sequentially with the same toolchain	2026-09-13T07:00:06.3432103Z    Compiling winit v0.30.13
measure	Build both exact revisions sequentially with the same toolchain	2026-09-13T07:00:06.3551764Z    Compiling nix v0.29.0
measure	Build both exact revisions sequentially with the same toolchain	2026-09-13T07:00:06.5671779Z    Compiling os_pipe v1.2.3
measure	Build both exact revisions sequentially with the same toolchain	2026-09-13T07:00:06.5971749Z    Compiling anstyle-query v1.1.5
measure	Build both exact revisions sequentially with the same toolchain	2026-09-13T07:00:06.6391890Z    Compiling anstyle v1.0.14
measure	Build both exact revisions sequentially with the same toolchain	2026-09-13T07:00:06.6507098Z    Compiling winnow v1.0.0
measure	Build both exact revisions sequentially with the same toolchain	2026-09-13T07:00:06.8421903Z    Compiling is_terminal_polyfill v1.70.2
measure	Build both exact revisions sequentially with the same toolchain	2026-09-13T07:00:06.8862454Z    Compiling percent-encoding v2.3.2
measure	Build both exact revisions sequentially with the same toolchain	2026-09-13T07:00:07.0421895Z    Compiling ctor v0.10.1
measure	Build both exact revisions sequentially with the same toolchain	2026-09-13T07:00:07.0772443Z    Compiling colorchoice v1.0.5
measure	Build both exact revisions sequentially with the same toolchain	2026-09-13T07:00:07.0800367Z    Compiling font-kit v0.14.3
measure	Build both exact revisions sequentially with the same toolchain	2026-09-13T07:00:07.1246655Z    Compiling serde v1.0.228
measure	Build both exact revisions sequentially with the same toolchain	2026-09-13T07:00:07.1601946Z    Compiling same-file v1.0.6
measure	Build both exact revisions sequentially with the same toolchain	2026-09-13T07:00:07.2732629Z    Compiling raw-window-handle v0.6.2
measure	Build both exact revisions sequentially with the same toolchain	2026-09-13T07:00:07.2979537Z    Compiling walkdir v2.5.0
measure	Build both exact revisions sequentially with the same toolchain	2026-09-13T07:00:07.5071868Z    Compiling anstream v0.6.21
measure	Build both exact revisions sequentially with the same toolchain	2026-09-13T07:00:08.0932911Z    Compiling toml_parser v1.0.10+spec-1.1.0
measure	Build both exact revisions sequentially with the same toolchain	2026-09-13T07:00:08.4092367Z    Compiling wl-clipboard-rs v0.9.3
measure	Build both exact revisions sequentially with the same toolchain	2026-09-13T07:00:09.0221902Z    Compiling parking_lot v0.12.5
measure	Build both exact revisions sequentially with the same toolchain	2026-09-13T07:00:09.5802888Z    Compiling env_filter v1.0.0
measure	Build both exact revisions sequentially with the same toolchain	2026-09-13T07:00:09.9081806Z    Compiling flate2 v1.1.9
measure	Build both exact revisions sequentially with the same toolchain	2026-09-13T07:00:10.4111698Z    Compiling pathfinder_geometry v0.5.1
measure	Build both exact revisions sequentially with the same toolchain	2026-09-13T07:00:10.6101895Z    Compiling sctk-adwaita v0.10.1
measure	Build both exact revisions sequentially with the same toolchain	2026-09-13T07:00:12.4832249Z    Compiling dirs v6.0.0
measure	Build both exact revisions sequentially with the same toolchain	2026-09-13T07:00:12.8901849Z    Compiling fdeflate v0.3.7
measure	Build both exact revisions sequentially with the same toolchain	2026-09-13T07:00:13.8405462Z    Compiling xkbcommon-dl v0.4.2
measure	Build both exact revisions sequentially with the same toolchain	2026-09-13T07:00:14.2592070Z    Compiling wayland-protocols-plasma v0.3.12
measure	Build both exact revisions sequentially with the same toolchain	2026-09-13T07:00:14.8481787Z    Compiling toml_datetime v1.0.1+spec-1.1.0
measure	Build both exact revisions sequentially with the same toolchain	2026-09-13T07:00:15.2061826Z    Compiling serde_spanned v1.0.4
measure	Build both exact revisions sequentially with the same toolchain	2026-09-13T07:00:15.2791762Z    Compiling serde_derive v1.0.228
measure	Build both exact revisions sequentially with the same toolchain	2026-09-13T07:00:18.0932236Z    Compiling unicode-properties v0.1.4
measure	Build both exact revisions sequentially with the same toolchain	2026-09-13T07:00:18.1073414Z    Compiling fastrand v2.5.0
measure	Build both exact revisions sequentially with the same toolchain	2026-09-13T07:00:18.2397175Z    Compiling byteorder v1.5.0
measure	Build both exact revisions sequentially with the same toolchain	2026-09-13T07:00:18.3058216Z    Compiling lazy_static v1.5.0
measure	Build both exact revisions sequentially with the same toolchain	2026-09-13T07:00:18.3437342Z    Compiling jiff v0.2.23
measure	Build both exact revisions sequentially with the same toolchain	2026-09-13T07:00:18.4551957Z    Compiling bitflags v1.3.2
measure	Build both exact revisions sequentially with the same toolchain	2026-09-13T07:00:18.4881844Z    Compiling float-ord v0.3.2
measure	Build both exact revisions sequentially with the same toolchain	2026-09-13T07:00:18.5301798Z    Compiling toml_writer v1.0.7+spec-1.1.0
measure	Build both exact revisions sequentially with the same toolchain	2026-09-13T07:00:18.7161869Z    Compiling unicode-script v0.5.8
measure	Build both exact revisions sequentially with the same toolchain	2026-09-13T07:00:19.2341774Z    Compiling smol_str v0.2.2
measure	Build both exact revisions sequentially with the same toolchain	2026-09-13T07:00:19.3902311Z    Compiling unicode-ccc v0.4.0
measure	Build both exact revisions sequentially with the same toolchain	2026-09-13T07:00:19.5132014Z    Compiling unicode-bidi-mirroring v0.4.0
measure	Build both exact revisions sequentially with the same toolchain	2026-09-13T07:00:19.5151529Z    Compiling dpi v0.1.2
measure	Build both exact revisions sequentially with the same toolchain	2026-09-13T07:00:19.5751848Z    Compiling rustybuzz v0.20.1
measure	Build both exact revisions sequentially with the same toolchain	2026-09-13T07:00:24.2582142Z    Compiling env_logger v0.11.9
measure	Build both exact revisions sequentially with the same toolchain	2026-09-13T07:00:25.2951766Z    Compiling toml v1.0.7+spec-1.1.0
measure	Build both exact revisions sequentially with the same toolchain	2026-09-13T07:00:30.2863226Z    Compiling png v0.17.16
measure	Build both exact revisions sequentially with the same toolchain	2026-09-13T07:00:30.3721982Z    Compiling softbuffer v0.4.8
measure	Build both exact revisions sequentially with the same toolchain	2026-09-13T07:00:31.9582495Z    Compiling arboard v3.6.1
measure	Build both exact revisions sequentially with the same toolchain	2026-09-13T07:00:32.8851909Z    Compiling base64 v0.22.1
measure	Build both exact revisions sequentially with the same toolchain	2026-09-13T07:00:33.3632537Z    Compiling unicode-width v0.2.2
measure	Build both exact revisions sequentially with the same toolchain	2026-09-13T07:00:33.5772254Z    Compiling unicode-segmentation v1.13.3
measure	Build both exact revisions sequentially with the same toolchain	2026-09-13T07:00:36.0389532Z    Compiling kokuban v0.2.0 (/home/runner/work/_temp/kokuban-paired-source-before)
measure	Build both exact revisions sequentially with the same toolchain	2026-09-13T07:00:37.2493692Z warning: fields `descent` and `font` are never read
measure	Build both exact revisions sequentially with the same toolchain	2026-09-13T07:00:37.2497437Z   --> src/glyph_atlas.rs:89:9
measure	Build both exact revisions sequentially with the same toolchain	2026-09-13T07:00:37.2498473Z    |
measure	Build both exact revisions sequentially with the same toolchain	2026-09-13T07:00:37.2499182Z 75 | pub struct GlyphAtlas {
measure	Build both exact revisions sequentially with the same toolchain	2026-09-13T07:00:37.2500085Z    |            ---------- fields in this struct
measure	Build both exact revisions sequentially with the same toolchain	2026-09-13T07:00:37.2501273Z ...
measure	Build both exact revisions sequentially with the same toolchain	2026-09-13T07:00:37.2501934Z 89 |     pub descent: f32,
measure	Build both exact revisions sequentially with the same toolchain	2026-09-13T07:00:37.2502819Z    |         ^^^^^^^
measure	Build both exact revisions sequentially with the same toolchain	2026-09-13T07:00:37.2503506Z 90 |     font: Font,
measure	Build both exact revisions sequentially with the same toolchain	2026-09-13T07:00:37.2504160Z    |     ^^^^
measure	Build both exact revisions sequentially with the same toolchain	2026-09-13T07:00:37.2504735Z    |
measure	Build both exact revisions sequentially with the same toolchain	2026-09-13T07:00:37.2505481Z    = note: `#[warn(dead_code)]` (part of `#[warn(unused)]`) on by default
measure	Build both exact revisions sequentially with the same toolchain	2026-09-13T07:00:37.2506239Z 
measure	Build both exact revisions sequentially with the same toolchain	2026-09-13T07:00:37.2506627Z warning: method `clear_and_resize` is never used
measure	Build both exact revisions sequentially with the same toolchain	2026-09-13T07:00:37.2507789Z    --> src/glyph_atlas.rs:225:12
measure	Build both exact revisions sequentially with the same toolchain	2026-09-13T07:00:37.2508434Z     |
measure	Build both exact revisions sequentially with the same toolchain	2026-09-13T07:00:37.2508985Z 107 | impl GlyphAtlas {
measure	Build both exact revisions sequentially with the same toolchain	2026-09-13T07:00:37.2509672Z     | --------------- method in this implementation
measure	Build both exact revisions sequentially with the same toolchain	2026-09-13T07:00:37.2510448Z ...
measure	Build both exact revisions sequentially with the same toolchain	2026-09-13T07:00:37.2511641Z 225 |     pub fn clear_and_resize(&mut self, new_font_size: f32) -> Result<(), GlyphAtlasError> {
measure	Build both exact revisions sequentially with the same toolchain	2026-09-13T07:00:37.2512745Z     |            ^^^^^^^^^^^^^^^^
measure	Build both exact revisions sequentially with the same toolchain	2026-09-13T07:00:37.2513242Z 
measure	Build both exact revisions sequentially with the same toolchain	2026-09-13T07:00:37.2513619Z warning: field `blinking` is never read
measure	Build both exact revisions sequentially with the same toolchain	2026-09-13T07:00:37.2514368Z    --> src/grid/mod.rs:118:9
measure	Build both exact revisions sequentially with the same toolchain	2026-09-13T07:00:37.2514956Z     |
measure	Build both exact revisions sequentially with the same toolchain	2026-09-13T07:00:37.2515445Z 116 | pub struct CursorStyle {
measure	Build both exact revisions sequentially with the same toolchain	2026-09-13T07:00:37.2516072Z     |            ----------- field in this struct
measure	Build both exact revisions sequentially with the same toolchain	2026-09-13T07:00:37.2516750Z 117 |     pub shape: CursorShape,
measure	Build both exact revisions sequentially with the same toolchain	2026-09-13T07:00:37.2517372Z 118 |     pub blinking: bool,
measure	Build both exact revisions sequentially with the same toolchain	2026-09-13T07:00:37.2517942Z     |         ^^^^^^^^
measure	Build both exact revisions sequentially with the same toolchain	2026-09-13T07:00:37.2518474Z     |
measure	Build both exact revisions sequentially with the same toolchain	2026-09-13T07:00:37.2519583Z     = note: `CursorStyle` has derived impls for the traits `Clone` and `Debug`, but these are intentionally ignored during dead code analysis
measure	Build both exact revisions sequentially with the same toolchain	2026-09-13T07:00:37.2520639Z 
measure	Build both exact revisions sequentially with the same toolchain	2026-09-13T07:00:37.2521424Z warning: methods `title_revision`, `scrollback_cell`, `clear_dirty`, and `is_any_dirty` are never used
measure	Build both exact revisions sequentially with the same toolchain	2026-09-13T07:00:37.2522295Z     --> src/grid/mod.rs:365:19
measure	Build both exact revisions sequentially with the same toolchain	2026-09-13T07:00:37.2522673Z      |
measure	Build both exact revisions sequentially with the same toolchain	2026-09-13T07:00:37.2522987Z  228 | impl Grid {
measure	Build both exact revisions sequentially with the same toolchain	2026-09-13T07:00:37.2523493Z      | --------- methods in this implementation
measure	Build both exact revisions sequentially with the same toolchain	2026-09-13T07:00:37.2523789Z ...
measure	Build both exact revisions sequentially with the same toolchain	2026-09-13T07:00:37.2524094Z  365 |     pub(crate) fn title_revision(&self) -> u64 { self.title_revision }
measure	Build both exact revisions sequentially with the same toolchain	2026-09-13T07:00:37.2524471Z      |                   ^^^^^^^^^^^^^^
measure	Build both exact revisions sequentially with the same toolchain	2026-09-13T07:00:37.2524718Z ...
measure	Build both exact revisions sequentially with the same toolchain	2026-09-13T07:00:37.2524993Z  391 |     pub fn scrollback_cell(&self, row: usize, col: usize) -> char {
measure	Build both exact revisions sequentially with the same toolchain	2026-09-13T07:00:37.2525351Z      |            ^^^^^^^^^^^^^^^
measure	Build both exact revisions sequentially with the same toolchain	2026-09-13T07:00:37.2525584Z ...
measure	Build both exact revisions sequentially with the same toolchain	2026-09-13T07:00:37.2525900Z 1505 |     pub fn clear_dirty(&mut self) { for d in &mut self.dirty { *d = false; } }
measure	Build both exact revisions sequentially with the same toolchain	2026-09-13T07:00:37.2526311Z      |            ^^^^^^^^^^^
measure	Build both exact revisions sequentially with the same toolchain	2026-09-13T07:00:37.2526664Z 1506 |     pub fn is_any_dirty(&self) -> bool { self.dirty.iter().any(|&d| d) }
measure	Build both exact revisions sequentially with the same toolchain	2026-09-13T07:00:37.2527066Z      |            ^^^^^^^^^^^^
measure	Build both exact revisions sequentially with the same toolchain	2026-09-13T07:00:37.2527218Z 
measure	Build both exact revisions sequentially with the same toolchain	2026-09-13T07:00:37.2527313Z warning: method `text` is never used
measure	Build both exact revisions sequentially with the same toolchain	2026-09-13T07:00:37.2527583Z   --> src/grid/cell.rs:48:12
measure	Build both exact revisions sequentially with the same toolchain	2026-09-13T07:00:37.2527810Z    |
measure	Build both exact revisions sequentially with the same toolchain	2026-09-13T07:00:37.2527986Z 47 | impl Cell {
measure	Build both exact revisions sequentially with the same toolchain	2026-09-13T07:00:37.2528213Z    | --------- method in this implementation
measure	Build both exact revisions sequentially with the same toolchain	2026-09-13T07:00:37.2528518Z 48 |     pub fn text(&self) -> Cow<'_, str> {
measure	Build both exact revisions sequentially with the same toolchain	2026-09-13T07:00:37.2528838Z    |            ^^^^
measure	Build both exact revisions sequentially with the same toolchain	2026-09-13T07:00:37.2528962Z 
measure	Build both exact revisions sequentially with the same toolchain	2026-09-13T07:00:37.2529066Z warning: field `kind` is never read
measure	Build both exact revisions sequentially with the same toolchain	2026-09-13T07:00:37.2529328Z   --> src/grid/marks.rs:11:9
measure	Build both exact revisions sequentially with the same toolchain	2026-09-13T07:00:37.2529546Z    |
measure	Build both exact revisions sequentially with the same toolchain	2026-09-13T07:00:37.2529739Z 10 | pub struct PromptMark {
measure	Build both exact revisions sequentially with the same toolchain	2026-09-13T07:00:37.2529997Z    |            ---------- field in this struct
measure	Build both exact revisions sequentially with the same toolchain	2026-09-13T07:00:37.2530291Z 11 |     pub kind: PromptMarkKind,
measure	Build both exact revisions sequentially with the same toolchain	2026-09-13T07:00:37.2530534Z    |         ^^^^
measure	Build both exact revisions sequentially with the same toolchain	2026-09-13T07:00:37.2530718Z    |
measure	Build both exact revisions sequentially with the same toolchain	2026-09-13T07:00:37.2531539Z    = note: `PromptMark` has derived impls for the traits `Clone` and `Debug`, but these are intentionally ignored during dead code analysis
measure	Build both exact revisions sequentially with the same toolchain	2026-09-13T07:00:37.2532065Z 
measure	Build both exact revisions sequentially with the same toolchain	2026-09-13T07:00:37.2532350Z warning: methods `prev_prompt`, `next_prompt`, `visible_prompt_rows`, and `is_empty` are never used
measure	Build both exact revisions sequentially with the same toolchain	2026-09-13T07:00:37.2532842Z   --> src/grid/marks.rs:34:12
measure	Build both exact revisions sequentially with the same toolchain	2026-09-13T07:00:37.2533065Z    |
measure	Build both exact revisions sequentially with the same toolchain	2026-09-13T07:00:37.2533242Z 20 | impl MarkIndex {
measure	Build both exact revisions sequentially with the same toolchain	2026-09-13T07:00:37.2533491Z    | -------------- methods in this implementation
measure	Build both exact revisions sequentially with the same toolchain	2026-09-13T07:00:37.2533772Z ...
measure	Build both exact revisions sequentially with the same toolchain	2026-09-13T07:00:37.2534051Z 34 |     pub fn prev_prompt(&self, current_row: usize) -> Option<usize> {
measure	Build both exact revisions sequentially with the same toolchain	2026-09-13T07:00:37.2534413Z    |            ^^^^^^^^^^^
measure	Build both exact revisions sequentially with the same toolchain	2026-09-13T07:00:37.2534625Z ...
measure	Build both exact revisions sequentially with the same toolchain	2026-09-13T07:00:37.2534884Z 48 |     pub fn next_prompt(&self, current_row: usize) -> Option<usize> {
measure	Build both exact revisions sequentially with the same toolchain	2026-09-13T07:00:37.2535389Z    |            ^^^^^^^^^^^
measure	Build both exact revisions sequentially with the same toolchain	2026-09-13T07:00:37.2535591Z ...
measure	Build both exact revisions sequentially with the same toolchain	2026-09-13T07:00:37.2535775Z 58 |     pub fn visible_prompt_rows(
measure	Build both exact revisions sequentially with the same toolchain	2026-09-13T07:00:37.2536024Z    |            ^^^^^^^^^^^^^^^^^^^
measure	Build both exact revisions sequentially with the same toolchain	2026-09-13T07:00:37.2536246Z ...
measure	Build both exact revisions sequentially with the same toolchain	2026-09-13T07:00:37.2536431Z 79 |     pub fn is_empty(&self) -> bool {
measure	Build both exact revisions sequentially with the same toolchain	2026-09-13T07:00:37.2536685Z    |            ^^^^^^^^
measure	Build both exact revisions sequentially with the same toolchain	2026-09-13T07:00:37.2536822Z 
measure	Build both exact revisions sequentially with the same toolchain	2026-09-13T07:00:37.2536943Z warning: struct `KeyBind` is never constructed
measure	Build both exact revisions sequentially with the same toolchain	2026-09-13T07:00:37.2537240Z   --> src/input/keybind.rs:15:12
measure	Build both exact revisions sequentially with the same toolchain	2026-09-13T07:00:37.2537471Z    |
measure	Build both exact revisions sequentially with the same toolchain	2026-09-13T07:00:37.2537656Z 15 | pub struct KeyBind {
measure	Build both exact revisions sequentially with the same toolchain	2026-09-13T07:00:37.2537875Z    |            ^^^^^^^
measure	Build both exact revisions sequentially with the same toolchain	2026-09-13T07:00:37.2538003Z 
measure	Build both exact revisions sequentially with the same toolchain	2026-09-13T07:00:37.2538115Z warning: enum `PaneAction` is never used
measure	Build both exact revisions sequentially with the same toolchain	2026-09-13T07:00:37.2538401Z   --> src/input/keybind.rs:21:10
measure	Build both exact revisions sequentially with the same toolchain	2026-09-13T07:00:37.2538633Z    |
measure	Build both exact revisions sequentially with the same toolchain	2026-09-13T07:00:37.2538817Z 21 | pub enum PaneAction {
measure	Build both exact revisions sequentially with the same toolchain	2026-09-13T07:00:37.2539042Z    |          ^^^^^^^^^^
measure	Build both exact revisions sequentially with the same toolchain	2026-09-13T07:00:37.2539188Z 
measure	Build both exact revisions sequentially with the same toolchain	2026-09-13T07:00:37.2539316Z warning: struct `KeybindMap` is never constructed
measure	Build both exact revisions sequentially with the same toolchain	2026-09-13T07:00:37.2539626Z   --> src/input/keybind.rs:40:12
measure	Build both exact revisions sequentially with the same toolchain	2026-09-13T07:00:37.2539854Z    |
measure	Build both exact revisions sequentially with the same toolchain	2026-09-13T07:00:37.2540040Z 40 | pub struct KeybindMap {
measure	Build both exact revisions sequentially with the same toolchain	2026-09-13T07:00:37.2540275Z    |            ^^^^^^^^^^
measure	Build both exact revisions sequentially with the same toolchain	2026-09-13T07:00:37.2540404Z 
measure	Build both exact revisions sequentially with the same toolchain	2026-09-13T07:00:37.2540585Z warning: associated items `from_config` and `lookup` are never used
measure	Build both exact revisions sequentially with the same toolchain	2026-09-13T07:00:37.2541297Z   --> src/input/keybind.rs:45:12
measure	Build both exact revisions sequentially with the same toolchain	2026-09-13T07:00:37.2541533Z    |
measure	Build both exact revisions sequentially with the same toolchain	2026-09-13T07:00:37.2541714Z 44 | impl KeybindMap {
measure	Build both exact revisions sequentially with the same toolchain	2026-09-13T07:00:37.2541991Z    | --------------- associated items in this implementation
measure	Build both exact revisions sequentially with the same toolchain	2026-09-13T07:00:37.2542384Z 45 |     pub fn from_config(config: &KeybindConfig) -> Self {
measure	Build both exact revisions sequentially with the same toolchain	2026-09-13T07:00:37.2542705Z    |            ^^^^^^^^^^^
measure	Build both exact revisions sequentially with the same toolchain	2026-09-13T07:00:37.2542921Z ...
measure	Build both exact revisions sequentially with the same toolchain	2026-09-13T07:00:37.2543258Z 74 |     pub fn lookup(&self, key_code: u16, modifiers: KeyModifiers) -> Option<PaneAction> {
measure	Build both exact revisions sequentially with the same toolchain	2026-09-13T07:00:37.2543686Z    |            ^^^^^^
measure	Build both exact revisions sequentially with the same toolchain	2026-09-13T07:00:37.2543819Z 
measure	Build both exact revisions sequentially with the same toolchain	2026-09-13T07:00:37.2543948Z warning: function `parse_keybind` is never used
measure	Build both exact revisions sequentially with the same toolchain	2026-09-13T07:00:37.2544264Z   --> src/input/keybind.rs:84:4
measure	Build both exact revisions sequentially with the same toolchain	2026-09-13T07:00:37.2544497Z    |
measure	Build both exact revisions sequentially with the same toolchain	2026-09-13T07:00:37.2544719Z 84 | fn parse_keybind(s: &str) -> Option<KeyBind> {
measure	Build both exact revisions sequentially with the same toolchain	2026-09-13T07:00:37.2545008Z    |    ^^^^^^^^^^^^^
measure	Build both exact revisions sequentially with the same toolchain	2026-09-13T07:00:37.2545137Z 
measure	Build both exact revisions sequentially with the same toolchain	2026-09-13T07:00:37.2545259Z warning: function `key_name_to_code` is never used
measure	Build both exact revisions sequentially with the same toolchain	2026-09-13T07:00:37.2545577Z    --> src/input/keybind.rs:103:4
measure	Build both exact revisions sequentially with the same toolchain	2026-09-13T07:00:37.2545816Z     |
measure	Build both exact revisions sequentially with the same toolchain	2026-09-13T07:00:37.2546040Z 103 | fn key_name_to_code(name: &str) -> Option<u16> {
measure	Build both exact revisions sequentially with the same toolchain	2026-09-13T07:00:37.2546339Z     |    ^^^^^^^^^^^^^^^^
measure	Build both exact revisions sequentially with the same toolchain	2026-09-13T07:00:37.2546472Z 
measure	Build both exact revisions sequentially with the same toolchain	2026-09-13T07:00:37.2546586Z warning: type alias `PaneId` is never used
measure	Build both exact revisions sequentially with the same toolchain	2026-09-13T07:00:37.2546868Z  --> src/layout.rs:5:10
measure	Build both exact revisions sequentially with the same toolchain	2026-09-13T07:00:37.2547073Z   |
measure	Build both exact revisions sequentially with the same toolchain	2026-09-13T07:00:37.2547259Z 5 | pub type PaneId = u64;
measure	Build both exact revisions sequentially with the same toolchain	2026-09-13T07:00:37.2547477Z   |          ^^^^^^
measure	Build both exact revisions sequentially with the same toolchain	2026-09-13T07:00:37.2547600Z 
measure	Build both exact revisions sequentially with the same toolchain	2026-09-13T07:00:37.2547725Z warning: constant `DIVIDER_THICKNESS` is never used
measure	Build both exact revisions sequentially with the same toolchain	2026-09-13T07:00:37.2548033Z  --> src/layout.rs:7:11
measure	Build both exact revisions sequentially with the same toolchain	2026-09-13T07:00:37.2548236Z   |
measure	Build both exact revisions sequentially with the same toolchain	2026-09-13T07:00:37.2548437Z 7 | pub const DIVIDER_THICKNESS: f32 = 6.0;
measure	Build both exact revisions sequentially with the same toolchain	2026-09-13T07:00:37.2548715Z   |           ^^^^^^^^^^^^^^^^^
measure	Build both exact revisions sequentially with the same toolchain	2026-09-13T07:00:37.2548859Z 
measure	Build both exact revisions sequentially with the same toolchain	2026-09-13T07:00:37.2548983Z warning: enum `SplitDirection` is never used
measure	Build both exact revisions sequentially with the same toolchain	2026-09-13T07:00:37.2549275Z   --> src/layout.rs:10:10
measure	Build both exact revisions sequentially with the same toolchain	2026-09-13T07:00:37.2549493Z    |
measure	Build both exact revisions sequentially with the same toolchain	2026-09-13T07:00:37.2549720Z 10 | pub enum SplitDirection {
measure	Build both exact revisions sequentially with the same toolchain	2026-09-13T07:00:37.2549992Z    |          ^^^^^^^^^^^^^^
measure	Build both exact revisions sequentially with the same toolchain	2026-09-13T07:00:37.2550162Z 
measure	Build both exact revisions sequentially with the same toolchain	2026-09-13T07:00:37.2550294Z warning: struct `PixelRect` is never constructed
measure	Build both exact revisions sequentially with the same toolchain	2026-09-13T07:00:37.2550607Z   --> src/layout.rs:16:12
measure	Build both exact revisions sequentially with the same toolchain	2026-09-13T07:00:37.2550940Z    |
measure	Build both exact revisions sequentially with the same toolchain	2026-09-13T07:00:37.2551128Z 16 | pub struct PixelRect {
measure	Build both exact revisions sequentially with the same toolchain	2026-09-13T07:00:37.2551351Z    |            ^^^^^^^^^
measure	Build both exact revisions sequentially with the same toolchain	2026-09-13T07:00:37.2551486Z 
measure	Build both exact revisions sequentially with the same toolchain	2026-09-13T07:00:37.2551682Z warning: associated items `ZERO`, `split`, and `contains` are never used
measure	Build both exact revisions sequentially with the same toolchain	2026-09-13T07:00:37.2552191Z   --> src/layout.rs:24:15
measure	Build both exact revisions sequentially with the same toolchain	2026-09-13T07:00:37.2552399Z    |
measure	Build both exact revisions sequentially with the same toolchain	2026-09-13T07:00:37.2552575Z 23 | impl PixelRect {
measure	Build both exact revisions sequentially with the same toolchain	2026-09-13T07:00:37.2552853Z    | -------------- associated items in this implementation
measure	Build both exact revisions sequentially with the same toolchain	2026-09-13T07:00:37.2553560Z 24 |     pub const ZERO: Self = Self {
measure	Build both exact revisions sequentially with the same toolchain	2026-09-13T07:00:37.2554017Z    |               ^^^^
measure	Build both exact revisions sequentially with the same toolchain	2026-09-13T07:00:37.2554377Z ...
measure	Build both exact revisions sequentially with the same toolchain	2026-09-13T07:00:37.2555010Z 31 |     pub fn split(self, direction: SplitDirection, ratio: f32) -> (PixelRect, PixelRect) {
measure	Build both exact revisions sequentially with the same toolchain	2026-09-13T07:00:37.2555635Z    |            ^^^^^
measure	Build both exact revisions sequentially with the same toolchain	2026-09-13T07:00:37.2555835Z ...
measure	Build both exact revisions sequentially with the same toolchain	2026-09-13T07:00:37.2556062Z 69 |     pub fn contains(&self, x: f32, y: f32) -> bool {
measure	Build both exact revisions sequentially with the same toolchain	2026-09-13T07:00:37.2556357Z    |            ^^^^^^^^
measure	Build both exact revisions sequentially with the same toolchain	2026-09-13T07:00:37.2556500Z 
measure	Build both exact revisions sequentially with the same toolchain	2026-09-13T07:00:37.2556628Z warning: struct `DividerInfo` is never constructed
measure	Build both exact revisions sequentially with the same toolchain	2026-09-13T07:00:37.2556944Z   --> src/layout.rs:75:12
measure	Build both exact revisions sequentially with the same toolchain	2026-09-13T07:00:37.2557157Z    |
measure	Build both exact revisions sequentially with the same toolchain	2026-09-13T07:00:37.2557384Z 75 | pub struct DividerInfo {
measure	Build both exact revisions sequentially with the same toolchain	2026-09-13T07:00:37.2557652Z    |            ^^^^^^^^^^^
measure	Build both exact revisions sequentially with the same toolchain	2026-09-13T07:00:37.2557788Z 
measure	Build both exact revisions sequentially with the same toolchain	2026-09-13T07:00:37.2557913Z warning: function `compute_layout` is never used
measure	Build both exact revisions sequentially with the same toolchain	2026-09-13T07:00:37.2558215Z   --> src/layout.rs:84:8
measure	Build both exact revisions sequentially with the same toolchain	2026-09-13T07:00:37.2558420Z    |
measure	Build both exact revisions sequentially with the same toolchain	2026-09-13T07:00:37.2558603Z 84 | pub fn compute_layout(
measure	Build both exact revisions sequentially with the same toolchain	2026-09-13T07:00:37.2558823Z    |        ^^^^^^^^^^^^^^
measure	Build both exact revisions sequentially with the same toolchain	2026-09-13T07:00:37.2558962Z 
measure	Build both exact revisions sequentially with the same toolchain	2026-09-13T07:00:37.2559080Z warning: function `node_contains` is never used
measure	Build both exact revisions sequentially with the same toolchain	2026-09-13T07:00:37.2559569Z    --> src/layout.rs:131:4
measure	Build both exact revisions sequentially with the same toolchain	2026-09-13T07:00:37.2559779Z     |
measure	Build both exact revisions sequentially with the same toolchain	2026-09-13T07:00:37.2560200Z 131 | fn node_contains(node: &PaneNode, id: PaneId) -> bool {
measure	Build both exact revisions sequentially with the same toolchain	2026-09-13T07:00:37.2560904Z     |    ^^^^^^^^^^^^^
measure	Build both exact revisions sequentially with the same toolchain	2026-09-13T07:00:37.2561173Z 
measure	Build both exact revisions sequentially with the same toolchain	2026-09-13T07:00:37.2561351Z warning: enum `PaneNode` is never used
measure	Build both exact revisions sequentially with the same toolchain	2026-09-13T07:00:37.2561747Z  --> src/layout/tree.rs:3:10
measure	Build both exact revisions sequentially with the same toolchain	2026-09-13T07:00:37.2561969Z   |
measure	Build both exact revisions sequentially with the same toolchain	2026-09-13T07:00:37.2562150Z 3 | pub enum PaneNode {
measure	Build both exact revisions sequentially with the same toolchain	2026-09-13T07:00:37.2562365Z   |          ^^^^^^^^
measure	Build both exact revisions sequentially with the same toolchain	2026-09-13T07:00:37.2562492Z 
measure	Build both exact revisions sequentially with the same toolchain	2026-09-13T07:00:37.2562905Z warning: associated items `split_leaf`, `remove_leaf`, `adjust_ratio`, `contains`, `collect_leaf_ids`, and `is_single_leaf` are never used
measure	Build both exact revisions sequentially with the same toolchain	2026-09-13T07:00:37.2563507Z    --> src/layout/tree.rs:16:12
measure	Build both exact revisions sequentially with the same toolchain	2026-09-13T07:00:37.2563739Z     |
measure	Build both exact revisions sequentially with the same toolchain	2026-09-13T07:00:37.2563922Z  13 | impl PaneNode {
measure	Build both exact revisions sequentially with the same toolchain	2026-09-13T07:00:37.2564187Z     | ------------- associated items in this implementation
measure	Build both exact revisions sequentially with the same toolchain	2026-09-13T07:00:37.2564491Z ...
measure	Build both exact revisions sequentially with the same toolchain	2026-09-13T07:00:37.2564676Z  16 |     pub fn split_leaf(
measure	Build both exact revisions sequentially with the same toolchain	2026-09-13T07:00:37.2564900Z     |            ^^^^^^^^^^
measure	Build both exact revisions sequentially with the same toolchain	2026-09-13T07:00:37.2565099Z ...
measure	Build both exact revisions sequentially with the same toolchain	2026-09-13T07:00:37.2565349Z  44 |     pub fn remove_leaf(&mut self, target_id: PaneId) -> bool {
measure	Build both exact revisions sequentially with the same toolchain	2026-09-13T07:00:37.2565678Z     |            ^^^^^^^^^^^
measure	Build both exact revisions sequentially with the same toolchain	2026-09-13T07:00:37.2565883Z ...
measure	Build both exact revisions sequentially with the same toolchain	2026-09-13T07:00:37.2566178Z  72 |     pub fn adjust_ratio(&mut self, target_id: PaneId, delta: f32) -> bool {
measure	Build both exact revisions sequentially with the same toolchain	2026-09-13T07:00:37.2566549Z     |            ^^^^^^^^^^^^
measure	Build both exact revisions sequentially with the same toolchain	2026-09-13T07:00:37.2566756Z ...
measure	Build both exact revisions sequentially with the same toolchain	2026-09-13T07:00:37.2566997Z 104 |     pub fn contains(node: &PaneNode, id: PaneId) -> bool {
measure	Build both exact revisions sequentially with the same toolchain	2026-09-13T07:00:37.2567324Z     |            ^^^^^^^^
measure	Build both exact revisions sequentially with the same toolchain	2026-09-13T07:00:37.2567544Z ...
measure	Build both exact revisions sequentially with the same toolchain	2026-09-13T07:00:37.2567784Z 113 |     pub fn collect_leaf_ids(&self, out: &mut Vec<PaneId>) {
measure	Build both exact revisions sequentially with the same toolchain	2026-09-13T07:00:37.2568103Z     |            ^^^^^^^^^^^^^^^^
measure	Build both exact revisions sequentially with the same toolchain	2026-09-13T07:00:37.2568319Z ...
measure	Build both exact revisions sequentially with the same toolchain	2026-09-13T07:00:37.2568518Z 123 |     pub fn is_single_leaf(&self) -> bool {
measure	Build both exact revisions sequentially with the same toolchain	2026-09-13T07:00:37.2568792Z     |            ^^^^^^^^^^^^^^
measure	Build both exact revisions sequentially with the same toolchain	2026-09-13T07:00:37.2568946Z 
measure	Build both exact revisions sequentially with the same toolchain	2026-09-13T07:00:37.2569044Z warning: enum `Action` is never used
measure	Build both exact revisions sequentially with the same toolchain	2026-09-13T07:00:37.2569306Z  --> src/parser/mod.rs:6:10
measure	Build both exact revisions sequentially with the same toolchain	2026-09-13T07:00:37.2569517Z   |
measure	Build both exact revisions sequentially with the same toolchain	2026-09-13T07:00:37.2569690Z 6 | pub enum Action {
measure	Build both exact revisions sequentially with the same toolchain	2026-09-13T07:00:37.2569889Z   |          ^^^^^^
measure	Build both exact revisions sequentially with the same toolchain	2026-09-13T07:00:37.2570011Z 
measure	Build both exact revisions sequentially with the same toolchain	2026-09-13T07:00:37.2570101Z warning: method `feed` is never used
measure	Build both exact revisions sequentially with the same toolchain	2026-09-13T07:00:37.2570365Z    --> src/parser/ansi.rs:113:12
measure	Build both exact revisions sequentially with the same toolchain	2026-09-13T07:00:37.2570598Z     |
measure	Build both exact revisions sequentially with the same toolchain	2026-09-13T07:00:37.2571018Z  77 | impl Parser {
measure	Build both exact revisions sequentially with the same toolchain	2026-09-13T07:00:37.2571286Z     | ----------- method in this implementation
measure	Build both exact revisions sequentially with the same toolchain	2026-09-13T07:00:37.2571720Z ...
measure	Build both exact revisions sequentially with the same toolchain	2026-09-13T07:00:37.2571962Z 113 |     pub fn feed(&mut self, input: &[u8], grid: &mut Grid) {
measure	Build both exact revisions sequentially with the same toolchain	2026-09-13T07:00:37.2572273Z     |            ^^^^
measure	Build both exact revisions sequentially with the same toolchain	2026-09-13T07:00:37.2572393Z 
measure	Build both exact revisions sequentially with the same toolchain	2026-09-13T07:00:37.2572538Z warning: methods `master_fd` and `resize` are never used
measure	Build both exact revisions sequentially with the same toolchain	2026-09-13T07:00:37.2572861Z    --> src/pty/unix.rs:178:12
measure	Build both exact revisions sequentially with the same toolchain	2026-09-13T07:00:37.2573084Z     |
measure	Build both exact revisions sequentially with the same toolchain	2026-09-13T07:00:37.2573265Z  35 | impl Pty {
measure	Build both exact revisions sequentially with the same toolchain	2026-09-13T07:00:37.2573490Z     | -------- methods in this implementation
measure	Build both exact revisions sequentially with the same toolchain	2026-09-13T07:00:37.2573758Z ...
measure	Build both exact revisions sequentially with the same toolchain	2026-09-13T07:00:37.2573954Z 178 |     pub fn master_fd(&self) -> RawFd {
measure	Build both exact revisions sequentially with the same toolchain	2026-09-13T07:00:37.2574224Z     |            ^^^^^^^^^
measure	Build both exact revisions sequentially with the same toolchain	2026-09-13T07:00:37.2574434Z ...
measure	Build both exact revisions sequentially with the same toolchain	2026-09-13T07:00:37.2577985Z 243 |     pub fn resize(&self, cols: u16, rows: u16) -> std::io::Result<()> {
measure	Build both exact revisions sequentially with the same toolchain	2026-09-13T07:00:37.2578413Z     |            ^^^^^^
measure	Build both exact revisions sequentially with the same toolchain	2026-09-13T07:00:37.2578558Z 
measure	Build both exact revisions sequentially with the same toolchain	2026-09-13T07:00:37.2578719Z warning: struct `PaneRenderData` is never constructed
measure	Build both exact revisions sequentially with the same toolchain	2026-09-13T07:00:37.2579073Z  --> src/render_scene.rs:5:12
measure	Build both exact revisions sequentially with the same toolchain	2026-09-13T07:00:37.2579306Z   |
measure	Build both exact revisions sequentially with the same toolchain	2026-09-13T07:00:37.2579501Z 5 | pub struct PaneRenderData<'a> {
measure	Build both exact revisions sequentially with the same toolchain	2026-09-13T07:00:37.2579769Z   |            ^^^^^^^^^^^^^^
measure	Build both exact revisions sequentially with the same toolchain	2026-09-13T07:00:37.2579913Z 
measure	Build both exact revisions sequentially with the same toolchain	2026-09-13T07:00:37.2580079Z warning: struct `ConfirmOverlayInfo` is never constructed
measure	Build both exact revisions sequentially with the same toolchain	2026-09-13T07:00:37.2580430Z   --> src/render_scene.rs:16:12
measure	Build both exact revisions sequentially with the same toolchain	2026-09-13T07:00:37.2580662Z    |
measure	Build both exact revisions sequentially with the same toolchain	2026-09-13T07:00:37.2581017Z 16 | pub struct ConfirmOverlayInfo {
measure	Build both exact revisions sequentially with the same toolchain	2026-09-13T07:00:37.2581478Z    |            ^^^^^^^^^^^^^^^^^^
measure	Build both exact revisions sequentially with the same toolchain	2026-09-13T07:00:37.2581641Z 
measure	Build both exact revisions sequentially with the same toolchain	2026-09-13T07:00:37.2581782Z warning: struct `ChromeColors` is never constructed
measure	Build both exact revisions sequentially with the same toolchain	2026-09-13T07:00:37.2582111Z   --> src/render_scene.rs:23:12
measure	Build both exact revisions sequentially with the same toolchain	2026-09-13T07:00:37.2582348Z    |
measure	Build both exact revisions sequentially with the same toolchain	2026-09-13T07:00:37.2582544Z 23 | pub struct ChromeColors {
measure	Build both exact revisions sequentially with the same toolchain	2026-09-13T07:00:37.2582793Z    |            ^^^^^^^^^^^^
measure	Build both exact revisions sequentially with the same toolchain	2026-09-13T07:00:37.2582936Z 
measure	Build both exact revisions sequentially with the same toolchain	2026-09-13T07:00:37.2583090Z warning: methods `contains` and `get_text` are never used
measure	Build both exact revisions sequentially with the same toolchain	2026-09-13T07:00:37.2583434Z    --> src/selection.rs:85:12
measure	Build both exact revisions sequentially with the same toolchain	2026-09-13T07:00:37.2583669Z     |
measure	Build both exact revisions sequentially with the same toolchain	2026-09-13T07:00:37.2583859Z  32 | impl SelectionState {
measure	Build both exact revisions sequentially with the same toolchain	2026-09-13T07:00:37.2584141Z     | ------------------- methods in this implementation
measure	Build both exact revisions sequentially with the same toolchain	2026-09-13T07:00:37.2584430Z ...
measure	Build both exact revisions sequentially with the same toolchain	2026-09-13T07:00:37.2584614Z  85 |     pub fn contains(
measure	Build both exact revisions sequentially with the same toolchain	2026-09-13T07:00:37.2584830Z     |            ^^^^^^^^
measure	Build both exact revisions sequentially with the same toolchain	2026-09-13T07:00:37.2585027Z ...
measure	Build both exact revisions sequentially with the same toolchain	2026-09-13T07:00:37.2585257Z 145 |     pub fn get_text(&self, grid: &Grid) -> String {
measure	Build both exact revisions sequentially with the same toolchain	2026-09-13T07:00:37.2585563Z     |            ^^^^^^^^
measure	Build both exact revisions sequentially with the same toolchain	2026-09-13T07:00:37.2585702Z 
measure	Build both exact revisions sequentially with the same toolchain	2026-09-13T07:00:37.2585889Z warning: variant `UnexpectedProtocolEvent` is never constructed
measure	Build both exact revisions sequentially with the same toolchain	2026-09-13T07:00:37.2586273Z   --> src/terminal_reader.rs:53:5
measure	Build both exact revisions sequentially with the same toolchain	2026-09-13T07:00:37.2586510Z    |
measure	Build both exact revisions sequentially with the same toolchain	2026-09-13T07:00:37.2586698Z 45 | pub(crate) enum ReaderExit {
measure	Build both exact revisions sequentially with the same toolchain	2026-09-13T07:00:37.2586969Z    |                 ---------- variant in this enum
measure	Build both exact revisions sequentially with the same toolchain	2026-09-13T07:00:37.2587243Z ...
measure	Build both exact revisions sequentially with the same toolchain	2026-09-13T07:00:37.2587442Z 53 |     UnexpectedProtocolEvent,
measure	Build both exact revisions sequentially with the same toolchain	2026-09-13T07:00:37.2587695Z    |     ^^^^^^^^^^^^^^^^^^^^^^^
measure	Build both exact revisions sequentially with the same toolchain	2026-09-13T07:00:37.2587917Z    |
measure	Build both exact revisions sequentially with the same toolchain	2026-09-13T07:00:37.2588368Z    = note: `ReaderExit` has a derived impl for the trait `Debug`, but this is intentionally ignored during dead code analysis
measure	Build both exact revisions sequentially with the same toolchain	2026-09-13T07:00:37.2588822Z 
measure	Build both exact revisions sequentially with the same toolchain	2026-09-13T07:00:37.2589036Z warning: associated functions `spawn_text` and `spawn_with_io` are never used
measure	Build both exact revisions sequentially with the same toolchain	2026-09-13T07:00:37.2589444Z    --> src/terminal_reader.rs:64:19
measure	Build both exact revisions sequentially with the same toolchain	2026-09-13T07:00:37.2589687Z     |
measure	Build both exact revisions sequentially with the same toolchain	2026-09-13T07:00:37.2589884Z  63 | impl TerminalReader {
measure	Build both exact revisions sequentially with the same toolchain	2026-09-13T07:00:37.2590200Z     | ------------------- associated functions in this implementation
measure	Build both exact revisions sequentially with the same toolchain	2026-09-13T07:00:37.2590561Z  64 |     pub(crate) fn spawn_text<U, X>(
measure	Build both exact revisions sequentially with the same toolchain	2026-09-13T07:00:37.2590952Z     |                   ^^^^^^^^^^
measure	Build both exact revisions sequentially with the same toolchain	2026-09-13T07:00:37.2591175Z ...
measure	Build both exact revisions sequentially with the same toolchain	2026-09-13T07:00:37.2591358Z 111 |     fn spawn_with_io<I, U, X>(
measure	Build both exact revisions sequentially with the same toolchain	2026-09-13T07:00:37.2591604Z     |        ^^^^^^^^^^^^^
measure	Build both exact revisions sequentially with the same toolchain	2026-09-13T07:00:37.2591742Z 
measure	Build both exact revisions sequentially with the same toolchain	2026-09-13T07:00:37.2591860Z warning: struct `Vertex` is never constructed
measure	Build both exact revisions sequentially with the same toolchain	2026-09-13T07:00:37.2592150Z   --> src/renderer/mod.rs:21:12
measure	Build both exact revisions sequentially with the same toolchain	2026-09-13T07:00:37.2592514Z    |
measure	Build both exact revisions sequentially with the same toolchain	2026-09-13T07:00:37.2592693Z 21 | pub struct Vertex {
measure	Build both exact revisions sequentially with the same toolchain	2026-09-13T07:00:37.2592905Z    |            ^^^^^^
measure	Build both exact revisions sequentially with the same toolchain	2026-09-13T07:00:37.2593036Z 
measure	Build both exact revisions sequentially with the same toolchain	2026-09-13T07:00:37.2593161Z warning: associated function `new` is never used
measure	Build both exact revisions sequentially with the same toolchain	2026-09-13T07:00:37.2593462Z   --> src/renderer/mod.rs:29:12
measure	Build both exact revisions sequentially with the same toolchain	2026-09-13T07:00:37.2593687Z    |
measure	Build both exact revisions sequentially with the same toolchain	2026-09-13T07:00:37.2593862Z 28 | impl Vertex {
measure	Build both exact revisions sequentially with the same toolchain	2026-09-13T07:00:37.2594129Z    | ----------- associated function in this implementation
measure	Build both exact revisions sequentially with the same toolchain	2026-09-13T07:00:37.2594552Z 29 |     pub fn new(x: f32, y: f32, u: f32, v: f32, fg: u32, bg: u32) -> Self {
measure	Build both exact revisions sequentially with the same toolchain	2026-09-13T07:00:37.2594892Z    |            ^^^
measure	Build both exact revisions sequentially with the same toolchain	2026-09-13T07:00:37.2595008Z 
measure	Build both exact revisions sequentially with the same toolchain	2026-09-13T07:00:37.2595138Z warning: function `box_drawing_lines` is never used
measure	Build both exact revisions sequentially with the same toolchain	2026-09-13T07:00:37.2595455Z  --> src/renderer/box_drawing.rs:4:8
measure	Build both exact revisions sequentially with the same toolchain	2026-09-13T07:00:37.2595701Z   |
measure	Build both exact revisions sequentially with the same toolchain	2026-09-13T07:00:37.2596022Z 4 | pub fn box_drawing_lines(c: char, w: f32, h: f32) -> Option<Vec<(f32, f32, f32, f32)>> {
measure	Build both exact revisions sequentially with the same toolchain	2026-09-13T07:00:37.2596433Z   |        ^^^^^^^^^^^^^^^^^
measure	Build both exact revisions sequentially with the same toolchain	2026-09-13T07:00:37.2596581Z 
measure	Build both exact revisions sequentially with the same toolchain	2026-09-13T07:00:37.2596699Z warning: function `is_box_drawing` is never used
measure	Build both exact revisions sequentially with the same toolchain	2026-09-13T07:00:37.2597012Z    --> src/renderer/box_drawing.rs:124:8
measure	Build both exact revisions sequentially with the same toolchain	2026-09-13T07:00:37.2597272Z     |
measure	Build both exact revisions sequentially with the same toolchain	2026-09-13T07:00:37.2597479Z 124 | pub fn is_box_drawing(c: char) -> bool {
measure	Build both exact revisions sequentially with the same toolchain	2026-09-13T07:00:37.2597753Z     |        ^^^^^^^^^^^^^^
measure	Build both exact revisions sequentially with the same toolchain	2026-09-13T07:00:37.2597888Z 
measure	Build both exact revisions sequentially with the same toolchain	2026-09-13T07:00:37.2598003Z warning: function `is_braille` is never used
measure	Build both exact revisions sequentially with the same toolchain	2026-09-13T07:00:37.2598417Z  --> src/renderer/braille.rs:2:8
measure	Build both exact revisions sequentially with the same toolchain	2026-09-13T07:00:37.2598648Z   |
measure	Build both exact revisions sequentially with the same toolchain	2026-09-13T07:00:37.2598838Z 2 | pub fn is_braille(c: char) -> bool {
measure	Build both exact revisions sequentially with the same toolchain	2026-09-13T07:00:37.2599090Z   |        ^^^^^^^^^^
measure	Build both exact revisions sequentially with the same toolchain	2026-09-13T07:00:37.2599218Z 
measure	Build both exact revisions sequentially with the same toolchain	2026-09-13T07:00:37.2599328Z warning: function `braille_dots` is never used
measure	Build both exact revisions sequentially with the same toolchain	2026-09-13T07:00:37.2599622Z   --> src/renderer/braille.rs:12:8
measure	Build both exact revisions sequentially with the same toolchain	2026-09-13T07:00:37.2599862Z    |
measure	Build both exact revisions sequentially with the same toolchain	2026-09-13T07:00:37.2600076Z 12 | pub fn braille_dots(c: char) -> Vec<(u8, u8)> {
measure	Build both exact revisions sequentially with the same toolchain	2026-09-13T07:00:37.2600364Z    |        ^^^^^^^^^^^^
measure	Build both exact revisions sequentially with the same toolchain	2026-09-13T07:00:37.2600498Z 
measure	Build both exact revisions sequentially with the same toolchain	2026-09-13T07:00:37.2600632Z warning: variant `Unsupported` is never constructed
measure	Build both exact revisions sequentially with the same toolchain	2026-09-13T07:00:37.2601084Z   --> src/renderer/image_animation.rs:20:5
measure	Build both exact revisions sequentially with the same toolchain	2026-09-13T07:00:37.2601346Z    |
measure	Build both exact revisions sequentially with the same toolchain	2026-09-13T07:00:37.2601534Z 19 | pub enum AnimationError {
measure	Build both exact revisions sequentially with the same toolchain	2026-09-13T07:00:37.2601798Z    |          -------------- variant in this enum
measure	Build both exact revisions sequentially with the same toolchain	2026-09-13T07:00:37.2602072Z 20 |     Unsupported,
measure	Build both exact revisions sequentially with the same toolchain	2026-09-13T07:00:37.2602276Z    |     ^^^^^^^^^^^
measure	Build both exact revisions sequentially with the same toolchain	2026-09-13T07:00:37.2602467Z    |
measure	Build both exact revisions sequentially with the same toolchain	2026-09-13T07:00:37.2602981Z    = note: `AnimationError` has derived impls for the traits `Debug` and `Clone`, but these are intentionally ignored during dead code analysis
measure	Build both exact revisions sequentially with the same toolchain	2026-09-13T07:00:37.2603496Z 
measure	Build both exact revisions sequentially with the same toolchain	2026-09-13T07:00:45.7435313Z warning: `kokuban` (bin "kokuban") generated 39 warnings
measure	Build both exact revisions sequentially with the same toolchain	2026-09-13T07:00:45.7435837Z     Finished `release` profile [optimized] target(s) in 1m 24s
measure	Build both exact revisions sequentially with the same toolchain	2026-09-13T07:00:46.1687630Z    Compiling cfg-if v1.0.4
measure	Build both exact revisions sequentially with the same toolchain	2026-09-13T07:00:46.1688510Z    Compiling pkg-config v0.3.32
measure	Build both exact revisions sequentially with the same toolchain	2026-09-13T07:00:46.1689159Z    Compiling bitflags v2.11.0
measure	Build both exact revisions sequentially with the same toolchain	2026-09-13T07:00:46.1689855Z    Compiling proc-macro2 v1.0.106
measure	Build both exact revisions sequentially with the same toolchain	2026-09-13T07:00:46.1983506Z    Compiling quote v1.0.45
measure	Build both exact revisions sequentially with the same toolchain	2026-09-13T07:00:46.3174665Z    Compiling unicode-ident v1.0.24
measure	Build both exact revisions sequentially with the same toolchain	2026-09-13T07:00:46.3691886Z    Compiling log v0.4.29
measure	Build both exact revisions sequentially with the same toolchain	2026-09-13T07:00:46.5112128Z    Compiling find-msvc-tools v0.1.9
measure	Build both exact revisions sequentially with the same toolchain	2026-09-13T07:00:46.5469164Z    Compiling shlex v1.3.0
measure	Build both exact revisions sequentially with the same toolchain	2026-09-13T07:00:46.6196664Z    Compiling libloading v0.8.9
measure	Build both exact revisions sequentially with the same toolchain	2026-09-13T07:00:46.6589450Z    Compiling cc v1.2.57
measure	Build both exact revisions sequentially with the same toolchain	2026-09-13T07:00:46.6611723Z    Compiling once_cell v1.21.4
measure	Build both exact revisions sequentially with the same toolchain	2026-09-13T07:00:46.8247688Z    Compiling libc v0.2.183
measure	Build both exact revisions sequentially with the same toolchain	2026-09-13T07:00:46.9621964Z    Compiling rustix v1.1.4
measure	Build both exact revisions sequentially with the same toolchain	2026-09-13T07:00:46.9704553Z    Compiling linux-raw-sys v0.12.1
measure	Build both exact revisions sequentially with the same toolchain	2026-09-13T07:00:47.2461886Z    Compiling dlib v0.5.3
measure	Build both exact revisions sequentially with the same toolchain	2026-09-13T07:00:47.2992243Z    Compiling smallvec v1.15.2
measure	Build both exact revisions sequentially with the same toolchain	2026-09-13T07:00:47.4791902Z    Compiling wayland-sys v0.31.11
measure	Build both exact revisions sequentially with the same toolchain	2026-09-13T07:00:47.9571855Z    Compiling wayland-backend v0.3.17
measure	Build both exact revisions sequentially with the same toolchain	2026-09-13T07:00:48.0523110Z    Compiling downcast-rs v1.2.1
measure	Build both exact revisions sequentially with the same toolchain	2026-09-13T07:00:48.0881820Z    Compiling memchr v2.8.0
measure	Build both exact revisions sequentially with the same toolchain	2026-09-13T07:00:48.1612993Z    Compiling scoped-tls v1.0.1
measure	Build both exact revisions sequentially with the same toolchain	2026-09-13T07:00:48.1992044Z    Compiling syn v2.0.117
measure	Build both exact revisions sequentially with the same toolchain	2026-09-13T07:00:48.5690058Z    Compiling quick-xml v0.41.0
measure	Build both exact revisions sequentially with the same toolchain	2026-09-13T07:00:48.6521773Z    Compiling wayland-client v0.31.15
measure	Build both exact revisions sequentially with the same toolchain	2026-09-13T07:00:49.4358042Z    Compiling wayland-scanner v0.31.11
measure	Build both exact revisions sequentially with the same toolchain	2026-09-13T07:00:49.9748527Z    Compiling libm v0.2.16
measure	Build both exact revisions sequentially with the same toolchain	2026-09-13T07:00:50.4962393Z    Compiling thiserror v1.0.69
measure	Build both exact revisions sequentially with the same toolchain	2026-09-13T07:00:50.6392020Z    Compiling rustix v0.38.44
measure	Build both exact revisions sequentially with the same toolchain	2026-09-13T07:00:50.9052620Z    Compiling thiserror-impl v1.0.69
measure	Build both exact revisions sequentially with the same toolchain	2026-09-13T07:00:50.9722089Z    Compiling semver v1.0.27
measure	Build both exact revisions sequentially with the same toolchain	2026-09-13T07:00:51.1972399Z    Compiling core_maths v0.1.1
measure	Build both exact revisions sequentially with the same toolchain	2026-09-13T07:00:51.2462262Z    Compiling bytemuck v1.25.2
measure	Build both exact revisions sequentially with the same toolchain	2026-09-13T07:00:51.4672120Z    Compiling linux-raw-sys v0.4.15
measure	Build both exact revisions sequentially with the same toolchain	2026-09-13T07:00:51.7766844Z    Compiling cfg_aliases v0.2.1
measure	Build both exact revisions sequentially with the same toolchain	2026-09-13T07:00:51.8029864Z    Compiling serde_core v1.0.228
measure	Build both exact revisions sequentially with the same toolchain	2026-09-13T07:00:51.9764046Z    Compiling ttf-parser v0.25.1
measure	Build both exact revisions sequentially with the same toolchain	2026-09-13T07:00:52.1994785Z    Compiling rustc_version v0.4.1
measure	Build both exact revisions sequentially with the same toolchain	2026-09-13T07:00:52.3972871Z    Compiling slab v0.4.12
measure	Build both exact revisions sequentially with the same toolchain	2026-09-13T07:00:52.5181826Z    Compiling equivalent v1.0.2
measure	Build both exact revisions sequentially with the same toolchain	2026-09-13T07:00:56.2081985Z    Compiling polling v3.11.0
measure	Build both exact revisions sequentially with the same toolchain	2026-09-13T07:00:56.5022077Z    Compiling as-raw-xcb-connection v1.0.1
measure	Build both exact revisions sequentially with the same toolchain	2026-09-13T07:00:56.5418164Z    Compiling foldhash v0.1.5
measure	Build both exact revisions sequentially with the same toolchain	2026-09-13T07:00:56.6962253Z    Compiling hashbrown v0.16.1
measure	Build both exact revisions sequentially with the same toolchain	2026-09-13T07:00:57.3491922Z    Compiling wayland-protocols v0.32.13
measure	Build both exact revisions sequentially with the same toolchain	2026-09-13T07:00:58.1512243Z    Compiling indexmap v2.13.0
measure	Build both exact revisions sequentially with the same toolchain	2026-09-13T07:00:58.2221302Z    Compiling hashbrown v0.15.5
measure	Build both exact revisions sequentially with the same toolchain	2026-09-13T07:00:58.8772935Z    Compiling calloop v0.13.0
measure	Build both exact revisions sequentially with the same toolchain	2026-09-13T07:00:58.9701918Z    Compiling gethostname v1.1.0
measure	Build both exact revisions sequentially with the same toolchain	2026-09-13T07:00:59.0201938Z    Compiling pathfinder_simd v0.5.5
measure	Build both exact revisions sequentially with the same toolchain	2026-09-13T07:00:59.9873154Z    Compiling aho-corasick v1.1.4
measure	Build both exact revisions sequentially with the same toolchain	2026-09-13T07:01:01.5061868Z    Compiling memmap2 v0.9.11
measure	Build both exact revisions sequentially with the same toolchain	2026-09-13T07:01:01.6551985Z    Compiling freetype-sys v0.20.1
measure	Build both exact revisions sequentially with the same toolchain	2026-09-13T07:01:01.7473141Z    Compiling yeslogic-fontconfig-sys v6.0.0
measure	Build both exact revisions sequentially with the same toolchain	2026-09-13T07:01:01.7682384Z    Compiling zerocopy v0.8.56
measure	Build both exact revisions sequentially with the same toolchain	2026-09-13T07:01:01.8311594Z    Compiling cursor-icon v1.2.0
measure	Build both exact revisions sequentially with the same toolchain	2026-09-13T07:01:01.9101945Z    Compiling smithay-client-toolkit v0.19.2
measure	Build both exact revisions sequentially with the same toolchain	2026-09-13T07:01:01.9751926Z    Compiling regex-syntax v0.8.10
measure	Build both exact revisions sequentially with the same toolchain	2026-09-13T07:01:01.9811876Z    Compiling simd-adler32 v0.3.8
measure	Build both exact revisions sequentially with the same toolchain	2026-09-13T07:01:02.2148285Z    Compiling fixedbitset v0.5.7
measure	Build both exact revisions sequentially with the same toolchain	2026-09-13T07:01:02.6552388Z    Compiling x11rb-protocol v0.13.2
measure	Build both exact revisions sequentially with the same toolchain	2026-09-13T07:01:06.6521874Z    Compiling wayland-protocols-wlr v0.3.12
measure	Build both exact revisions sequentially with the same toolchain	2026-09-13T07:01:08.9762408Z    Compiling thiserror v2.0.18
measure	Build both exact revisions sequentially with the same toolchain	2026-09-13T07:01:09.1471994Z    Compiling crc32fast v1.5.0
measure	Build both exact revisions sequentially with the same toolchain	2026-09-13T07:01:09.2681905Z    Compiling tracing-core v0.1.36
measure	Build both exact revisions sequentially with the same toolchain	2026-09-13T07:01:10.0242435Z    Compiling pin-project-lite v0.2.17
measure	Build both exact revisions sequentially with the same toolchain	2026-09-13T07:01:10.0642675Z    Compiling version_check v0.9.5
measure	Build both exact revisions sequentially with the same toolchain	2026-09-13T07:01:10.2601768Z    Compiling getrandom v0.3.4
measure	Build both exact revisions sequentially with the same toolchain	2026-09-13T07:01:10.4252495Z    Compiling xcursor v0.3.11
measure	Build both exact revisions sequentially with the same toolchain	2026-09-13T07:01:11.3131925Z    Compiling xkeysym v0.2.1
measure	Build both exact revisions sequentially with the same toolchain	2026-09-13T07:01:11.4771930Z    Compiling arrayref v0.3.9
measure	Build both exact revisions sequentially with the same toolchain	2026-09-13T07:01:11.5001998Z    Compiling parking_lot_core v0.9.12
measure	Build both exact revisions sequentially with the same toolchain	2026-09-13T07:01:11.6002282Z    Compiling strict-num v0.1.1
measure	Build both exact revisions sequentially with the same toolchain	2026-09-13T07:01:11.6792246Z    Compiling tiny-skia-path v0.11.4
measure	Build both exact revisions sequentially with the same toolchain	2026-09-13T07:01:13.2118360Z    Compiling wayland-cursor v0.31.14
measure	Build both exact revisions sequentially with the same toolchain	2026-09-13T07:01:13.9321836Z    Compiling x11rb v0.13.2
measure	Build both exact revisions sequentially with the same toolchain	2026-09-13T07:01:13.9812028Z    Compiling ahash v0.8.12
measure	Build both exact revisions sequentially with the same toolchain	2026-09-13T07:01:14.0561838Z    Compiling tracing v0.1.44
measure	Build both exact revisions sequentially with the same toolchain	2026-09-13T07:01:14.3091867Z    Compiling regex-automata v0.4.14
measure	Build both exact revisions sequentially with the same toolchain	2026-09-13T07:01:17.1712275Z    Compiling petgraph v0.8.3
measure	Build both exact revisions sequentially with the same toolchain	2026-09-13T07:01:18.6902331Z    Compiling wayland-csd-frame v0.3.0
measure	Build both exact revisions sequentially with the same toolchain	2026-09-13T07:01:19.0382226Z    Compiling calloop-wayland-source v0.3.0
measure	Build both exact revisions sequentially with the same toolchain	2026-09-13T07:01:19.1260540Z    Compiling owned_ttf_parser v0.25.1
measure	Build both exact revisions sequentially with the same toolchain	2026-09-13T07:01:19.3761734Z    Compiling thiserror-impl v2.0.18
measure	Build both exact revisions sequentially with the same toolchain	2026-09-13T07:01:19.4002240Z    Compiling nom v8.0.0
measure	Build both exact revisions sequentially with the same toolchain	2026-09-13T07:01:20.4736782Z    Compiling x11-dl v2.21.0
measure	Build both exact revisions sequentially with the same toolchain	2026-09-13T07:01:20.5872306Z    Compiling tiny-xlib v0.2.5
measure	Build both exact revisions sequentially with the same toolchain	2026-09-13T07:01:20.7122027Z    Compiling arrayvec v0.7.8
measure	Build both exact revisions sequentially with the same toolchain	2026-09-13T07:01:20.8801971Z    Compiling ab_glyph_rasterizer v0.1.10
measure	Build both exact revisions sequentially with the same toolchain	2026-09-13T07:01:21.0731859Z    Compiling adler2 v2.0.1
measure	Build both exact revisions sequentially with the same toolchain	2026-09-13T07:01:21.1542209Z    Compiling option-ext v0.2.0
measure	Build both exact revisions sequentially with the same toolchain	2026-09-13T07:01:21.1908205Z    Compiling scopeguard v1.2.0
measure	Build both exact revisions sequentially with the same toolchain	2026-09-13T07:01:21.2301754Z    Compiling utf8parse v0.2.2
measure	Build both exact revisions sequentially with the same toolchain	2026-09-13T07:01:21.2801898Z    Compiling anstyle-parse v0.2.7
measure	Build both exact revisions sequentially with the same toolchain	2026-09-13T07:01:21.4141878Z    Compiling lock_api v0.4.14
measure	Build both exact revisions sequentially with the same toolchain	2026-09-13T07:01:21.6082269Z    Compiling dirs-sys v0.5.0
measure	Build both exact revisions sequentially with the same toolchain	2026-09-13T07:01:22.0881896Z    Compiling miniz_oxide v0.8.9
measure	Build both exact revisions sequentially with the same toolchain	2026-09-13T07:01:22.7904015Z    Compiling tree_magic_mini v3.2.2
measure	Build both exact revisions sequentially with the same toolchain	2026-09-13T07:01:23.7620657Z    Compiling ab_glyph v0.2.32
measure	Build both exact revisions sequentially with the same toolchain	2026-09-13T07:01:24.9692282Z    Compiling tiny-skia v0.11.4
measure	Build both exact revisions sequentially with the same toolchain	2026-09-13T07:01:29.0402327Z    Compiling regex v1.12.3
measure	Build both exact revisions sequentially with the same toolchain	2026-09-13T07:01:30.8691924Z    Compiling winit v0.30.13
measure	Build both exact revisions sequentially with the same toolchain	2026-09-13T07:01:30.9451860Z    Compiling nix v0.29.0
measure	Build both exact revisions sequentially with the same toolchain	2026-09-13T07:01:31.0201977Z    Compiling os_pipe v1.2.3
measure	Build both exact revisions sequentially with the same toolchain	2026-09-13T07:01:31.0912251Z    Compiling anstyle-query v1.1.5
measure	Build both exact revisions sequentially with the same toolchain	2026-09-13T07:01:31.1092571Z    Compiling serde v1.0.228
measure	Build both exact revisions sequentially with the same toolchain	2026-09-13T07:01:31.1371903Z    Compiling colorchoice v1.0.5
measure	Build both exact revisions sequentially with the same toolchain	2026-09-13T07:01:31.1761973Z    Compiling ctor v0.10.1
measure	Build both exact revisions sequentially with the same toolchain	2026-09-13T07:01:31.1924897Z    Compiling font-kit v0.14.3
measure	Build both exact revisions sequentially with the same toolchain	2026-09-13T07:01:31.2105468Z    Compiling anstyle v1.0.14
measure	Build both exact revisions sequentially with the same toolchain	2026-09-13T07:01:31.2601764Z    Compiling winnow v1.0.0
measure	Build both exact revisions sequentially with the same toolchain	2026-09-13T07:01:31.2711827Z    Compiling raw-window-handle v0.6.2
measure	Build both exact revisions sequentially with the same toolchain	2026-09-13T07:01:31.4271949Z    Compiling percent-encoding v2.3.2
measure	Build both exact revisions sequentially with the same toolchain	2026-09-13T07:01:31.4841763Z    Compiling is_terminal_polyfill v1.70.2
measure	Build both exact revisions sequentially with the same toolchain	2026-09-13T07:01:31.5171860Z    Compiling same-file v1.0.6
measure	Build both exact revisions sequentially with the same toolchain	2026-09-13T07:01:31.6013352Z    Compiling toml_parser v1.0.10+spec-1.1.0
measure	Build both exact revisions sequentially with the same toolchain	2026-09-13T07:01:31.6121640Z    Compiling walkdir v2.5.0
measure	Build both exact revisions sequentially with the same toolchain	2026-09-13T07:01:31.6611720Z    Compiling anstream v0.6.21
measure	Build both exact revisions sequentially with the same toolchain	2026-09-13T07:01:32.4272367Z    Compiling wl-clipboard-rs v0.9.3
measure	Build both exact revisions sequentially with the same toolchain	2026-09-13T07:01:32.6094822Z    Compiling parking_lot v0.12.5
measure	Build both exact revisions sequentially with the same toolchain	2026-09-13T07:01:33.2472158Z    Compiling flate2 v1.1.9
measure	Build both exact revisions sequentially with the same toolchain	2026-09-13T07:01:33.5064049Z    Compiling env_filter v1.0.0
measure	Build both exact revisions sequentially with the same toolchain	2026-09-13T07:01:33.7471882Z    Compiling sctk-adwaita v0.10.1
measure	Build both exact revisions sequentially with the same toolchain	2026-09-13T07:01:34.5225067Z    Compiling pathfinder_geometry v0.5.1
measure	Build both exact revisions sequentially with the same toolchain	2026-09-13T07:01:35.6161800Z    Compiling dirs v6.0.0
measure	Build both exact revisions sequentially with the same toolchain	2026-09-13T07:01:35.9921821Z    Compiling xkbcommon-dl v0.4.2
measure	Build both exact revisions sequentially with the same toolchain	2026-09-13T07:01:37.0102249Z    Compiling wayland-protocols-plasma v0.3.12
measure	Build both exact revisions sequentially with the same toolchain	2026-09-13T07:01:38.1966751Z    Compiling fdeflate v0.3.7
measure	Build both exact revisions sequentially with the same toolchain	2026-09-13T07:01:39.1307731Z    Compiling toml_datetime v1.0.1+spec-1.1.0
measure	Build both exact revisions sequentially with the same toolchain	2026-09-13T07:01:39.4693552Z    Compiling serde_spanned v1.0.4
measure	Build both exact revisions sequentially with the same toolchain	2026-09-13T07:01:39.4918369Z    Compiling serde_derive v1.0.228
measure	Build both exact revisions sequentially with the same toolchain	2026-09-13T07:01:39.5422640Z    Compiling lazy_static v1.5.0
measure	Build both exact revisions sequentially with the same toolchain	2026-09-13T07:01:39.5774291Z    Compiling unicode-ccc v0.4.0
measure	Build both exact revisions sequentially with the same toolchain	2026-09-13T07:01:39.6921922Z    Compiling jiff v0.2.23
measure	Build both exact revisions sequentially with the same toolchain	2026-09-13T07:01:42.2842332Z    Compiling unicode-bidi-mirroring v0.4.0
measure	Build both exact revisions sequentially with the same toolchain	2026-09-13T07:01:42.3486952Z    Compiling dpi v0.1.2
measure	Build both exact revisions sequentially with the same toolchain	2026-09-13T07:01:42.4571734Z    Compiling byteorder v1.5.0
measure	Build both exact revisions sequentially with the same toolchain	2026-09-13T07:01:42.4851843Z    Compiling unicode-script v0.5.8
measure	Build both exact revisions sequentially with the same toolchain	2026-09-13T07:01:42.6491885Z    Compiling unicode-properties v0.1.4
measure	Build both exact revisions sequentially with the same toolchain	2026-09-13T07:01:42.7902148Z    Compiling bitflags v1.3.2
measure	Build both exact revisions sequentially with the same toolchain	2026-09-13T07:01:42.8222057Z    Compiling smol_str v0.2.2
measure	Build both exact revisions sequentially with the same toolchain	2026-09-13T07:01:42.9999603Z    Compiling float-ord v0.3.2
measure	Build both exact revisions sequentially with the same toolchain	2026-09-13T07:01:43.0422168Z    Compiling fastrand v2.5.0
measure	Build both exact revisions sequentially with the same toolchain	2026-09-13T07:01:43.0540598Z    Compiling toml_writer v1.0.7+spec-1.1.0
measure	Build both exact revisions sequentially with the same toolchain	2026-09-13T07:01:43.2434517Z    Compiling toml v1.0.7+spec-1.1.0
measure	Build both exact revisions sequentially with the same toolchain	2026-09-13T07:01:43.2474005Z    Compiling softbuffer v0.4.8
measure	Build both exact revisions sequentially with the same toolchain	2026-09-13T07:01:44.3699550Z    Compiling env_logger v0.11.9
measure	Build both exact revisions sequentially with the same toolchain	2026-09-13T07:01:47.9721867Z    Compiling png v0.17.16
measure	Build both exact revisions sequentially with the same toolchain	2026-09-13T07:01:48.3391786Z    Compiling rustybuzz v0.20.1
measure	Build both exact revisions sequentially with the same toolchain	2026-09-13T07:01:50.7432459Z    Compiling arboard v3.6.1
measure	Build both exact revisions sequentially with the same toolchain	2026-09-13T07:01:53.7351952Z    Compiling unicode-segmentation v1.13.3
measure	Build both exact revisions sequentially with the same toolchain	2026-09-13T07:01:54.3482073Z    Compiling unicode-width v0.2.2
measure	Build both exact revisions sequentially with the same toolchain	2026-09-13T07:01:54.5631846Z    Compiling base64 v0.22.1
measure	Build both exact revisions sequentially with the same toolchain	2026-09-13T07:01:58.7389322Z    Compiling kokuban v0.2.0 (/home/runner/work/_temp/kokuban-paired-source-after)
measure	Build both exact revisions sequentially with the same toolchain	2026-09-13T07:01:59.9465784Z warning: fields `descent` and `font` are never read
measure	Build both exact revisions sequentially with the same toolchain	2026-09-13T07:01:59.9466790Z   --> src/glyph_atlas.rs:89:9
measure	Build both exact revisions sequentially with the same toolchain	2026-09-13T07:01:59.9467821Z    |
measure	Build both exact revisions sequentially with the same toolchain	2026-09-13T07:01:59.9468280Z 75 | pub struct GlyphAtlas {
measure	Build both exact revisions sequentially with the same toolchain	2026-09-13T07:01:59.9468805Z    |            ---------- fields in this struct
measure	Build both exact revisions sequentially with the same toolchain	2026-09-13T07:01:59.9469393Z ...
measure	Build both exact revisions sequentially with the same toolchain	2026-09-13T07:01:59.9469770Z 89 |     pub descent: f32,
measure	Build both exact revisions sequentially with the same toolchain	2026-09-13T07:01:59.9470261Z    |         ^^^^^^^
measure	Build both exact revisions sequentially with the same toolchain	2026-09-13T07:01:59.9470665Z 90 |     font: Font,
measure	Build both exact revisions sequentially with the same toolchain	2026-09-13T07:01:59.9474576Z    |     ^^^^
measure	Build both exact revisions sequentially with the same toolchain	2026-09-13T07:01:59.9474924Z    |
measure	Build both exact revisions sequentially with the same toolchain	2026-09-13T07:01:59.9475417Z    = note: `#[warn(dead_code)]` (part of `#[warn(unused)]`) on by default
measure	Build both exact revisions sequentially with the same toolchain	2026-09-13T07:01:59.9475925Z 
measure	Build both exact revisions sequentially with the same toolchain	2026-09-13T07:01:59.9476142Z warning: method `clear_and_resize` is never used
measure	Build both exact revisions sequentially with the same toolchain	2026-09-13T07:01:59.9476702Z    --> src/glyph_atlas.rs:225:12
measure	Build both exact revisions sequentially with the same toolchain	2026-09-13T07:01:59.9477134Z     |
measure	Build both exact revisions sequentially with the same toolchain	2026-09-13T07:01:59.9477479Z 107 | impl GlyphAtlas {
measure	Build both exact revisions sequentially with the same toolchain	2026-09-13T07:01:59.9477934Z     | --------------- method in this implementation
measure	Build both exact revisions sequentially with the same toolchain	2026-09-13T07:01:59.9478448Z ...
measure	Build both exact revisions sequentially with the same toolchain	2026-09-13T07:01:59.9479082Z 225 |     pub fn clear_and_resize(&mut self, new_font_size: f32) -> Result<(), GlyphAtlasError> {
measure	Build both exact revisions sequentially with the same toolchain	2026-09-13T07:01:59.9479878Z     |            ^^^^^^^^^^^^^^^^
measure	Build both exact revisions sequentially with the same toolchain	2026-09-13T07:01:59.9480165Z 
measure	Build both exact revisions sequentially with the same toolchain	2026-09-13T07:01:59.9480346Z warning: field `blinking` is never read
measure	Build both exact revisions sequentially with the same toolchain	2026-09-13T07:01:59.9481437Z    --> src/grid/mod.rs:120:9
measure	Build both exact revisions sequentially with the same toolchain	2026-09-13T07:01:59.9481839Z     |
measure	Build both exact revisions sequentially with the same toolchain	2026-09-13T07:01:59.9482188Z 118 | pub struct CursorStyle {
measure	Build both exact revisions sequentially with the same toolchain	2026-09-13T07:01:59.9482717Z     |            ----------- field in this struct
measure	Build both exact revisions sequentially with the same toolchain	2026-09-13T07:01:59.9483282Z 119 |     pub shape: CursorShape,
measure	Build both exact revisions sequentially with the same toolchain	2026-09-13T07:01:59.9483660Z 120 |     pub blinking: bool,
measure	Build both exact revisions sequentially with the same toolchain	2026-09-13T07:01:59.9483995Z     |         ^^^^^^^^
measure	Build both exact revisions sequentially with the same toolchain	2026-09-13T07:01:59.9484298Z     |
measure	Build both exact revisions sequentially with the same toolchain	2026-09-13T07:01:59.9485113Z     = note: `CursorStyle` has derived impls for the traits `Clone` and `Debug`, but these are intentionally ignored during dead code analysis
measure	Build both exact revisions sequentially with the same toolchain	2026-09-13T07:01:59.9485978Z 
measure	Build both exact revisions sequentially with the same toolchain	2026-09-13T07:01:59.9486517Z warning: methods `title_revision`, `scrollback_cell`, `clear_dirty`, and `is_any_dirty` are never used
measure	Build both exact revisions sequentially with the same toolchain	2026-09-13T07:01:59.9487308Z     --> src/grid/mod.rs:367:19
measure	Build both exact revisions sequentially with the same toolchain	2026-09-13T07:01:59.9487676Z      |
measure	Build both exact revisions sequentially with the same toolchain	2026-09-13T07:01:59.9487948Z  230 | impl Grid {
measure	Build both exact revisions sequentially with the same toolchain	2026-09-13T07:01:59.9488327Z      | --------- methods in this implementation
measure	Build both exact revisions sequentially with the same toolchain	2026-09-13T07:01:59.9488759Z ...
measure	Build both exact revisions sequentially with the same toolchain	2026-09-13T07:01:59.9489219Z  367 |     pub(crate) fn title_revision(&self) -> u64 { self.title_revision }
measure	Build both exact revisions sequentially with the same toolchain	2026-09-13T07:01:59.9489798Z      |                   ^^^^^^^^^^^^^^
measure	Build both exact revisions sequentially with the same toolchain	2026-09-13T07:01:59.9490164Z ...
measure	Build both exact revisions sequentially with the same toolchain	2026-09-13T07:01:59.9490620Z  393 |     pub fn scrollback_cell(&self, row: usize, col: usize) -> char {
measure	Build both exact revisions sequentially with the same toolchain	2026-09-13T07:01:59.9491459Z      |            ^^^^^^^^^^^^^^^
measure	Build both exact revisions sequentially with the same toolchain	2026-09-13T07:01:59.9491833Z ...
measure	Build both exact revisions sequentially with the same toolchain	2026-09-13T07:01:59.9492323Z 1507 |     pub fn clear_dirty(&mut self) { for d in &mut self.dirty { *d = false; } }
measure	Build both exact revisions sequentially with the same toolchain	2026-09-13T07:01:59.9492954Z      |            ^^^^^^^^^^^
measure	Build both exact revisions sequentially with the same toolchain	2026-09-13T07:01:59.9493515Z 1508 |     pub fn is_any_dirty(&self) -> bool { self.dirty.iter().any(|&d| d) }
measure	Build both exact revisions sequentially with the same toolchain	2026-09-13T07:01:59.9494116Z      |            ^^^^^^^^^^^^
measure	Build both exact revisions sequentially with the same toolchain	2026-09-13T07:01:59.9494356Z 
measure	Build both exact revisions sequentially with the same toolchain	2026-09-13T07:01:59.9494519Z warning: method `text` is never used
measure	Build both exact revisions sequentially with the same toolchain	2026-09-13T07:01:59.9494950Z   --> src/grid/cell.rs:48:12
measure	Build both exact revisions sequentially with the same toolchain	2026-09-13T07:01:59.9495313Z    |
measure	Build both exact revisions sequentially with the same toolchain	2026-09-13T07:01:59.9495590Z 47 | impl Cell {
measure	Build both exact revisions sequentially with the same toolchain	2026-09-13T07:01:59.9495955Z    | --------- method in this implementation
measure	Build both exact revisions sequentially with the same toolchain	2026-09-13T07:01:59.9496447Z 48 |     pub fn text(&self) -> Cow<'_, str> {
measure	Build both exact revisions sequentially with the same toolchain	2026-09-13T07:01:59.9496877Z    |            ^^^^
measure	Build both exact revisions sequentially with the same toolchain	2026-09-13T07:01:59.9497083Z 
measure	Build both exact revisions sequentially with the same toolchain	2026-09-13T07:01:59.9497294Z warning: field `kind` is never read
measure	Build both exact revisions sequentially with the same toolchain	2026-09-13T07:01:59.9497720Z   --> src/grid/marks.rs:11:9
measure	Build both exact revisions sequentially with the same toolchain	2026-09-13T07:01:59.9498088Z    |
measure	Build both exact revisions sequentially with the same toolchain	2026-09-13T07:01:59.9498393Z 10 | pub struct PromptMark {
measure	Build both exact revisions sequentially with the same toolchain	2026-09-13T07:01:59.9498806Z    |            ---------- field in this struct
measure	Build both exact revisions sequentially with the same toolchain	2026-09-13T07:01:59.9499275Z 11 |     pub kind: PromptMarkKind,
measure	Build both exact revisions sequentially with the same toolchain	2026-09-13T07:01:59.9499685Z    |         ^^^^
measure	Build both exact revisions sequentially with the same toolchain	2026-09-13T07:01:59.9500235Z    |
measure	Build both exact revisions sequentially with the same toolchain	2026-09-13T07:01:59.9501246Z    = note: `PromptMark` has derived impls for the traits `Clone` and `Debug`, but these are intentionally ignored during dead code analysis
measure	Build both exact revisions sequentially with the same toolchain	2026-09-13T07:01:59.9502080Z 
measure	Build both exact revisions sequentially with the same toolchain	2026-09-13T07:01:59.9502538Z warning: methods `prev_prompt`, `next_prompt`, `visible_prompt_rows`, and `is_empty` are never used
measure	Build both exact revisions sequentially with the same toolchain	2026-09-13T07:01:59.9503311Z   --> src/grid/marks.rs:34:12
measure	Build both exact revisions sequentially with the same toolchain	2026-09-13T07:01:59.9503682Z    |
measure	Build both exact revisions sequentially with the same toolchain	2026-09-13T07:01:59.9503992Z 20 | impl MarkIndex {
measure	Build both exact revisions sequentially with the same toolchain	2026-09-13T07:01:59.9504392Z    | -------------- methods in this implementation
measure	Build both exact revisions sequentially with the same toolchain	2026-09-13T07:01:59.9504851Z ...
measure	Build both exact revisions sequentially with the same toolchain	2026-09-13T07:01:59.9505291Z 34 |     pub fn prev_prompt(&self, current_row: usize) -> Option<usize> {
measure	Build both exact revisions sequentially with the same toolchain	2026-09-13T07:01:59.9506107Z    |            ^^^^^^^^^^^
measure	Build both exact revisions sequentially with the same toolchain	2026-09-13T07:01:59.9506655Z ...
measure	Build both exact revisions sequentially with the same toolchain	2026-09-13T07:01:59.9507252Z 48 |     pub fn next_prompt(&self, current_row: usize) -> Option<usize> {
measure	Build both exact revisions sequentially with the same toolchain	2026-09-13T07:01:59.9507961Z    |            ^^^^^^^^^^^
measure	Build both exact revisions sequentially with the same toolchain	2026-09-13T07:01:59.9508566Z ...
measure	Build both exact revisions sequentially with the same toolchain	2026-09-13T07:01:59.9509039Z 58 |     pub fn visible_prompt_rows(
measure	Build both exact revisions sequentially with the same toolchain	2026-09-13T07:01:59.9517898Z    |            ^^^^^^^^^^^^^^^^^^^
measure	Build both exact revisions sequentially with the same toolchain	2026-09-13T07:01:59.9518482Z ...
measure	Build both exact revisions sequentially with the same toolchain	2026-09-13T07:01:59.9518809Z 79 |     pub fn is_empty(&self) -> bool {
measure	Build both exact revisions sequentially with the same toolchain	2026-09-13T07:01:59.9519170Z    |            ^^^^^^^^
measure	Build both exact revisions sequentially with the same toolchain	2026-09-13T07:01:59.9519313Z 
measure	Build both exact revisions sequentially with the same toolchain	2026-09-13T07:01:59.9519440Z warning: struct `KeyBind` is never constructed
measure	Build both exact revisions sequentially with the same toolchain	2026-09-13T07:01:59.9519745Z   --> src/input/keybind.rs:15:12
measure	Build both exact revisions sequentially with the same toolchain	2026-09-13T07:01:59.9520163Z    |
measure	Build both exact revisions sequentially with the same toolchain	2026-09-13T07:01:59.9520342Z 15 | pub struct KeyBind {
measure	Build both exact revisions sequentially with the same toolchain	2026-09-13T07:01:59.9520556Z    |            ^^^^^^^
measure	Build both exact revisions sequentially with the same toolchain	2026-09-13T07:01:59.9520684Z 
measure	Build both exact revisions sequentially with the same toolchain	2026-09-13T07:01:59.9521151Z warning: enum `PaneAction` is never used
measure	Build both exact revisions sequentially with the same toolchain	2026-09-13T07:01:59.9521485Z   --> src/input/keybind.rs:21:10
measure	Build both exact revisions sequentially with the same toolchain	2026-09-13T07:01:59.9521710Z    |
measure	Build both exact revisions sequentially with the same toolchain	2026-09-13T07:01:59.9521887Z 21 | pub enum PaneAction {
measure	Build both exact revisions sequentially with the same toolchain	2026-09-13T07:01:59.9522104Z    |          ^^^^^^^^^^
measure	Build both exact revisions sequentially with the same toolchain	2026-09-13T07:01:59.9522236Z 
measure	Build both exact revisions sequentially with the same toolchain	2026-09-13T07:01:59.9522368Z warning: struct `KeybindMap` is never constructed
measure	Build both exact revisions sequentially with the same toolchain	2026-09-13T07:01:59.9522679Z   --> src/input/keybind.rs:40:12
measure	Build both exact revisions sequentially with the same toolchain	2026-09-13T07:01:59.9522902Z    |
measure	Build both exact revisions sequentially with the same toolchain	2026-09-13T07:01:59.9523082Z 40 | pub struct KeybindMap {
measure	Build both exact revisions sequentially with the same toolchain	2026-09-13T07:01:59.9523303Z    |            ^^^^^^^^^^
measure	Build both exact revisions sequentially with the same toolchain	2026-09-13T07:01:59.9523437Z 
measure	Build both exact revisions sequentially with the same toolchain	2026-09-13T07:01:59.9523606Z warning: associated items `from_config` and `lookup` are never used
measure	Build both exact revisions sequentially with the same toolchain	2026-09-13T07:01:59.9523967Z   --> src/input/keybind.rs:45:12
measure	Build both exact revisions sequentially with the same toolchain	2026-09-13T07:01:59.9524190Z    |
measure	Build both exact revisions sequentially with the same toolchain	2026-09-13T07:01:59.9524364Z 44 | impl KeybindMap {
measure	Build both exact revisions sequentially with the same toolchain	2026-09-13T07:01:59.9524643Z    | --------------- associated items in this implementation
measure	Build both exact revisions sequentially with the same toolchain	2026-09-13T07:01:59.9525023Z 45 |     pub fn from_config(config: &KeybindConfig) -> Self {
measure	Build both exact revisions sequentially with the same toolchain	2026-09-13T07:01:59.9525338Z    |            ^^^^^^^^^^^
measure	Build both exact revisions sequentially with the same toolchain	2026-09-13T07:01:59.9525545Z ...
measure	Build both exact revisions sequentially with the same toolchain	2026-09-13T07:01:59.9525865Z 74 |     pub fn lookup(&self, key_code: u16, modifiers: KeyModifiers) -> Option<PaneAction> {
measure	Build both exact revisions sequentially with the same toolchain	2026-09-13T07:01:59.9526271Z    |            ^^^^^^
measure	Build both exact revisions sequentially with the same toolchain	2026-09-13T07:01:59.9526398Z 
measure	Build both exact revisions sequentially with the same toolchain	2026-09-13T07:01:59.9526514Z warning: function `parse_keybind` is never used
measure	Build both exact revisions sequentially with the same toolchain	2026-09-13T07:01:59.9526815Z   --> src/input/keybind.rs:84:4
measure	Build both exact revisions sequentially with the same toolchain	2026-09-13T07:01:59.9527037Z    |
measure	Build both exact revisions sequentially with the same toolchain	2026-09-13T07:01:59.9527248Z 84 | fn parse_keybind(s: &str) -> Option<KeyBind> {
measure	Build both exact revisions sequentially with the same toolchain	2026-09-13T07:01:59.9527529Z    |    ^^^^^^^^^^^^^
measure	Build both exact revisions sequentially with the same toolchain	2026-09-13T07:01:59.9527648Z 
measure	Build both exact revisions sequentially with the same toolchain	2026-09-13T07:01:59.9527770Z warning: function `key_name_to_code` is never used
measure	Build both exact revisions sequentially with the same toolchain	2026-09-13T07:01:59.9528068Z    --> src/input/keybind.rs:103:4
measure	Build both exact revisions sequentially with the same toolchain	2026-09-13T07:01:59.9528295Z     |
measure	Build both exact revisions sequentially with the same toolchain	2026-09-13T07:01:59.9528520Z 103 | fn key_name_to_code(name: &str) -> Option<u16> {
measure	Build both exact revisions sequentially with the same toolchain	2026-09-13T07:01:59.9528806Z     |    ^^^^^^^^^^^^^^^^
measure	Build both exact revisions sequentially with the same toolchain	2026-09-13T07:01:59.9528938Z 
measure	Build both exact revisions sequentially with the same toolchain	2026-09-13T07:01:59.9529040Z warning: type alias `PaneId` is never used
measure	Build both exact revisions sequentially with the same toolchain	2026-09-13T07:01:59.9529326Z  --> src/layout.rs:5:10
measure	Build both exact revisions sequentially with the same toolchain	2026-09-13T07:01:59.9529529Z   |
measure	Build both exact revisions sequentially with the same toolchain	2026-09-13T07:01:59.9529710Z 5 | pub type PaneId = u64;
measure	Build both exact revisions sequentially with the same toolchain	2026-09-13T07:01:59.9529924Z   |          ^^^^^^
measure	Build both exact revisions sequentially with the same toolchain	2026-09-13T07:01:59.9530035Z 
measure	Build both exact revisions sequentially with the same toolchain	2026-09-13T07:01:59.9530160Z warning: constant `DIVIDER_THICKNESS` is never used
measure	Build both exact revisions sequentially with the same toolchain	2026-09-13T07:01:59.9530453Z  --> src/layout.rs:7:11
measure	Build both exact revisions sequentially with the same toolchain	2026-09-13T07:01:59.9531165Z   |
measure	Build both exact revisions sequentially with the same toolchain	2026-09-13T07:01:59.9531387Z 7 | pub const DIVIDER_THICKNESS: f32 = 6.0;
measure	Build both exact revisions sequentially with the same toolchain	2026-09-13T07:01:59.9531660Z   |           ^^^^^^^^^^^^^^^^^
measure	Build both exact revisions sequentially with the same toolchain	2026-09-13T07:01:59.9531808Z 
measure	Build both exact revisions sequentially with the same toolchain	2026-09-13T07:01:59.9531922Z warning: enum `SplitDirection` is never used
measure	Build both exact revisions sequentially with the same toolchain	2026-09-13T07:01:59.9532198Z   --> src/layout.rs:10:10
measure	Build both exact revisions sequentially with the same toolchain	2026-09-13T07:01:59.9532408Z    |
measure	Build both exact revisions sequentially with the same toolchain	2026-09-13T07:01:59.9532592Z 10 | pub enum SplitDirection {
measure	Build both exact revisions sequentially with the same toolchain	2026-09-13T07:01:59.9532834Z    |          ^^^^^^^^^^^^^^
measure	Build both exact revisions sequentially with the same toolchain	2026-09-13T07:01:59.9532969Z 
measure	Build both exact revisions sequentially with the same toolchain	2026-09-13T07:01:59.9533091Z warning: struct `PixelRect` is never constructed
measure	Build both exact revisions sequentially with the same toolchain	2026-09-13T07:01:59.9533375Z   --> src/layout.rs:16:12
measure	Build both exact revisions sequentially with the same toolchain	2026-09-13T07:01:59.9533579Z    |
measure	Build both exact revisions sequentially with the same toolchain	2026-09-13T07:01:59.9533754Z 16 | pub struct PixelRect {
measure	Build both exact revisions sequentially with the same toolchain	2026-09-13T07:01:59.9533972Z    |            ^^^^^^^^^
measure	Build both exact revisions sequentially with the same toolchain	2026-09-13T07:01:59.9534099Z 
measure	Build both exact revisions sequentially with the same toolchain	2026-09-13T07:01:59.9534284Z warning: associated items `ZERO`, `split`, and `contains` are never used
measure	Build both exact revisions sequentially with the same toolchain	2026-09-13T07:01:59.9534653Z   --> src/layout.rs:24:15
measure	Build both exact revisions sequentially with the same toolchain	2026-09-13T07:01:59.9534863Z    |
measure	Build both exact revisions sequentially with the same toolchain	2026-09-13T07:01:59.9535044Z 23 | impl PixelRect {
measure	Build both exact revisions sequentially with the same toolchain	2026-09-13T07:01:59.9535307Z    | -------------- associated items in this implementation
measure	Build both exact revisions sequentially with the same toolchain	2026-09-13T07:01:59.9535623Z 24 |     pub const ZERO: Self = Self {
measure	Build both exact revisions sequentially with the same toolchain	2026-09-13T07:01:59.9535868Z    |               ^^^^
measure	Build both exact revisions sequentially with the same toolchain	2026-09-13T07:01:59.9536061Z ...
measure	Build both exact revisions sequentially with the same toolchain	2026-09-13T07:01:59.9536392Z 31 |     pub fn split(self, direction: SplitDirection, ratio: f32) -> (PixelRect, PixelRect) {
measure	Build both exact revisions sequentially with the same toolchain	2026-09-13T07:01:59.9536802Z    |            ^^^^^
measure	Build both exact revisions sequentially with the same toolchain	2026-09-13T07:01:59.9537136Z ...
measure	Build both exact revisions sequentially with the same toolchain	2026-09-13T07:01:59.9537348Z 69 |     pub fn contains(&self, x: f32, y: f32) -> bool {
measure	Build both exact revisions sequentially with the same toolchain	2026-09-13T07:01:59.9537633Z    |            ^^^^^^^^
measure	Build both exact revisions sequentially with the same toolchain	2026-09-13T07:01:59.9537764Z 
measure	Build both exact revisions sequentially with the same toolchain	2026-09-13T07:01:59.9537887Z warning: struct `DividerInfo` is never constructed
measure	Build both exact revisions sequentially with the same toolchain	2026-09-13T07:01:59.9538182Z   --> src/layout.rs:75:12
measure	Build both exact revisions sequentially with the same toolchain	2026-09-13T07:01:59.9538385Z    |
measure	Build both exact revisions sequentially with the same toolchain	2026-09-13T07:01:59.9538564Z 75 | pub struct DividerInfo {
measure	Build both exact revisions sequentially with the same toolchain	2026-09-13T07:01:59.9538788Z    |            ^^^^^^^^^^^
measure	Build both exact revisions sequentially with the same toolchain	2026-09-13T07:01:59.9538923Z 
measure	Build both exact revisions sequentially with the same toolchain	2026-09-13T07:01:59.9539036Z warning: function `compute_layout` is never used
measure	Build both exact revisions sequentially with the same toolchain	2026-09-13T07:01:59.9539322Z   --> src/layout.rs:84:8
measure	Build both exact revisions sequentially with the same toolchain	2026-09-13T07:01:59.9539519Z    |
measure	Build both exact revisions sequentially with the same toolchain	2026-09-13T07:01:59.9539690Z 84 | pub fn compute_layout(
measure	Build both exact revisions sequentially with the same toolchain	2026-09-13T07:01:59.9539903Z    |        ^^^^^^^^^^^^^^
measure	Build both exact revisions sequentially with the same toolchain	2026-09-13T07:01:59.9540039Z 
measure	Build both exact revisions sequentially with the same toolchain	2026-09-13T07:01:59.9540155Z warning: function `node_contains` is never used
measure	Build both exact revisions sequentially with the same toolchain	2026-09-13T07:01:59.9540435Z    --> src/layout.rs:131:4
measure	Build both exact revisions sequentially with the same toolchain	2026-09-13T07:01:59.9540640Z     |
measure	Build both exact revisions sequentially with the same toolchain	2026-09-13T07:01:59.9541144Z 131 | fn node_contains(node: &PaneNode, id: PaneId) -> bool {
measure	Build both exact revisions sequentially with the same toolchain	2026-09-13T07:01:59.9541453Z     |    ^^^^^^^^^^^^^
measure	Build both exact revisions sequentially with the same toolchain	2026-09-13T07:01:59.9541579Z 
measure	Build both exact revisions sequentially with the same toolchain	2026-09-13T07:01:59.9541679Z warning: enum `PaneNode` is never used
measure	Build both exact revisions sequentially with the same toolchain	2026-09-13T07:01:59.9541937Z  --> src/layout/tree.rs:3:10
measure	Build both exact revisions sequentially with the same toolchain	2026-09-13T07:01:59.9542150Z   |
measure	Build both exact revisions sequentially with the same toolchain	2026-09-13T07:01:59.9542326Z 3 | pub enum PaneNode {
measure	Build both exact revisions sequentially with the same toolchain	2026-09-13T07:01:59.9542527Z   |          ^^^^^^^^
measure	Build both exact revisions sequentially with the same toolchain	2026-09-13T07:01:59.9542648Z 
measure	Build both exact revisions sequentially with the same toolchain	2026-09-13T07:01:59.9543038Z warning: associated items `split_leaf`, `remove_leaf`, `adjust_ratio`, `contains`, `collect_leaf_ids`, and `is_single_leaf` are never used
measure	Build both exact revisions sequentially with the same toolchain	2026-09-13T07:01:59.9543609Z    --> src/layout/tree.rs:16:12
measure	Build both exact revisions sequentially with the same toolchain	2026-09-13T07:01:59.9543829Z     |
measure	Build both exact revisions sequentially with the same toolchain	2026-09-13T07:01:59.9544002Z  13 | impl PaneNode {
measure	Build both exact revisions sequentially with the same toolchain	2026-09-13T07:01:59.9544253Z     | ------------- associated items in this implementation
measure	Build both exact revisions sequentially with the same toolchain	2026-09-13T07:01:59.9544547Z ...
measure	Build both exact revisions sequentially with the same toolchain	2026-09-13T07:01:59.9544726Z  16 |     pub fn split_leaf(
measure	Build both exact revisions sequentially with the same toolchain	2026-09-13T07:01:59.9544943Z     |            ^^^^^^^^^^
measure	Build both exact revisions sequentially with the same toolchain	2026-09-13T07:01:59.9545144Z ...
measure	Build both exact revisions sequentially with the same toolchain	2026-09-13T07:01:59.9545391Z  44 |     pub fn remove_leaf(&mut self, target_id: PaneId) -> bool {
measure	Build both exact revisions sequentially with the same toolchain	2026-09-13T07:01:59.9545718Z     |            ^^^^^^^^^^^
measure	Build both exact revisions sequentially with the same toolchain	2026-09-13T07:01:59.9545921Z ...
measure	Build both exact revisions sequentially with the same toolchain	2026-09-13T07:01:59.9546197Z  72 |     pub fn adjust_ratio(&mut self, target_id: PaneId, delta: f32) -> bool {
measure	Build both exact revisions sequentially with the same toolchain	2026-09-13T07:01:59.9546559Z     |            ^^^^^^^^^^^^
measure	Build both exact revisions sequentially with the same toolchain	2026-09-13T07:01:59.9546764Z ...
measure	Build both exact revisions sequentially with the same toolchain	2026-09-13T07:01:59.9547000Z 104 |     pub fn contains(node: &PaneNode, id: PaneId) -> bool {
measure	Build both exact revisions sequentially with the same toolchain	2026-09-13T07:01:59.9547310Z     |            ^^^^^^^^
measure	Build both exact revisions sequentially with the same toolchain	2026-09-13T07:01:59.9547506Z ...
measure	Build both exact revisions sequentially with the same toolchain	2026-09-13T07:01:59.9547873Z 113 |     pub fn collect_leaf_ids(&self, out: &mut Vec<PaneId>) {
measure	Build both exact revisions sequentially with the same toolchain	2026-09-13T07:01:59.9548184Z     |            ^^^^^^^^^^^^^^^^
measure	Build both exact revisions sequentially with the same toolchain	2026-09-13T07:01:59.9548396Z ...
measure	Build both exact revisions sequentially with the same toolchain	2026-09-13T07:01:59.9548590Z 123 |     pub fn is_single_leaf(&self) -> bool {
measure	Build both exact revisions sequentially with the same toolchain	2026-09-13T07:01:59.9548867Z     |            ^^^^^^^^^^^^^^
measure	Build both exact revisions sequentially with the same toolchain	2026-09-13T07:01:59.9549007Z 
measure	Build both exact revisions sequentially with the same toolchain	2026-09-13T07:01:59.9549103Z warning: enum `Action` is never used
measure	Build both exact revisions sequentially with the same toolchain	2026-09-13T07:01:59.9549364Z  --> src/parser/mod.rs:6:10
measure	Build both exact revisions sequentially with the same toolchain	2026-09-13T07:01:59.9549575Z   |
measure	Build both exact revisions sequentially with the same toolchain	2026-09-13T07:01:59.9549741Z 6 | pub enum Action {
measure	Build both exact revisions sequentially with the same toolchain	2026-09-13T07:01:59.9549936Z   |          ^^^^^^
measure	Build both exact revisions sequentially with the same toolchain	2026-09-13T07:01:59.9550053Z 
measure	Build both exact revisions sequentially with the same toolchain	2026-09-13T07:01:59.9550141Z warning: method `feed` is never used
measure	Build both exact revisions sequentially with the same toolchain	2026-09-13T07:01:59.9550394Z    --> src/parser/ansi.rs:113:12
measure	Build both exact revisions sequentially with the same toolchain	2026-09-13T07:01:59.9550616Z     |
measure	Build both exact revisions sequentially with the same toolchain	2026-09-13T07:01:59.9551032Z  77 | impl Parser {
measure	Build both exact revisions sequentially with the same toolchain	2026-09-13T07:01:59.9551425Z     | ----------- method in this implementation
measure	Build both exact revisions sequentially with the same toolchain	2026-09-13T07:01:59.9551861Z ...
measure	Build both exact revisions sequentially with the same toolchain	2026-09-13T07:01:59.9552171Z 113 |     pub fn feed(&mut self, input: &[u8], grid: &mut Grid) {
measure	Build both exact revisions sequentially with the same toolchain	2026-09-13T07:01:59.9552479Z     |            ^^^^
measure	Build both exact revisions sequentially with the same toolchain	2026-09-13T07:01:59.9552596Z 
measure	Build both exact revisions sequentially with the same toolchain	2026-09-13T07:01:59.9552738Z warning: methods `master_fd` and `resize` are never used
measure	Build both exact revisions sequentially with the same toolchain	2026-09-13T07:01:59.9553047Z    --> src/pty/unix.rs:178:12
measure	Build both exact revisions sequentially with the same toolchain	2026-09-13T07:01:59.9553259Z     |
measure	Build both exact revisions sequentially with the same toolchain	2026-09-13T07:01:59.9553428Z  35 | impl Pty {
measure	Build both exact revisions sequentially with the same toolchain	2026-09-13T07:01:59.9553644Z     | -------- methods in this implementation
measure	Build both exact revisions sequentially with the same toolchain	2026-09-13T07:01:59.9554047Z ...
measure	Build both exact revisions sequentially with the same toolchain	2026-09-13T07:01:59.9554236Z 178 |     pub fn master_fd(&self) -> RawFd {
measure	Build both exact revisions sequentially with the same toolchain	2026-09-13T07:01:59.9554497Z     |            ^^^^^^^^^
measure	Build both exact revisions sequentially with the same toolchain	2026-09-13T07:01:59.9554695Z ...
measure	Build both exact revisions sequentially with the same toolchain	2026-09-13T07:01:59.9555017Z 243 |     pub fn resize(&self, cols: u16, rows: u16) -> std::io::Result<()> {
measure	Build both exact revisions sequentially with the same toolchain	2026-09-13T07:01:59.9555359Z     |            ^^^^^^
measure	Build both exact revisions sequentially with the same toolchain	2026-09-13T07:01:59.9555482Z 
measure	Build both exact revisions sequentially with the same toolchain	2026-09-13T07:01:59.9555616Z warning: struct `PaneRenderData` is never constructed
measure	Build both exact revisions sequentially with the same toolchain	2026-09-13T07:01:59.9555919Z  --> src/render_scene.rs:5:12
measure	Build both exact revisions sequentially with the same toolchain	2026-09-13T07:01:59.9556135Z   |
measure	Build both exact revisions sequentially with the same toolchain	2026-09-13T07:01:59.9556314Z 5 | pub struct PaneRenderData<'a> {
measure	Build both exact revisions sequentially with the same toolchain	2026-09-13T07:01:59.9556562Z   |            ^^^^^^^^^^^^^^
measure	Build both exact revisions sequentially with the same toolchain	2026-09-13T07:01:59.9556700Z 
measure	Build both exact revisions sequentially with the same toolchain	2026-09-13T07:01:59.9556839Z warning: struct `ConfirmOverlayInfo` is never constructed
measure	Build both exact revisions sequentially with the same toolchain	2026-09-13T07:01:59.9557159Z   --> src/render_scene.rs:16:12
measure	Build both exact revisions sequentially with the same toolchain	2026-09-13T07:01:59.9557376Z    |
measure	Build both exact revisions sequentially with the same toolchain	2026-09-13T07:01:59.9557562Z 16 | pub struct ConfirmOverlayInfo {
measure	Build both exact revisions sequentially with the same toolchain	2026-09-13T07:01:59.9557807Z    |            ^^^^^^^^^^^^^^^^^^
measure	Build both exact revisions sequentially with the same toolchain	2026-09-13T07:01:59.9557960Z 
measure	Build both exact revisions sequentially with the same toolchain	2026-09-13T07:01:59.9558086Z warning: struct `ChromeColors` is never constructed
measure	Build both exact revisions sequentially with the same toolchain	2026-09-13T07:01:59.9558381Z   --> src/render_scene.rs:23:12
measure	Build both exact revisions sequentially with the same toolchain	2026-09-13T07:01:59.9558595Z    |
measure	Build both exact revisions sequentially with the same toolchain	2026-09-13T07:01:59.9558773Z 23 | pub struct ChromeColors {
measure	Build both exact revisions sequentially with the same toolchain	2026-09-13T07:01:59.9558997Z    |            ^^^^^^^^^^^^
measure	Build both exact revisions sequentially with the same toolchain	2026-09-13T07:01:59.9559136Z 
measure	Build both exact revisions sequentially with the same toolchain	2026-09-13T07:01:59.9559272Z warning: methods `contains` and `get_text` are never used
measure	Build both exact revisions sequentially with the same toolchain	2026-09-13T07:01:59.9559585Z    --> src/selection.rs:85:12
measure	Build both exact revisions sequentially with the same toolchain	2026-09-13T07:01:59.9559798Z     |
measure	Build both exact revisions sequentially with the same toolchain	2026-09-13T07:01:59.9559976Z  32 | impl SelectionState {
measure	Build both exact revisions sequentially with the same toolchain	2026-09-13T07:01:59.9560242Z     | ------------------- methods in this implementation
measure	Build both exact revisions sequentially with the same toolchain	2026-09-13T07:01:59.9560513Z ...
measure	Build both exact revisions sequentially with the same toolchain	2026-09-13T07:01:59.9560682Z  85 |     pub fn contains(
measure	Build both exact revisions sequentially with the same toolchain	2026-09-13T07:01:59.9561177Z     |            ^^^^^^^^
measure	Build both exact revisions sequentially with the same toolchain	2026-09-13T07:01:59.9561383Z ...
measure	Build both exact revisions sequentially with the same toolchain	2026-09-13T07:01:59.9561595Z 145 |     pub fn get_text(&self, grid: &Grid) -> String {
measure	Build both exact revisions sequentially with the same toolchain	2026-09-13T07:01:59.9561875Z     |            ^^^^^^^^
measure	Build both exact revisions sequentially with the same toolchain	2026-09-13T07:01:59.9562008Z 
measure	Build both exact revisions sequentially with the same toolchain	2026-09-13T07:01:59.9562181Z warning: variant `UnexpectedProtocolEvent` is never constructed
measure	Build both exact revisions sequentially with the same toolchain	2026-09-13T07:01:59.9562542Z   --> src/terminal_reader.rs:53:5
measure	Build both exact revisions sequentially with the same toolchain	2026-09-13T07:01:59.9562771Z    |
measure	Build both exact revisions sequentially with the same toolchain	2026-09-13T07:01:59.9562951Z 45 | pub(crate) enum ReaderExit {
measure	Build both exact revisions sequentially with the same toolchain	2026-09-13T07:01:59.9563211Z    |                 ---------- variant in this enum
measure	Build both exact revisions sequentially with the same toolchain	2026-09-13T07:01:59.9563469Z ...
measure	Build both exact revisions sequentially with the same toolchain	2026-09-13T07:01:59.9563651Z 53 |     UnexpectedProtocolEvent,
measure	Build both exact revisions sequentially with the same toolchain	2026-09-13T07:01:59.9563885Z    |     ^^^^^^^^^^^^^^^^^^^^^^^
measure	Build both exact revisions sequentially with the same toolchain	2026-09-13T07:01:59.9564094Z    |
measure	Build both exact revisions sequentially with the same toolchain	2026-09-13T07:01:59.9564527Z    = note: `ReaderExit` has a derived impl for the trait `Debug`, but this is intentionally ignored during dead code analysis
measure	Build both exact revisions sequentially with the same toolchain	2026-09-13T07:01:59.9565104Z 
measure	Build both exact revisions sequentially with the same toolchain	2026-09-13T07:01:59.9565314Z warning: associated functions `spawn_text` and `spawn_with_io` are never used
measure	Build both exact revisions sequentially with the same toolchain	2026-09-13T07:01:59.9565704Z    --> src/terminal_reader.rs:64:19
measure	Build both exact revisions sequentially with the same toolchain	2026-09-13T07:01:59.9565939Z     |
measure	Build both exact revisions sequentially with the same toolchain	2026-09-13T07:01:59.9566140Z  63 | impl TerminalReader {
measure	Build both exact revisions sequentially with the same toolchain	2026-09-13T07:01:59.9566434Z     | ------------------- associated functions in this implementation
measure	Build both exact revisions sequentially with the same toolchain	2026-09-13T07:01:59.9566779Z  64 |     pub(crate) fn spawn_text<U, X>(
measure	Build both exact revisions sequentially with the same toolchain	2026-09-13T07:01:59.9567033Z     |                   ^^^^^^^^^^
measure	Build both exact revisions sequentially with the same toolchain	2026-09-13T07:01:59.9567289Z ...
measure	Build both exact revisions sequentially with the same toolchain	2026-09-13T07:01:59.9567466Z 111 |     fn spawn_with_io<I, U, X>(
measure	Build both exact revisions sequentially with the same toolchain	2026-09-13T07:01:59.9567707Z     |        ^^^^^^^^^^^^^
measure	Build both exact revisions sequentially with the same toolchain	2026-09-13T07:01:59.9567840Z 
measure	Build both exact revisions sequentially with the same toolchain	2026-09-13T07:01:59.9567953Z warning: struct `Vertex` is never constructed
measure	Build both exact revisions sequentially with the same toolchain	2026-09-13T07:01:59.9568230Z   --> src/renderer/mod.rs:21:12
measure	Build both exact revisions sequentially with the same toolchain	2026-09-13T07:01:59.9568452Z    |
measure	Build both exact revisions sequentially with the same toolchain	2026-09-13T07:01:59.9568623Z 21 | pub struct Vertex {
measure	Build both exact revisions sequentially with the same toolchain	2026-09-13T07:01:59.9568834Z    |            ^^^^^^
measure	Build both exact revisions sequentially with the same toolchain	2026-09-13T07:01:59.9568959Z 
measure	Build both exact revisions sequentially with the same toolchain	2026-09-13T07:01:59.9569073Z warning: associated function `new` is never used
measure	Build both exact revisions sequentially with the same toolchain	2026-09-13T07:01:59.9569365Z   --> src/renderer/mod.rs:29:12
measure	Build both exact revisions sequentially with the same toolchain	2026-09-13T07:01:59.9569579Z    |
measure	Build both exact revisions sequentially with the same toolchain	2026-09-13T07:01:59.9569744Z 28 | impl Vertex {
measure	Build both exact revisions sequentially with the same toolchain	2026-09-13T07:01:59.9570000Z    | ----------- associated function in this implementation
measure	Build both exact revisions sequentially with the same toolchain	2026-09-13T07:01:59.9570396Z 29 |     pub fn new(x: f32, y: f32, u: f32, v: f32, fg: u32, bg: u32) -> Self {
measure	Build both exact revisions sequentially with the same toolchain	2026-09-13T07:01:59.9571002Z    |            ^^^
measure	Build both exact revisions sequentially with the same toolchain	2026-09-13T07:01:59.9571117Z 
measure	Build both exact revisions sequentially with the same toolchain	2026-09-13T07:01:59.9571237Z warning: function `box_drawing_lines` is never used
measure	Build both exact revisions sequentially with the same toolchain	2026-09-13T07:01:59.9571543Z  --> src/renderer/box_drawing.rs:4:8
measure	Build both exact revisions sequentially with the same toolchain	2026-09-13T07:01:59.9571780Z   |
measure	Build both exact revisions sequentially with the same toolchain	2026-09-13T07:01:59.9572084Z 4 | pub fn box_drawing_lines(c: char, w: f32, h: f32) -> Option<Vec<(f32, f32, f32, f32)>> {
measure	Build both exact revisions sequentially with the same toolchain	2026-09-13T07:01:59.9572472Z   |        ^^^^^^^^^^^^^^^^^
measure	Build both exact revisions sequentially with the same toolchain	2026-09-13T07:01:59.9572613Z 
measure	Build both exact revisions sequentially with the same toolchain	2026-09-13T07:01:59.9572723Z warning: function `is_box_drawing` is never used
measure	Build both exact revisions sequentially with the same toolchain	2026-09-13T07:01:59.9573029Z    --> src/renderer/box_drawing.rs:124:8
measure	Build both exact revisions sequentially with the same toolchain	2026-09-13T07:01:59.9573273Z     |
measure	Build both exact revisions sequentially with the same toolchain	2026-09-13T07:01:59.9573472Z 124 | pub fn is_box_drawing(c: char) -> bool {
measure	Build both exact revisions sequentially with the same toolchain	2026-09-13T07:01:59.9573736Z     |        ^^^^^^^^^^^^^^
measure	Build both exact revisions sequentially with the same toolchain	2026-09-13T07:01:59.9573867Z 
measure	Build both exact revisions sequentially with the same toolchain	2026-09-13T07:01:59.9573979Z warning: function `is_braille` is never used
measure	Build both exact revisions sequentially with the same toolchain	2026-09-13T07:01:59.9574258Z  --> src/renderer/braille.rs:2:8
measure	Build both exact revisions sequentially with the same toolchain	2026-09-13T07:01:59.9574490Z   |
measure	Build both exact revisions sequentially with the same toolchain	2026-09-13T07:01:59.9574674Z 2 | pub fn is_braille(c: char) -> bool {
measure	Build both exact revisions sequentially with the same toolchain	2026-09-13T07:01:59.9574922Z   |        ^^^^^^^^^^
measure	Build both exact revisions sequentially with the same toolchain	2026-09-13T07:01:59.9575045Z 
measure	Build both exact revisions sequentially with the same toolchain	2026-09-13T07:01:59.9575151Z warning: function `braille_dots` is never used
measure	Build both exact revisions sequentially with the same toolchain	2026-09-13T07:01:59.9575440Z   --> src/renderer/braille.rs:12:8
measure	Build both exact revisions sequentially with the same toolchain	2026-09-13T07:01:59.9575668Z    |
measure	Build both exact revisions sequentially with the same toolchain	2026-09-13T07:01:59.9575876Z 12 | pub fn braille_dots(c: char) -> Vec<(u8, u8)> {
measure	Build both exact revisions sequentially with the same toolchain	2026-09-13T07:01:59.9576157Z    |        ^^^^^^^^^^^^
measure	Build both exact revisions sequentially with the same toolchain	2026-09-13T07:01:59.9576285Z 
measure	Build both exact revisions sequentially with the same toolchain	2026-09-13T07:01:59.9576410Z warning: variant `Unsupported` is never constructed
measure	Build both exact revisions sequentially with the same toolchain	2026-09-13T07:01:59.9576723Z   --> src/renderer/image_animation.rs:20:5
measure	Build both exact revisions sequentially with the same toolchain	2026-09-13T07:01:59.9576974Z    |
measure	Build both exact revisions sequentially with the same toolchain	2026-09-13T07:01:59.9577155Z 19 | pub enum AnimationError {
measure	Build both exact revisions sequentially with the same toolchain	2026-09-13T07:01:59.9577407Z    |          -------------- variant in this enum
measure	Build both exact revisions sequentially with the same toolchain	2026-09-13T07:01:59.9577673Z 20 |     Unsupported,
measure	Build both exact revisions sequentially with the same toolchain	2026-09-13T07:01:59.9577866Z    |     ^^^^^^^^^^^
measure	Build both exact revisions sequentially with the same toolchain	2026-09-13T07:01:59.9578053Z    |
measure	Build both exact revisions sequentially with the same toolchain	2026-09-13T07:01:59.9578543Z    = note: `AnimationError` has derived impls for the traits `Debug` and `Clone`, but these are intentionally ignored during dead code analysis
measure	Build both exact revisions sequentially with the same toolchain	2026-09-13T07:01:59.9579042Z 
measure	Build both exact revisions sequentially with the same toolchain	2026-09-13T07:02:08.4925844Z warning: `kokuban` (bin "kokuban") generated 39 warnings
measure	Build both exact revisions sequentially with the same toolchain	2026-09-13T07:02:08.4926577Z     Finished `release` profile [optimized] target(s) in 1m 22s
measure	Measure five alternating pairs in one native Wayland session	﻿2026-09-13T07:02:08.6519920Z ##[group]Run evidence_directory="$RUNNER_TEMP/kokuban-paired-evidence"
measure	Measure five alternating pairs in one native Wayland session	2026-09-13T07:02:08.6520514Z [36;1mevidence_directory="$RUNNER_TEMP/kokuban-paired-evidence"[0m
measure	Measure five alternating pairs in one native Wayland session	2026-09-13T07:02:08.6521263Z [36;1mexport XDG_RUNTIME_DIR[0m
measure	Measure five alternating pairs in one native Wayland session	2026-09-13T07:02:08.6521742Z [36;1mXDG_RUNTIME_DIR="$(mktemp -d)"[0m
measure	Measure five alternating pairs in one native Wayland session	2026-09-13T07:02:08.6522073Z [36;1mexport WAYLAND_DISPLAY=wayland-kokuban-paired[0m
measure	Measure five alternating pairs in one native Wayland session	2026-09-13T07:02:08.6522392Z [36;1munset DISPLAY WAYLAND_SOCKET[0m
measure	Measure five alternating pairs in one native Wayland session	2026-09-13T07:02:08.6522722Z [36;1mweston --backend=headless-backend.so --use-pixman \[0m
measure	Measure five alternating pairs in one native Wayland session	2026-09-13T07:02:08.6523174Z [36;1m  --socket="$WAYLAND_DISPLAY" --idle-time=0 --width=1280 --height=900 \[0m
measure	Measure five alternating pairs in one native Wayland session	2026-09-13T07:02:08.6523610Z [36;1m  --log="$evidence_directory/weston.log" &[0m
measure	Measure five alternating pairs in one native Wayland session	2026-09-13T07:02:08.6523907Z [36;1mweston_pid=$![0m
measure	Measure five alternating pairs in one native Wayland session	2026-09-13T07:02:08.6524289Z [36;1mtrap 'kill "$weston_pid" 2>/dev/null || true; wait "$weston_pid" 2>/dev/null || true' EXIT[0m
measure	Measure five alternating pairs in one native Wayland session	2026-09-13T07:02:08.6524716Z [36;1mfor _attempt in {1..100}; do[0m
measure	Measure five alternating pairs in one native Wayland session	2026-09-13T07:02:08.6525064Z [36;1m  test ! -S "$XDG_RUNTIME_DIR/$WAYLAND_DISPLAY" || break[0m
measure	Measure five alternating pairs in one native Wayland session	2026-09-13T07:02:08.6525394Z [36;1m  kill -0 "$weston_pid"[0m
measure	Measure five alternating pairs in one native Wayland session	2026-09-13T07:02:08.6525630Z [36;1m  sleep 0.1[0m
measure	Measure five alternating pairs in one native Wayland session	2026-09-13T07:02:08.6525828Z [36;1mdone[0m
measure	Measure five alternating pairs in one native Wayland session	2026-09-13T07:02:08.6526057Z [36;1mtest -S "$XDG_RUNTIME_DIR/$WAYLAND_DISPLAY"[0m
measure	Measure five alternating pairs in one native Wayland session	2026-09-13T07:02:08.6526492Z [36;1mbenchmark_cpu="$(python3 -c 'import os; print(min(os.sched_getaffinity(0)))')"[0m
measure	Measure five alternating pairs in one native Wayland session	2026-09-13T07:02:08.6527001Z [36;1mtimeout --kill-after=10s 20m taskset -c "$benchmark_cpu" \[0m
measure	Measure five alternating pairs in one native Wayland session	2026-09-13T07:02:08.6527404Z [36;1m  python3 scripts/compare-kokuban-revisions.py \[0m
measure	Measure five alternating pairs in one native Wayland session	2026-09-13T07:02:08.6527807Z [36;1m    --before "$RUNNER_TEMP/kokuban-paired-binaries/before" \[0m
measure	Measure five alternating pairs in one native Wayland session	2026-09-13T07:02:08.6528233Z [36;1m    --after "$RUNNER_TEMP/kokuban-paired-binaries/after" \[0m
measure	Measure five alternating pairs in one native Wayland session	2026-09-13T07:02:08.6528667Z [36;1m    --before-ref "$(cat "$evidence_directory/before-revision.txt")" \[0m
measure	Measure five alternating pairs in one native Wayland session	2026-09-13T07:02:08.6529126Z [36;1m    --after-ref "$(cat "$evidence_directory/after-revision.txt")" \[0m
measure	Measure five alternating pairs in one native Wayland session	2026-09-13T07:02:08.6529555Z [36;1m    --artifacts-dir "$evidence_directory/measurements" \[0m
measure	Measure five alternating pairs in one native Wayland session	2026-09-13T07:02:08.6529995Z [36;1m    --backend wayland --screen "$SCREEN" --samples 5 --bytes 33554432 \[0m
measure	Measure five alternating pairs in one native Wayland session	2026-09-13T07:02:08.6530393Z [36;1m    --timeout 120 --environment-note \[0m
measure	Measure five alternating pairs in one native Wayland session	2026-09-13T07:02:08.6531196Z [36;1m    "GitHub ubuntu-24.04 runner; Weston headless pixman; both binaries on CPU $benchmark_cpu; DSR processing only, no physical display or GPU comparison"[0m
measure	Measure five alternating pairs in one native Wayland session	2026-09-13T07:02:08.6567985Z shell: /usr/bin/bash --noprofile --norc -e -o pipefail {0}
measure	Measure five alternating pairs in one native Wayland session	2026-09-13T07:02:08.6568319Z env:
measure	Measure five alternating pairs in one native Wayland session	2026-09-13T07:02:08.6568507Z   CARGO_INCREMENTAL: 0
measure	Measure five alternating pairs in one native Wayland session	2026-09-13T07:02:08.6568731Z   CARGO_PROFILE_RELEASE_DEBUG: 0
measure	Measure five alternating pairs in one native Wayland session	2026-09-13T07:02:08.6569010Z   BEFORE_REF: 24782c344714727be4f8981cd0d1d10f047aa9f4
measure	Measure five alternating pairs in one native Wayland session	2026-09-13T07:02:08.6569300Z   AFTER_REF: f0040ad
measure	Measure five alternating pairs in one native Wayland session	2026-09-13T07:02:08.6569498Z   SCREEN: alternate
measure	Measure five alternating pairs in one native Wayland session	2026-09-13T07:02:08.6569691Z ##[endgroup]
measure	Measure five alternating pairs in one native Wayland session	2026-09-13T07:02:09.2176274Z pair 1/5: before (24782c344714727be4f8981cd0d1d10f047aa9f4)
measure	Measure five alternating pairs in one native Wayland session	2026-09-13T07:02:09.2778926Z could not load cursor 'dnd-move'
measure	Measure five alternating pairs in one native Wayland session	2026-09-13T07:02:09.2779477Z could not load cursor 'dnd-copy'
measure	Measure five alternating pairs in one native Wayland session	2026-09-13T07:02:09.2779973Z could not load cursor 'dnd-none'
measure	Measure five alternating pairs in one native Wayland session	2026-09-13T07:02:09.2780468Z could not load cursor 'dnd-move'
measure	Measure five alternating pairs in one native Wayland session	2026-09-13T07:02:09.2781161Z could not load cursor 'dnd-copy'
measure	Measure five alternating pairs in one native Wayland session	2026-09-13T07:02:09.2781610Z could not load cursor 'dnd-none'
measure	Measure five alternating pairs in one native Wayland session	2026-09-13T07:02:15.7318383Z pair 1/5: after (f0040ad66cbb49d76b387bbe0539c014bc801d28)
measure	Measure five alternating pairs in one native Wayland session	2026-09-13T07:02:22.2881794Z pair 2/5: after (f0040ad66cbb49d76b387bbe0539c014bc801d28)
measure	Measure five alternating pairs in one native Wayland session	2026-09-13T07:02:28.8749872Z pair 2/5: before (24782c344714727be4f8981cd0d1d10f047aa9f4)
measure	Measure five alternating pairs in one native Wayland session	2026-09-13T07:02:35.5081128Z pair 3/5: before (24782c344714727be4f8981cd0d1d10f047aa9f4)
measure	Measure five alternating pairs in one native Wayland session	2026-09-13T07:02:42.0370869Z pair 3/5: after (f0040ad66cbb49d76b387bbe0539c014bc801d28)
measure	Measure five alternating pairs in one native Wayland session	2026-09-13T07:02:48.6063289Z pair 4/5: after (f0040ad66cbb49d76b387bbe0539c014bc801d28)
measure	Measure five alternating pairs in one native Wayland session	2026-09-13T07:02:55.1435255Z pair 4/5: before (24782c344714727be4f8981cd0d1d10f047aa9f4)
measure	Measure five alternating pairs in one native Wayland session	2026-09-13T07:03:01.6339544Z pair 5/5: before (24782c344714727be4f8981cd0d1d10f047aa9f4)
measure	Measure five alternating pairs in one native Wayland session	2026-09-13T07:03:08.1431919Z pair 5/5: after (f0040ad66cbb49d76b387bbe0539c014bc801d28)
measure	Measure five alternating pairs in one native Wayland session	2026-09-13T07:03:14.7613512Z {
measure	Measure five alternating pairs in one native Wayland session	2026-09-13T07:03:14.7615888Z   "report": "/home/runner/work/_temp/kokuban-paired-evidence/measurements/report.json",
measure	Measure five alternating pairs in one native Wayland session	2026-09-13T07:03:14.7616522Z   "status": "passed",
measure	Measure five alternating pairs in one native Wayland session	2026-09-13T07:03:14.7616764Z   "comparability": {
measure	Measure five alternating pairs in one native Wayland session	2026-09-13T07:03:14.7617028Z     "geometry_and_history_checks_passed": true,
measure	Measure five alternating pairs in one native Wayland session	2026-09-13T07:03:14.7617343Z     "reasons": [],
measure	Measure five alternating pairs in one native Wayland session	2026-09-13T07:03:14.7617585Z     "geometries_rows_cols_pixels": [
measure	Measure five alternating pairs in one native Wayland session	2026-09-13T07:03:14.7617855Z       [
measure	Measure five alternating pairs in one native Wayland session	2026-09-13T07:03:14.7618041Z         24,
measure	Measure five alternating pairs in one native Wayland session	2026-09-13T07:03:14.7618233Z         80,
measure	Measure five alternating pairs in one native Wayland session	2026-09-13T07:03:14.7618421Z         720,
measure	Measure five alternating pairs in one native Wayland session	2026-09-13T07:03:14.7618618Z         408
measure	Measure five alternating pairs in one native Wayland session	2026-09-13T07:03:14.7618804Z       ]
measure	Measure five alternating pairs in one native Wayland session	2026-09-13T07:03:14.7618985Z     ],
measure	Measure five alternating pairs in one native Wayland session	2026-09-13T07:03:14.7619214Z     "rendering_equivalence_verified": false,
measure	Measure five alternating pairs in one native Wayland session	2026-09-13T07:03:14.7619530Z     "rendering_limitations": [
measure	Measure five alternating pairs in one native Wayland session	2026-09-13T07:03:14.7619957Z       "DSR validates the final marker reply, not workload text or rendered pixels",
measure	Measure five alternating pairs in one native Wayland session	2026-09-13T07:03:14.7620647Z       "Unicode grapheme and font fallback fidelity must be checked separately from this throughput workload",
measure	Measure five alternating pairs in one native Wayland session	2026-09-13T07:03:14.7621556Z       "Installed fallback fonts can differ between terminals and affect rendered output"
measure	Measure five alternating pairs in one native Wayland session	2026-09-13T07:03:14.7622014Z     ],
measure	Measure five alternating pairs in one native Wayland session	2026-09-13T07:03:14.7622208Z     "ranking": null,
measure	Measure five alternating pairs in one native Wayland session	2026-09-13T07:03:14.7622666Z     "scope": "PTY processing throughput and DSR RTT; no presentation latency or terminal ranking",
measure	Measure five alternating pairs in one native Wayland session	2026-09-13T07:03:14.7623200Z     "paired_inputs_validated": true
measure	Measure five alternating pairs in one native Wayland session	2026-09-13T07:03:14.7623474Z   }
measure	Measure five alternating pairs in one native Wayland session	2026-09-13T07:03:14.7623656Z }
measure	Upload reports, configurations, logs and build provenance	﻿2026-09-13T07:03:14.7808779Z Node 20 is being deprecated. This workflow is running with Node 24 by default. If you need to temporarily use Node 20, you can set the ACTIONS_ALLOW_USE_UNSECURE_NODE_VERSION=true environment variable. For more information see: https://github.blog/changelog/2025-09-19-deprecation-of-node-20-on-github-actions-runners/
measure	Upload reports, configurations, logs and build provenance	2026-09-13T07:03:14.7810697Z ##[group]Run actions/upload-artifact@ea165f8d65b6e75b540449e92b4886f43607fa02
measure	Upload reports, configurations, logs and build provenance	2026-09-13T07:03:14.7811406Z with:
measure	Upload reports, configurations, logs and build provenance	2026-09-13T07:03:14.7811651Z   name: linux-paired-revision-measurements
measure	Upload reports, configurations, logs and build provenance	2026-09-13T07:03:14.7812208Z   path: /home/runner/work/_temp/kokuban-paired-evidence
measure	Upload reports, configurations, logs and build provenance	!/home/runner/work/_temp/kokuban-paired-evidence/**/*.bin
measure	Upload reports, configurations, logs and build provenance	
measure	Upload reports, configurations, logs and build provenance	2026-09-13T07:03:14.7812741Z   if-no-files-found: ignore
measure	Upload reports, configurations, logs and build provenance	2026-09-13T07:03:14.7812969Z   retention-days: 7
measure	Upload reports, configurations, logs and build provenance	2026-09-13T07:03:14.7813174Z   compression-level: 6
measure	Upload reports, configurations, logs and build provenance	2026-09-13T07:03:14.7813381Z   overwrite: false
measure	Upload reports, configurations, logs and build provenance	2026-09-13T07:03:14.7813584Z   include-hidden-files: false
measure	Upload reports, configurations, logs and build provenance	2026-09-13T07:03:14.7813808Z env:
measure	Upload reports, configurations, logs and build provenance	2026-09-13T07:03:14.7813980Z   CARGO_INCREMENTAL: 0
measure	Upload reports, configurations, logs and build provenance	2026-09-13T07:03:14.7814230Z   CARGO_PROFILE_RELEASE_DEBUG: 0
measure	Upload reports, configurations, logs and build provenance	2026-09-13T07:03:14.7814501Z   BEFORE_REF: 24782c344714727be4f8981cd0d1d10f047aa9f4
measure	Upload reports, configurations, logs and build provenance	2026-09-13T07:03:14.7814792Z   AFTER_REF: f0040ad
measure	Upload reports, configurations, logs and build provenance	2026-09-13T07:03:14.7814986Z   SCREEN: alternate
measure	Upload reports, configurations, logs and build provenance	2026-09-13T07:03:14.7815173Z ##[endgroup]
measure	Upload reports, configurations, logs and build provenance	2026-09-13T07:03:14.9417182Z (node:10333) [DEP0040] DeprecationWarning: The `punycode` module is deprecated. Please use a userland alternative instead.
measure	Upload reports, configurations, logs and build provenance	2026-09-13T07:03:14.9417938Z (Use `node --trace-deprecation ...` to show where the warning was created)
measure	Upload reports, configurations, logs and build provenance	2026-09-13T07:03:14.9670142Z With the provided path, there will be 87 files uploaded
measure	Upload reports, configurations, logs and build provenance	2026-09-13T07:03:14.9675232Z Artifact name is valid!
measure	Upload reports, configurations, logs and build provenance	2026-09-13T07:03:14.9676118Z Root directory input is valid!
measure	Upload reports, configurations, logs and build provenance	2026-09-13T07:03:15.2206612Z Beginning upload of artifact content to blob storage
measure	Upload reports, configurations, logs and build provenance	2026-09-13T07:03:15.3173593Z (node:10333) [DEP0169] DeprecationWarning: `url.parse()` behavior is not standardized and prone to errors that have security implications. Use the WHATWG URL API instead. CVEs are not issued for `url.parse()` vulnerabilities.
measure	Upload reports, configurations, logs and build provenance	2026-09-13T07:03:15.4408424Z Uploaded bytes 97598
measure	Upload reports, configurations, logs and build provenance	2026-09-13T07:03:15.4720951Z Finished uploading artifact content to blob storage!
measure	Upload reports, configurations, logs and build provenance	2026-09-13T07:03:15.4721974Z SHA256 digest of uploaded artifact zip is b048d6e1803d6b6b84ef04ce84cf8b533344855af4a3af13bddf4080dea91205
measure	Upload reports, configurations, logs and build provenance	2026-09-13T07:03:15.4723865Z Finalizing artifact upload
measure	Upload reports, configurations, logs and build provenance	2026-09-13T07:03:15.6583951Z Artifact linux-paired-revision-measurements.zip successfully finalized. Artifact ID 10313720344
measure	Upload reports, configurations, logs and build provenance	2026-09-13T07:03:15.6585814Z Artifact linux-paired-revision-measurements has been successfully uploaded! Final size is 97598 bytes. Artifact ID is 10313720344
measure	Upload reports, configurations, logs and build provenance	2026-09-13T07:03:15.6592620Z Artifact download URL: https://github.com/guicybercode/kokuban.rs/actions/runs/34743855262/artifacts/10313720344
measure	Post Check out measurement harness and revision history	﻿2026-09-13T07:03:15.6824151Z Post job cleanup.
measure	Post Check out measurement harness and revision history	2026-09-13T07:03:15.7640930Z [command]/usr/bin/git version
measure	Post Check out measurement harness and revision history	2026-09-13T07:03:15.7688824Z git version 2.55.0
measure	Post Check out measurement harness and revision history	2026-09-13T07:03:15.7727002Z Temporarily overriding HOME='/home/runner/work/_temp/a441234b-7c92-472a-8f5f-2782f1d6aa20' before making global git config changes
measure	Post Check out measurement harness and revision history	2026-09-13T07:03:15.7728773Z Adding repository directory to the temporary git global config as a safe directory
measure	Post Check out measurement harness and revision history	2026-09-13T07:03:15.7743104Z [command]/usr/bin/git config --global --add safe.directory /home/runner/work/kokuban.rs/kokuban.rs
measure	Post Check out measurement harness and revision history	2026-09-13T07:03:15.7776974Z Removing SSH command configuration
measure	Post Check out measurement harness and revision history	2026-09-13T07:03:15.7784551Z [command]/usr/bin/git config --local --name-only --get-regexp core\.sshCommand
measure	Post Check out measurement harness and revision history	2026-09-13T07:03:15.7822742Z [command]/usr/bin/git submodule foreach --recursive sh -c "git config --local --name-only --get-regexp 'core\.sshCommand' && git config --local --unset-all 'core.sshCommand' || :"
measure	Post Check out measurement harness and revision history	2026-09-13T07:03:15.8068812Z Removing HTTP extra header
measure	Post Check out measurement harness and revision history	2026-09-13T07:03:15.8075044Z [command]/usr/bin/git config --local --name-only --get-regexp http\.https\:\/\/github\.com\/\.extraheader
measure	Post Check out measurement harness and revision history	2026-09-13T07:03:15.8120971Z [command]/usr/bin/git submodule foreach --recursive sh -c "git config --local --name-only --get-regexp 'http\.https\:\/\/github\.com\/\.extraheader' && git config --local --unset-all 'http.https://github.com/.extraheader' || :"
measure	Post Check out measurement harness and revision history	2026-09-13T07:03:15.8393547Z Removing includeIf entries pointing to credentials config files
measure	Post Check out measurement harness and revision history	2026-09-13T07:03:15.8401514Z [command]/usr/bin/git config --local --name-only --get-regexp ^includeIf\.gitdir:
measure	Post Check out measurement harness and revision history	2026-09-13T07:03:15.8432934Z includeif.gitdir:/home/runner/work/kokuban.rs/kokuban.rs/.git.path
measure	Post Check out measurement harness and revision history	2026-09-13T07:03:15.8433986Z includeif.gitdir:/home/runner/work/kokuban.rs/kokuban.rs/.git/worktrees/*.path
measure	Post Check out measurement harness and revision history	2026-09-13T07:03:15.8435067Z includeif.gitdir:/github/workspace/.git.path
measure	Post Check out measurement harness and revision history	2026-09-13T07:03:15.8435911Z includeif.gitdir:/github/workspace/.git/worktrees/*.path
measure	Post Check out measurement harness and revision history	2026-09-13T07:03:15.8444909Z [command]/usr/bin/git config --local --get-all includeif.gitdir:/home/runner/work/kokuban.rs/kokuban.rs/.git.path
measure	Post Check out measurement harness and revision history	2026-09-13T07:03:15.8473612Z /home/runner/work/_temp/git-credentials-1a161aa5-f78c-4cbc-9539-6508c55c74b0.config
measure	Post Check out measurement harness and revision history	2026-09-13T07:03:15.8488921Z [command]/usr/bin/git config --local --unset includeif.gitdir:/home/runner/work/kokuban.rs/kokuban.rs/.git.path \/home\/runner\/work\/_temp\/git\-credentials\-1a161aa5\-f78c\-4cbc\-9539\-6508c55c74b0\.config
measure	Post Check out measurement harness and revision history	2026-09-13T07:03:15.8570451Z [command]/usr/bin/git config --local --get-all includeif.gitdir:/home/runner/work/kokuban.rs/kokuban.rs/.git/worktrees/*.path
measure	Post Check out measurement harness and revision history	2026-09-13T07:03:15.8604110Z /home/runner/work/_temp/git-credentials-1a161aa5-f78c-4cbc-9539-6508c55c74b0.config
measure	Post Check out measurement harness and revision history	2026-09-13T07:03:15.8613701Z [command]/usr/bin/git config --local --unset includeif.gitdir:/home/runner/work/kokuban.rs/kokuban.rs/.git/worktrees/*.path \/home\/runner\/work\/_temp\/git\-credentials\-1a161aa5\-f78c\-4cbc\-9539\-6508c55c74b0\.config
measure	Post Check out measurement harness and revision history	2026-09-13T07:03:15.8651069Z [command]/usr/bin/git config --local --get-all includeif.gitdir:/github/workspace/.git.path
measure	Post Check out measurement harness and revision history	2026-09-13T07:03:15.8677366Z /github/runner_temp/git-credentials-1a161aa5-f78c-4cbc-9539-6508c55c74b0.config
measure	Post Check out measurement harness and revision history	2026-09-13T07:03:15.8686515Z [command]/usr/bin/git config --local --unset includeif.gitdir:/github/workspace/.git.path \/github\/runner_temp\/git\-credentials\-1a161aa5\-f78c\-4cbc\-9539\-6508c55c74b0\.config
measure	Post Check out measurement harness and revision history	2026-09-13T07:03:15.8723406Z [command]/usr/bin/git config --local --get-all includeif.gitdir:/github/workspace/.git/worktrees/*.path
measure	Post Check out measurement harness and revision history	2026-09-13T07:03:15.8759008Z /github/runner_temp/git-credentials-1a161aa5-f78c-4cbc-9539-6508c55c74b0.config
measure	Post Check out measurement harness and revision history	2026-09-13T07:03:15.8766876Z [command]/usr/bin/git config --local --unset includeif.gitdir:/github/workspace/.git/worktrees/*.path \/github\/runner_temp\/git\-credentials\-1a161aa5\-f78c\-4cbc\-9539\-6508c55c74b0\.config
measure	Post Check out measurement harness and revision history	2026-09-13T07:03:15.8806980Z [command]/usr/bin/git submodule foreach --recursive git config --local --show-origin --name-only --get-regexp remote.origin.url
measure	Post Check out measurement harness and revision history	2026-09-13T07:03:15.9051622Z Removing credentials config '/home/runner/work/_temp/git-credentials-1a161aa5-f78c-4cbc-9539-6508c55c74b0.config'
measure	Complete job	﻿2026-09-13T07:03:15.9231517Z Cleaning up orphan processes
measure	Complete job	2026-09-13T07:03:15.9632895Z ##[warning]Node.js 20 is deprecated. The following actions target Node.js 20 but are being forced to run on Node.js 24: actions/upload-artifact@ea165f8d65b6e75b540449e92b4886f43607fa02. For more information see: https://github.blog/changelog/2025-09-19-deprecation-of-node-20-on-github-actions-runners/
