measure	Set up job	﻿2026-09-12T22:00:28.3014418Z Current runner version: '2.337.0'
measure	Set up job	2026-09-12T22:00:28.3040276Z ##[group]Runner Image Provisioner
measure	Set up job	2026-09-12T22:00:28.3041199Z Hosted Compute Agent
measure	Set up job	2026-09-12T22:00:28.3041891Z Version: 20260828.587
measure	Set up job	2026-09-12T22:00:28.3042539Z Commit: abac92662cab4cc7352de4f9f9d2e2419aad9c29
measure	Set up job	2026-09-12T22:00:28.3043545Z Build Date: 2026-08-28T16:44:25Z
measure	Set up job	2026-09-12T22:00:28.3044326Z Worker ID: {7b355e86-6f71-43e1-984f-1b157c7256d6}
measure	Set up job	2026-09-12T22:00:28.3045109Z Azure Region: westus3
measure	Set up job	2026-09-12T22:00:28.3045739Z ##[endgroup]
measure	Set up job	2026-09-12T22:00:28.3047349Z ##[group]Operating System
measure	Set up job	2026-09-12T22:00:28.3048053Z Ubuntu
measure	Set up job	2026-09-12T22:00:28.3048689Z 24.04.5
measure	Set up job	2026-09-12T22:00:28.3049260Z LTS
measure	Set up job	2026-09-12T22:00:28.3049879Z ##[endgroup]
measure	Set up job	2026-09-12T22:00:28.3050454Z ##[group]Runner Image
measure	Set up job	2026-09-12T22:00:28.3051053Z Image: ubuntu-24.04
measure	Set up job	2026-09-12T22:00:28.3051676Z Version: 20260907.300.1
measure	Set up job	2026-09-12T22:00:28.3052831Z Included Software: https://github.com/actions/runner-images/blob/ubuntu24/20260907.300/images/ubuntu/Ubuntu2404-Readme.md
measure	Set up job	2026-09-12T22:00:28.3055014Z Image Release: https://github.com/actions/runner-images/releases/tag/ubuntu24%2F20260907.300
measure	Set up job	2026-09-12T22:00:28.3056041Z ##[endgroup]
measure	Set up job	2026-09-12T22:00:28.3057744Z ##[group]GITHUB_TOKEN Permissions
measure	Set up job	2026-09-12T22:00:28.3059675Z Contents: read
measure	Set up job	2026-09-12T22:00:28.3060419Z Metadata: read
measure	Set up job	2026-09-12T22:00:28.3061001Z ##[endgroup]
measure	Set up job	2026-09-12T22:00:28.3063336Z Secret source: Actions
measure	Set up job	2026-09-12T22:00:28.3064384Z Cache mode: write
measure	Set up job	2026-09-12T22:00:28.3065163Z Prepare workflow directory
measure	Set up job	2026-09-12T22:00:28.3607884Z Prepare all required actions
measure	Set up job	2026-09-12T22:00:28.3656192Z Getting action download info
measure	Set up job	2026-09-12T22:00:28.6849807Z Download action repository 'actions/checkout@3d3c42e5aac5ba805825da76410c181273ba90b1' (SHA:3d3c42e5aac5ba805825da76410c181273ba90b1)
measure	Set up job	2026-09-12T22:00:28.8015213Z Download action repository 'actions/upload-artifact@ea165f8d65b6e75b540449e92b4886f43607fa02' (SHA:ea165f8d65b6e75b540449e92b4886f43607fa02)
measure	Set up job	2026-09-12T22:00:28.9982710Z Complete job name: measure
measure	Check out measurement harness and revision history	﻿2026-09-12T22:00:29.0698408Z ##[group]Run actions/checkout@3d3c42e5aac5ba805825da76410c181273ba90b1
measure	Check out measurement harness and revision history	2026-09-12T22:00:29.0699539Z with:
measure	Check out measurement harness and revision history	2026-09-12T22:00:29.0699978Z   fetch-depth: 0
measure	Check out measurement harness and revision history	2026-09-12T22:00:29.0700458Z   repository: guicybercode/kokuban.rs
measure	Check out measurement harness and revision history	2026-09-12T22:00:29.0704321Z   token: ***
measure	Check out measurement harness and revision history	2026-09-12T22:00:29.0704776Z   ssh-strict: true
measure	Check out measurement harness and revision history	2026-09-12T22:00:29.0705219Z   ssh-user: git
measure	Check out measurement harness and revision history	2026-09-12T22:00:29.0705661Z   persist-credentials: true
measure	Check out measurement harness and revision history	2026-09-12T22:00:29.0706151Z   clean: true
measure	Check out measurement harness and revision history	2026-09-12T22:00:29.0706590Z   sparse-checkout-cone-mode: true
measure	Check out measurement harness and revision history	2026-09-12T22:00:29.0707104Z   fetch-tags: false
measure	Check out measurement harness and revision history	2026-09-12T22:00:29.0707551Z   show-progress: true
measure	Check out measurement harness and revision history	2026-09-12T22:00:29.0708001Z   lfs: false
measure	Check out measurement harness and revision history	2026-09-12T22:00:29.0708406Z   submodules: false
measure	Check out measurement harness and revision history	2026-09-12T22:00:29.0708859Z   set-safe-directory: true
measure	Check out measurement harness and revision history	2026-09-12T22:00:29.0709368Z   allow-unsafe-pr-checkout: false
measure	Check out measurement harness and revision history	2026-09-12T22:00:29.0710138Z env:
measure	Check out measurement harness and revision history	2026-09-12T22:00:29.0710564Z   CARGO_INCREMENTAL: 0
measure	Check out measurement harness and revision history	2026-09-12T22:00:29.0711052Z   CARGO_PROFILE_RELEASE_DEBUG: 0
measure	Check out measurement harness and revision history	2026-09-12T22:00:29.0711641Z   BEFORE_REF: 469b2ac3fb88509a5ac4bf1769e4b2b3512c1008
measure	Check out measurement harness and revision history	2026-09-12T22:00:29.0712389Z   AFTER_REF: 74eaad83dbf813cb15bd883b45d52adf0dc729bd
measure	Check out measurement harness and revision history	2026-09-12T22:00:29.0713165Z   SCREEN: primary
measure	Check out measurement harness and revision history	2026-09-12T22:00:29.0713606Z ##[endgroup]
measure	Check out measurement harness and revision history	2026-09-12T22:00:29.1739970Z Syncing repository: guicybercode/kokuban.rs
measure	Check out measurement harness and revision history	2026-09-12T22:00:29.1742758Z ##[group]Getting Git version info
measure	Check out measurement harness and revision history	2026-09-12T22:00:29.1744248Z Working directory is '/home/runner/work/kokuban.rs/kokuban.rs'
measure	Check out measurement harness and revision history	2026-09-12T22:00:29.1745967Z [command]/usr/bin/git version
measure	Check out measurement harness and revision history	2026-09-12T22:00:29.1808744Z git version 2.55.0
measure	Check out measurement harness and revision history	2026-09-12T22:00:29.1834095Z ##[endgroup]
measure	Check out measurement harness and revision history	2026-09-12T22:00:29.1845217Z Temporarily overriding HOME='/home/runner/work/_temp/18fd6634-d528-49dc-9a3c-ac5760145297' before making global git config changes
measure	Check out measurement harness and revision history	2026-09-12T22:00:29.1847785Z Adding repository directory to the temporary git global config as a safe directory
measure	Check out measurement harness and revision history	2026-09-12T22:00:29.1854629Z [command]/usr/bin/git config --global --add safe.directory /home/runner/work/kokuban.rs/kokuban.rs
measure	Check out measurement harness and revision history	2026-09-12T22:00:29.1913661Z Deleting the contents of '/home/runner/work/kokuban.rs/kokuban.rs'
measure	Check out measurement harness and revision history	2026-09-12T22:00:29.1918589Z ##[group]Determining repository object format
measure	Check out measurement harness and revision history	2026-09-12T22:00:29.1920503Z ##[endgroup]
measure	Check out measurement harness and revision history	2026-09-12T22:00:29.1921809Z ##[group]Initializing the repository
measure	Check out measurement harness and revision history	2026-09-12T22:00:29.1926187Z [command]/usr/bin/git init /home/runner/work/kokuban.rs/kokuban.rs
measure	Check out measurement harness and revision history	2026-09-12T22:00:29.2039013Z hint: Using 'master' as the name for the initial branch. This default branch name
measure	Check out measurement harness and revision history	2026-09-12T22:00:29.2040948Z hint: will change to "main" in Git 3.0. To configure the initial branch name
measure	Check out measurement harness and revision history	2026-09-12T22:00:29.2042017Z hint: to use in all of your new repositories, which will suppress this warning,
measure	Check out measurement harness and revision history	2026-09-12T22:00:29.2042775Z hint: call:
measure	Check out measurement harness and revision history	2026-09-12T22:00:29.2043475Z hint:
measure	Check out measurement harness and revision history	2026-09-12T22:00:29.2044035Z hint: 	git config --global init.defaultBranch <name>
measure	Check out measurement harness and revision history	2026-09-12T22:00:29.2044664Z hint:
measure	Check out measurement harness and revision history	2026-09-12T22:00:29.2045254Z hint: Names commonly chosen instead of 'master' are 'main', 'trunk' and
measure	Check out measurement harness and revision history	2026-09-12T22:00:29.2046185Z hint: 'development'. The just-created branch can be renamed via this command:
measure	Check out measurement harness and revision history	2026-09-12T22:00:29.2046969Z hint:
measure	Check out measurement harness and revision history	2026-09-12T22:00:29.2047402Z hint: 	git branch -m <name>
measure	Check out measurement harness and revision history	2026-09-12T22:00:29.2047920Z hint:
measure	Check out measurement harness and revision history	2026-09-12T22:00:29.2048553Z hint: Disable this message with "git config set advice.defaultBranchName false"
measure	Check out measurement harness and revision history	2026-09-12T22:00:29.2054566Z Initialized empty Git repository in /home/runner/work/kokuban.rs/kokuban.rs/.git/
measure	Check out measurement harness and revision history	2026-09-12T22:00:29.2064538Z [command]/usr/bin/git remote add origin https://github.com/guicybercode/kokuban.rs
measure	Check out measurement harness and revision history	2026-09-12T22:00:29.2113653Z ##[endgroup]
measure	Check out measurement harness and revision history	2026-09-12T22:00:29.2115065Z ##[group]Disabling automatic garbage collection
measure	Check out measurement harness and revision history	2026-09-12T22:00:29.2119120Z [command]/usr/bin/git config --local gc.auto 0
measure	Check out measurement harness and revision history	2026-09-12T22:00:29.2153309Z ##[endgroup]
measure	Check out measurement harness and revision history	2026-09-12T22:00:29.2155162Z ##[group]Setting up auth
measure	Check out measurement harness and revision history	2026-09-12T22:00:29.2161603Z Removing SSH command configuration
measure	Check out measurement harness and revision history	2026-09-12T22:00:29.2169946Z [command]/usr/bin/git config --local --name-only --get-regexp core\.sshCommand
measure	Check out measurement harness and revision history	2026-09-12T22:00:29.2205339Z [command]/usr/bin/git submodule foreach --recursive sh -c "git config --local --name-only --get-regexp 'core\.sshCommand' && git config --local --unset-all 'core.sshCommand' || :"
measure	Check out measurement harness and revision history	2026-09-12T22:00:29.2596373Z Removing HTTP extra header
measure	Check out measurement harness and revision history	2026-09-12T22:00:29.2599413Z [command]/usr/bin/git config --local --name-only --get-regexp http\.https\:\/\/github\.com\/\.extraheader
measure	Check out measurement harness and revision history	2026-09-12T22:00:29.2636347Z [command]/usr/bin/git submodule foreach --recursive sh -c "git config --local --name-only --get-regexp 'http\.https\:\/\/github\.com\/\.extraheader' && git config --local --unset-all 'http.https://github.com/.extraheader' || :"
measure	Check out measurement harness and revision history	2026-09-12T22:00:29.2876247Z Removing includeIf entries pointing to credentials config files
measure	Check out measurement harness and revision history	2026-09-12T22:00:29.2882152Z [command]/usr/bin/git config --local --name-only --get-regexp ^includeIf\.gitdir:
measure	Check out measurement harness and revision history	2026-09-12T22:00:29.2926139Z [command]/usr/bin/git submodule foreach --recursive git config --local --show-origin --name-only --get-regexp remote.origin.url
measure	Check out measurement harness and revision history	2026-09-12T22:00:29.3152605Z [command]/usr/bin/git config --file /home/runner/work/_temp/git-credentials-80cdb047-0ee5-4e2c-8a77-7a4d00a5040d.config http.https://github.com/.extraheader AUTHORIZATION: basic ***
measure	Check out measurement harness and revision history	2026-09-12T22:00:29.3193160Z [command]/usr/bin/git config --local includeIf.gitdir:/home/runner/work/kokuban.rs/kokuban.rs/.git.path /home/runner/work/_temp/git-credentials-80cdb047-0ee5-4e2c-8a77-7a4d00a5040d.config
measure	Check out measurement harness and revision history	2026-09-12T22:00:29.3226382Z [command]/usr/bin/git config --local includeIf.gitdir:/home/runner/work/kokuban.rs/kokuban.rs/.git/worktrees/*.path /home/runner/work/_temp/git-credentials-80cdb047-0ee5-4e2c-8a77-7a4d00a5040d.config
measure	Check out measurement harness and revision history	2026-09-12T22:00:29.3263793Z [command]/usr/bin/git config --local includeIf.gitdir:/github/workspace/.git.path /github/runner_temp/git-credentials-80cdb047-0ee5-4e2c-8a77-7a4d00a5040d.config
measure	Check out measurement harness and revision history	2026-09-12T22:00:29.3297663Z [command]/usr/bin/git config --local includeIf.gitdir:/github/workspace/.git/worktrees/*.path /github/runner_temp/git-credentials-80cdb047-0ee5-4e2c-8a77-7a4d00a5040d.config
measure	Check out measurement harness and revision history	2026-09-12T22:00:29.3328490Z ##[endgroup]
measure	Check out measurement harness and revision history	2026-09-12T22:00:29.3329766Z ##[group]Fetching the repository
measure	Check out measurement harness and revision history	2026-09-12T22:00:29.3334671Z [command]/usr/bin/git -c protocol.version=2 fetch --no-tags --prune --no-recurse-submodules origin +refs/heads/*:refs/remotes/origin/* +refs/tags/*:refs/tags/*
measure	Check out measurement harness and revision history	2026-09-12T22:00:30.9816413Z From https://github.com/guicybercode/kokuban.rs
measure	Check out measurement harness and revision history	2026-09-12T22:00:30.9818660Z  * [new branch]      build/linux-core-check  -> origin/build/linux-core-check
measure	Check out measurement harness and revision history	2026-09-12T22:00:30.9820680Z  * [new branch]      build/linux-glyph-atlas -> origin/build/linux-glyph-atlas
measure	Check out measurement harness and revision history	2026-09-12T22:00:30.9822560Z  * [new branch]      ci/macos-linux-core     -> origin/ci/macos-linux-core
measure	Check out measurement harness and revision history	2026-09-12T22:00:30.9824750Z  * [new branch]      codex/android-native    -> origin/codex/android-native
measure	Check out measurement harness and revision history	2026-09-12T22:00:30.9826686Z  * [new branch]      codex/linux-animation   -> origin/codex/linux-animation
measure	Check out measurement harness and revision history	2026-09-12T22:00:30.9828656Z  * [new branch]      codex/linux-clipboard   -> origin/codex/linux-clipboard
measure	Check out measurement harness and revision history	2026-09-12T22:00:30.9830440Z  * [new branch]      codex/linux-graphics    -> origin/codex/linux-graphics
measure	Check out measurement harness and revision history	2026-09-12T22:00:30.9832159Z  * [new branch]      codex/linux-video       -> origin/codex/linux-video
measure	Check out measurement harness and revision history	2026-09-12T22:00:30.9834446Z  * [new branch]      codex/omarchy-live-theme -> origin/codex/omarchy-live-theme
measure	Check out measurement harness and revision history	2026-09-12T22:00:30.9836420Z  * [new branch]      codex/terminal-compatibility -> origin/codex/terminal-compatibility
measure	Check out measurement harness and revision history	2026-09-12T22:00:30.9838476Z  * [new branch]      cursor/add-brand-image-readme-6117 -> origin/cursor/add-brand-image-readme-6117
measure	Check out measurement harness and revision history	2026-09-12T22:00:30.9840560Z  * [new branch]      cursor/product-readme-9228 -> origin/cursor/product-readme-9228
measure	Check out measurement harness and revision history	2026-09-12T22:00:30.9842588Z  * [new branch]      cursor/setup-dev-environment-1e59 -> origin/cursor/setup-dev-environment-1e59
measure	Check out measurement harness and revision history	2026-09-12T22:00:30.9845915Z  * [new branch]      feat/alternate-scroll-mode -> origin/feat/alternate-scroll-mode
measure	Check out measurement harness and revision history	2026-09-12T22:00:30.9848394Z  * [new branch]      feat/application-cursor-keys -> origin/feat/application-cursor-keys
measure	Check out measurement harness and revision history	2026-09-12T22:00:30.9850674Z  * [new branch]      feat/decawm-auto-wrap   -> origin/feat/decawm-auto-wrap
measure	Check out measurement harness and revision history	2026-09-12T22:00:30.9852720Z  * [new branch]      feat/linux-focus-reporting -> origin/feat/linux-focus-reporting
measure	Check out measurement harness and revision history	2026-09-12T22:00:30.9854839Z  * [new branch]      feat/linux-glyph-first-frame -> origin/feat/linux-glyph-first-frame
measure	Check out measurement harness and revision history	2026-09-12T22:00:30.9856733Z  * [new branch]      feat/linux-grid-rendering -> origin/feat/linux-grid-rendering
measure	Check out measurement harness and revision history	2026-09-12T22:00:30.9858409Z  * [new branch]      feat/linux-ime-commit   -> origin/feat/linux-ime-commit
measure	Check out measurement harness and revision history	2026-09-12T22:00:30.9860199Z  * [new branch]      feat/linux-ime-cursor-area -> origin/feat/linux-ime-cursor-area
measure	Check out measurement harness and revision history	2026-09-12T22:00:30.9861953Z  * [new branch]      feat/linux-ime-preedit  -> origin/feat/linux-ime-preedit
measure	Check out measurement harness and revision history	2026-09-12T22:00:30.9863896Z  * [new branch]      feat/linux-keyboard-input -> origin/feat/linux-keyboard-input
measure	Check out measurement harness and revision history	2026-09-12T22:00:30.9865707Z  * [new branch]      feat/linux-mouse-buttons -> origin/feat/linux-mouse-buttons
measure	Check out measurement harness and revision history	2026-09-12T22:00:30.9867422Z  * [new branch]      feat/linux-mouse-motion -> origin/feat/linux-mouse-motion
measure	Check out measurement harness and revision history	2026-09-12T22:00:30.9869246Z  * [new branch]      feat/linux-mouse-wheel  -> origin/feat/linux-mouse-wheel
measure	Check out measurement harness and revision history	2026-09-12T22:00:30.9871028Z  * [new branch]      feat/linux-osc-window-title -> origin/feat/linux-osc-window-title
measure	Check out measurement harness and revision history	2026-09-12T22:00:30.9873362Z  * [new branch]      feat/linux-scrollback-shortcuts -> origin/feat/linux-scrollback-shortcuts
measure	Check out measurement harness and revision history	2026-09-12T22:00:30.9875394Z  * [new branch]      feat/linux-terminal-resize -> origin/feat/linux-terminal-resize
measure	Check out measurement harness and revision history	2026-09-12T22:00:30.9877504Z  * [new branch]      feat/linux-terminal-session -> origin/feat/linux-terminal-session
measure	Check out measurement harness and revision history	2026-09-12T22:00:30.9879360Z  * [new branch]      feat/linux-terminal-writer -> origin/feat/linux-terminal-writer
measure	Check out measurement harness and revision history	2026-09-12T22:00:30.9881292Z  * [new branch]      feat/linux-window-bootstrap -> origin/feat/linux-window-bootstrap
measure	Check out measurement harness and revision history	2026-09-12T22:00:30.9883475Z  * [new branch]      feat/macos-osc-window-title -> origin/feat/macos-osc-window-title
measure	Check out measurement harness and revision history	2026-09-12T22:00:30.9885365Z  * [new branch]      feat/modified-terminal-keys -> origin/feat/modified-terminal-keys
measure	Check out measurement harness and revision history	2026-09-12T22:00:30.9887989Z  * [new branch]      feat/portable-a8-compositor -> origin/feat/portable-a8-compositor
measure	Check out measurement harness and revision history	2026-09-12T22:00:30.9890225Z  * [new branch]      feat/portable-terminal-reader -> origin/feat/portable-terminal-reader
measure	Check out measurement harness and revision history	2026-09-12T22:00:30.9893509Z  * [new branch]      feat/terminal-insert-key -> origin/feat/terminal-insert-key
measure	Check out measurement harness and revision history	2026-09-12T22:00:30.9895620Z  * [new branch]      fix/atomic-image-store-replacement -> origin/fix/atomic-image-store-replacement
measure	Check out measurement harness and revision history	2026-09-12T22:00:30.9897779Z  * [new branch]      fix/cancellable-pty-responses -> origin/fix/cancellable-pty-responses
measure	Check out measurement harness and revision history	2026-09-12T22:00:30.9899948Z  * [new branch]      fix/consume-csi-private-markers -> origin/fix/consume-csi-private-markers
measure	Check out measurement harness and revision history	2026-09-12T22:00:30.9901990Z  * [new branch]      fix/control-string-bounds -> origin/fix/control-string-bounds
measure	Check out measurement harness and revision history	2026-09-12T22:00:30.9904141Z  * [new branch]      fix/csi-3j-scrollback   -> origin/fix/csi-3j-scrollback
measure	Check out measurement harness and revision history	2026-09-12T22:00:30.9905856Z  * [new branch]      fix/csi-parser-bounds   -> origin/fix/csi-parser-bounds
measure	Check out measurement harness and revision history	2026-09-12T22:00:30.9907641Z  * [new branch]      fix/fallible-glyph-atlas -> origin/fix/fallible-glyph-atlas
measure	Check out measurement harness and revision history	2026-09-12T22:00:30.9909433Z  * [new branch]      fix/graphics-config-gates -> origin/fix/graphics-config-gates
measure	Check out measurement harness and revision history	2026-09-12T22:00:30.9911464Z  * [new branch]      fix/graphics-parser-capabilities -> origin/fix/graphics-parser-capabilities
measure	Check out measurement harness and revision history	2026-09-12T22:00:30.9913849Z  * [new branch]      fix/grid-resize-cursor-bounds -> origin/fix/grid-resize-cursor-bounds
measure	Check out measurement harness and revision history	2026-09-12T22:00:30.9916058Z  * [new branch]      fix/image-screen-buffer-lifecycle -> origin/fix/image-screen-buffer-lifecycle
measure	Check out measurement harness and revision history	2026-09-12T22:00:30.9918109Z  * [new branch]      fix/kitty-c1-placement-mode -> origin/fix/kitty-c1-placement-mode
measure	Check out measurement harness and revision history	2026-09-12T22:00:30.9919996Z  * [new branch]      fix/kitty-chunk-assembly -> origin/fix/kitty-chunk-assembly
measure	Check out measurement harness and revision history	2026-09-12T22:00:30.9921019Z  * [new branch]      fix/kitty-chunk-size-limit -> origin/fix/kitty-chunk-size-limit
measure	Check out measurement harness and revision history	2026-09-12T22:00:30.9922238Z  * [new branch]      fix/kitty-cursor-advance -> origin/fix/kitty-cursor-advance
measure	Check out measurement harness and revision history	2026-09-12T22:00:30.9923611Z  * [new branch]      fix/kitty-delete-selector-parsing -> origin/fix/kitty-delete-selector-parsing
measure	Check out measurement harness and revision history	2026-09-12T22:00:30.9924784Z  * [new branch]      fix/kitty-file-transfer-policy -> origin/fix/kitty-file-transfer-policy
measure	Check out measurement harness and revision history	2026-09-12T22:00:30.9925879Z  * [new branch]      fix/kitty-graphics-event-order -> origin/fix/kitty-graphics-event-order
measure	Check out measurement harness and revision history	2026-09-12T22:00:30.9927188Z  * [new branch]      fix/kitty-image-number-semantics -> origin/fix/kitty-image-number-semantics
measure	Check out measurement harness and revision history	2026-09-12T22:00:30.9928295Z  * [new branch]      fix/kitty-inline-cursor-motion -> origin/fix/kitty-inline-cursor-motion
measure	Check out measurement harness and revision history	2026-09-12T22:00:30.9929376Z  * [new branch]      fix/kitty-inline-pixel-offsets -> origin/fix/kitty-inline-pixel-offsets
measure	Check out measurement harness and revision history	2026-09-12T22:00:30.9930403Z  * [new branch]      fix/kitty-native-auto-size -> origin/fix/kitty-native-auto-size
measure	Check out measurement harness and revision history	2026-09-12T22:00:30.9931466Z  * [new branch]      fix/kitty-pane-scoped-image-ids -> origin/fix/kitty-pane-scoped-image-ids
measure	Check out measurement harness and revision history	2026-09-12T22:00:30.9932562Z  * [new branch]      fix/kitty-png-transmission -> origin/fix/kitty-png-transmission
measure	Check out measurement harness and revision history	2026-09-12T22:00:30.9933933Z  * [new branch]      fix/kitty-query-preserves-images -> origin/fix/kitty-query-preserves-images
measure	Check out measurement harness and revision history	2026-09-12T22:00:30.9935017Z  * [new branch]      fix/kitty-query-validation -> origin/fix/kitty-query-validation
measure	Check out measurement harness and revision history	2026-09-12T22:00:30.9936125Z  * [new branch]      fix/kitty-retransmission-placements -> origin/fix/kitty-retransmission-placements
measure	Check out measurement harness and revision history	2026-09-12T22:00:30.9937268Z  * [new branch]      fix/kitty-safe-hard-delete -> origin/fix/kitty-safe-hard-delete
measure	Check out measurement harness and revision history	2026-09-12T22:00:30.9938948Z  * [new branch]      fix/kitty-single-axis-aspect-ratio -> origin/fix/kitty-single-axis-aspect-ratio
measure	Check out measurement harness and revision history	2026-09-12T22:00:30.9940635Z  * [new branch]      fix/kitty-zlib-limits   -> origin/fix/kitty-zlib-limits
measure	Check out measurement harness and revision history	2026-09-12T22:00:30.9941693Z  * [new branch]      fix/linux-pointer-device-routing -> origin/fix/linux-pointer-device-routing
measure	Check out measurement harness and revision history	2026-09-12T22:00:30.9943383Z  * [new branch]      fix/linux-underline-rendering -> origin/fix/linux-underline-rendering
measure	Check out measurement harness and revision history	2026-09-12T22:00:30.9944568Z  * [new branch]      fix/lossless-terminal-input-headroom -> origin/fix/lossless-terminal-input-headroom
measure	Check out measurement harness and revision history	2026-09-12T22:00:30.9945796Z  * [new branch]      fix/macos-exact-keybind-modifiers -> origin/fix/macos-exact-keybind-modifiers
measure	Check out measurement harness and revision history	2026-09-12T22:00:30.9947002Z  * [new branch]      fix/macos-exact-scrollback-modifiers -> origin/fix/macos-exact-scrollback-modifiers
measure	Check out measurement harness and revision history	2026-09-12T22:00:30.9948097Z  * [new branch]      fix/macos-focus-reporting -> origin/fix/macos-focus-reporting
measure	Check out measurement harness and revision history	2026-09-12T22:00:30.9949112Z  * [new branch]      fix/macos-graphics-metric-race -> origin/fix/macos-graphics-metric-race
measure	Check out measurement harness and revision history	2026-09-12T22:00:30.9950140Z  * [new branch]      fix/macos-option-meta-text -> origin/fix/macos-option-meta-text
measure	Check out measurement harness and revision history	2026-09-12T22:00:30.9951175Z  * [new branch]      fix/macos-pane-focus-reporting -> origin/fix/macos-pane-focus-reporting
measure	Check out measurement harness and revision history	2026-09-12T22:00:30.9952202Z  * [new branch]      fix/macos-paste-preflight -> origin/fix/macos-paste-preflight
measure	Check out measurement harness and revision history	2026-09-12T22:00:30.9953435Z  * [new branch]      fix/macos-queued-pty-writes -> origin/fix/macos-queued-pty-writes
measure	Check out measurement harness and revision history	2026-09-12T22:00:30.9954403Z  * [new branch]      fix/macos-scroll-deltas -> origin/fix/macos-scroll-deltas
measure	Check out measurement harness and revision history	2026-09-12T22:00:30.9955471Z  * [new branch]      fix/macos-transactional-pane-resize -> origin/fix/macos-transactional-pane-resize
measure	Check out measurement harness and revision history	2026-09-12T22:00:30.9956561Z  * [new branch]      fix/macos-wheel-modifiers -> origin/fix/macos-wheel-modifiers
measure	Check out measurement harness and revision history	2026-09-12T22:00:30.9957720Z  * [new branch]      fix/portable-pty-lifecycle -> origin/fix/portable-pty-lifecycle
measure	Check out measurement harness and revision history	2026-09-12T22:00:30.9958717Z  * [new branch]      fix/preserve-pending-wrap -> origin/fix/preserve-pending-wrap
measure	Check out measurement harness and revision history	2026-09-12T22:00:30.9959748Z  * [new branch]      fix/preserve-terminal-content -> origin/fix/preserve-terminal-content
measure	Check out measurement harness and revision history	2026-09-12T22:00:30.9960966Z  * [new branch]      fix/pty-child-failure-cleanup -> origin/fix/pty-child-failure-cleanup
measure	Check out measurement harness and revision history	2026-09-12T22:00:30.9962167Z  * [new branch]      fix/pty-child-stage-write -> origin/fix/pty-child-stage-write
measure	Check out measurement harness and revision history	2026-09-12T22:00:30.9963654Z  * [new branch]      fix/pty-child-startup-deadline -> origin/fix/pty-child-startup-deadline
measure	Check out measurement harness and revision history	2026-09-12T22:00:30.9964812Z  * [new branch]      fix/pty-graphics-environment -> origin/fix/pty-graphics-environment
measure	Check out measurement harness and revision history	2026-09-12T22:00:30.9965855Z  * [new branch]      fix/pty-resize-eintr    -> origin/fix/pty-resize-eintr
measure	Check out measurement harness and revision history	2026-09-12T22:00:30.9966741Z  * [new branch]      fix/pty-write-errno     -> origin/fix/pty-write-errno
measure	Check out measurement harness and revision history	2026-09-12T22:00:30.9968023Z  * [new branch]      fix/serialized-pty-output -> origin/fix/serialized-pty-output
measure	Check out measurement harness and revision history	2026-09-12T22:00:30.9969288Z  * [new branch]      fix/sgr-colon-truecolor -> origin/fix/sgr-colon-truecolor
measure	Check out measurement harness and revision history	2026-09-12T22:00:30.9970275Z  * [new branch]      fix/sgr-conceal-rendering -> origin/fix/sgr-conceal-rendering
measure	Check out measurement harness and revision history	2026-09-12T22:00:30.9971269Z  * [new branch]      fix/sgr-faint-rendering -> origin/fix/sgr-faint-rendering
measure	Check out measurement harness and revision history	2026-09-12T22:00:30.9972221Z  * [new branch]      fix/sixel-event-ordering -> origin/fix/sixel-event-ordering
measure	Check out measurement harness and revision history	2026-09-12T22:00:30.9973965Z  * [new branch]      fix/sixel-resource-limits -> origin/fix/sixel-resource-limits
measure	Check out measurement harness and revision history	2026-09-12T22:00:30.9975178Z  * [new branch]      fix/terminal-input-byte-budget -> origin/fix/terminal-input-byte-budget
measure	Check out measurement harness and revision history	2026-09-12T22:00:30.9976388Z  * [new branch]      fix/terminal-pixel-report-overflow -> origin/fix/terminal-pixel-report-overflow
measure	Check out measurement harness and revision history	2026-09-12T22:00:30.9977451Z  * [new branch]      fix/utf8-control-strings -> origin/fix/utf8-control-strings
measure	Check out measurement harness and revision history	2026-09-12T22:00:30.9978348Z  * [new branch]      fix/xterm-color-cube    -> origin/fix/xterm-color-cube
measure	Check out measurement harness and revision history	2026-09-12T22:00:30.9979123Z  * [new branch]      main                    -> origin/main
measure	Check out measurement harness and revision history	2026-09-12T22:00:30.9979910Z  * [new branch]      perf/mixed-utf8-spans   -> origin/perf/mixed-utf8-spans
measure	Check out measurement harness and revision history	2026-09-12T22:00:30.9980886Z  * [new branch]      refactor/64-bit-image-store-ids -> origin/refactor/64-bit-image-store-ids
measure	Check out measurement harness and revision history	2026-09-12T22:00:30.9982285Z  * [new branch]      refactor/integer-glyph-atlas-coordinates -> origin/refactor/integer-glyph-atlas-coordinates
measure	Check out measurement harness and revision history	2026-09-12T22:00:30.9984070Z  * [new branch]      refactor/portable-graphics-types -> origin/refactor/portable-graphics-types
measure	Check out measurement harness and revision history	2026-09-12T22:00:30.9985206Z  * [new branch]      refactor/portable-pane-layout -> origin/refactor/portable-pane-layout
measure	Check out measurement harness and revision history	2026-09-12T22:00:30.9986354Z  * [new branch]      refactor/portable-render-scene -> origin/refactor/portable-render-scene
measure	Check out measurement harness and revision history	2026-09-12T22:00:30.9987514Z  * [new branch]      refactor/portable-selection-state -> origin/refactor/portable-selection-state
measure	Check out measurement harness and revision history	2026-09-12T22:00:30.9988687Z  * [new branch]      refactor/portable-terminal-colors -> origin/refactor/portable-terminal-colors
measure	Check out measurement harness and revision history	2026-09-12T22:00:30.9989873Z  * [new branch]      refactor/portable-terminal-decoder -> origin/refactor/portable-terminal-decoder
measure	Check out measurement harness and revision history	2026-09-12T22:00:30.9990939Z  * [new branch]      refactor/pty-readiness  -> origin/refactor/pty-readiness
measure	Check out measurement harness and revision history	2026-09-12T22:00:30.9992591Z  * [new branch]      refactor/shared-window-title-policy -> origin/refactor/shared-window-title-policy
measure	Check out measurement harness and revision history	2026-09-12T22:00:30.9994051Z  * [new branch]      upgrade                 -> origin/upgrade
measure	Check out measurement harness and revision history	2026-09-12T22:00:30.9994786Z  * [new tag]         v0.1                    -> v0.1
measure	Check out measurement harness and revision history	2026-09-12T22:00:30.9996408Z [command]/usr/bin/git branch --list --remote origin/perf/mixed-utf8-spans
measure	Check out measurement harness and revision history	2026-09-12T22:00:30.9997163Z   origin/perf/mixed-utf8-spans
measure	Check out measurement harness and revision history	2026-09-12T22:00:30.9998474Z [command]/usr/bin/git rev-parse refs/remotes/origin/perf/mixed-utf8-spans
measure	Check out measurement harness and revision history	2026-09-12T22:00:30.9999242Z 74eaad83dbf813cb15bd883b45d52adf0dc729bd
measure	Check out measurement harness and revision history	2026-09-12T22:00:31.0000607Z ##[endgroup]
measure	Check out measurement harness and revision history	2026-09-12T22:00:31.0001324Z ##[group]Determining the checkout info
measure	Check out measurement harness and revision history	2026-09-12T22:00:31.0002269Z ##[endgroup]
measure	Check out measurement harness and revision history	2026-09-12T22:00:31.0002978Z [command]/usr/bin/git sparse-checkout disable
measure	Check out measurement harness and revision history	2026-09-12T22:00:31.0004542Z [command]/usr/bin/git config --local --unset-all extensions.worktreeConfig
measure	Check out measurement harness and revision history	2026-09-12T22:00:31.0008335Z ##[group]Checking out the ref
measure	Check out measurement harness and revision history	2026-09-12T22:00:31.0012750Z [command]/usr/bin/git checkout --progress --force -B perf/mixed-utf8-spans refs/remotes/origin/perf/mixed-utf8-spans
measure	Check out measurement harness and revision history	2026-09-12T22:00:31.0623690Z Switched to a new branch 'perf/mixed-utf8-spans'
measure	Check out measurement harness and revision history	2026-09-12T22:00:31.0629268Z branch 'perf/mixed-utf8-spans' set up to track 'origin/perf/mixed-utf8-spans'.
measure	Check out measurement harness and revision history	2026-09-12T22:00:31.0640830Z ##[endgroup]
measure	Check out measurement harness and revision history	2026-09-12T22:00:31.0690434Z [command]/usr/bin/git log -1 --format=%H
measure	Check out measurement harness and revision history	2026-09-12T22:00:31.0720508Z 74eaad83dbf813cb15bd883b45d52adf0dc729bd
measure	Install Rust and native Wayland dependencies	﻿2026-09-12T22:00:31.0937083Z ##[group]Run rustup toolchain install 1.94.1 --profile minimal
measure	Install Rust and native Wayland dependencies	2026-09-12T22:00:31.0938028Z [36;1mrustup toolchain install 1.94.1 --profile minimal[0m
measure	Install Rust and native Wayland dependencies	2026-09-12T22:00:31.0938717Z [36;1mrustup default 1.94.1[0m
measure	Install Rust and native Wayland dependencies	2026-09-12T22:00:31.0939249Z [36;1msudo apt-get update[0m
measure	Install Rust and native Wayland dependencies	2026-09-12T22:00:31.0939899Z [36;1msudo apt-get install --yes --no-install-recommends \[0m
measure	Install Rust and native Wayland dependencies	2026-09-12T22:00:31.1010034Z [36;1m  fonts-dejavu-core fonts-noto-color-emoji libfontconfig1-dev \[0m
measure	Install Rust and native Wayland dependencies	2026-09-12T22:00:31.1011748Z [36;1m  libfreetype6-dev libxkbcommon-x11-0 pkg-config weston[0m
measure	Install Rust and native Wayland dependencies	2026-09-12T22:00:31.1058230Z shell: /usr/bin/bash --noprofile --norc -e -o pipefail {0}
measure	Install Rust and native Wayland dependencies	2026-09-12T22:00:31.1058941Z env:
measure	Install Rust and native Wayland dependencies	2026-09-12T22:00:31.1059363Z   CARGO_INCREMENTAL: 0
measure	Install Rust and native Wayland dependencies	2026-09-12T22:00:31.1059853Z   CARGO_PROFILE_RELEASE_DEBUG: 0
measure	Install Rust and native Wayland dependencies	2026-09-12T22:00:31.1060448Z   BEFORE_REF: 469b2ac3fb88509a5ac4bf1769e4b2b3512c1008
measure	Install Rust and native Wayland dependencies	2026-09-12T22:00:31.1061149Z   AFTER_REF: 74eaad83dbf813cb15bd883b45d52adf0dc729bd
measure	Install Rust and native Wayland dependencies	2026-09-12T22:00:31.1061756Z   SCREEN: primary
measure	Install Rust and native Wayland dependencies	2026-09-12T22:00:31.1062252Z ##[endgroup]
measure	Install Rust and native Wayland dependencies	2026-09-12T22:00:31.1671745Z info: syncing channel updates for 1.94.1-x86_64-unknown-linux-gnu
measure	Install Rust and native Wayland dependencies	2026-09-12T22:00:31.3935895Z info: latest update on 2026-03-26 for version 1.94.1 (e408947bf 2026-03-25)
measure	Install Rust and native Wayland dependencies	2026-09-12T22:00:31.3937939Z info: downloading 3 components
measure	Install Rust and native Wayland dependencies	2026-09-12T22:00:38.5947216Z 
measure	Install Rust and native Wayland dependencies	2026-09-12T22:00:38.6018807Z   1.94.1-x86_64-unknown-linux-gnu installed - rustc 1.94.1 (e408947bf 2026-03-25)
measure	Install Rust and native Wayland dependencies	2026-09-12T22:00:38.6019331Z 
measure	Install Rust and native Wayland dependencies	2026-09-12T22:00:38.6112791Z info: using existing install for 1.94.1-x86_64-unknown-linux-gnu
measure	Install Rust and native Wayland dependencies	2026-09-12T22:00:38.6119726Z info: default toolchain set to 1.94.1-x86_64-unknown-linux-gnu
measure	Install Rust and native Wayland dependencies	2026-09-12T22:00:38.6120095Z 
measure	Install Rust and native Wayland dependencies	2026-09-12T22:00:38.6186883Z   1.94.1-x86_64-unknown-linux-gnu unchanged - rustc 1.94.1 (e408947bf 2026-03-25)
measure	Install Rust and native Wayland dependencies	2026-09-12T22:00:38.6187300Z 
measure	Install Rust and native Wayland dependencies	2026-09-12T22:00:38.6969103Z Get:1 file:/etc/apt/apt-mirrors.txt Mirrorlist [144 B]
measure	Install Rust and native Wayland dependencies	2026-09-12T22:00:38.7283350Z Get:6 https://packages.microsoft.com/ubuntu/24.04/prod noble InRelease [3600 B]
measure	Install Rust and native Wayland dependencies	2026-09-12T22:00:38.7390588Z Hit:2 http://azure.archive.ubuntu.com/ubuntu noble InRelease
measure	Install Rust and native Wayland dependencies	2026-09-12T22:00:38.7417137Z Get:3 http://azure.archive.ubuntu.com/ubuntu noble-updates InRelease [126 kB]
measure	Install Rust and native Wayland dependencies	2026-09-12T22:00:38.7476169Z Get:4 http://azure.archive.ubuntu.com/ubuntu noble-backports InRelease [126 kB]
measure	Install Rust and native Wayland dependencies	2026-09-12T22:00:38.7521938Z Get:5 http://azure.archive.ubuntu.com/ubuntu noble-security InRelease [126 kB]
measure	Install Rust and native Wayland dependencies	2026-09-12T22:00:38.8071499Z Get:7 https://packages.microsoft.com/ubuntu/24.04/prod noble/main arm64 Packages [414 kB]
measure	Install Rust and native Wayland dependencies	2026-09-12T22:00:38.8184312Z Get:8 https://dl.google.com/linux/chrome-stable/deb stable InRelease [2548 B]
measure	Install Rust and native Wayland dependencies	2026-09-12T22:00:38.8234641Z Get:9 https://packages.microsoft.com/ubuntu/24.04/prod noble/main amd64 Packages [463 kB]
measure	Install Rust and native Wayland dependencies	2026-09-12T22:00:38.9150957Z Get:10 http://azure.archive.ubuntu.com/ubuntu noble-updates/main amd64 Packages [1263 kB]
measure	Install Rust and native Wayland dependencies	2026-09-12T22:00:38.9244472Z Get:11 http://azure.archive.ubuntu.com/ubuntu noble-updates/main Translation-en [292 kB]
measure	Install Rust and native Wayland dependencies	2026-09-12T22:00:38.9263697Z Get:12 http://azure.archive.ubuntu.com/ubuntu noble-updates/main amd64 Components [180 kB]
measure	Install Rust and native Wayland dependencies	2026-09-12T22:00:38.9271242Z Get:13 http://azure.archive.ubuntu.com/ubuntu noble-updates/universe amd64 Packages [1690 kB]
measure	Install Rust and native Wayland dependencies	2026-09-12T22:00:38.9415500Z Get:14 http://azure.archive.ubuntu.com/ubuntu noble-updates/universe amd64 Components [388 kB]
measure	Install Rust and native Wayland dependencies	2026-09-12T22:00:38.9445493Z Get:15 http://azure.archive.ubuntu.com/ubuntu noble-updates/restricted amd64 Packages [1544 kB]
measure	Install Rust and native Wayland dependencies	2026-09-12T22:00:38.9514220Z Get:16 http://azure.archive.ubuntu.com/ubuntu noble-updates/restricted Translation-en [354 kB]
measure	Install Rust and native Wayland dependencies	2026-09-12T22:00:38.9540469Z Get:17 http://azure.archive.ubuntu.com/ubuntu noble-updates/multiverse amd64 Components [940 B]
measure	Install Rust and native Wayland dependencies	2026-09-12T22:00:38.9811798Z Get:18 http://azure.archive.ubuntu.com/ubuntu noble-backports/main amd64 Components [5748 B]
measure	Install Rust and native Wayland dependencies	2026-09-12T22:00:38.9825334Z Get:19 http://azure.archive.ubuntu.com/ubuntu noble-backports/universe amd64 Components [12.6 kB]
measure	Install Rust and native Wayland dependencies	2026-09-12T22:00:39.0761834Z Get:20 http://azure.archive.ubuntu.com/ubuntu noble-security/main amd64 Packages [1006 kB]
measure	Install Rust and native Wayland dependencies	2026-09-12T22:00:39.0814229Z Get:21 http://azure.archive.ubuntu.com/ubuntu noble-security/main Translation-en [213 kB]
measure	Install Rust and native Wayland dependencies	2026-09-12T22:00:39.0832293Z Get:22 http://azure.archive.ubuntu.com/ubuntu noble-security/main amd64 Components [46.4 kB]
measure	Install Rust and native Wayland dependencies	2026-09-12T22:00:39.0844112Z Get:23 http://azure.archive.ubuntu.com/ubuntu noble-security/universe amd64 Packages [1206 kB]
measure	Install Rust and native Wayland dependencies	2026-09-12T22:00:39.0900806Z Get:24 http://azure.archive.ubuntu.com/ubuntu noble-security/universe amd64 Components [76.3 kB]
measure	Install Rust and native Wayland dependencies	2026-09-12T22:00:39.0913445Z Get:25 http://azure.archive.ubuntu.com/ubuntu noble-security/restricted amd64 Packages [1445 kB]
measure	Install Rust and native Wayland dependencies	2026-09-12T22:00:39.0979406Z Get:26 http://azure.archive.ubuntu.com/ubuntu noble-security/restricted Translation-en [336 kB]
measure	Install Rust and native Wayland dependencies	2026-09-12T22:00:39.1182847Z Get:27 https://dl.google.com/linux/chrome-stable/deb stable/main amd64 Packages [1409 B]
measure	Install Rust and native Wayland dependencies	2026-09-12T22:00:43.2079530Z Fetched 11.3 MB in 1s (8870 kB/s)
measure	Install Rust and native Wayland dependencies	2026-09-12T22:00:44.0458550Z Reading package lists...
measure	Install Rust and native Wayland dependencies	2026-09-12T22:00:44.0786548Z Reading package lists...
measure	Install Rust and native Wayland dependencies	2026-09-12T22:00:44.2787580Z Building dependency tree...
measure	Install Rust and native Wayland dependencies	2026-09-12T22:00:44.2795729Z Reading state information...
measure	Install Rust and native Wayland dependencies	2026-09-12T22:00:44.4443508Z fonts-dejavu-core is already the newest version (2.37-8).
measure	Install Rust and native Wayland dependencies	2026-09-12T22:00:44.4444386Z fonts-dejavu-core set to manually installed.
measure	Install Rust and native Wayland dependencies	2026-09-12T22:00:44.4445199Z fonts-noto-color-emoji is already the newest version (2.047-0ubuntu0.24.04.1).
measure	Install Rust and native Wayland dependencies	2026-09-12T22:00:44.4446150Z pkg-config is already the newest version (1.8.1-2build1).
measure	Install Rust and native Wayland dependencies	2026-09-12T22:00:44.4447217Z The following additional packages will be installed:
measure	Install Rust and native Wayland dependencies	2026-09-12T22:00:44.4447704Z   libaml0t64 libass9 libasyncns0 libavcodec60 libavfilter9 libavformat60
measure	Install Rust and native Wayland dependencies	2026-09-12T22:00:44.4448245Z   libavutil58 libblas3 libbluray2 libbrotli-dev libbs2b0 libbz2-dev
measure	Install Rust and native Wayland dependencies	2026-09-12T22:00:44.4448792Z   libchromaprint1 libcjson1 libcodec2-1.2 libdav1d7 libegl-mesa0 libegl1
measure	Install Rust and native Wayland dependencies	2026-09-12T22:00:44.4449342Z   libflac12t64 libflite1 libfontconfig-dev libfreerdp-server2-2t64
measure	Install Rust and native Wayland dependencies	2026-09-12T22:00:44.4450281Z   libfreerdp2-2t64 libgles2 libgme0 libgsm1 libgstreamer-plugins-base1.0-0
measure	Install Rust and native Wayland dependencies	2026-09-12T22:00:44.4451057Z   libhwy1t64 libinput-bin libinput10 libjxl0.7 liblapack3 liblilv-0-0
measure	Install Rust and native Wayland dependencies	2026-09-12T22:00:44.4451601Z   libmbedcrypto7t64 libmp3lame0 libmpg123-0t64 libmtdev1t64 libmysofa1
measure	Install Rust and native Wayland dependencies	2026-09-12T22:00:44.4452309Z   libneatvnc0 libopenmpt0t64 libopus0 liborc-0.4-0t64 libpipewire-0.3-0t64
measure	Install Rust and native Wayland dependencies	2026-09-12T22:00:44.4453197Z   libplacebo338 libpng-dev libpocketsphinx3 libpostproc57 libpulse0 librav1e0
measure	Install Rust and native Wayland dependencies	2026-09-12T22:00:44.4453838Z   librist4 librsvg2-2 librubberband2 libsamplerate0 libseat1 libserd-0-0
measure	Install Rust and native Wayland dependencies	2026-09-12T22:00:44.4454429Z   libshine3 libsndfile1 libsord-0-0 libsoxr0 libspa-0.2-modules libspeex1
measure	Install Rust and native Wayland dependencies	2026-09-12T22:00:44.4454978Z   libsphinxbase3t64 libsratom-0-0 libsrt1.5-gnutls libssh-gcrypt-4
measure	Install Rust and native Wayland dependencies	2026-09-12T22:00:44.4455505Z   libsvtav1enc1d1 libswresample4 libswscale7 libtheora0 libturbojpeg
measure	Install Rust and native Wayland dependencies	2026-09-12T22:00:44.4456074Z   libtwolame0 libudfread0 libunibreak5 libva-drm2 libva-x11-2 libva2 libvdpau1
measure	Install Rust and native Wayland dependencies	2026-09-12T22:00:44.4456669Z   libvidstab1.1 libvorbisenc2 libvpl2 libvpx9 libwacom-common libwacom9
measure	Install Rust and native Wayland dependencies	2026-09-12T22:00:44.4457258Z   libwayland-server0 libwebrtc-audio-processing1 libweston-13-0 libwinpr2-2t64
measure	Install Rust and native Wayland dependencies	2026-09-12T22:00:44.4457790Z   libx264-164 libx265-199 libxcb-composite0 libxcb-xkb1 libxvidcore4 libzimg2
measure	Install Rust and native Wayland dependencies	2026-09-12T22:00:44.4458663Z   libzix-0-0 libzvbi-common libzvbi0t64 ocl-icd-libopencl1 uuid-dev
measure	Install Rust and native Wayland dependencies	2026-09-12T22:00:44.4459300Z Suggested packages:
measure	Install Rust and native Wayland dependencies	2026-09-12T22:00:44.4459793Z   libcuda1 libnvcuvid1 libnvidia-encode1 libbluray-bdj freerdp2-x11
measure	Install Rust and native Wayland dependencies	2026-09-12T22:00:44.4460576Z   freetype2-doc libvisual-0.4-plugins opus-tools pipewire pulseaudio
measure	Install Rust and native Wayland dependencies	2026-09-12T22:00:44.4461402Z   librsvg2-bin serdi sordi speex libwacom-bin opencl-icd wayland-utils
measure	Install Rust and native Wayland dependencies	2026-09-12T22:00:44.4462037Z Recommended packages:
measure	Install Rust and native Wayland dependencies	2026-09-12T22:00:44.4462374Z   libaacs0 bzip2-doc gstreamer1.0-plugins-base libpipewire-0.3-common
measure	Install Rust and native Wayland dependencies	2026-09-12T22:00:44.4463022Z   libpng-tools pocketsphinx-en-us librsvg2-common va-driver-all | va-driver
measure	Install Rust and native Wayland dependencies	2026-09-12T22:00:44.4463446Z   vdpau-driver-all | vdpau-driver
measure	Install Rust and native Wayland dependencies	2026-09-12T22:00:44.4989780Z The following NEW packages will be installed:
measure	Install Rust and native Wayland dependencies	2026-09-12T22:00:44.4990603Z   libaml0t64 libass9 libasyncns0 libavcodec60 libavfilter9 libavformat60
measure	Install Rust and native Wayland dependencies	2026-09-12T22:00:44.4991484Z   libavutil58 libblas3 libbluray2 libbrotli-dev libbs2b0 libbz2-dev
measure	Install Rust and native Wayland dependencies	2026-09-12T22:00:44.4992306Z   libchromaprint1 libcjson1 libcodec2-1.2 libdav1d7 libegl-mesa0 libegl1
measure	Install Rust and native Wayland dependencies	2026-09-12T22:00:44.4993319Z   libflac12t64 libflite1 libfontconfig-dev libfontconfig1-dev
measure	Install Rust and native Wayland dependencies	2026-09-12T22:00:44.4994125Z   libfreerdp-server2-2t64 libfreerdp2-2t64 libfreetype-dev libgles2 libgme0
measure	Install Rust and native Wayland dependencies	2026-09-12T22:00:44.4995082Z   libgsm1 libgstreamer-plugins-base1.0-0 libhwy1t64 libinput-bin libinput10
measure	Install Rust and native Wayland dependencies	2026-09-12T22:00:44.4995707Z   libjxl0.7 liblapack3 liblilv-0-0 libmbedcrypto7t64 libmp3lame0
measure	Install Rust and native Wayland dependencies	2026-09-12T22:00:44.4996257Z   libmpg123-0t64 libmtdev1t64 libmysofa1 libneatvnc0 libopenmpt0t64 libopus0
measure	Install Rust and native Wayland dependencies	2026-09-12T22:00:44.4996820Z   liborc-0.4-0t64 libpipewire-0.3-0t64 libplacebo338 libpng-dev
measure	Install Rust and native Wayland dependencies	2026-09-12T22:00:44.4997573Z   libpocketsphinx3 libpostproc57 libpulse0 librav1e0 librist4 librsvg2-2
measure	Install Rust and native Wayland dependencies	2026-09-12T22:00:44.4998460Z   librubberband2 libsamplerate0 libseat1 libserd-0-0 libshine3 libsndfile1
measure	Install Rust and native Wayland dependencies	2026-09-12T22:00:44.4999021Z   libsord-0-0 libsoxr0 libspa-0.2-modules libspeex1 libsphinxbase3t64
measure	Install Rust and native Wayland dependencies	2026-09-12T22:00:44.4999507Z   libsratom-0-0 libsrt1.5-gnutls libssh-gcrypt-4 libsvtav1enc1d1
measure	Install Rust and native Wayland dependencies	2026-09-12T22:00:44.5000019Z   libswresample4 libswscale7 libtheora0 libturbojpeg libtwolame0 libudfread0
measure	Install Rust and native Wayland dependencies	2026-09-12T22:00:44.5000549Z   libunibreak5 libva-drm2 libva-x11-2 libva2 libvdpau1 libvidstab1.1
measure	Install Rust and native Wayland dependencies	2026-09-12T22:00:44.5001986Z   libvorbisenc2 libvpl2 libvpx9 libwacom-common libwacom9 libwayland-server0
measure	Install Rust and native Wayland dependencies	2026-09-12T22:00:44.5003095Z   libwebrtc-audio-processing1 libweston-13-0 libwinpr2-2t64 libx264-164
measure	Install Rust and native Wayland dependencies	2026-09-12T22:00:44.5004054Z   libx265-199 libxcb-composite0 libxcb-xkb1 libxkbcommon-x11-0 libxvidcore4
measure	Install Rust and native Wayland dependencies	2026-09-12T22:00:44.5004924Z   libzimg2 libzix-0-0 libzvbi-common libzvbi0t64 ocl-icd-libopencl1 uuid-dev
measure	Install Rust and native Wayland dependencies	2026-09-12T22:00:44.5005626Z   weston
measure	Install Rust and native Wayland dependencies	2026-09-12T22:00:44.5205463Z 0 upgraded, 102 newly installed, 0 to remove and 50 not upgraded.
measure	Install Rust and native Wayland dependencies	2026-09-12T22:00:44.5206182Z Need to get 65.5 MB of archives.
measure	Install Rust and native Wayland dependencies	2026-09-12T22:00:44.5206763Z After this operation, 189 MB of additional disk space will be used.
measure	Install Rust and native Wayland dependencies	2026-09-12T22:00:44.5207470Z Get:1 file:/etc/apt/apt-mirrors.txt Mirrorlist [144 B]
measure	Install Rust and native Wayland dependencies	2026-09-12T22:00:44.5813100Z Get:2 http://azure.archive.ubuntu.com/ubuntu noble/universe amd64 libaml0t64 amd64 0.3.0-1.1build1 [11.6 kB]
measure	Install Rust and native Wayland dependencies	2026-09-12T22:00:44.6272653Z Get:3 http://azure.archive.ubuntu.com/ubuntu noble/universe amd64 libunibreak5 amd64 5.1-2build1 [25.0 kB]
measure	Install Rust and native Wayland dependencies	2026-09-12T22:00:44.6729386Z Get:4 http://azure.archive.ubuntu.com/ubuntu noble/universe amd64 libass9 amd64 1:0.17.1-2build1 [104 kB]
measure	Install Rust and native Wayland dependencies	2026-09-12T22:00:44.7194577Z Get:5 http://azure.archive.ubuntu.com/ubuntu noble/main amd64 libasyncns0 amd64 0.8-6build4 [11.3 kB]
measure	Install Rust and native Wayland dependencies	2026-09-12T22:00:44.7651193Z Get:6 http://azure.archive.ubuntu.com/ubuntu noble-updates/universe amd64 libva2 amd64 2.20.0-2ubuntu0.2 [66.4 kB]
measure	Install Rust and native Wayland dependencies	2026-09-12T22:00:44.8109446Z Get:7 http://azure.archive.ubuntu.com/ubuntu noble-updates/universe amd64 libva-drm2 amd64 2.20.0-2ubuntu0.2 [7124 B]
measure	Install Rust and native Wayland dependencies	2026-09-12T22:00:44.8562105Z Get:8 http://azure.archive.ubuntu.com/ubuntu noble-updates/universe amd64 libva-x11-2 amd64 2.20.0-2ubuntu0.2 [12.0 kB]
measure	Install Rust and native Wayland dependencies	2026-09-12T22:00:44.9018720Z Get:9 http://azure.archive.ubuntu.com/ubuntu noble/main amd64 libvdpau1 amd64 1.5-2build1 [27.8 kB]
measure	Install Rust and native Wayland dependencies	2026-09-12T22:00:44.9475234Z Get:10 http://azure.archive.ubuntu.com/ubuntu noble/universe amd64 libvpl2 amd64 2023.3.0-1build1 [99.8 kB]
measure	Install Rust and native Wayland dependencies	2026-09-12T22:00:44.9938203Z Get:11 http://azure.archive.ubuntu.com/ubuntu noble/universe amd64 ocl-icd-libopencl1 amd64 2.3.2-1build1 [38.5 kB]
measure	Install Rust and native Wayland dependencies	2026-09-12T22:00:45.0395615Z Get:12 http://azure.archive.ubuntu.com/ubuntu noble/universe amd64 libavutil58 amd64 7:6.1.1-3ubuntu5 [401 kB]
measure	Install Rust and native Wayland dependencies	2026-09-12T22:00:45.0873784Z Get:13 http://azure.archive.ubuntu.com/ubuntu noble/universe amd64 libcodec2-1.2 amd64 1.2.0-2build1 [8998 kB]
measure	Install Rust and native Wayland dependencies	2026-09-12T22:00:45.2407228Z Get:14 http://azure.archive.ubuntu.com/ubuntu noble/universe amd64 libdav1d7 amd64 1.4.1-1build1 [604 kB]
measure	Install Rust and native Wayland dependencies	2026-09-12T22:00:45.2895845Z Get:15 http://azure.archive.ubuntu.com/ubuntu noble/universe amd64 libgsm1 amd64 1.0.22-1build1 [27.8 kB]
measure	Install Rust and native Wayland dependencies	2026-09-12T22:00:45.3353410Z Get:16 http://azure.archive.ubuntu.com/ubuntu noble/universe amd64 libhwy1t64 amd64 1.0.7-8.1build1 [584 kB]
measure	Install Rust and native Wayland dependencies	2026-09-12T22:00:45.3880348Z Get:17 http://azure.archive.ubuntu.com/ubuntu noble-updates/universe amd64 libjxl0.7 amd64 0.7.0-10.2ubuntu6.1 [1001 kB]
measure	Install Rust and native Wayland dependencies	2026-09-12T22:00:45.4416134Z Get:18 http://azure.archive.ubuntu.com/ubuntu noble/main amd64 libmp3lame0 amd64 3.100-6build1 [142 kB]
measure	Install Rust and native Wayland dependencies	2026-09-12T22:00:45.4880021Z Get:19 http://azure.archive.ubuntu.com/ubuntu noble/main amd64 libopus0 amd64 1.4-1build1 [208 kB]
measure	Install Rust and native Wayland dependencies	2026-09-12T22:00:45.5359282Z Get:20 http://azure.archive.ubuntu.com/ubuntu noble/universe amd64 librav1e0 amd64 0.7.1-2 [1022 kB]
measure	Install Rust and native Wayland dependencies	2026-09-12T22:00:45.5999406Z Get:21 http://azure.archive.ubuntu.com/ubuntu noble/main amd64 librsvg2-2 amd64 2.58.0+dfsg-1build1 [2135 kB]
measure	Install Rust and native Wayland dependencies	2026-09-12T22:00:45.6753196Z Get:22 http://azure.archive.ubuntu.com/ubuntu noble/universe amd64 libshine3 amd64 3.1.1-2build1 [23.2 kB]
measure	Install Rust and native Wayland dependencies	2026-09-12T22:00:45.7213724Z Get:23 http://azure.archive.ubuntu.com/ubuntu noble-updates/main amd64 libspeex1 amd64 1.2.1-2ubuntu2.24.04.1 [59.6 kB]
measure	Install Rust and native Wayland dependencies	2026-09-12T22:00:45.7676146Z Get:24 http://azure.archive.ubuntu.com/ubuntu noble/universe amd64 libsvtav1enc1d1 amd64 1.7.0+dfsg-2build1 [2425 kB]
measure	Install Rust and native Wayland dependencies	2026-09-12T22:00:45.8470968Z Get:25 http://azure.archive.ubuntu.com/ubuntu noble/universe amd64 libsoxr0 amd64 0.1.3-4build3 [80.0 kB]
measure	Install Rust and native Wayland dependencies	2026-09-12T22:00:45.8971937Z Get:26 http://azure.archive.ubuntu.com/ubuntu noble/universe amd64 libswresample4 amd64 7:6.1.1-3ubuntu5 [63.8 kB]
measure	Install Rust and native Wayland dependencies	2026-09-12T22:00:45.9471781Z Get:27 http://azure.archive.ubuntu.com/ubuntu noble/main amd64 libtheora0 amd64 1.1.1+dfsg.1-16.1build3 [211 kB]
measure	Install Rust and native Wayland dependencies	2026-09-12T22:00:45.9981379Z Get:28 http://azure.archive.ubuntu.com/ubuntu noble/main amd64 libtwolame0 amd64 0.4.0-2build3 [52.3 kB]
measure	Install Rust and native Wayland dependencies	2026-09-12T22:00:46.0483365Z Get:29 http://azure.archive.ubuntu.com/ubuntu noble/main amd64 libvorbisenc2 amd64 1.3.7-1build3 [80.8 kB]
measure	Install Rust and native Wayland dependencies	2026-09-12T22:00:46.0987393Z Get:30 http://azure.archive.ubuntu.com/ubuntu noble-updates/main amd64 libvpx9 amd64 1.14.0-1ubuntu2.3 [1143 kB]
measure	Install Rust and native Wayland dependencies	2026-09-12T22:00:46.1568195Z Get:31 http://azure.archive.ubuntu.com/ubuntu noble/universe amd64 libx264-164 amd64 2:0.164.3108+git31e19f9-1 [604 kB]
measure	Install Rust and native Wayland dependencies	2026-09-12T22:00:46.2101448Z Get:32 http://azure.archive.ubuntu.com/ubuntu noble/universe amd64 libx265-199 amd64 3.5-2build1 [1226 kB]
measure	Install Rust and native Wayland dependencies	2026-09-12T22:00:46.2685020Z Get:33 http://azure.archive.ubuntu.com/ubuntu noble/universe amd64 libxvidcore4 amd64 2:1.3.7-1build1 [219 kB]
measure	Install Rust and native Wayland dependencies	2026-09-12T22:00:46.3195291Z Get:34 http://azure.archive.ubuntu.com/ubuntu noble/universe amd64 libzvbi-common all 0.2.42-2 [42.4 kB]
measure	Install Rust and native Wayland dependencies	2026-09-12T22:00:46.3697388Z Get:35 http://azure.archive.ubuntu.com/ubuntu noble/universe amd64 libzvbi0t64 amd64 0.2.42-2 [261 kB]
measure	Install Rust and native Wayland dependencies	2026-09-12T22:00:46.4208475Z Get:36 http://azure.archive.ubuntu.com/ubuntu noble/universe amd64 libavcodec60 amd64 7:6.1.1-3ubuntu5 [5851 kB]
measure	Install Rust and native Wayland dependencies	2026-09-12T22:00:46.5688136Z Get:37 http://azure.archive.ubuntu.com/ubuntu noble/universe amd64 libudfread0 amd64 1.1.2-1build1 [19.0 kB]
measure	Install Rust and native Wayland dependencies	2026-09-12T22:00:46.6144938Z Get:38 http://azure.archive.ubuntu.com/ubuntu noble/universe amd64 libbluray2 amd64 1:1.3.4-1build1 [159 kB]
measure	Install Rust and native Wayland dependencies	2026-09-12T22:00:46.6617169Z Get:39 http://azure.archive.ubuntu.com/ubuntu noble/universe amd64 libchromaprint1 amd64 1.5.1-5 [30.5 kB]
measure	Install Rust and native Wayland dependencies	2026-09-12T22:00:46.7106685Z Get:40 http://azure.archive.ubuntu.com/ubuntu noble/universe amd64 libgme0 amd64 0.6.3-7build1 [134 kB]
measure	Install Rust and native Wayland dependencies	2026-09-12T22:00:46.7583352Z Get:41 http://azure.archive.ubuntu.com/ubuntu noble-updates/main amd64 libmpg123-0t64 amd64 1.32.5-1ubuntu1.1 [169 kB]
measure	Install Rust and native Wayland dependencies	2026-09-12T22:00:46.8049952Z Get:42 http://azure.archive.ubuntu.com/ubuntu noble/universe amd64 libopenmpt0t64 amd64 0.7.3-1.1build3 [647 kB]
measure	Install Rust and native Wayland dependencies	2026-09-12T22:00:46.8590555Z Get:43 http://azure.archive.ubuntu.com/ubuntu noble/universe amd64 libcjson1 amd64 1.7.17-1 [24.8 kB]
measure	Install Rust and native Wayland dependencies	2026-09-12T22:00:46.9048971Z Get:44 http://azure.archive.ubuntu.com/ubuntu noble/universe amd64 libmbedcrypto7t64 amd64 2.28.8-1 [209 kB]
measure	Install Rust and native Wayland dependencies	2026-09-12T22:00:46.9528075Z Get:45 http://azure.archive.ubuntu.com/ubuntu noble/universe amd64 librist4 amd64 0.2.10+dfsg-2 [74.9 kB]
measure	Install Rust and native Wayland dependencies	2026-09-12T22:00:46.9992259Z Get:46 http://azure.archive.ubuntu.com/ubuntu noble/universe amd64 libsrt1.5-gnutls amd64 1.5.3-1build2 [316 kB]
measure	Install Rust and native Wayland dependencies	2026-09-12T22:00:47.0484501Z Get:47 http://azure.archive.ubuntu.com/ubuntu noble-updates/main amd64 libssh-gcrypt-4 amd64 0.10.6-2ubuntu0.5 [226 kB]
measure	Install Rust and native Wayland dependencies	2026-09-12T22:00:47.0967422Z Get:48 http://azure.archive.ubuntu.com/ubuntu noble/universe amd64 libavformat60 amd64 7:6.1.1-3ubuntu5 [1153 kB]
measure	Install Rust and native Wayland dependencies	2026-09-12T22:00:47.1577460Z Get:49 http://azure.archive.ubuntu.com/ubuntu noble/universe amd64 libbs2b0 amd64 3.1.0+dfsg-7build1 [10.6 kB]
measure	Install Rust and native Wayland dependencies	2026-09-12T22:00:47.2036614Z Get:50 http://azure.archive.ubuntu.com/ubuntu noble/universe amd64 libflite1 amd64 2.2-6build3 [13.6 MB]
measure	Install Rust and native Wayland dependencies	2026-09-12T22:00:47.4464364Z Get:51 http://azure.archive.ubuntu.com/ubuntu noble/universe amd64 libserd-0-0 amd64 0.32.2-1 [43.6 kB]
measure	Install Rust and native Wayland dependencies	2026-09-12T22:00:47.4924497Z Get:52 http://azure.archive.ubuntu.com/ubuntu noble/universe amd64 libzix-0-0 amd64 0.4.2-2build1 [23.6 kB]
measure	Install Rust and native Wayland dependencies	2026-09-12T22:00:47.5382169Z Get:53 http://azure.archive.ubuntu.com/ubuntu noble/universe amd64 libsord-0-0 amd64 0.16.16-2build1 [15.8 kB]
measure	Install Rust and native Wayland dependencies	2026-09-12T22:00:47.5840768Z Get:54 http://azure.archive.ubuntu.com/ubuntu noble/universe amd64 libsratom-0-0 amd64 0.6.16-1build1 [17.3 kB]
measure	Install Rust and native Wayland dependencies	2026-09-12T22:00:47.6300546Z Get:55 http://azure.archive.ubuntu.com/ubuntu noble/universe amd64 liblilv-0-0 amd64 0.24.22-1build1 [41.0 kB]
measure	Install Rust and native Wayland dependencies	2026-09-12T22:00:47.6760408Z Get:56 http://azure.archive.ubuntu.com/ubuntu noble/universe amd64 libmysofa1 amd64 1.3.2+dfsg-2ubuntu2 [1158 kB]
measure	Install Rust and native Wayland dependencies	2026-09-12T22:00:47.7284249Z Get:57 http://azure.archive.ubuntu.com/ubuntu noble/universe amd64 libplacebo338 amd64 6.338.2-2build1 [2654 kB]
measure	Install Rust and native Wayland dependencies	2026-09-12T22:00:47.7890911Z Get:58 http://azure.archive.ubuntu.com/ubuntu noble-updates/main amd64 libblas3 amd64 3.12.0-3build1.1 [238 kB]
measure	Install Rust and native Wayland dependencies	2026-09-12T22:00:47.8360206Z Get:59 http://azure.archive.ubuntu.com/ubuntu noble-updates/main amd64 liblapack3 amd64 3.12.0-3build1.1 [2646 kB]
measure	Install Rust and native Wayland dependencies	2026-09-12T22:00:47.8964609Z Get:60 http://azure.archive.ubuntu.com/ubuntu noble/main amd64 libflac12t64 amd64 1.4.3+ds-2.1ubuntu2 [197 kB]
measure	Install Rust and native Wayland dependencies	2026-09-12T22:00:47.9434731Z Get:61 http://azure.archive.ubuntu.com/ubuntu noble-updates/main amd64 libsndfile1 amd64 1.2.2-1ubuntu5.24.04.1 [209 kB]
measure	Install Rust and native Wayland dependencies	2026-09-12T22:00:47.9904298Z Get:62 http://azure.archive.ubuntu.com/ubuntu noble-updates/main amd64 libpulse0 amd64 1:16.1+dfsg1-2ubuntu10.1 [292 kB]
measure	Install Rust and native Wayland dependencies	2026-09-12T22:00:48.0381492Z Get:63 http://azure.archive.ubuntu.com/ubuntu noble/universe amd64 libsphinxbase3t64 amd64 0.8+5prealpha+1-17build2 [126 kB]
measure	Install Rust and native Wayland dependencies	2026-09-12T22:00:48.0846287Z Get:64 http://azure.archive.ubuntu.com/ubuntu noble/universe amd64 libpocketsphinx3 amd64 0.8.0+real5prealpha+1-15ubuntu5 [133 kB]
measure	Install Rust and native Wayland dependencies	2026-09-12T22:00:48.1313554Z Get:65 http://azure.archive.ubuntu.com/ubuntu noble/universe amd64 libpostproc57 amd64 7:6.1.1-3ubuntu5 [49.9 kB]
measure	Install Rust and native Wayland dependencies	2026-09-12T22:00:48.1772920Z Get:66 http://azure.archive.ubuntu.com/ubuntu noble/main amd64 libsamplerate0 amd64 0.2.2-4build1 [1344 kB]
measure	Install Rust and native Wayland dependencies	2026-09-12T22:00:48.2311974Z Get:67 http://azure.archive.ubuntu.com/ubuntu noble/universe amd64 librubberband2 amd64 3.3.0+dfsg-2build1 [130 kB]
measure	Install Rust and native Wayland dependencies	2026-09-12T22:00:48.2778481Z Get:68 http://azure.archive.ubuntu.com/ubuntu noble/universe amd64 libswscale7 amd64 7:6.1.1-3ubuntu5 [193 kB]
measure	Install Rust and native Wayland dependencies	2026-09-12T22:00:48.3258998Z Get:69 http://azure.archive.ubuntu.com/ubuntu noble/universe amd64 libvidstab1.1 amd64 1.1.0-2build1 [38.5 kB]
measure	Install Rust and native Wayland dependencies	2026-09-12T22:00:48.3721908Z Get:70 http://azure.archive.ubuntu.com/ubuntu noble/universe amd64 libzimg2 amd64 3.0.5+ds1-1build1 [254 kB]
measure	Install Rust and native Wayland dependencies	2026-09-12T22:00:48.4208720Z Get:71 http://azure.archive.ubuntu.com/ubuntu noble/universe amd64 libavfilter9 amd64 7:6.1.1-3ubuntu5 [4235 kB]
measure	Install Rust and native Wayland dependencies	2026-09-12T22:00:48.5272776Z Get:72 http://azure.archive.ubuntu.com/ubuntu noble/main amd64 libbrotli-dev amd64 1.1.0-2build2 [353 kB]
measure	Install Rust and native Wayland dependencies	2026-09-12T22:00:48.5772402Z Get:73 http://azure.archive.ubuntu.com/ubuntu noble-updates/main amd64 libbz2-dev amd64 1.0.8-5.1ubuntu0.1 [33.6 kB]
measure	Install Rust and native Wayland dependencies	2026-09-12T22:00:48.6234048Z Get:74 http://azure.archive.ubuntu.com/ubuntu noble-updates/main amd64 libegl-mesa0 amd64 25.2.8-0ubuntu0.24.04.2 [117 kB]
measure	Install Rust and native Wayland dependencies	2026-09-12T22:00:48.6702610Z Get:75 http://azure.archive.ubuntu.com/ubuntu noble-updates/main amd64 libpng-dev amd64 1.6.43-5ubuntu0.6 [265 kB]
measure	Install Rust and native Wayland dependencies	2026-09-12T22:00:48.7195327Z Get:76 http://azure.archive.ubuntu.com/ubuntu noble-updates/main amd64 libfreetype-dev amd64 2.13.2+dfsg-1ubuntu0.1 [575 kB]
measure	Install Rust and native Wayland dependencies	2026-09-12T22:00:48.7731855Z Get:77 http://azure.archive.ubuntu.com/ubuntu noble-updates/main amd64 uuid-dev amd64 2.39.3-9ubuntu6.6 [33.5 kB]
measure	Install Rust and native Wayland dependencies	2026-09-12T22:00:48.8194498Z Get:78 http://azure.archive.ubuntu.com/ubuntu noble/main amd64 libfontconfig-dev amd64 2.15.0-1.1ubuntu2 [161 kB]
measure	Install Rust and native Wayland dependencies	2026-09-12T22:00:48.8667821Z Get:79 http://azure.archive.ubuntu.com/ubuntu noble/main amd64 libfontconfig1-dev amd64 2.15.0-1.1ubuntu2 [1840 B]
measure	Install Rust and native Wayland dependencies	2026-09-12T22:00:48.9129549Z Get:80 http://azure.archive.ubuntu.com/ubuntu noble/universe amd64 libwinpr2-2t64 amd64 2.11.5+dfsg1-1build2 [350 kB]
measure	Install Rust and native Wayland dependencies	2026-09-12T22:00:48.9627033Z Get:81 http://azure.archive.ubuntu.com/ubuntu noble/universe amd64 libfreerdp2-2t64 amd64 2.11.5+dfsg1-1build2 [559 kB]
measure	Install Rust and native Wayland dependencies	2026-09-12T22:00:49.0159598Z Get:82 http://azure.archive.ubuntu.com/ubuntu noble/universe amd64 libfreerdp-server2-2t64 amd64 2.11.5+dfsg1-1build2 [108 kB]
measure	Install Rust and native Wayland dependencies	2026-09-12T22:00:49.0626495Z Get:83 http://azure.archive.ubuntu.com/ubuntu noble-updates/main amd64 liborc-0.4-0t64 amd64 1:0.4.38-1ubuntu0.1 [207 kB]
measure	Install Rust and native Wayland dependencies	2026-09-12T22:00:49.1109321Z Get:84 http://azure.archive.ubuntu.com/ubuntu noble-updates/main amd64 libgstreamer-plugins-base1.0-0 amd64 1.24.2-1ubuntu0.4 [862 kB]
measure	Install Rust and native Wayland dependencies	2026-09-12T22:00:49.1679871Z Get:85 http://azure.archive.ubuntu.com/ubuntu noble/main amd64 libwacom-common all 2.10.0-2 [63.4 kB]
measure	Install Rust and native Wayland dependencies	2026-09-12T22:00:49.2144287Z Get:86 http://azure.archive.ubuntu.com/ubuntu noble/main amd64 libwacom9 amd64 2.10.0-2 [23.9 kB]
measure	Install Rust and native Wayland dependencies	2026-09-12T22:00:49.2605010Z Get:87 http://azure.archive.ubuntu.com/ubuntu noble-updates/main amd64 libinput-bin amd64 1.25.0-1ubuntu3.6 [23.2 kB]
measure	Install Rust and native Wayland dependencies	2026-09-12T22:00:49.3068745Z Get:88 http://azure.archive.ubuntu.com/ubuntu noble/main amd64 libmtdev1t64 amd64 1.1.6-1.1build1 [14.4 kB]
measure	Install Rust and native Wayland dependencies	2026-09-12T22:00:49.3567896Z Get:89 http://azure.archive.ubuntu.com/ubuntu noble-updates/main amd64 libinput10 amd64 1.25.0-1ubuntu3.6 [133 kB]
measure	Install Rust and native Wayland dependencies	2026-09-12T22:00:49.4035584Z Get:90 http://azure.archive.ubuntu.com/ubuntu noble/universe amd64 libturbojpeg amd64 1:2.1.5-2ubuntu2 [192 kB]
measure	Install Rust and native Wayland dependencies	2026-09-12T22:00:49.4513272Z Get:91 http://azure.archive.ubuntu.com/ubuntu noble/universe amd64 libneatvnc0 amd64 0.7.1+dfsg-2build3 [55.7 kB]
measure	Install Rust and native Wayland dependencies	2026-09-12T22:00:49.4977122Z Get:92 http://azure.archive.ubuntu.com/ubuntu noble/main amd64 libwebrtc-audio-processing1 amd64 0.3.1-0ubuntu6 [290 kB]
measure	Install Rust and native Wayland dependencies	2026-09-12T22:00:49.5466921Z Get:93 http://azure.archive.ubuntu.com/ubuntu noble-updates/main amd64 libspa-0.2-modules amd64 1.0.5-1ubuntu3.3 [628 kB]
measure	Install Rust and native Wayland dependencies	2026-09-12T22:00:49.6013326Z Get:94 http://azure.archive.ubuntu.com/ubuntu noble-updates/main amd64 libpipewire-0.3-0t64 amd64 1.0.5-1ubuntu3.3 [252 kB]
measure	Install Rust and native Wayland dependencies	2026-09-12T22:00:49.6507242Z Get:95 http://azure.archive.ubuntu.com/ubuntu noble/universe amd64 libseat1 amd64 0.8.0-1 [28.3 kB]
measure	Install Rust and native Wayland dependencies	2026-09-12T22:00:49.6968299Z Get:96 http://azure.archive.ubuntu.com/ubuntu noble/main amd64 libwayland-server0 amd64 1.22.0-2.1build1 [33.9 kB]
measure	Install Rust and native Wayland dependencies	2026-09-12T22:00:49.7430258Z Get:97 http://azure.archive.ubuntu.com/ubuntu noble/main amd64 libegl1 amd64 1.7.0-1build1 [28.7 kB]
measure	Install Rust and native Wayland dependencies	2026-09-12T22:00:49.7892537Z Get:98 http://azure.archive.ubuntu.com/ubuntu noble/main amd64 libgles2 amd64 1.7.0-1build1 [17.1 kB]
measure	Install Rust and native Wayland dependencies	2026-09-12T22:00:49.8353728Z Get:99 http://azure.archive.ubuntu.com/ubuntu noble/main amd64 libxcb-composite0 amd64 1.15-1ubuntu2 [5304 B]
measure	Install Rust and native Wayland dependencies	2026-09-12T22:00:49.8814132Z Get:100 http://azure.archive.ubuntu.com/ubuntu noble/main amd64 libxcb-xkb1 amd64 1.15-1ubuntu2 [32.3 kB]
measure	Install Rust and native Wayland dependencies	2026-09-12T22:00:49.9274387Z Get:101 http://azure.archive.ubuntu.com/ubuntu noble/universe amd64 libweston-13-0 amd64 13.0.0-4build3 [415 kB]
measure	Install Rust and native Wayland dependencies	2026-09-12T22:00:49.9784441Z Get:102 http://azure.archive.ubuntu.com/ubuntu noble/main amd64 libxkbcommon-x11-0 amd64 1.6.0-1build1 [14.5 kB]
measure	Install Rust and native Wayland dependencies	2026-09-12T22:00:50.0259227Z Get:103 http://azure.archive.ubuntu.com/ubuntu noble/universe amd64 weston amd64 13.0.0-4build3 [953 kB]
measure	Install Rust and native Wayland dependencies	2026-09-12T22:00:50.3793371Z Fetched 65.5 MB in 6s (11.9 MB/s)
measure	Install Rust and native Wayland dependencies	2026-09-12T22:00:50.4032520Z Selecting previously unselected package libaml0t64:amd64.
measure	Install Rust and native Wayland dependencies	2026-09-12T22:00:50.4318355Z (Reading database ... 
measure	Install Rust and native Wayland dependencies	2026-09-12T22:00:50.4318742Z (Reading database ... 5%
measure	Install Rust and native Wayland dependencies	2026-09-12T22:00:50.4318995Z (Reading database ... 10%
measure	Install Rust and native Wayland dependencies	2026-09-12T22:00:50.4319229Z (Reading database ... 15%
measure	Install Rust and native Wayland dependencies	2026-09-12T22:00:50.4319450Z (Reading database ... 20%
measure	Install Rust and native Wayland dependencies	2026-09-12T22:00:50.4319663Z (Reading database ... 25%
measure	Install Rust and native Wayland dependencies	2026-09-12T22:00:50.4319877Z (Reading database ... 30%
measure	Install Rust and native Wayland dependencies	2026-09-12T22:00:50.4320441Z (Reading database ... 35%
measure	Install Rust and native Wayland dependencies	2026-09-12T22:00:50.4320854Z (Reading database ... 40%
measure	Install Rust and native Wayland dependencies	2026-09-12T22:00:50.4321288Z (Reading database ... 45%
measure	Install Rust and native Wayland dependencies	2026-09-12T22:00:50.4321671Z (Reading database ... 50%
measure	Install Rust and native Wayland dependencies	2026-09-12T22:00:50.4380794Z (Reading database ... 55%
measure	Install Rust and native Wayland dependencies	2026-09-12T22:00:50.5898952Z (Reading database ... 60%
measure	Install Rust and native Wayland dependencies	2026-09-12T22:00:50.7852641Z (Reading database ... 65%
measure	Install Rust and native Wayland dependencies	2026-09-12T22:00:50.9361144Z (Reading database ... 70%
measure	Install Rust and native Wayland dependencies	2026-09-12T22:00:51.1308050Z (Reading database ... 75%
measure	Install Rust and native Wayland dependencies	2026-09-12T22:00:51.2938694Z (Reading database ... 80%
measure	Install Rust and native Wayland dependencies	2026-09-12T22:00:51.4864125Z (Reading database ... 85%
measure	Install Rust and native Wayland dependencies	2026-09-12T22:00:51.7329708Z (Reading database ... 90%
measure	Install Rust and native Wayland dependencies	2026-09-12T22:00:51.8939635Z (Reading database ... 95%
measure	Install Rust and native Wayland dependencies	2026-09-12T22:00:51.8940094Z (Reading database ... 100%
measure	Install Rust and native Wayland dependencies	2026-09-12T22:00:51.8940584Z (Reading database ... 201818 files and directories currently installed.)
measure	Install Rust and native Wayland dependencies	2026-09-12T22:00:51.8983706Z Preparing to unpack .../000-libaml0t64_0.3.0-1.1build1_amd64.deb ...
measure	Install Rust and native Wayland dependencies	2026-09-12T22:00:51.9025075Z Unpacking libaml0t64:amd64 (0.3.0-1.1build1) ...
measure	Install Rust and native Wayland dependencies	2026-09-12T22:00:51.9259737Z Selecting previously unselected package libunibreak5:amd64.
measure	Install Rust and native Wayland dependencies	2026-09-12T22:00:51.9385193Z Preparing to unpack .../001-libunibreak5_5.1-2build1_amd64.deb ...
measure	Install Rust and native Wayland dependencies	2026-09-12T22:00:51.9396907Z Unpacking libunibreak5:amd64 (5.1-2build1) ...
measure	Install Rust and native Wayland dependencies	2026-09-12T22:00:51.9626641Z Selecting previously unselected package libass9:amd64.
measure	Install Rust and native Wayland dependencies	2026-09-12T22:00:51.9751239Z Preparing to unpack .../002-libass9_1%3a0.17.1-2build1_amd64.deb ...
measure	Install Rust and native Wayland dependencies	2026-09-12T22:00:51.9761412Z Unpacking libass9:amd64 (1:0.17.1-2build1) ...
measure	Install Rust and native Wayland dependencies	2026-09-12T22:00:51.9995004Z Selecting previously unselected package libasyncns0:amd64.
measure	Install Rust and native Wayland dependencies	2026-09-12T22:00:52.0122663Z Preparing to unpack .../003-libasyncns0_0.8-6build4_amd64.deb ...
measure	Install Rust and native Wayland dependencies	2026-09-12T22:00:52.0134788Z Unpacking libasyncns0:amd64 (0.8-6build4) ...
measure	Install Rust and native Wayland dependencies	2026-09-12T22:00:52.0359490Z Selecting previously unselected package libva2:amd64.
measure	Install Rust and native Wayland dependencies	2026-09-12T22:00:52.0483942Z Preparing to unpack .../004-libva2_2.20.0-2ubuntu0.2_amd64.deb ...
measure	Install Rust and native Wayland dependencies	2026-09-12T22:00:52.0497417Z Unpacking libva2:amd64 (2.20.0-2ubuntu0.2) ...
measure	Install Rust and native Wayland dependencies	2026-09-12T22:00:52.0729913Z Selecting previously unselected package libva-drm2:amd64.
measure	Install Rust and native Wayland dependencies	2026-09-12T22:00:52.0857271Z Preparing to unpack .../005-libva-drm2_2.20.0-2ubuntu0.2_amd64.deb ...
measure	Install Rust and native Wayland dependencies	2026-09-12T22:00:52.0868442Z Unpacking libva-drm2:amd64 (2.20.0-2ubuntu0.2) ...
measure	Install Rust and native Wayland dependencies	2026-09-12T22:00:52.1096618Z Selecting previously unselected package libva-x11-2:amd64.
measure	Install Rust and native Wayland dependencies	2026-09-12T22:00:52.1223795Z Preparing to unpack .../006-libva-x11-2_2.20.0-2ubuntu0.2_amd64.deb ...
measure	Install Rust and native Wayland dependencies	2026-09-12T22:00:52.1235439Z Unpacking libva-x11-2:amd64 (2.20.0-2ubuntu0.2) ...
measure	Install Rust and native Wayland dependencies	2026-09-12T22:00:52.1469579Z Selecting previously unselected package libvdpau1:amd64.
measure	Install Rust and native Wayland dependencies	2026-09-12T22:00:52.1598930Z Preparing to unpack .../007-libvdpau1_1.5-2build1_amd64.deb ...
measure	Install Rust and native Wayland dependencies	2026-09-12T22:00:52.1610070Z Unpacking libvdpau1:amd64 (1.5-2build1) ...
measure	Install Rust and native Wayland dependencies	2026-09-12T22:00:52.1856846Z Selecting previously unselected package libvpl2.
measure	Install Rust and native Wayland dependencies	2026-09-12T22:00:52.2007870Z Preparing to unpack .../008-libvpl2_2023.3.0-1build1_amd64.deb ...
measure	Install Rust and native Wayland dependencies	2026-09-12T22:00:52.2020898Z Unpacking libvpl2 (2023.3.0-1build1) ...
measure	Install Rust and native Wayland dependencies	2026-09-12T22:00:52.2291961Z Selecting previously unselected package ocl-icd-libopencl1:amd64.
measure	Install Rust and native Wayland dependencies	2026-09-12T22:00:52.2419012Z Preparing to unpack .../009-ocl-icd-libopencl1_2.3.2-1build1_amd64.deb ...
measure	Install Rust and native Wayland dependencies	2026-09-12T22:00:52.2429645Z Unpacking ocl-icd-libopencl1:amd64 (2.3.2-1build1) ...
measure	Install Rust and native Wayland dependencies	2026-09-12T22:00:52.2700434Z Selecting previously unselected package libavutil58:amd64.
measure	Install Rust and native Wayland dependencies	2026-09-12T22:00:52.2830748Z Preparing to unpack .../010-libavutil58_7%3a6.1.1-3ubuntu5_amd64.deb ...
measure	Install Rust and native Wayland dependencies	2026-09-12T22:00:52.2841531Z Unpacking libavutil58:amd64 (7:6.1.1-3ubuntu5) ...
measure	Install Rust and native Wayland dependencies	2026-09-12T22:00:52.3116359Z Selecting previously unselected package libcodec2-1.2:amd64.
measure	Install Rust and native Wayland dependencies	2026-09-12T22:00:52.3241443Z Preparing to unpack .../011-libcodec2-1.2_1.2.0-2build1_amd64.deb ...
measure	Install Rust and native Wayland dependencies	2026-09-12T22:00:52.3253629Z Unpacking libcodec2-1.2:amd64 (1.2.0-2build1) ...
measure	Install Rust and native Wayland dependencies	2026-09-12T22:00:52.4027284Z Selecting previously unselected package libdav1d7:amd64.
measure	Install Rust and native Wayland dependencies	2026-09-12T22:00:52.4156186Z Preparing to unpack .../012-libdav1d7_1.4.1-1build1_amd64.deb ...
measure	Install Rust and native Wayland dependencies	2026-09-12T22:00:52.4166985Z Unpacking libdav1d7:amd64 (1.4.1-1build1) ...
measure	Install Rust and native Wayland dependencies	2026-09-12T22:00:52.4501291Z Selecting previously unselected package libgsm1:amd64.
measure	Install Rust and native Wayland dependencies	2026-09-12T22:00:52.4629565Z Preparing to unpack .../013-libgsm1_1.0.22-1build1_amd64.deb ...
measure	Install Rust and native Wayland dependencies	2026-09-12T22:00:52.4641068Z Unpacking libgsm1:amd64 (1.0.22-1build1) ...
measure	Install Rust and native Wayland dependencies	2026-09-12T22:00:52.4873178Z Selecting previously unselected package libhwy1t64:amd64.
measure	Install Rust and native Wayland dependencies	2026-09-12T22:00:52.4999360Z Preparing to unpack .../014-libhwy1t64_1.0.7-8.1build1_amd64.deb ...
measure	Install Rust and native Wayland dependencies	2026-09-12T22:00:52.5011896Z Unpacking libhwy1t64:amd64 (1.0.7-8.1build1) ...
measure	Install Rust and native Wayland dependencies	2026-09-12T22:00:52.5358552Z Selecting previously unselected package libjxl0.7:amd64.
measure	Install Rust and native Wayland dependencies	2026-09-12T22:00:52.5487718Z Preparing to unpack .../015-libjxl0.7_0.7.0-10.2ubuntu6.1_amd64.deb ...
measure	Install Rust and native Wayland dependencies	2026-09-12T22:00:52.5498362Z Unpacking libjxl0.7:amd64 (0.7.0-10.2ubuntu6.1) ...
measure	Install Rust and native Wayland dependencies	2026-09-12T22:00:52.5866087Z Selecting previously unselected package libmp3lame0:amd64.
measure	Install Rust and native Wayland dependencies	2026-09-12T22:00:52.5998188Z Preparing to unpack .../016-libmp3lame0_3.100-6build1_amd64.deb ...
measure	Install Rust and native Wayland dependencies	2026-09-12T22:00:52.6009091Z Unpacking libmp3lame0:amd64 (3.100-6build1) ...
measure	Install Rust and native Wayland dependencies	2026-09-12T22:00:52.6258039Z Selecting previously unselected package libopus0:amd64.
measure	Install Rust and native Wayland dependencies	2026-09-12T22:00:52.6385695Z Preparing to unpack .../017-libopus0_1.4-1build1_amd64.deb ...
measure	Install Rust and native Wayland dependencies	2026-09-12T22:00:52.6397509Z Unpacking libopus0:amd64 (1.4-1build1) ...
measure	Install Rust and native Wayland dependencies	2026-09-12T22:00:52.6652693Z Selecting previously unselected package librav1e0:amd64.
measure	Install Rust and native Wayland dependencies	2026-09-12T22:00:52.6784055Z Preparing to unpack .../018-librav1e0_0.7.1-2_amd64.deb ...
measure	Install Rust and native Wayland dependencies	2026-09-12T22:00:52.6797218Z Unpacking librav1e0:amd64 (0.7.1-2) ...
measure	Install Rust and native Wayland dependencies	2026-09-12T22:00:52.7159287Z Selecting previously unselected package librsvg2-2:amd64.
measure	Install Rust and native Wayland dependencies	2026-09-12T22:00:52.7286979Z Preparing to unpack .../019-librsvg2-2_2.58.0+dfsg-1build1_amd64.deb ...
measure	Install Rust and native Wayland dependencies	2026-09-12T22:00:52.7301883Z Unpacking librsvg2-2:amd64 (2.58.0+dfsg-1build1) ...
measure	Install Rust and native Wayland dependencies	2026-09-12T22:00:52.7823123Z Selecting previously unselected package libshine3:amd64.
measure	Install Rust and native Wayland dependencies	2026-09-12T22:00:52.7951697Z Preparing to unpack .../020-libshine3_3.1.1-2build1_amd64.deb ...
measure	Install Rust and native Wayland dependencies	2026-09-12T22:00:52.7962948Z Unpacking libshine3:amd64 (3.1.1-2build1) ...
measure	Install Rust and native Wayland dependencies	2026-09-12T22:00:52.8188268Z Selecting previously unselected package libspeex1:amd64.
measure	Install Rust and native Wayland dependencies	2026-09-12T22:00:52.8313675Z Preparing to unpack .../021-libspeex1_1.2.1-2ubuntu2.24.04.1_amd64.deb ...
measure	Install Rust and native Wayland dependencies	2026-09-12T22:00:52.8325393Z Unpacking libspeex1:amd64 (1.2.1-2ubuntu2.24.04.1) ...
measure	Install Rust and native Wayland dependencies	2026-09-12T22:00:52.8550813Z Selecting previously unselected package libsvtav1enc1d1:amd64.
measure	Install Rust and native Wayland dependencies	2026-09-12T22:00:52.8676823Z Preparing to unpack .../022-libsvtav1enc1d1_1.7.0+dfsg-2build1_amd64.deb ...
measure	Install Rust and native Wayland dependencies	2026-09-12T22:00:52.8687514Z Unpacking libsvtav1enc1d1:amd64 (1.7.0+dfsg-2build1) ...
measure	Install Rust and native Wayland dependencies	2026-09-12T22:00:52.9229681Z Selecting previously unselected package libsoxr0:amd64.
measure	Install Rust and native Wayland dependencies	2026-09-12T22:00:52.9358107Z Preparing to unpack .../023-libsoxr0_0.1.3-4build3_amd64.deb ...
measure	Install Rust and native Wayland dependencies	2026-09-12T22:00:52.9374893Z Unpacking libsoxr0:amd64 (0.1.3-4build3) ...
measure	Install Rust and native Wayland dependencies	2026-09-12T22:00:52.9598620Z Selecting previously unselected package libswresample4:amd64.
measure	Install Rust and native Wayland dependencies	2026-09-12T22:00:52.9724361Z Preparing to unpack .../024-libswresample4_7%3a6.1.1-3ubuntu5_amd64.deb ...
measure	Install Rust and native Wayland dependencies	2026-09-12T22:00:52.9731992Z Unpacking libswresample4:amd64 (7:6.1.1-3ubuntu5) ...
measure	Install Rust and native Wayland dependencies	2026-09-12T22:00:52.9955243Z Selecting previously unselected package libtheora0:amd64.
measure	Install Rust and native Wayland dependencies	2026-09-12T22:00:53.0081863Z Preparing to unpack .../025-libtheora0_1.1.1+dfsg.1-16.1build3_amd64.deb ...
measure	Install Rust and native Wayland dependencies	2026-09-12T22:00:53.0090057Z Unpacking libtheora0:amd64 (1.1.1+dfsg.1-16.1build3) ...
measure	Install Rust and native Wayland dependencies	2026-09-12T22:00:53.0335102Z Selecting previously unselected package libtwolame0:amd64.
measure	Install Rust and native Wayland dependencies	2026-09-12T22:00:53.0460041Z Preparing to unpack .../026-libtwolame0_0.4.0-2build3_amd64.deb ...
measure	Install Rust and native Wayland dependencies	2026-09-12T22:00:53.0467895Z Unpacking libtwolame0:amd64 (0.4.0-2build3) ...
measure	Install Rust and native Wayland dependencies	2026-09-12T22:00:53.0682568Z Selecting previously unselected package libvorbisenc2:amd64.
measure	Install Rust and native Wayland dependencies	2026-09-12T22:00:53.0810726Z Preparing to unpack .../027-libvorbisenc2_1.3.7-1build3_amd64.deb ...
measure	Install Rust and native Wayland dependencies	2026-09-12T22:00:53.0819416Z Unpacking libvorbisenc2:amd64 (1.3.7-1build3) ...
measure	Install Rust and native Wayland dependencies	2026-09-12T22:00:53.1055492Z Selecting previously unselected package libvpx9:amd64.
measure	Install Rust and native Wayland dependencies	2026-09-12T22:00:53.1181413Z Preparing to unpack .../028-libvpx9_1.14.0-1ubuntu2.3_amd64.deb ...
measure	Install Rust and native Wayland dependencies	2026-09-12T22:00:53.1189943Z Unpacking libvpx9:amd64 (1.14.0-1ubuntu2.3) ...
measure	Install Rust and native Wayland dependencies	2026-09-12T22:00:53.1534107Z Selecting previously unselected package libx264-164:amd64.
measure	Install Rust and native Wayland dependencies	2026-09-12T22:00:53.1662015Z Preparing to unpack .../029-libx264-164_2%3a0.164.3108+git31e19f9-1_amd64.deb ...
measure	Install Rust and native Wayland dependencies	2026-09-12T22:00:53.1670783Z Unpacking libx264-164:amd64 (2:0.164.3108+git31e19f9-1) ...
measure	Install Rust and native Wayland dependencies	2026-09-12T22:00:53.1959376Z Selecting previously unselected package libx265-199:amd64.
measure	Install Rust and native Wayland dependencies	2026-09-12T22:00:53.2086227Z Preparing to unpack .../030-libx265-199_3.5-2build1_amd64.deb ...
measure	Install Rust and native Wayland dependencies	2026-09-12T22:00:53.2095785Z Unpacking libx265-199:amd64 (3.5-2build1) ...
measure	Install Rust and native Wayland dependencies	2026-09-12T22:00:53.2753395Z Selecting previously unselected package libxvidcore4:amd64.
measure	Install Rust and native Wayland dependencies	2026-09-12T22:00:53.2880114Z Preparing to unpack .../031-libxvidcore4_2%3a1.3.7-1build1_amd64.deb ...
measure	Install Rust and native Wayland dependencies	2026-09-12T22:00:53.2888452Z Unpacking libxvidcore4:amd64 (2:1.3.7-1build1) ...
measure	Install Rust and native Wayland dependencies	2026-09-12T22:00:53.3109294Z Selecting previously unselected package libzvbi-common.
measure	Install Rust and native Wayland dependencies	2026-09-12T22:00:53.3236023Z Preparing to unpack .../032-libzvbi-common_0.2.42-2_all.deb ...
measure	Install Rust and native Wayland dependencies	2026-09-12T22:00:53.3245002Z Unpacking libzvbi-common (0.2.42-2) ...
measure	Install Rust and native Wayland dependencies	2026-09-12T22:00:53.3836127Z Selecting previously unselected package libzvbi0t64:amd64.
measure	Install Rust and native Wayland dependencies	2026-09-12T22:00:53.3963725Z Preparing to unpack .../033-libzvbi0t64_0.2.42-2_amd64.deb ...
measure	Install Rust and native Wayland dependencies	2026-09-12T22:00:53.3971921Z Unpacking libzvbi0t64:amd64 (0.2.42-2) ...
measure	Install Rust and native Wayland dependencies	2026-09-12T22:00:53.4229809Z Selecting previously unselected package libavcodec60:amd64.
measure	Install Rust and native Wayland dependencies	2026-09-12T22:00:53.4356853Z Preparing to unpack .../034-libavcodec60_7%3a6.1.1-3ubuntu5_amd64.deb ...
measure	Install Rust and native Wayland dependencies	2026-09-12T22:00:53.4366319Z Unpacking libavcodec60:amd64 (7:6.1.1-3ubuntu5) ...
measure	Install Rust and native Wayland dependencies	2026-09-12T22:00:53.5231829Z Selecting previously unselected package libudfread0:amd64.
measure	Install Rust and native Wayland dependencies	2026-09-12T22:00:53.5358902Z Preparing to unpack .../035-libudfread0_1.1.2-1build1_amd64.deb ...
measure	Install Rust and native Wayland dependencies	2026-09-12T22:00:53.5367208Z Unpacking libudfread0:amd64 (1.1.2-1build1) ...
measure	Install Rust and native Wayland dependencies	2026-09-12T22:00:53.5580859Z Selecting previously unselected package libbluray2:amd64.
measure	Install Rust and native Wayland dependencies	2026-09-12T22:00:53.5705280Z Preparing to unpack .../036-libbluray2_1%3a1.3.4-1build1_amd64.deb ...
measure	Install Rust and native Wayland dependencies	2026-09-12T22:00:53.5714219Z Unpacking libbluray2:amd64 (1:1.3.4-1build1) ...
measure	Install Rust and native Wayland dependencies	2026-09-12T22:00:53.5945825Z Selecting previously unselected package libchromaprint1:amd64.
measure	Install Rust and native Wayland dependencies	2026-09-12T22:00:53.6071038Z Preparing to unpack .../037-libchromaprint1_1.5.1-5_amd64.deb ...
measure	Install Rust and native Wayland dependencies	2026-09-12T22:00:53.6080480Z Unpacking libchromaprint1:amd64 (1.5.1-5) ...
measure	Install Rust and native Wayland dependencies	2026-09-12T22:00:53.6295322Z Selecting previously unselected package libgme0:amd64.
measure	Install Rust and native Wayland dependencies	2026-09-12T22:00:53.6421682Z Preparing to unpack .../038-libgme0_0.6.3-7build1_amd64.deb ...
measure	Install Rust and native Wayland dependencies	2026-09-12T22:00:53.6430919Z Unpacking libgme0:amd64 (0.6.3-7build1) ...
measure	Install Rust and native Wayland dependencies	2026-09-12T22:00:53.6679933Z Selecting previously unselected package libmpg123-0t64:amd64.
measure	Install Rust and native Wayland dependencies	2026-09-12T22:00:53.6805156Z Preparing to unpack .../039-libmpg123-0t64_1.32.5-1ubuntu1.1_amd64.deb ...
measure	Install Rust and native Wayland dependencies	2026-09-12T22:00:53.6815564Z Unpacking libmpg123-0t64:amd64 (1.32.5-1ubuntu1.1) ...
measure	Install Rust and native Wayland dependencies	2026-09-12T22:00:53.7048452Z Selecting previously unselected package libopenmpt0t64:amd64.
measure	Install Rust and native Wayland dependencies	2026-09-12T22:00:53.7175379Z Preparing to unpack .../040-libopenmpt0t64_0.7.3-1.1build3_amd64.deb ...
measure	Install Rust and native Wayland dependencies	2026-09-12T22:00:53.7182644Z Unpacking libopenmpt0t64:amd64 (0.7.3-1.1build3) ...
measure	Install Rust and native Wayland dependencies	2026-09-12T22:00:53.7467550Z Selecting previously unselected package libcjson1:amd64.
measure	Install Rust and native Wayland dependencies	2026-09-12T22:00:53.7593531Z Preparing to unpack .../041-libcjson1_1.7.17-1_amd64.deb ...
measure	Install Rust and native Wayland dependencies	2026-09-12T22:00:53.7601813Z Unpacking libcjson1:amd64 (1.7.17-1) ...
measure	Install Rust and native Wayland dependencies	2026-09-12T22:00:53.7824926Z Selecting previously unselected package libmbedcrypto7t64:amd64.
measure	Install Rust and native Wayland dependencies	2026-09-12T22:00:53.7949354Z Preparing to unpack .../042-libmbedcrypto7t64_2.28.8-1_amd64.deb ...
measure	Install Rust and native Wayland dependencies	2026-09-12T22:00:53.7958211Z Unpacking libmbedcrypto7t64:amd64 (2.28.8-1) ...
measure	Install Rust and native Wayland dependencies	2026-09-12T22:00:53.8193250Z Selecting previously unselected package librist4:amd64.
measure	Install Rust and native Wayland dependencies	2026-09-12T22:00:53.8318698Z Preparing to unpack .../043-librist4_0.2.10+dfsg-2_amd64.deb ...
measure	Install Rust and native Wayland dependencies	2026-09-12T22:00:53.8326963Z Unpacking librist4:amd64 (0.2.10+dfsg-2) ...
measure	Install Rust and native Wayland dependencies	2026-09-12T22:00:53.8541288Z Selecting previously unselected package libsrt1.5-gnutls:amd64.
measure	Install Rust and native Wayland dependencies	2026-09-12T22:00:53.8666279Z Preparing to unpack .../044-libsrt1.5-gnutls_1.5.3-1build2_amd64.deb ...
measure	Install Rust and native Wayland dependencies	2026-09-12T22:00:53.8675631Z Unpacking libsrt1.5-gnutls:amd64 (1.5.3-1build2) ...
measure	Install Rust and native Wayland dependencies	2026-09-12T22:00:53.8930778Z Selecting previously unselected package libssh-gcrypt-4:amd64.
measure	Install Rust and native Wayland dependencies	2026-09-12T22:00:53.9057774Z Preparing to unpack .../045-libssh-gcrypt-4_0.10.6-2ubuntu0.5_amd64.deb ...
measure	Install Rust and native Wayland dependencies	2026-09-12T22:00:53.9065813Z Unpacking libssh-gcrypt-4:amd64 (0.10.6-2ubuntu0.5) ...
measure	Install Rust and native Wayland dependencies	2026-09-12T22:00:53.9307340Z Selecting previously unselected package libavformat60:amd64.
measure	Install Rust and native Wayland dependencies	2026-09-12T22:00:53.9433254Z Preparing to unpack .../046-libavformat60_7%3a6.1.1-3ubuntu5_amd64.deb ...
measure	Install Rust and native Wayland dependencies	2026-09-12T22:00:53.9441493Z Unpacking libavformat60:amd64 (7:6.1.1-3ubuntu5) ...
measure	Install Rust and native Wayland dependencies	2026-09-12T22:00:53.9769701Z Selecting previously unselected package libbs2b0:amd64.
measure	Install Rust and native Wayland dependencies	2026-09-12T22:00:53.9895655Z Preparing to unpack .../047-libbs2b0_3.1.0+dfsg-7build1_amd64.deb ...
measure	Install Rust and native Wayland dependencies	2026-09-12T22:00:53.9904845Z Unpacking libbs2b0:amd64 (3.1.0+dfsg-7build1) ...
measure	Install Rust and native Wayland dependencies	2026-09-12T22:00:54.0171267Z Selecting previously unselected package libflite1:amd64.
measure	Install Rust and native Wayland dependencies	2026-09-12T22:00:54.0298228Z Preparing to unpack .../048-libflite1_2.2-6build3_amd64.deb ...
measure	Install Rust and native Wayland dependencies	2026-09-12T22:00:54.0307357Z Unpacking libflite1:amd64 (2.2-6build3) ...
measure	Install Rust and native Wayland dependencies	2026-09-12T22:00:54.1413471Z Selecting previously unselected package libserd-0-0:amd64.
measure	Install Rust and native Wayland dependencies	2026-09-12T22:00:54.1540796Z Preparing to unpack .../049-libserd-0-0_0.32.2-1_amd64.deb ...
measure	Install Rust and native Wayland dependencies	2026-09-12T22:00:54.1555089Z Unpacking libserd-0-0:amd64 (0.32.2-1) ...
measure	Install Rust and native Wayland dependencies	2026-09-12T22:00:54.1781216Z Selecting previously unselected package libzix-0-0:amd64.
measure	Install Rust and native Wayland dependencies	2026-09-12T22:00:54.1909203Z Preparing to unpack .../050-libzix-0-0_0.4.2-2build1_amd64.deb ...
measure	Install Rust and native Wayland dependencies	2026-09-12T22:00:54.1918803Z Unpacking libzix-0-0:amd64 (0.4.2-2build1) ...
measure	Install Rust and native Wayland dependencies	2026-09-12T22:00:54.2135896Z Selecting previously unselected package libsord-0-0:amd64.
measure	Install Rust and native Wayland dependencies	2026-09-12T22:00:54.2260873Z Preparing to unpack .../051-libsord-0-0_0.16.16-2build1_amd64.deb ...
measure	Install Rust and native Wayland dependencies	2026-09-12T22:00:54.2270342Z Unpacking libsord-0-0:amd64 (0.16.16-2build1) ...
measure	Install Rust and native Wayland dependencies	2026-09-12T22:00:54.2476438Z Selecting previously unselected package libsratom-0-0:amd64.
measure	Install Rust and native Wayland dependencies	2026-09-12T22:00:54.2602278Z Preparing to unpack .../052-libsratom-0-0_0.6.16-1build1_amd64.deb ...
measure	Install Rust and native Wayland dependencies	2026-09-12T22:00:54.2611403Z Unpacking libsratom-0-0:amd64 (0.6.16-1build1) ...
measure	Install Rust and native Wayland dependencies	2026-09-12T22:00:54.2827420Z Selecting previously unselected package liblilv-0-0:amd64.
measure	Install Rust and native Wayland dependencies	2026-09-12T22:00:54.2951717Z Preparing to unpack .../053-liblilv-0-0_0.24.22-1build1_amd64.deb ...
measure	Install Rust and native Wayland dependencies	2026-09-12T22:00:54.2962773Z Unpacking liblilv-0-0:amd64 (0.24.22-1build1) ...
measure	Install Rust and native Wayland dependencies	2026-09-12T22:00:54.3182630Z Selecting previously unselected package libmysofa1:amd64.
measure	Install Rust and native Wayland dependencies	2026-09-12T22:00:54.3314721Z Preparing to unpack .../054-libmysofa1_1.3.2+dfsg-2ubuntu2_amd64.deb ...
measure	Install Rust and native Wayland dependencies	2026-09-12T22:00:54.3324786Z Unpacking libmysofa1:amd64 (1.3.2+dfsg-2ubuntu2) ...
measure	Install Rust and native Wayland dependencies	2026-09-12T22:00:54.3587873Z Selecting previously unselected package libplacebo338:amd64.
measure	Install Rust and native Wayland dependencies	2026-09-12T22:00:54.3713200Z Preparing to unpack .../055-libplacebo338_6.338.2-2build1_amd64.deb ...
measure	Install Rust and native Wayland dependencies	2026-09-12T22:00:54.3723092Z Unpacking libplacebo338:amd64 (6.338.2-2build1) ...
measure	Install Rust and native Wayland dependencies	2026-09-12T22:00:54.4270364Z Selecting previously unselected package libblas3:amd64.
measure	Install Rust and native Wayland dependencies	2026-09-12T22:00:54.4397668Z Preparing to unpack .../056-libblas3_3.12.0-3build1.1_amd64.deb ...
measure	Install Rust and native Wayland dependencies	2026-09-12T22:00:54.4435077Z Unpacking libblas3:amd64 (3.12.0-3build1.1) ...
measure	Install Rust and native Wayland dependencies	2026-09-12T22:00:54.4678355Z Selecting previously unselected package liblapack3:amd64.
measure	Install Rust and native Wayland dependencies	2026-09-12T22:00:54.4804551Z Preparing to unpack .../057-liblapack3_3.12.0-3build1.1_amd64.deb ...
measure	Install Rust and native Wayland dependencies	2026-09-12T22:00:54.4836461Z Unpacking liblapack3:amd64 (3.12.0-3build1.1) ...
measure	Install Rust and native Wayland dependencies	2026-09-12T22:00:54.5324026Z Selecting previously unselected package libflac12t64:amd64.
measure	Install Rust and native Wayland dependencies	2026-09-12T22:00:54.5448406Z Preparing to unpack .../058-libflac12t64_1.4.3+ds-2.1ubuntu2_amd64.deb ...
measure	Install Rust and native Wayland dependencies	2026-09-12T22:00:54.5457119Z Unpacking libflac12t64:amd64 (1.4.3+ds-2.1ubuntu2) ...
measure	Install Rust and native Wayland dependencies	2026-09-12T22:00:54.5688459Z Selecting previously unselected package libsndfile1:amd64.
measure	Install Rust and native Wayland dependencies	2026-09-12T22:00:54.5812033Z Preparing to unpack .../059-libsndfile1_1.2.2-1ubuntu5.24.04.1_amd64.deb ...
measure	Install Rust and native Wayland dependencies	2026-09-12T22:00:54.5820765Z Unpacking libsndfile1:amd64 (1.2.2-1ubuntu5.24.04.1) ...
measure	Install Rust and native Wayland dependencies	2026-09-12T22:00:54.6071371Z Selecting previously unselected package libpulse0:amd64.
measure	Install Rust and native Wayland dependencies	2026-09-12T22:00:54.6196868Z Preparing to unpack .../060-libpulse0_1%3a16.1+dfsg1-2ubuntu10.1_amd64.deb ...
measure	Install Rust and native Wayland dependencies	2026-09-12T22:00:54.6264882Z Unpacking libpulse0:amd64 (1:16.1+dfsg1-2ubuntu10.1) ...
measure	Install Rust and native Wayland dependencies	2026-09-12T22:00:54.6517917Z Selecting previously unselected package libsphinxbase3t64:amd64.
measure	Install Rust and native Wayland dependencies	2026-09-12T22:00:54.6645058Z Preparing to unpack .../061-libsphinxbase3t64_0.8+5prealpha+1-17build2_amd64.deb ...
measure	Install Rust and native Wayland dependencies	2026-09-12T22:00:54.6653395Z Unpacking libsphinxbase3t64:amd64 (0.8+5prealpha+1-17build2) ...
measure	Install Rust and native Wayland dependencies	2026-09-12T22:00:54.6877148Z Selecting previously unselected package libpocketsphinx3:amd64.
measure	Install Rust and native Wayland dependencies	2026-09-12T22:00:54.7004119Z Preparing to unpack .../062-libpocketsphinx3_0.8.0+real5prealpha+1-15ubuntu5_amd64.deb ...
measure	Install Rust and native Wayland dependencies	2026-09-12T22:00:54.7012244Z Unpacking libpocketsphinx3:amd64 (0.8.0+real5prealpha+1-15ubuntu5) ...
measure	Install Rust and native Wayland dependencies	2026-09-12T22:00:54.7244397Z Selecting previously unselected package libpostproc57:amd64.
measure	Install Rust and native Wayland dependencies	2026-09-12T22:00:54.7369457Z Preparing to unpack .../063-libpostproc57_7%3a6.1.1-3ubuntu5_amd64.deb ...
measure	Install Rust and native Wayland dependencies	2026-09-12T22:00:54.7380754Z Unpacking libpostproc57:amd64 (7:6.1.1-3ubuntu5) ...
measure	Install Rust and native Wayland dependencies	2026-09-12T22:00:54.7593510Z Selecting previously unselected package libsamplerate0:amd64.
measure	Install Rust and native Wayland dependencies	2026-09-12T22:00:54.7720573Z Preparing to unpack .../064-libsamplerate0_0.2.2-4build1_amd64.deb ...
measure	Install Rust and native Wayland dependencies	2026-09-12T22:00:54.7738877Z Unpacking libsamplerate0:amd64 (0.2.2-4build1) ...
measure	Install Rust and native Wayland dependencies	2026-09-12T22:00:54.8000355Z Selecting previously unselected package librubberband2:amd64.
measure	Install Rust and native Wayland dependencies	2026-09-12T22:00:54.8125712Z Preparing to unpack .../065-librubberband2_3.3.0+dfsg-2build1_amd64.deb ...
measure	Install Rust and native Wayland dependencies	2026-09-12T22:00:54.8134004Z Unpacking librubberband2:amd64 (3.3.0+dfsg-2build1) ...
measure	Install Rust and native Wayland dependencies	2026-09-12T22:00:54.8398056Z Selecting previously unselected package libswscale7:amd64.
measure	Install Rust and native Wayland dependencies	2026-09-12T22:00:54.8523905Z Preparing to unpack .../066-libswscale7_7%3a6.1.1-3ubuntu5_amd64.deb ...
measure	Install Rust and native Wayland dependencies	2026-09-12T22:00:54.8533345Z Unpacking libswscale7:amd64 (7:6.1.1-3ubuntu5) ...
measure	Install Rust and native Wayland dependencies	2026-09-12T22:00:54.8765792Z Selecting previously unselected package libvidstab1.1:amd64.
measure	Install Rust and native Wayland dependencies	2026-09-12T22:00:54.8893128Z Preparing to unpack .../067-libvidstab1.1_1.1.0-2build1_amd64.deb ...
measure	Install Rust and native Wayland dependencies	2026-09-12T22:00:54.8903168Z Unpacking libvidstab1.1:amd64 (1.1.0-2build1) ...
measure	Install Rust and native Wayland dependencies	2026-09-12T22:00:54.9115135Z Selecting previously unselected package libzimg2:amd64.
measure	Install Rust and native Wayland dependencies	2026-09-12T22:00:54.9240666Z Preparing to unpack .../068-libzimg2_3.0.5+ds1-1build1_amd64.deb ...
measure	Install Rust and native Wayland dependencies	2026-09-12T22:00:54.9249342Z Unpacking libzimg2:amd64 (3.0.5+ds1-1build1) ...
measure	Install Rust and native Wayland dependencies	2026-09-12T22:00:54.9539730Z Selecting previously unselected package libavfilter9:amd64.
measure	Install Rust and native Wayland dependencies	2026-09-12T22:00:54.9664016Z Preparing to unpack .../069-libavfilter9_7%3a6.1.1-3ubuntu5_amd64.deb ...
measure	Install Rust and native Wayland dependencies	2026-09-12T22:00:54.9671476Z Unpacking libavfilter9:amd64 (7:6.1.1-3ubuntu5) ...
measure	Install Rust and native Wayland dependencies	2026-09-12T22:00:55.0402718Z Selecting previously unselected package libbrotli-dev:amd64.
measure	Install Rust and native Wayland dependencies	2026-09-12T22:00:55.0529985Z Preparing to unpack .../070-libbrotli-dev_1.1.0-2build2_amd64.deb ...
measure	Install Rust and native Wayland dependencies	2026-09-12T22:00:55.0538637Z Unpacking libbrotli-dev:amd64 (1.1.0-2build2) ...
measure	Install Rust and native Wayland dependencies	2026-09-12T22:00:55.0827751Z Selecting previously unselected package libbz2-dev:amd64.
measure	Install Rust and native Wayland dependencies	2026-09-12T22:00:55.0957411Z Preparing to unpack .../071-libbz2-dev_1.0.8-5.1ubuntu0.1_amd64.deb ...
measure	Install Rust and native Wayland dependencies	2026-09-12T22:00:55.0966881Z Unpacking libbz2-dev:amd64 (1.0.8-5.1ubuntu0.1) ...
measure	Install Rust and native Wayland dependencies	2026-09-12T22:00:55.1238589Z Selecting previously unselected package libegl-mesa0:amd64.
measure	Install Rust and native Wayland dependencies	2026-09-12T22:00:55.1368694Z Preparing to unpack .../072-libegl-mesa0_25.2.8-0ubuntu0.24.04.2_amd64.deb ...
measure	Install Rust and native Wayland dependencies	2026-09-12T22:00:55.1378581Z Unpacking libegl-mesa0:amd64 (25.2.8-0ubuntu0.24.04.2) ...
measure	Install Rust and native Wayland dependencies	2026-09-12T22:00:55.1640574Z Selecting previously unselected package libpng-dev:amd64.
measure	Install Rust and native Wayland dependencies	2026-09-12T22:00:55.1769373Z Preparing to unpack .../073-libpng-dev_1.6.43-5ubuntu0.6_amd64.deb ...
measure	Install Rust and native Wayland dependencies	2026-09-12T22:00:55.1777877Z Unpacking libpng-dev:amd64 (1.6.43-5ubuntu0.6) ...
measure	Install Rust and native Wayland dependencies	2026-09-12T22:00:55.2193233Z Selecting previously unselected package libfreetype-dev:amd64.
measure	Install Rust and native Wayland dependencies	2026-09-12T22:00:55.2320656Z Preparing to unpack .../074-libfreetype-dev_2.13.2+dfsg-1ubuntu0.1_amd64.deb ...
measure	Install Rust and native Wayland dependencies	2026-09-12T22:00:55.2331010Z Unpacking libfreetype-dev:amd64 (2.13.2+dfsg-1ubuntu0.1) ...
measure	Install Rust and native Wayland dependencies	2026-09-12T22:00:55.2691015Z Selecting previously unselected package uuid-dev:amd64.
measure	Install Rust and native Wayland dependencies	2026-09-12T22:00:55.2818910Z Preparing to unpack .../075-uuid-dev_2.39.3-9ubuntu6.6_amd64.deb ...
measure	Install Rust and native Wayland dependencies	2026-09-12T22:00:55.2828290Z Unpacking uuid-dev:amd64 (2.39.3-9ubuntu6.6) ...
measure	Install Rust and native Wayland dependencies	2026-09-12T22:00:55.3115520Z Selecting previously unselected package libfontconfig-dev:amd64.
measure	Install Rust and native Wayland dependencies	2026-09-12T22:00:55.3241293Z Preparing to unpack .../076-libfontconfig-dev_2.15.0-1.1ubuntu2_amd64.deb ...
measure	Install Rust and native Wayland dependencies	2026-09-12T22:00:55.3266478Z Unpacking libfontconfig-dev:amd64 (2.15.0-1.1ubuntu2) ...
measure	Install Rust and native Wayland dependencies	2026-09-12T22:00:55.3503487Z Selecting previously unselected package libfontconfig1-dev:amd64.
measure	Install Rust and native Wayland dependencies	2026-09-12T22:00:55.3628234Z Preparing to unpack .../077-libfontconfig1-dev_2.15.0-1.1ubuntu2_amd64.deb ...
measure	Install Rust and native Wayland dependencies	2026-09-12T22:00:55.3637517Z Unpacking libfontconfig1-dev:amd64 (2.15.0-1.1ubuntu2) ...
measure	Install Rust and native Wayland dependencies	2026-09-12T22:00:55.3840467Z Selecting previously unselected package libwinpr2-2t64:amd64.
measure	Install Rust and native Wayland dependencies	2026-09-12T22:00:55.3965790Z Preparing to unpack .../078-libwinpr2-2t64_2.11.5+dfsg1-1build2_amd64.deb ...
measure	Install Rust and native Wayland dependencies	2026-09-12T22:00:55.3973856Z Unpacking libwinpr2-2t64:amd64 (2.11.5+dfsg1-1build2) ...
measure	Install Rust and native Wayland dependencies	2026-09-12T22:00:55.4231713Z Selecting previously unselected package libfreerdp2-2t64:amd64.
measure	Install Rust and native Wayland dependencies	2026-09-12T22:00:55.4373935Z Preparing to unpack .../079-libfreerdp2-2t64_2.11.5+dfsg1-1build2_amd64.deb ...
measure	Install Rust and native Wayland dependencies	2026-09-12T22:00:55.4374628Z Unpacking libfreerdp2-2t64:amd64 (2.11.5+dfsg1-1build2) ...
measure	Install Rust and native Wayland dependencies	2026-09-12T22:00:55.4661540Z Selecting previously unselected package libfreerdp-server2-2t64:amd64.
measure	Install Rust and native Wayland dependencies	2026-09-12T22:00:55.4786843Z Preparing to unpack .../080-libfreerdp-server2-2t64_2.11.5+dfsg1-1build2_amd64.deb ...
measure	Install Rust and native Wayland dependencies	2026-09-12T22:00:55.4796818Z Unpacking libfreerdp-server2-2t64:amd64 (2.11.5+dfsg1-1build2) ...
measure	Install Rust and native Wayland dependencies	2026-09-12T22:00:55.5027879Z Selecting previously unselected package liborc-0.4-0t64:amd64.
measure	Install Rust and native Wayland dependencies	2026-09-12T22:00:55.5153533Z Preparing to unpack .../081-liborc-0.4-0t64_1%3a0.4.38-1ubuntu0.1_amd64.deb ...
measure	Install Rust and native Wayland dependencies	2026-09-12T22:00:55.5163441Z Unpacking liborc-0.4-0t64:amd64 (1:0.4.38-1ubuntu0.1) ...
measure	Install Rust and native Wayland dependencies	2026-09-12T22:00:55.5413751Z Selecting previously unselected package libgstreamer-plugins-base1.0-0:amd64.
measure	Install Rust and native Wayland dependencies	2026-09-12T22:00:55.5539022Z Preparing to unpack .../082-libgstreamer-plugins-base1.0-0_1.24.2-1ubuntu0.4_amd64.deb ...
measure	Install Rust and native Wayland dependencies	2026-09-12T22:00:55.5550235Z Unpacking libgstreamer-plugins-base1.0-0:amd64 (1.24.2-1ubuntu0.4) ...
measure	Install Rust and native Wayland dependencies	2026-09-12T22:00:55.6014191Z Selecting previously unselected package libwacom-common.
measure	Install Rust and native Wayland dependencies	2026-09-12T22:00:55.6138870Z Preparing to unpack .../083-libwacom-common_2.10.0-2_all.deb ...
measure	Install Rust and native Wayland dependencies	2026-09-12T22:00:55.6146971Z Unpacking libwacom-common (2.10.0-2) ...
measure	Install Rust and native Wayland dependencies	2026-09-12T22:00:55.7058377Z Selecting previously unselected package libwacom9:amd64.
measure	Install Rust and native Wayland dependencies	2026-09-12T22:00:55.7183329Z Preparing to unpack .../084-libwacom9_2.10.0-2_amd64.deb ...
measure	Install Rust and native Wayland dependencies	2026-09-12T22:00:55.7193641Z Unpacking libwacom9:amd64 (2.10.0-2) ...
measure	Install Rust and native Wayland dependencies	2026-09-12T22:00:55.7391182Z Selecting previously unselected package libinput-bin.
measure	Install Rust and native Wayland dependencies	2026-09-12T22:00:55.7514851Z Preparing to unpack .../085-libinput-bin_1.25.0-1ubuntu3.6_amd64.deb ...
measure	Install Rust and native Wayland dependencies	2026-09-12T22:00:55.7522635Z Unpacking libinput-bin (1.25.0-1ubuntu3.6) ...
measure	Install Rust and native Wayland dependencies	2026-09-12T22:00:55.7822147Z Selecting previously unselected package libmtdev1t64:amd64.
measure	Install Rust and native Wayland dependencies	2026-09-12T22:00:55.7948049Z Preparing to unpack .../086-libmtdev1t64_1.1.6-1.1build1_amd64.deb ...
measure	Install Rust and native Wayland dependencies	2026-09-12T22:00:55.7956876Z Unpacking libmtdev1t64:amd64 (1.1.6-1.1build1) ...
measure	Install Rust and native Wayland dependencies	2026-09-12T22:00:55.8190956Z Selecting previously unselected package libinput10:amd64.
measure	Install Rust and native Wayland dependencies	2026-09-12T22:00:55.8315758Z Preparing to unpack .../087-libinput10_1.25.0-1ubuntu3.6_amd64.deb ...
measure	Install Rust and native Wayland dependencies	2026-09-12T22:00:55.8325042Z Unpacking libinput10:amd64 (1.25.0-1ubuntu3.6) ...
measure	Install Rust and native Wayland dependencies	2026-09-12T22:00:55.8549996Z Selecting previously unselected package libturbojpeg:amd64.
measure	Install Rust and native Wayland dependencies	2026-09-12T22:00:55.8674312Z Preparing to unpack .../088-libturbojpeg_1%3a2.1.5-2ubuntu2_amd64.deb ...
measure	Install Rust and native Wayland dependencies	2026-09-12T22:00:55.8681767Z Unpacking libturbojpeg:amd64 (1:2.1.5-2ubuntu2) ...
measure	Install Rust and native Wayland dependencies	2026-09-12T22:00:55.8931543Z Selecting previously unselected package libneatvnc0:amd64.
measure	Install Rust and native Wayland dependencies	2026-09-12T22:00:55.9056142Z Preparing to unpack .../089-libneatvnc0_0.7.1+dfsg-2build3_amd64.deb ...
measure	Install Rust and native Wayland dependencies	2026-09-12T22:00:55.9064732Z Unpacking libneatvnc0:amd64 (0.7.1+dfsg-2build3) ...
measure	Install Rust and native Wayland dependencies	2026-09-12T22:00:55.9276543Z Selecting previously unselected package libwebrtc-audio-processing1:amd64.
measure	Install Rust and native Wayland dependencies	2026-09-12T22:00:55.9405999Z Preparing to unpack .../090-libwebrtc-audio-processing1_0.3.1-0ubuntu6_amd64.deb ...
measure	Install Rust and native Wayland dependencies	2026-09-12T22:00:55.9415658Z Unpacking libwebrtc-audio-processing1:amd64 (0.3.1-0ubuntu6) ...
measure	Install Rust and native Wayland dependencies	2026-09-12T22:00:55.9654558Z Selecting previously unselected package libspa-0.2-modules:amd64.
measure	Install Rust and native Wayland dependencies	2026-09-12T22:00:55.9779968Z Preparing to unpack .../091-libspa-0.2-modules_1.0.5-1ubuntu3.3_amd64.deb ...
measure	Install Rust and native Wayland dependencies	2026-09-12T22:00:55.9788619Z Unpacking libspa-0.2-modules:amd64 (1.0.5-1ubuntu3.3) ...
measure	Install Rust and native Wayland dependencies	2026-09-12T22:00:56.0120115Z Selecting previously unselected package libpipewire-0.3-0t64:amd64.
measure	Install Rust and native Wayland dependencies	2026-09-12T22:00:56.0246193Z Preparing to unpack .../092-libpipewire-0.3-0t64_1.0.5-1ubuntu3.3_amd64.deb ...
measure	Install Rust and native Wayland dependencies	2026-09-12T22:00:56.0255022Z Unpacking libpipewire-0.3-0t64:amd64 (1.0.5-1ubuntu3.3) ...
measure	Install Rust and native Wayland dependencies	2026-09-12T22:00:56.0507076Z Selecting previously unselected package libseat1:amd64.
measure	Install Rust and native Wayland dependencies	2026-09-12T22:00:56.0633652Z Preparing to unpack .../093-libseat1_0.8.0-1_amd64.deb ...
measure	Install Rust and native Wayland dependencies	2026-09-12T22:00:56.0644377Z Unpacking libseat1:amd64 (0.8.0-1) ...
measure	Install Rust and native Wayland dependencies	2026-09-12T22:00:56.0864345Z Selecting previously unselected package libwayland-server0:amd64.
measure	Install Rust and native Wayland dependencies	2026-09-12T22:00:56.0992414Z Preparing to unpack .../094-libwayland-server0_1.22.0-2.1build1_amd64.deb ...
measure	Install Rust and native Wayland dependencies	2026-09-12T22:00:56.1031784Z Unpacking libwayland-server0:amd64 (1.22.0-2.1build1) ...
measure	Install Rust and native Wayland dependencies	2026-09-12T22:00:56.1257197Z Selecting previously unselected package libegl1:amd64.
measure	Install Rust and native Wayland dependencies	2026-09-12T22:00:56.1383631Z Preparing to unpack .../095-libegl1_1.7.0-1build1_amd64.deb ...
measure	Install Rust and native Wayland dependencies	2026-09-12T22:00:56.1392173Z Unpacking libegl1:amd64 (1.7.0-1build1) ...
measure	Install Rust and native Wayland dependencies	2026-09-12T22:00:56.1610336Z Selecting previously unselected package libgles2:amd64.
measure	Install Rust and native Wayland dependencies	2026-09-12T22:00:56.1735835Z Preparing to unpack .../096-libgles2_1.7.0-1build1_amd64.deb ...
measure	Install Rust and native Wayland dependencies	2026-09-12T22:00:56.1744714Z Unpacking libgles2:amd64 (1.7.0-1build1) ...
measure	Install Rust and native Wayland dependencies	2026-09-12T22:00:56.1964067Z Selecting previously unselected package libxcb-composite0:amd64.
measure	Install Rust and native Wayland dependencies	2026-09-12T22:00:56.2090151Z Preparing to unpack .../097-libxcb-composite0_1.15-1ubuntu2_amd64.deb ...
measure	Install Rust and native Wayland dependencies	2026-09-12T22:00:56.2098875Z Unpacking libxcb-composite0:amd64 (1.15-1ubuntu2) ...
measure	Install Rust and native Wayland dependencies	2026-09-12T22:00:56.2330498Z Selecting previously unselected package libxcb-xkb1:amd64.
measure	Install Rust and native Wayland dependencies	2026-09-12T22:00:56.2457946Z Preparing to unpack .../098-libxcb-xkb1_1.15-1ubuntu2_amd64.deb ...
measure	Install Rust and native Wayland dependencies	2026-09-12T22:00:56.2466145Z Unpacking libxcb-xkb1:amd64 (1.15-1ubuntu2) ...
measure	Install Rust and native Wayland dependencies	2026-09-12T22:00:56.2692035Z Selecting previously unselected package libweston-13-0:amd64.
measure	Install Rust and native Wayland dependencies	2026-09-12T22:00:56.2827020Z Preparing to unpack .../099-libweston-13-0_13.0.0-4build3_amd64.deb ...
measure	Install Rust and native Wayland dependencies	2026-09-12T22:00:56.2836161Z Unpacking libweston-13-0:amd64 (13.0.0-4build3) ...
measure	Install Rust and native Wayland dependencies	2026-09-12T22:00:56.3123985Z Selecting previously unselected package libxkbcommon-x11-0:amd64.
measure	Install Rust and native Wayland dependencies	2026-09-12T22:00:56.3253617Z Preparing to unpack .../100-libxkbcommon-x11-0_1.6.0-1build1_amd64.deb ...
measure	Install Rust and native Wayland dependencies	2026-09-12T22:00:56.3263336Z Unpacking libxkbcommon-x11-0:amd64 (1.6.0-1build1) ...
measure	Install Rust and native Wayland dependencies	2026-09-12T22:00:56.3478091Z Selecting previously unselected package weston.
measure	Install Rust and native Wayland dependencies	2026-09-12T22:00:56.3603236Z Preparing to unpack .../101-weston_13.0.0-4build3_amd64.deb ...
measure	Install Rust and native Wayland dependencies	2026-09-12T22:00:56.3611788Z Unpacking weston (13.0.0-4build3) ...
measure	Install Rust and native Wayland dependencies	2026-09-12T22:00:56.4314579Z Setting up libgme0:amd64 (0.6.3-7build1) ...
measure	Install Rust and native Wayland dependencies	2026-09-12T22:00:56.4368072Z Setting up libchromaprint1:amd64 (1.5.1-5) ...
measure	Install Rust and native Wayland dependencies	2026-09-12T22:00:56.4395955Z Setting up libssh-gcrypt-4:amd64 (0.10.6-2ubuntu0.5) ...
measure	Install Rust and native Wayland dependencies	2026-09-12T22:00:56.4419432Z Setting up libhwy1t64:amd64 (1.0.7-8.1build1) ...
measure	Install Rust and native Wayland dependencies	2026-09-12T22:00:56.4442347Z Setting up libudfread0:amd64 (1.1.2-1build1) ...
measure	Install Rust and native Wayland dependencies	2026-09-12T22:00:56.4475774Z Setting up libwayland-server0:amd64 (1.22.0-2.1build1) ...
measure	Install Rust and native Wayland dependencies	2026-09-12T22:00:56.4493657Z Setting up libspeex1:amd64 (1.2.1-2ubuntu2.24.04.1) ...
measure	Install Rust and native Wayland dependencies	2026-09-12T22:00:56.4514937Z Setting up libshine3:amd64 (3.1.1-2build1) ...
measure	Install Rust and native Wayland dependencies	2026-09-12T22:00:56.4538331Z Setting up libvpl2 (2023.3.0-1build1) ...
measure	Install Rust and native Wayland dependencies	2026-09-12T22:00:56.4560667Z Setting up libx264-164:amd64 (2:0.164.3108+git31e19f9-1) ...
measure	Install Rust and native Wayland dependencies	2026-09-12T22:00:56.4582565Z Setting up libtwolame0:amd64 (0.4.0-2build3) ...
measure	Install Rust and native Wayland dependencies	2026-09-12T22:00:56.4623469Z Setting up libmbedcrypto7t64:amd64 (2.28.8-1) ...
measure	Install Rust and native Wayland dependencies	2026-09-12T22:00:56.4625195Z Setting up libgsm1:amd64 (1.0.22-1build1) ...
measure	Install Rust and native Wayland dependencies	2026-09-12T22:00:56.4653723Z Setting up libaml0t64:amd64 (0.3.0-1.1build1) ...
measure	Install Rust and native Wayland dependencies	2026-09-12T22:00:56.4674487Z Setting up libsoxr0:amd64 (0.1.3-4build3) ...
measure	Install Rust and native Wayland dependencies	2026-09-12T22:00:56.4695291Z Setting up libzix-0-0:amd64 (0.4.2-2build1) ...
measure	Install Rust and native Wayland dependencies	2026-09-12T22:00:56.4717115Z Setting up libcodec2-1.2:amd64 (1.2.0-2build1) ...
measure	Install Rust and native Wayland dependencies	2026-09-12T22:00:56.4737644Z Setting up libwinpr2-2t64:amd64 (2.11.5+dfsg1-1build2) ...
measure	Install Rust and native Wayland dependencies	2026-09-12T22:00:56.4769791Z Setting up libpng-dev:amd64 (1.6.43-5ubuntu0.6) ...
measure	Install Rust and native Wayland dependencies	2026-09-12T22:00:56.4789534Z Setting up libmysofa1:amd64 (1.3.2+dfsg-2ubuntu2) ...
measure	Install Rust and native Wayland dependencies	2026-09-12T22:00:56.4813297Z Setting up libwebrtc-audio-processing1:amd64 (0.3.1-0ubuntu6) ...
measure	Install Rust and native Wayland dependencies	2026-09-12T22:00:56.4837193Z Setting up libsvtav1enc1d1:amd64 (1.7.0+dfsg-2build1) ...
measure	Install Rust and native Wayland dependencies	2026-09-12T22:00:56.4859485Z Setting up libmpg123-0t64:amd64 (1.32.5-1ubuntu1.1) ...
measure	Install Rust and native Wayland dependencies	2026-09-12T22:00:56.4881313Z Setting up libcjson1:amd64 (1.7.17-1) ...
measure	Install Rust and native Wayland dependencies	2026-09-12T22:00:56.4902843Z Setting up libxvidcore4:amd64 (2:1.3.7-1build1) ...
measure	Install Rust and native Wayland dependencies	2026-09-12T22:00:56.4924817Z Setting up librav1e0:amd64 (0.7.1-2) ...
measure	Install Rust and native Wayland dependencies	2026-09-12T22:00:56.4945283Z Setting up liborc-0.4-0t64:amd64 (1:0.4.38-1ubuntu0.1) ...
measure	Install Rust and native Wayland dependencies	2026-09-12T22:00:56.4975100Z Setting up libxcb-xkb1:amd64 (1.15-1ubuntu2) ...
measure	Install Rust and native Wayland dependencies	2026-09-12T22:00:56.4995730Z Setting up librist4:amd64 (0.2.10+dfsg-2) ...
measure	Install Rust and native Wayland dependencies	2026-09-12T22:00:56.5016327Z Setting up librsvg2-2:amd64 (2.58.0+dfsg-1build1) ...
measure	Install Rust and native Wayland dependencies	2026-09-12T22:00:56.5039288Z Setting up libblas3:amd64 (3.12.0-3build1.1) ...
measure	Install Rust and native Wayland dependencies	2026-09-12T22:00:56.5104622Z update-alternatives: using /usr/lib/x86_64-linux-gnu/blas/libblas.so.3 to provide /usr/lib/x86_64-linux-gnu/libblas.so.3 (libblas.so.3-x86_64-linux-gnu) in auto mode
measure	Install Rust and native Wayland dependencies	2026-09-12T22:00:56.5123600Z Setting up libegl-mesa0:amd64 (25.2.8-0ubuntu0.24.04.2) ...
measure	Install Rust and native Wayland dependencies	2026-09-12T22:00:56.5146069Z Setting up libplacebo338:amd64 (6.338.2-2build1) ...
measure	Install Rust and native Wayland dependencies	2026-09-12T22:00:56.5165278Z Setting up libgles2:amd64 (1.7.0-1build1) ...
measure	Install Rust and native Wayland dependencies	2026-09-12T22:00:56.5185198Z Setting up libva2:amd64 (2.20.0-2ubuntu0.2) ...
measure	Install Rust and native Wayland dependencies	2026-09-12T22:00:56.5206607Z Setting up libspa-0.2-modules:amd64 (1.0.5-1ubuntu3.3) ...
measure	Install Rust and native Wayland dependencies	2026-09-12T22:00:56.5227447Z Setting up uuid-dev:amd64 (2.39.3-9ubuntu6.6) ...
measure	Install Rust and native Wayland dependencies	2026-09-12T22:00:56.5248117Z Setting up libopus0:amd64 (1.4-1build1) ...
measure	Install Rust and native Wayland dependencies	2026-09-12T22:00:56.5269218Z Setting up libxkbcommon-x11-0:amd64 (1.6.0-1build1) ...
measure	Install Rust and native Wayland dependencies	2026-09-12T22:00:56.5290973Z Setting up libunibreak5:amd64 (5.1-2build1) ...
measure	Install Rust and native Wayland dependencies	2026-09-12T22:00:56.5313308Z Setting up libjxl0.7:amd64 (0.7.0-10.2ubuntu6.1) ...
measure	Install Rust and native Wayland dependencies	2026-09-12T22:00:56.5334857Z Setting up libx265-199:amd64 (3.5-2build1) ...
measure	Install Rust and native Wayland dependencies	2026-09-12T22:00:56.5355434Z Setting up libturbojpeg:amd64 (1:2.1.5-2ubuntu2) ...
measure	Install Rust and native Wayland dependencies	2026-09-12T22:00:56.5377254Z Setting up libvidstab1.1:amd64 (1.1.0-2build1) ...
measure	Install Rust and native Wayland dependencies	2026-09-12T22:00:56.5397696Z Setting up libvpx9:amd64 (1.14.0-1ubuntu2.3) ...
measure	Install Rust and native Wayland dependencies	2026-09-12T22:00:56.5417889Z Setting up libsrt1.5-gnutls:amd64 (1.5.3-1build2) ...
measure	Install Rust and native Wayland dependencies	2026-09-12T22:00:56.5467496Z Setting up libxcb-composite0:amd64 (1.15-1ubuntu2) ...
measure	Install Rust and native Wayland dependencies	2026-09-12T22:00:56.5488951Z Setting up libflite1:amd64 (2.2-6build3) ...
measure	Install Rust and native Wayland dependencies	2026-09-12T22:00:56.5509970Z Setting up libdav1d7:amd64 (1.4.1-1build1) ...
measure	Install Rust and native Wayland dependencies	2026-09-12T22:00:56.5537276Z Setting up libmtdev1t64:amd64 (1.1.6-1.1build1) ...
measure	Install Rust and native Wayland dependencies	2026-09-12T22:00:56.5560460Z Setting up libva-drm2:amd64 (2.20.0-2ubuntu0.2) ...
measure	Install Rust and native Wayland dependencies	2026-09-12T22:00:56.5582486Z Setting up ocl-icd-libopencl1:amd64 (2.3.2-1build1) ...
measure	Install Rust and native Wayland dependencies	2026-09-12T22:00:56.5608131Z Setting up libasyncns0:amd64 (0.8-6build4) ...
measure	Install Rust and native Wayland dependencies	2026-09-12T22:00:56.5629916Z Setting up libvdpau1:amd64 (1.5-2build1) ...
measure	Install Rust and native Wayland dependencies	2026-09-12T22:00:56.5660709Z Setting up libbs2b0:amd64 (3.1.0+dfsg-7build1) ...
measure	Install Rust and native Wayland dependencies	2026-09-12T22:00:56.5681979Z Setting up libtheora0:amd64 (1.1.1+dfsg.1-16.1build3) ...
measure	Install Rust and native Wayland dependencies	2026-09-12T22:00:56.5704148Z Setting up libegl1:amd64 (1.7.0-1build1) ...
measure	Install Rust and native Wayland dependencies	2026-09-12T22:00:56.5728220Z Setting up libfreerdp2-2t64:amd64 (2.11.5+dfsg1-1build2) ...
measure	Install Rust and native Wayland dependencies	2026-09-12T22:00:56.5751759Z Setting up libzimg2:amd64 (3.0.5+ds1-1build1) ...
measure	Install Rust and native Wayland dependencies	2026-09-12T22:00:56.5776899Z Setting up libflac12t64:amd64 (1.4.3+ds-2.1ubuntu2) ...
measure	Install Rust and native Wayland dependencies	2026-09-12T22:00:56.5799575Z Setting up libseat1:amd64 (0.8.0-1) ...
measure	Install Rust and native Wayland dependencies	2026-09-12T22:00:56.5820456Z Setting up libbluray2:amd64 (1:1.3.4-1build1) ...
measure	Install Rust and native Wayland dependencies	2026-09-12T22:00:56.5847579Z Setting up libsamplerate0:amd64 (0.2.2-4build1) ...
measure	Install Rust and native Wayland dependencies	2026-09-12T22:00:56.5868933Z Setting up libva-x11-2:amd64 (2.20.0-2ubuntu0.2) ...
measure	Install Rust and native Wayland dependencies	2026-09-12T22:00:56.5890124Z Setting up libpipewire-0.3-0t64:amd64 (1.0.5-1ubuntu3.3) ...
measure	Install Rust and native Wayland dependencies	2026-09-12T22:00:56.5913761Z Setting up libopenmpt0t64:amd64 (0.7.3-1.1build3) ...
measure	Install Rust and native Wayland dependencies	2026-09-12T22:00:56.5934428Z Setting up libbrotli-dev:amd64 (1.1.0-2build2) ...
measure	Install Rust and native Wayland dependencies	2026-09-12T22:00:56.5953754Z Setting up libzvbi-common (0.2.42-2) ...
measure	Install Rust and native Wayland dependencies	2026-09-12T22:00:56.5976874Z Setting up libmp3lame0:amd64 (3.100-6build1) ...
measure	Install Rust and native Wayland dependencies	2026-09-12T22:00:56.5996832Z Setting up libvorbisenc2:amd64 (1.3.7-1build3) ...
measure	Install Rust and native Wayland dependencies	2026-09-12T22:00:56.6017194Z Setting up libserd-0-0:amd64 (0.32.2-1) ...
measure	Install Rust and native Wayland dependencies	2026-09-12T22:00:56.6039353Z Setting up libwacom-common (2.10.0-2) ...
measure	Install Rust and native Wayland dependencies	2026-09-12T22:00:56.6059533Z Setting up libbz2-dev:amd64 (1.0.8-5.1ubuntu0.1) ...
measure	Install Rust and native Wayland dependencies	2026-09-12T22:00:56.6084598Z Setting up liblapack3:amd64 (3.12.0-3build1.1) ...
measure	Install Rust and native Wayland dependencies	2026-09-12T22:00:56.6148241Z update-alternatives: using /usr/lib/x86_64-linux-gnu/lapack/liblapack.so.3 to provide /usr/lib/x86_64-linux-gnu/liblapack.so.3 (liblapack.so.3-x86_64-linux-gnu) in auto mode
measure	Install Rust and native Wayland dependencies	2026-09-12T22:00:56.6165148Z Setting up libzvbi0t64:amd64 (0.2.42-2) ...
measure	Install Rust and native Wayland dependencies	2026-09-12T22:00:56.6187931Z Setting up libwacom9:amd64 (2.10.0-2) ...
measure	Install Rust and native Wayland dependencies	2026-09-12T22:00:56.6209344Z Setting up libgstreamer-plugins-base1.0-0:amd64 (1.24.2-1ubuntu0.4) ...
measure	Install Rust and native Wayland dependencies	2026-09-12T22:00:56.6231620Z Setting up libavutil58:amd64 (7:6.1.1-3ubuntu5) ...
measure	Install Rust and native Wayland dependencies	2026-09-12T22:00:56.6255180Z Setting up libinput-bin (1.25.0-1ubuntu3.6) ...
measure	Install Rust and native Wayland dependencies	2026-09-12T22:00:56.6275265Z Setting up libfreetype-dev:amd64 (2.13.2+dfsg-1ubuntu0.1) ...
measure	Install Rust and native Wayland dependencies	2026-09-12T22:00:56.6295198Z Setting up libass9:amd64 (1:0.17.1-2build1) ...
measure	Install Rust and native Wayland dependencies	2026-09-12T22:00:56.6316690Z Setting up libswresample4:amd64 (7:6.1.1-3ubuntu5) ...
measure	Install Rust and native Wayland dependencies	2026-09-12T22:00:56.6338172Z Setting up libfreerdp-server2-2t64:amd64 (2.11.5+dfsg1-1build2) ...
measure	Install Rust and native Wayland dependencies	2026-09-12T22:00:56.6358023Z Setting up libavcodec60:amd64 (7:6.1.1-3ubuntu5) ...
measure	Install Rust and native Wayland dependencies	2026-09-12T22:00:56.6486908Z Setting up librubberband2:amd64 (3.3.0+dfsg-2build1) ...
measure	Install Rust and native Wayland dependencies	2026-09-12T22:00:56.6509105Z Setting up libsord-0-0:amd64 (0.16.16-2build1) ...
measure	Install Rust and native Wayland dependencies	2026-09-12T22:00:56.6529059Z Setting up libpostproc57:amd64 (7:6.1.1-3ubuntu5) ...
measure	Install Rust and native Wayland dependencies	2026-09-12T22:00:56.6580562Z Setting up libsratom-0-0:amd64 (0.6.16-1build1) ...
measure	Install Rust and native Wayland dependencies	2026-09-12T22:00:56.6604107Z Setting up libsndfile1:amd64 (1.2.2-1ubuntu5.24.04.1) ...
measure	Install Rust and native Wayland dependencies	2026-09-12T22:00:56.6624007Z Setting up liblilv-0-0:amd64 (0.24.22-1build1) ...
measure	Install Rust and native Wayland dependencies	2026-09-12T22:00:56.6644893Z Setting up libswscale7:amd64 (7:6.1.1-3ubuntu5) ...
measure	Install Rust and native Wayland dependencies	2026-09-12T22:00:56.6670918Z Setting up libinput10:amd64 (1.25.0-1ubuntu3.6) ...
measure	Install Rust and native Wayland dependencies	2026-09-12T22:00:56.6690029Z Setting up libpulse0:amd64 (1:16.1+dfsg1-2ubuntu10.1) ...
measure	Install Rust and native Wayland dependencies	2026-09-12T22:00:56.6765954Z Setting up libfontconfig-dev:amd64 (2.15.0-1.1ubuntu2) ...
measure	Install Rust and native Wayland dependencies	2026-09-12T22:00:56.6789808Z Setting up libavformat60:amd64 (7:6.1.1-3ubuntu5) ...
measure	Install Rust and native Wayland dependencies	2026-09-12T22:00:56.6811812Z Setting up libsphinxbase3t64:amd64 (0.8+5prealpha+1-17build2) ...
measure	Install Rust and native Wayland dependencies	2026-09-12T22:00:56.6833487Z Setting up libfontconfig1-dev:amd64 (2.15.0-1.1ubuntu2) ...
measure	Install Rust and native Wayland dependencies	2026-09-12T22:00:56.6858591Z Setting up libpocketsphinx3:amd64 (0.8.0+real5prealpha+1-15ubuntu5) ...
measure	Install Rust and native Wayland dependencies	2026-09-12T22:00:56.6879991Z Setting up libavfilter9:amd64 (7:6.1.1-3ubuntu5) ...
measure	Install Rust and native Wayland dependencies	2026-09-12T22:00:56.6906436Z Setting up libneatvnc0:amd64 (0.7.1+dfsg-2build3) ...
measure	Install Rust and native Wayland dependencies	2026-09-12T22:00:56.6931756Z Setting up libweston-13-0:amd64 (13.0.0-4build3) ...
measure	Install Rust and native Wayland dependencies	2026-09-12T22:00:56.6951312Z Setting up weston (13.0.0-4build3) ...
measure	Install Rust and native Wayland dependencies	2026-09-12T22:00:56.6987376Z Processing triggers for man-db (2.12.0-4build2) ...
measure	Install Rust and native Wayland dependencies	2026-09-12T22:00:56.7010614Z Not building database; man-db/auto-update is not 'true'.
measure	Install Rust and native Wayland dependencies	2026-09-12T22:00:56.7028909Z Processing triggers for udev (255.4-1ubuntu8.17) ...
measure	Install Rust and native Wayland dependencies	2026-09-12T22:00:57.1800435Z Processing triggers for libc-bin (2.39-0ubuntu8.8) ...
measure	Install Rust and native Wayland dependencies	2026-09-12T22:00:57.8433351Z 
measure	Install Rust and native Wayland dependencies	2026-09-12T22:00:57.8434215Z Running kernel seems to be up-to-date.
measure	Install Rust and native Wayland dependencies	2026-09-12T22:00:57.8434639Z 
measure	Install Rust and native Wayland dependencies	2026-09-12T22:00:57.8434825Z No services need to be restarted.
measure	Install Rust and native Wayland dependencies	2026-09-12T22:00:57.8435133Z 
measure	Install Rust and native Wayland dependencies	2026-09-12T22:00:57.8435684Z No containers need to be restarted.
measure	Install Rust and native Wayland dependencies	2026-09-12T22:00:57.8436001Z 
measure	Install Rust and native Wayland dependencies	2026-09-12T22:00:57.8436220Z No user sessions are running outdated binaries.
measure	Install Rust and native Wayland dependencies	2026-09-12T22:00:57.8436593Z 
measure	Install Rust and native Wayland dependencies	2026-09-12T22:00:57.8436923Z No VM guests are running outdated hypervisor (qemu) binaries on this host.
measure	Validate measurement harness	﻿2026-09-12T22:00:58.7420544Z ##[group]Run python3 -B -m unittest discover -s scripts -p 'test_compare_*.py'
measure	Validate measurement harness	2026-09-12T22:00:58.7421138Z [36;1mpython3 -B -m unittest discover -s scripts -p 'test_compare_*.py'[0m
measure	Validate measurement harness	2026-09-12T22:00:58.7459524Z shell: /usr/bin/bash -e {0}
measure	Validate measurement harness	2026-09-12T22:00:58.7459783Z env:
measure	Validate measurement harness	2026-09-12T22:00:58.7459982Z   CARGO_INCREMENTAL: 0
measure	Validate measurement harness	2026-09-12T22:00:58.7460243Z   CARGO_PROFILE_RELEASE_DEBUG: 0
measure	Validate measurement harness	2026-09-12T22:00:58.7460550Z   BEFORE_REF: 469b2ac3fb88509a5ac4bf1769e4b2b3512c1008
measure	Validate measurement harness	2026-09-12T22:00:58.7460912Z   AFTER_REF: 74eaad83dbf813cb15bd883b45d52adf0dc729bd
measure	Validate measurement harness	2026-09-12T22:00:58.7461212Z   SCREEN: primary
measure	Validate measurement harness	2026-09-12T22:00:58.7461413Z ##[endgroup]
measure	Validate measurement harness	2026-09-12T22:00:59.2320748Z .......................
measure	Validate measurement harness	2026-09-12T22:00:59.2321403Z ----------------------------------------------------------------------
measure	Validate measurement harness	2026-09-12T22:00:59.2321885Z Ran 23 tests in 0.357s
measure	Validate measurement harness	2026-09-12T22:00:59.2322058Z 
measure	Validate measurement harness	2026-09-12T22:00:59.2322149Z OK
measure	Build both exact revisions sequentially with the same toolchain	﻿2026-09-12T22:00:59.2500947Z ##[group]Run evidence_directory="$RUNNER_TEMP/kokuban-paired-evidence"
measure	Build both exact revisions sequentially with the same toolchain	2026-09-12T22:00:59.2501520Z [36;1mevidence_directory="$RUNNER_TEMP/kokuban-paired-evidence"[0m
measure	Build both exact revisions sequentially with the same toolchain	2026-09-12T22:00:59.2502025Z [36;1mmkdir -p "$evidence_directory" "$RUNNER_TEMP/kokuban-paired-binaries"[0m
measure	Build both exact revisions sequentially with the same toolchain	2026-09-12T22:00:59.2502526Z [36;1mgit rev-parse HEAD > "$evidence_directory/harness-revision.txt"[0m
measure	Build both exact revisions sequentially with the same toolchain	2026-09-12T22:00:59.2503447Z [36;1mgit rev-parse --verify --end-of-options "${BEFORE_REF}^{commit}" > "$evidence_directory/before-revision.txt"[0m
measure	Build both exact revisions sequentially with the same toolchain	2026-09-12T22:00:59.2504222Z [36;1mgit rev-parse --verify --end-of-options "${AFTER_REF}^{commit}" > "$evidence_directory/after-revision.txt"[0m
measure	Build both exact revisions sequentially with the same toolchain	2026-09-12T22:00:59.2504809Z [36;1mrustc --version --verbose > "$evidence_directory/rustc.txt"[0m
measure	Build both exact revisions sequentially with the same toolchain	2026-09-12T22:00:59.2505209Z [36;1mlscpu > "$evidence_directory/cpu.txt"[0m
measure	Build both exact revisions sequentially with the same toolchain	2026-09-12T22:00:59.2505536Z [36;1muname -a > "$evidence_directory/kernel.txt"[0m
measure	Build both exact revisions sequentially with the same toolchain	2026-09-12T22:00:59.2505952Z [36;1mdpkg-query -W weston fonts-dejavu-core fonts-noto-color-emoji \[0m
measure	Build both exact revisions sequentially with the same toolchain	2026-09-12T22:00:59.2506578Z [36;1m  libfontconfig1 libfreetype6 libxkbcommon-x11-0 > "$evidence_directory/system-packages.txt"[0m
measure	Build both exact revisions sequentially with the same toolchain	2026-09-12T22:00:59.2507075Z [36;1mfor label in before after; do[0m
measure	Build both exact revisions sequentially with the same toolchain	2026-09-12T22:00:59.2507422Z [36;1m  revision="$(cat "$evidence_directory/$label-revision.txt")"[0m
measure	Build both exact revisions sequentially with the same toolchain	2026-09-12T22:00:59.2507883Z [36;1m  source_directory="$RUNNER_TEMP/kokuban-paired-source-$label"[0m
measure	Build both exact revisions sequentially with the same toolchain	2026-09-12T22:00:59.2508325Z [36;1m  mkdir "$source_directory" "$evidence_directory/$label-build"[0m
measure	Build both exact revisions sequentially with the same toolchain	2026-09-12T22:00:59.2508746Z [36;1m  git archive "$revision" | tar -x -C "$source_directory"[0m
measure	Build both exact revisions sequentially with the same toolchain	2026-09-12T22:00:59.2509180Z [36;1m  # Archives preserve old mtimes: isolate targets so Cargo cannot[0m
measure	Build both exact revisions sequentially with the same toolchain	2026-09-12T22:00:59.2509669Z [36;1m  # reuse the other revision's root binary as an apparently fresh build.[0m
measure	Build both exact revisions sequentially with the same toolchain	2026-09-12T22:00:59.2510215Z [36;1m  cargo build --release --locked --manifest-path "$source_directory/Cargo.toml" \[0m
measure	Build both exact revisions sequentially with the same toolchain	2026-09-12T22:00:59.2510725Z [36;1m    --target-dir "$RUNNER_TEMP/kokuban-paired-build-$label"[0m
measure	Build both exact revisions sequentially with the same toolchain	2026-09-12T22:00:59.2511331Z [36;1m  cp "$RUNNER_TEMP/kokuban-paired-build-$label/release/kokuban" "$RUNNER_TEMP/kokuban-paired-binaries/$label"[0m
measure	Build both exact revisions sequentially with the same toolchain	2026-09-12T22:00:59.2512074Z [36;1m  cp "$source_directory/Cargo.toml" "$source_directory/Cargo.lock" "$evidence_directory/$label-build/"[0m
measure	Build both exact revisions sequentially with the same toolchain	2026-09-12T22:00:59.2512835Z [36;1m  cargo tree --locked --manifest-path "$source_directory/Cargo.toml" > "$evidence_directory/$label-build/cargo-tree.txt"[0m
measure	Build both exact revisions sequentially with the same toolchain	2026-09-12T22:00:59.2513915Z [36;1m  sha256sum "$RUNNER_TEMP/kokuban-paired-binaries/$label" > "$evidence_directory/$label-build/binary-sha256.txt"[0m
measure	Build both exact revisions sequentially with the same toolchain	2026-09-12T22:00:59.2514439Z [36;1mdone[0m
measure	Build both exact revisions sequentially with the same toolchain	2026-09-12T22:00:59.2551263Z shell: /usr/bin/bash --noprofile --norc -e -o pipefail {0}
measure	Build both exact revisions sequentially with the same toolchain	2026-09-12T22:00:59.2551771Z env:
measure	Build both exact revisions sequentially with the same toolchain	2026-09-12T22:00:59.2551962Z   CARGO_INCREMENTAL: 0
measure	Build both exact revisions sequentially with the same toolchain	2026-09-12T22:00:59.2552191Z   CARGO_PROFILE_RELEASE_DEBUG: 0
measure	Build both exact revisions sequentially with the same toolchain	2026-09-12T22:00:59.2552475Z   BEFORE_REF: 469b2ac3fb88509a5ac4bf1769e4b2b3512c1008
measure	Build both exact revisions sequentially with the same toolchain	2026-09-12T22:00:59.2553144Z   AFTER_REF: 74eaad83dbf813cb15bd883b45d52adf0dc729bd
measure	Build both exact revisions sequentially with the same toolchain	2026-09-12T22:00:59.2553461Z   SCREEN: primary
measure	Build both exact revisions sequentially with the same toolchain	2026-09-12T22:00:59.2553659Z ##[endgroup]
measure	Build both exact revisions sequentially with the same toolchain	2026-09-12T22:00:59.3871097Z     Updating crates.io index
measure	Build both exact revisions sequentially with the same toolchain	2026-09-12T22:00:59.9966893Z  Downloading crates ...
measure	Build both exact revisions sequentially with the same toolchain	2026-09-12T22:01:00.0750070Z   Downloaded ahash v0.8.12
measure	Build both exact revisions sequentially with the same toolchain	2026-09-12T22:01:00.0898276Z   Downloaded adler2 v2.0.1
measure	Build both exact revisions sequentially with the same toolchain	2026-09-12T22:01:00.0921567Z   Downloaded anstyle-query v1.1.5
measure	Build both exact revisions sequentially with the same toolchain	2026-09-12T22:01:00.0943742Z   Downloaded cfg-if v1.0.4
measure	Build both exact revisions sequentially with the same toolchain	2026-09-12T22:01:00.0959863Z   Downloaded ab_glyph_rasterizer v0.1.10
measure	Build both exact revisions sequentially with the same toolchain	2026-09-12T22:01:00.1023471Z   Downloaded owned_ttf_parser v0.25.1
measure	Build both exact revisions sequentially with the same toolchain	2026-09-12T22:01:00.1037494Z   Downloaded strict-num v0.1.1
measure	Build both exact revisions sequentially with the same toolchain	2026-09-12T22:01:00.1051131Z   Downloaded serde_derive v1.0.228
measure	Build both exact revisions sequentially with the same toolchain	2026-09-12T22:01:00.1088807Z   Downloaded ab_glyph v0.2.32
measure	Build both exact revisions sequentially with the same toolchain	2026-09-12T22:01:00.1124952Z   Downloaded slab v0.4.12
measure	Build both exact revisions sequentially with the same toolchain	2026-09-12T22:01:00.1142123Z   Downloaded env_filter v1.0.0
measure	Build both exact revisions sequentially with the same toolchain	2026-09-12T22:01:00.1158480Z   Downloaded dirs v6.0.0
measure	Build both exact revisions sequentially with the same toolchain	2026-09-12T22:01:00.1175410Z   Downloaded float-ord v0.3.2
measure	Build both exact revisions sequentially with the same toolchain	2026-09-12T22:01:00.1193475Z   Downloaded smol_str v0.2.2
measure	Build both exact revisions sequentially with the same toolchain	2026-09-12T22:01:00.1211268Z   Downloaded shlex v1.3.0
measure	Build both exact revisions sequentially with the same toolchain	2026-09-12T22:01:00.1227506Z   Downloaded simd-adler32 v0.3.8
measure	Build both exact revisions sequentially with the same toolchain	2026-09-12T22:01:00.1248230Z   Downloaded serde_spanned v1.0.4
measure	Build both exact revisions sequentially with the same toolchain	2026-09-12T22:01:00.1263549Z   Downloaded downcast-rs v1.2.1
measure	Build both exact revisions sequentially with the same toolchain	2026-09-12T22:01:00.1288091Z   Downloaded smallvec v1.15.2
measure	Build both exact revisions sequentially with the same toolchain	2026-09-12T22:01:00.1306579Z   Downloaded scoped-tls v1.0.1
measure	Build both exact revisions sequentially with the same toolchain	2026-09-12T22:01:00.1319586Z   Downloaded unicode-bidi-mirroring v0.4.0
measure	Build both exact revisions sequentially with the same toolchain	2026-09-12T22:01:00.1331120Z   Downloaded foldhash v0.1.5
measure	Build both exact revisions sequentially with the same toolchain	2026-09-12T22:01:00.1346237Z   Downloaded gethostname v1.1.0
measure	Build both exact revisions sequentially with the same toolchain	2026-09-12T22:01:00.1358880Z   Downloaded fixedbitset v0.5.7
measure	Build both exact revisions sequentially with the same toolchain	2026-09-12T22:01:00.1382846Z   Downloaded utf8parse v0.2.2
measure	Build both exact revisions sequentially with the same toolchain	2026-09-12T22:01:00.1395577Z   Downloaded unicode-ccc v0.4.0
measure	Build both exact revisions sequentially with the same toolchain	2026-09-12T22:01:00.1407051Z   Downloaded scopeguard v1.2.0
measure	Build both exact revisions sequentially with the same toolchain	2026-09-12T22:01:00.1421908Z   Downloaded as-raw-xcb-connection v1.0.1
measure	Build both exact revisions sequentially with the same toolchain	2026-09-12T22:01:00.1432999Z   Downloaded pathfinder_geometry v0.5.1
measure	Build both exact revisions sequentially with the same toolchain	2026-09-12T22:01:00.1447597Z   Downloaded os_pipe v1.2.3
measure	Build both exact revisions sequentially with the same toolchain	2026-09-12T22:01:00.1466560Z   Downloaded version_check v0.9.5
measure	Build both exact revisions sequentially with the same toolchain	2026-09-12T22:01:00.1484060Z   Downloaded xkbcommon-dl v0.4.2
measure	Build both exact revisions sequentially with the same toolchain	2026-09-12T22:01:00.1498602Z   Downloaded yeslogic-fontconfig-sys v6.0.0
measure	Build both exact revisions sequentially with the same toolchain	2026-09-12T22:01:00.1509732Z   Downloaded rustc_version v0.4.1
measure	Build both exact revisions sequentially with the same toolchain	2026-09-12T22:01:00.1525813Z   Downloaded lazy_static v1.5.0
measure	Build both exact revisions sequentially with the same toolchain	2026-09-12T22:01:00.1548066Z   Downloaded option-ext v0.2.0
measure	Build both exact revisions sequentially with the same toolchain	2026-09-12T22:01:00.1561108Z   Downloaded semver v1.0.27
measure	Build both exact revisions sequentially with the same toolchain	2026-09-12T22:01:00.1590462Z   Downloaded wayland-sys v0.31.11
measure	Build both exact revisions sequentially with the same toolchain	2026-09-12T22:01:00.1605357Z   Downloaded wayland-csd-frame v0.3.0
measure	Build both exact revisions sequentially with the same toolchain	2026-09-12T22:01:00.1620360Z   Downloaded xcursor v0.3.11
measure	Build both exact revisions sequentially with the same toolchain	2026-09-12T22:01:00.1634387Z   Downloaded raw-window-handle v0.6.2
measure	Build both exact revisions sequentially with the same toolchain	2026-09-12T22:01:00.1659649Z   Downloaded wayland-protocols-wlr v0.3.12
measure	Build both exact revisions sequentially with the same toolchain	2026-09-12T22:01:00.1687182Z   Downloaded toml_datetime v1.0.1+spec-1.1.0
measure	Build both exact revisions sequentially with the same toolchain	2026-09-12T22:01:00.1706527Z   Downloaded walkdir v2.5.0
measure	Build both exact revisions sequentially with the same toolchain	2026-09-12T22:01:00.1729838Z   Downloaded toml_writer v1.0.7+spec-1.1.0
measure	Build both exact revisions sequentially with the same toolchain	2026-09-12T22:01:00.1750610Z   Downloaded wayland-cursor v0.31.14
measure	Build both exact revisions sequentially with the same toolchain	2026-09-12T22:01:00.1760727Z   Downloaded thiserror-impl v2.0.18
measure	Build both exact revisions sequentially with the same toolchain	2026-09-12T22:01:00.1781812Z   Downloaded tiny-xlib v0.2.5
measure	Build both exact revisions sequentially with the same toolchain	2026-09-12T22:01:00.1817448Z   Downloaded wl-clipboard-rs v0.9.3
measure	Build both exact revisions sequentially with the same toolchain	2026-09-12T22:01:00.1847688Z   Downloaded x11-dl v2.21.0
measure	Build both exact revisions sequentially with the same toolchain	2026-09-12T22:01:00.1887208Z   Downloaded unicode-ident v1.0.24
measure	Build both exact revisions sequentially with the same toolchain	2026-09-12T22:01:00.1925434Z   Downloaded wayland-protocols-plasma v0.3.12
measure	Build both exact revisions sequentially with the same toolchain	2026-09-12T22:01:00.1985698Z   Downloaded xkeysym v0.2.1
measure	Build both exact revisions sequentially with the same toolchain	2026-09-12T22:01:00.2022762Z   Downloaded hashbrown v0.16.1
measure	Build both exact revisions sequentially with the same toolchain	2026-09-12T22:01:00.2083269Z   Downloaded smithay-client-toolkit v0.19.2
measure	Build both exact revisions sequentially with the same toolchain	2026-09-12T22:01:00.2153549Z   Downloaded unicode-segmentation v1.13.3
measure	Build both exact revisions sequentially with the same toolchain	2026-09-12T22:01:00.2188219Z   Downloaded wayland-protocols v0.32.13
measure	Build both exact revisions sequentially with the same toolchain	2026-09-12T22:01:00.2280346Z   Downloaded winnow v1.0.0
measure	Build both exact revisions sequentially with the same toolchain	2026-09-12T22:01:00.2383361Z   Downloaded quick-xml v0.41.0
measure	Build both exact revisions sequentially with the same toolchain	2026-09-12T22:01:00.2452545Z   Downloaded x11rb v0.13.2
measure	Build both exact revisions sequentially with the same toolchain	2026-09-12T22:01:00.2542702Z   Downloaded rustybuzz v0.20.1
measure	Build both exact revisions sequentially with the same toolchain	2026-09-12T22:01:00.2645658Z   Downloaded ttf-parser v0.25.1
measure	Build both exact revisions sequentially with the same toolchain	2026-09-12T22:01:00.2745278Z   Downloaded zerocopy v0.8.56
measure	Build both exact revisions sequentially with the same toolchain	2026-09-12T22:01:00.2965083Z   Downloaded nix v0.29.0
measure	Build both exact revisions sequentially with the same toolchain	2026-09-12T22:01:00.3078580Z   Downloaded unicode-width v0.2.2
measure	Build both exact revisions sequentially with the same toolchain	2026-09-12T22:01:00.3140307Z   Downloaded rustix v0.38.44
measure	Build both exact revisions sequentially with the same toolchain	2026-09-12T22:01:00.3410163Z   Downloaded regex-syntax v0.8.10
measure	Build both exact revisions sequentially with the same toolchain	2026-09-12T22:01:00.3478348Z   Downloaded syn v2.0.117
measure	Build both exact revisions sequentially with the same toolchain	2026-09-12T22:01:00.3585536Z   Downloaded rustix v1.1.4
measure	Build both exact revisions sequentially with the same toolchain	2026-09-12T22:01:00.3861480Z   Downloaded tiny-skia v0.11.4
measure	Build both exact revisions sequentially with the same toolchain	2026-09-12T22:01:00.3998670Z   Downloaded regex v1.12.3
measure	Build both exact revisions sequentially with the same toolchain	2026-09-12T22:01:00.4054053Z   Downloaded libm v0.2.16
measure	Build both exact revisions sequentially with the same toolchain	2026-09-12T22:01:00.4169326Z   Downloaded tracing v0.1.44
measure	Build both exact revisions sequentially with the same toolchain	2026-09-12T22:01:00.4329438Z   Downloaded hashbrown v0.15.5
measure	Build both exact revisions sequentially with the same toolchain	2026-09-12T22:01:00.4380142Z   Downloaded x11rb-protocol v0.13.2
measure	Build both exact revisions sequentially with the same toolchain	2026-09-12T22:01:00.4505845Z   Downloaded png v0.17.16
measure	Build both exact revisions sequentially with the same toolchain	2026-09-12T22:01:00.4545906Z   Downloaded nom v8.0.0
measure	Build both exact revisions sequentially with the same toolchain	2026-09-12T22:01:00.4603854Z   Downloaded regex-automata v0.4.14
measure	Build both exact revisions sequentially with the same toolchain	2026-09-12T22:01:00.4744193Z   Downloaded aho-corasick v1.1.4
measure	Build both exact revisions sequentially with the same toolchain	2026-09-12T22:01:00.4797169Z   Downloaded winit v0.30.13
measure	Build both exact revisions sequentially with the same toolchain	2026-09-12T22:01:00.5012211Z   Downloaded wayland-client v0.31.15
measure	Build both exact revisions sequentially with the same toolchain	2026-09-12T22:01:00.5033297Z   Downloaded wayland-backend v0.3.17
measure	Build both exact revisions sequentially with the same toolchain	2026-09-12T22:01:00.5074996Z   Downloaded unicode-script v0.5.8
measure	Build both exact revisions sequentially with the same toolchain	2026-09-12T22:01:00.5093983Z   Downloaded indexmap v2.13.0
measure	Build both exact revisions sequentially with the same toolchain	2026-09-12T22:01:00.5151724Z   Downloaded cc v1.2.57
measure	Build both exact revisions sequentially with the same toolchain	2026-09-12T22:01:00.5200729Z   Downloaded tracing-core v0.1.36
measure	Build both exact revisions sequentially with the same toolchain	2026-09-12T22:01:00.5241619Z   Downloaded toml v1.0.7+spec-1.1.0
measure	Build both exact revisions sequentially with the same toolchain	2026-09-12T22:01:00.5308214Z   Downloaded serde v1.0.228
measure	Build both exact revisions sequentially with the same toolchain	2026-09-12T22:01:00.5350495Z   Downloaded petgraph v0.8.3
measure	Build both exact revisions sequentially with the same toolchain	2026-09-12T22:01:00.5559844Z   Downloaded libc v0.2.183
measure	Build both exact revisions sequentially with the same toolchain	2026-09-12T22:01:00.5951359Z   Downloaded jiff v0.2.23
measure	Build both exact revisions sequentially with the same toolchain	2026-09-12T22:01:00.6115929Z   Downloaded flate2 v1.1.9
measure	Build both exact revisions sequentially with the same toolchain	2026-09-12T22:01:00.6166628Z   Downloaded toml_parser v1.0.10+spec-1.1.0
measure	Build both exact revisions sequentially with the same toolchain	2026-09-12T22:01:00.6189494Z   Downloaded tiny-skia-path v0.11.4
measure	Build both exact revisions sequentially with the same toolchain	2026-09-12T22:01:00.6209772Z   Downloaded miniz_oxide v0.8.9
measure	Build both exact revisions sequentially with the same toolchain	2026-09-12T22:01:00.6234923Z   Downloaded memchr v2.8.0
measure	Build both exact revisions sequentially with the same toolchain	2026-09-12T22:01:00.6289820Z   Downloaded font-kit v0.14.3
measure	Build both exact revisions sequentially with the same toolchain	2026-09-12T22:01:00.6329190Z   Downloaded calloop v0.13.0
measure	Build both exact revisions sequentially with the same toolchain	2026-09-12T22:01:00.6362648Z   Downloaded bytemuck v1.25.2
measure	Build both exact revisions sequentially with the same toolchain	2026-09-12T22:01:00.6395414Z   Downloaded base64 v0.22.1
measure	Build both exact revisions sequentially with the same toolchain	2026-09-12T22:01:00.6434140Z   Downloaded wayland-scanner v0.31.11
measure	Build both exact revisions sequentially with the same toolchain	2026-09-12T22:01:00.6455562Z   Downloaded sctk-adwaita v0.10.1
measure	Build both exact revisions sequentially with the same toolchain	2026-09-12T22:01:00.6481273Z   Downloaded proc-macro2 v1.0.106
measure	Build both exact revisions sequentially with the same toolchain	2026-09-12T22:01:00.6512607Z   Downloaded serde_core v1.0.228
measure	Build both exact revisions sequentially with the same toolchain	2026-09-12T22:01:00.6540919Z   Downloaded polling v3.11.0
measure	Build both exact revisions sequentially with the same toolchain	2026-09-12T22:01:00.6571959Z   Downloaded log v0.4.29
measure	Build both exact revisions sequentially with the same toolchain	2026-09-12T22:01:00.6597414Z   Downloaded bitflags v2.11.0
measure	Build both exact revisions sequentially with the same toolchain	2026-09-12T22:01:00.6641662Z   Downloaded unicode-properties v0.1.4
measure	Build both exact revisions sequentially with the same toolchain	2026-09-12T22:01:00.6662120Z   Downloaded thiserror v1.0.69
measure	Build both exact revisions sequentially with the same toolchain	2026-09-12T22:01:00.6719743Z   Downloaded getrandom v0.3.4
measure	Build both exact revisions sequentially with the same toolchain	2026-09-12T22:01:00.6754899Z   Downloaded arboard v3.6.1
measure	Build both exact revisions sequentially with the same toolchain	2026-09-12T22:01:00.6782315Z   Downloaded softbuffer v0.4.8
measure	Build both exact revisions sequentially with the same toolchain	2026-09-12T22:01:00.6814853Z   Downloaded parking_lot v0.12.5
measure	Build both exact revisions sequentially with the same toolchain	2026-09-12T22:01:00.6841156Z   Downloaded thiserror-impl v1.0.69
measure	Build both exact revisions sequentially with the same toolchain	2026-09-12T22:01:00.6855491Z   Downloaded quote v1.0.45
measure	Build both exact revisions sequentially with the same toolchain	2026-09-12T22:01:00.6883749Z   Downloaded parking_lot_core v0.9.12
measure	Build both exact revisions sequentially with the same toolchain	2026-09-12T22:01:00.6905310Z   Downloaded memmap2 v0.9.11
measure	Build both exact revisions sequentially with the same toolchain	2026-09-12T22:01:00.6923630Z   Downloaded thiserror v2.0.18
measure	Build both exact revisions sequentially with the same toolchain	2026-09-12T22:01:00.6992449Z   Downloaded crc32fast v1.5.0
measure	Build both exact revisions sequentially with the same toolchain	2026-09-12T22:01:00.7012923Z   Downloaded arrayvec v0.7.8
measure	Build both exact revisions sequentially with the same toolchain	2026-09-12T22:01:00.7034820Z   Downloaded once_cell v1.21.4
measure	Build both exact revisions sequentially with the same toolchain	2026-09-12T22:01:00.7061150Z   Downloaded pkg-config v0.3.32
measure	Build both exact revisions sequentially with the same toolchain	2026-09-12T22:01:00.7077838Z   Downloaded pin-project-lite v0.2.17
measure	Build both exact revisions sequentially with the same toolchain	2026-09-12T22:01:00.7138046Z   Downloaded pathfinder_simd v0.5.5
measure	Build both exact revisions sequentially with the same toolchain	2026-09-12T22:01:00.7158806Z   Downloaded lock_api v0.4.14
measure	Build both exact revisions sequentially with the same toolchain	2026-09-12T22:01:00.7172484Z   Downloaded tree_magic_mini v3.2.2
measure	Build both exact revisions sequentially with the same toolchain	2026-09-12T22:01:00.7191325Z   Downloaded same-file v1.0.6
measure	Build both exact revisions sequentially with the same toolchain	2026-09-12T22:01:00.7205723Z   Downloaded jobserver v0.1.35
measure	Build both exact revisions sequentially with the same toolchain	2026-09-12T22:01:00.7225811Z   Downloaded fdeflate v0.3.7
measure	Build both exact revisions sequentially with the same toolchain	2026-09-12T22:01:00.7242940Z   Downloaded ctor v0.10.1
measure	Build both exact revisions sequentially with the same toolchain	2026-09-12T22:01:00.7256309Z   Downloaded libloading v0.8.9
measure	Build both exact revisions sequentially with the same toolchain	2026-09-12T22:01:00.7280245Z   Downloaded fastrand v2.5.0
measure	Build both exact revisions sequentially with the same toolchain	2026-09-12T22:01:00.7294870Z   Downloaded bitflags v1.3.2
measure	Build both exact revisions sequentially with the same toolchain	2026-09-12T22:01:00.7328190Z   Downloaded percent-encoding v2.3.2
measure	Build both exact revisions sequentially with the same toolchain	2026-09-12T22:01:00.7337957Z   Downloaded find-msvc-tools v0.1.9
measure	Build both exact revisions sequentially with the same toolchain	2026-09-12T22:01:00.7354734Z   Downloaded dtor v0.8.1
measure	Build both exact revisions sequentially with the same toolchain	2026-09-12T22:01:00.7366250Z   Downloaded byteorder v1.5.0
measure	Build both exact revisions sequentially with the same toolchain	2026-09-12T22:01:00.7383068Z   Downloaded anstream v0.6.21
measure	Build both exact revisions sequentially with the same toolchain	2026-09-12T22:01:00.7403262Z   Downloaded dpi v0.1.2
measure	Build both exact revisions sequentially with the same toolchain	2026-09-12T22:01:00.7414698Z   Downloaded is_terminal_polyfill v1.70.2
measure	Build both exact revisions sequentially with the same toolchain	2026-09-12T22:01:00.7424742Z   Downloaded equivalent v1.0.2
measure	Build both exact revisions sequentially with the same toolchain	2026-09-12T22:01:00.7435840Z   Downloaded dirs-sys v0.5.0
measure	Build both exact revisions sequentially with the same toolchain	2026-09-12T22:01:00.7448070Z   Downloaded cfg_aliases v0.2.1
measure	Build both exact revisions sequentially with the same toolchain	2026-09-12T22:01:00.7458335Z   Downloaded env_logger v0.11.9
measure	Build both exact revisions sequentially with the same toolchain	2026-09-12T22:01:00.7481127Z   Downloaded anstyle-parse v0.2.7
measure	Build both exact revisions sequentially with the same toolchain	2026-09-12T22:01:00.7497916Z   Downloaded anstyle v1.0.14
measure	Build both exact revisions sequentially with the same toolchain	2026-09-12T22:01:00.7513940Z   Downloaded arrayref v0.3.9
measure	Build both exact revisions sequentially with the same toolchain	2026-09-12T22:01:00.7527621Z   Downloaded errno v0.3.14
measure	Build both exact revisions sequentially with the same toolchain	2026-09-12T22:01:00.7543941Z   Downloaded dlib v0.5.3
measure	Build both exact revisions sequentially with the same toolchain	2026-09-12T22:01:00.7554614Z   Downloaded core_maths v0.1.1
measure	Build both exact revisions sequentially with the same toolchain	2026-09-12T22:01:00.7563218Z   Downloaded cursor-icon v1.2.0
measure	Build both exact revisions sequentially with the same toolchain	2026-09-12T22:01:00.7576741Z   Downloaded calloop-wayland-source v0.3.0
measure	Build both exact revisions sequentially with the same toolchain	2026-09-12T22:01:00.7589689Z   Downloaded colorchoice v1.0.5
measure	Build both exact revisions sequentially with the same toolchain	2026-09-12T22:01:00.7609588Z   Downloaded linux-raw-sys v0.4.15
measure	Build both exact revisions sequentially with the same toolchain	2026-09-12T22:01:00.8070684Z   Downloaded linux-raw-sys v0.12.1
measure	Build both exact revisions sequentially with the same toolchain	2026-09-12T22:01:00.8700934Z   Downloaded freetype-sys v0.20.1
measure	Build both exact revisions sequentially with the same toolchain	2026-09-12T22:01:01.0165025Z    Compiling cfg-if v1.0.4
measure	Build both exact revisions sequentially with the same toolchain	2026-09-12T22:01:01.0165716Z    Compiling pkg-config v0.3.32
measure	Build both exact revisions sequentially with the same toolchain	2026-09-12T22:01:01.0182333Z    Compiling bitflags v2.11.0
measure	Build both exact revisions sequentially with the same toolchain	2026-09-12T22:01:01.0194838Z    Compiling proc-macro2 v1.0.106
measure	Build both exact revisions sequentially with the same toolchain	2026-09-12T22:01:01.0519927Z    Compiling unicode-ident v1.0.24
measure	Build both exact revisions sequentially with the same toolchain	2026-09-12T22:01:01.1164561Z    Compiling log v0.4.29
measure	Build both exact revisions sequentially with the same toolchain	2026-09-12T22:01:01.2893357Z    Compiling quote v1.0.45
measure	Build both exact revisions sequentially with the same toolchain	2026-09-12T22:01:01.3394409Z    Compiling shlex v1.3.0
measure	Build both exact revisions sequentially with the same toolchain	2026-09-12T22:01:01.4256087Z    Compiling find-msvc-tools v0.1.9
measure	Build both exact revisions sequentially with the same toolchain	2026-09-12T22:01:01.4604263Z    Compiling libloading v0.8.9
measure	Build both exact revisions sequentially with the same toolchain	2026-09-12T22:01:01.4794585Z    Compiling once_cell v1.21.4
measure	Build both exact revisions sequentially with the same toolchain	2026-09-12T22:01:01.5864077Z    Compiling cc v1.2.57
measure	Build both exact revisions sequentially with the same toolchain	2026-09-12T22:01:01.6369007Z    Compiling libc v0.2.183
measure	Build both exact revisions sequentially with the same toolchain	2026-09-12T22:01:01.6580145Z    Compiling rustix v1.1.4
measure	Build both exact revisions sequentially with the same toolchain	2026-09-12T22:01:01.9893891Z    Compiling linux-raw-sys v0.12.1
measure	Build both exact revisions sequentially with the same toolchain	2026-09-12T22:01:02.0754092Z    Compiling dlib v0.5.3
measure	Build both exact revisions sequentially with the same toolchain	2026-09-12T22:01:02.1288822Z    Compiling smallvec v1.15.2
measure	Build both exact revisions sequentially with the same toolchain	2026-09-12T22:01:02.3254575Z    Compiling wayland-sys v0.31.11
measure	Build both exact revisions sequentially with the same toolchain	2026-09-12T22:01:02.9855742Z    Compiling wayland-backend v0.3.17
measure	Build both exact revisions sequentially with the same toolchain	2026-09-12T22:01:02.9896116Z    Compiling memchr v2.8.0
measure	Build both exact revisions sequentially with the same toolchain	2026-09-12T22:01:03.1061659Z    Compiling scoped-tls v1.0.1
measure	Build both exact revisions sequentially with the same toolchain	2026-09-12T22:01:03.1644023Z    Compiling downcast-rs v1.2.1
measure	Build both exact revisions sequentially with the same toolchain	2026-09-12T22:01:03.2047044Z    Compiling syn v2.0.117
measure	Build both exact revisions sequentially with the same toolchain	2026-09-12T22:01:03.4623546Z    Compiling quick-xml v0.41.0
measure	Build both exact revisions sequentially with the same toolchain	2026-09-12T22:01:03.6074486Z    Compiling wayland-client v0.31.15
measure	Build both exact revisions sequentially with the same toolchain	2026-09-12T22:01:04.4584046Z    Compiling wayland-scanner v0.31.11
measure	Build both exact revisions sequentially with the same toolchain	2026-09-12T22:01:04.9247127Z    Compiling libm v0.2.16
measure	Build both exact revisions sequentially with the same toolchain	2026-09-12T22:01:05.6094086Z    Compiling rustix v0.38.44
measure	Build both exact revisions sequentially with the same toolchain	2026-09-12T22:01:05.8114846Z    Compiling thiserror v1.0.69
measure	Build both exact revisions sequentially with the same toolchain	2026-09-12T22:01:05.9994831Z    Compiling thiserror-impl v1.0.69
measure	Build both exact revisions sequentially with the same toolchain	2026-09-12T22:01:06.0224418Z    Compiling serde_core v1.0.228
measure	Build both exact revisions sequentially with the same toolchain	2026-09-12T22:01:06.1974497Z    Compiling core_maths v0.1.1
measure	Build both exact revisions sequentially with the same toolchain	2026-09-12T22:01:06.2484104Z    Compiling cfg_aliases v0.2.1
measure	Build both exact revisions sequentially with the same toolchain	2026-09-12T22:01:06.2844292Z    Compiling bytemuck v1.25.2
measure	Build both exact revisions sequentially with the same toolchain	2026-09-12T22:01:06.5214271Z    Compiling semver v1.0.27
measure	Build both exact revisions sequentially with the same toolchain	2026-09-12T22:01:06.7704339Z    Compiling linux-raw-sys v0.4.15
measure	Build both exact revisions sequentially with the same toolchain	2026-09-12T22:01:07.1164932Z    Compiling rustc_version v0.4.1
measure	Build both exact revisions sequentially with the same toolchain	2026-09-12T22:01:07.2604121Z    Compiling ttf-parser v0.25.1
measure	Build both exact revisions sequentially with the same toolchain	2026-09-12T22:01:07.3654056Z    Compiling equivalent v1.0.2
measure	Build both exact revisions sequentially with the same toolchain	2026-09-12T22:01:07.4024211Z    Compiling hashbrown v0.16.1
measure	Build both exact revisions sequentially with the same toolchain	2026-09-12T22:01:11.5624425Z    Compiling polling v3.11.0
measure	Build both exact revisions sequentially with the same toolchain	2026-09-12T22:01:11.8694143Z    Compiling as-raw-xcb-connection v1.0.1
measure	Build both exact revisions sequentially with the same toolchain	2026-09-12T22:01:11.9023852Z    Compiling slab v0.4.12
measure	Build both exact revisions sequentially with the same toolchain	2026-09-12T22:01:12.0313887Z    Compiling foldhash v0.1.5
measure	Build both exact revisions sequentially with the same toolchain	2026-09-12T22:01:12.1864338Z    Compiling hashbrown v0.15.5
measure	Build both exact revisions sequentially with the same toolchain	2026-09-12T22:01:12.8392786Z    Compiling calloop v0.13.0
measure	Build both exact revisions sequentially with the same toolchain	2026-09-12T22:01:13.5414526Z    Compiling wayland-protocols v0.32.13
measure	Build both exact revisions sequentially with the same toolchain	2026-09-12T22:01:13.5558626Z    Compiling indexmap v2.13.0
measure	Build both exact revisions sequentially with the same toolchain	2026-09-12T22:01:13.9814019Z    Compiling gethostname v1.1.0
measure	Build both exact revisions sequentially with the same toolchain	2026-09-12T22:01:14.3946490Z    Compiling pathfinder_simd v0.5.5
measure	Build both exact revisions sequentially with the same toolchain	2026-09-12T22:01:14.4894822Z    Compiling aho-corasick v1.1.4
measure	Build both exact revisions sequentially with the same toolchain	2026-09-12T22:01:16.6324092Z    Compiling memmap2 v0.9.11
measure	Build both exact revisions sequentially with the same toolchain	2026-09-12T22:01:16.8890491Z    Compiling freetype-sys v0.20.1
measure	Build both exact revisions sequentially with the same toolchain	2026-09-12T22:01:17.0154078Z    Compiling yeslogic-fontconfig-sys v6.0.0
measure	Build both exact revisions sequentially with the same toolchain	2026-09-12T22:01:17.1024941Z    Compiling regex-syntax v0.8.10
measure	Build both exact revisions sequentially with the same toolchain	2026-09-12T22:01:17.3594603Z    Compiling cursor-icon v1.2.0
measure	Build both exact revisions sequentially with the same toolchain	2026-09-12T22:01:17.4454066Z    Compiling parking_lot_core v0.9.12
measure	Build both exact revisions sequentially with the same toolchain	2026-09-12T22:01:17.5614732Z    Compiling smithay-client-toolkit v0.19.2
measure	Build both exact revisions sequentially with the same toolchain	2026-09-12T22:01:17.6424285Z    Compiling fixedbitset v0.5.7
measure	Build both exact revisions sequentially with the same toolchain	2026-09-12T22:01:18.1054226Z    Compiling x11rb-protocol v0.13.2
measure	Build both exact revisions sequentially with the same toolchain	2026-09-12T22:01:21.3283977Z    Compiling wayland-protocols-wlr v0.3.12
measure	Build both exact revisions sequentially with the same toolchain	2026-09-12T22:01:24.2434242Z    Compiling thiserror v2.0.18
measure	Build both exact revisions sequentially with the same toolchain	2026-09-12T22:01:24.4384262Z    Compiling simd-adler32 v0.3.8
measure	Build both exact revisions sequentially with the same toolchain	2026-09-12T22:01:24.6874161Z    Compiling crc32fast v1.5.0
measure	Build both exact revisions sequentially with the same toolchain	2026-09-12T22:01:24.8094800Z    Compiling version_check v0.9.5
measure	Build both exact revisions sequentially with the same toolchain	2026-09-12T22:01:25.0274136Z    Compiling zerocopy v0.8.56
measure	Build both exact revisions sequentially with the same toolchain	2026-09-12T22:01:25.2494513Z    Compiling tracing-core v0.1.36
measure	Build both exact revisions sequentially with the same toolchain	2026-09-12T22:01:26.0314219Z    Compiling getrandom v0.3.4
measure	Build both exact revisions sequentially with the same toolchain	2026-09-12T22:01:26.2154396Z    Compiling pin-project-lite v0.2.17
measure	Build both exact revisions sequentially with the same toolchain	2026-09-12T22:01:26.2564705Z    Compiling xcursor v0.3.11
measure	Build both exact revisions sequentially with the same toolchain	2026-09-12T22:01:26.2593932Z    Compiling xkeysym v0.2.1
measure	Build both exact revisions sequentially with the same toolchain	2026-09-12T22:01:27.1723718Z    Compiling arrayref v0.3.9
measure	Build both exact revisions sequentially with the same toolchain	2026-09-12T22:01:27.2033998Z    Compiling strict-num v0.1.1
measure	Build both exact revisions sequentially with the same toolchain	2026-09-12T22:01:27.2854256Z    Compiling tiny-skia-path v0.11.4
measure	Build both exact revisions sequentially with the same toolchain	2026-09-12T22:01:28.8824273Z    Compiling wayland-cursor v0.31.14
measure	Build both exact revisions sequentially with the same toolchain	2026-09-12T22:01:28.9664253Z    Compiling tracing v0.1.44
measure	Build both exact revisions sequentially with the same toolchain	2026-09-12T22:01:29.1904031Z    Compiling ahash v0.8.12
measure	Build both exact revisions sequentially with the same toolchain	2026-09-12T22:01:29.3464242Z    Compiling regex-automata v0.4.14
measure	Build both exact revisions sequentially with the same toolchain	2026-09-12T22:01:29.6194434Z    Compiling x11rb v0.13.2
measure	Build both exact revisions sequentially with the same toolchain	2026-09-12T22:01:32.9674581Z    Compiling petgraph v0.8.3
measure	Build both exact revisions sequentially with the same toolchain	2026-09-12T22:01:35.2654487Z    Compiling wayland-csd-frame v0.3.0
measure	Build both exact revisions sequentially with the same toolchain	2026-09-12T22:01:35.6104448Z    Compiling calloop-wayland-source v0.3.0
measure	Build both exact revisions sequentially with the same toolchain	2026-09-12T22:01:35.6374438Z    Compiling owned_ttf_parser v0.25.1
measure	Build both exact revisions sequentially with the same toolchain	2026-09-12T22:01:35.6894038Z    Compiling thiserror-impl v2.0.18
measure	Build both exact revisions sequentially with the same toolchain	2026-09-12T22:01:35.9133876Z    Compiling nom v8.0.0
measure	Build both exact revisions sequentially with the same toolchain	2026-09-12T22:01:36.8544264Z    Compiling tiny-xlib v0.2.5
measure	Build both exact revisions sequentially with the same toolchain	2026-09-12T22:01:36.9884369Z    Compiling x11-dl v2.21.0
measure	Build both exact revisions sequentially with the same toolchain	2026-09-12T22:01:37.1043960Z    Compiling arrayvec v0.7.8
measure	Build both exact revisions sequentially with the same toolchain	2026-09-12T22:01:37.2944459Z    Compiling option-ext v0.2.0
measure	Build both exact revisions sequentially with the same toolchain	2026-09-12T22:01:37.3303815Z    Compiling ab_glyph_rasterizer v0.1.10
measure	Build both exact revisions sequentially with the same toolchain	2026-09-12T22:01:37.5384054Z    Compiling adler2 v2.0.1
measure	Build both exact revisions sequentially with the same toolchain	2026-09-12T22:01:37.6283381Z    Compiling utf8parse v0.2.2
measure	Build both exact revisions sequentially with the same toolchain	2026-09-12T22:01:37.6814476Z    Compiling scopeguard v1.2.0
measure	Build both exact revisions sequentially with the same toolchain	2026-09-12T22:01:37.7224419Z    Compiling lock_api v0.4.14
measure	Build both exact revisions sequentially with the same toolchain	2026-09-12T22:01:37.9234404Z    Compiling anstyle-parse v0.2.7
measure	Build both exact revisions sequentially with the same toolchain	2026-09-12T22:01:38.0654132Z    Compiling miniz_oxide v0.8.9
measure	Build both exact revisions sequentially with the same toolchain	2026-09-12T22:01:39.4713900Z    Compiling tree_magic_mini v3.2.2
measure	Build both exact revisions sequentially with the same toolchain	2026-09-12T22:01:39.7814194Z    Compiling ab_glyph v0.2.32
measure	Build both exact revisions sequentially with the same toolchain	2026-09-12T22:01:41.0044129Z    Compiling dirs-sys v0.5.0
measure	Build both exact revisions sequentially with the same toolchain	2026-09-12T22:01:41.5424813Z    Compiling tiny-skia v0.11.4
measure	Build both exact revisions sequentially with the same toolchain	2026-09-12T22:01:43.2854412Z    Compiling regex v1.12.3
measure	Build both exact revisions sequentially with the same toolchain	2026-09-12T22:01:45.6894376Z    Compiling nix v0.29.0
measure	Build both exact revisions sequentially with the same toolchain	2026-09-12T22:01:45.9164463Z    Compiling winit v0.30.13
measure	Build both exact revisions sequentially with the same toolchain	2026-09-12T22:01:46.1344009Z    Compiling os_pipe v1.2.3
measure	Build both exact revisions sequentially with the same toolchain	2026-09-12T22:01:46.2264394Z    Compiling font-kit v0.14.3
measure	Build both exact revisions sequentially with the same toolchain	2026-09-12T22:01:46.3014268Z    Compiling anstyle v1.0.14
measure	Build both exact revisions sequentially with the same toolchain	2026-09-12T22:01:46.5084695Z    Compiling same-file v1.0.6
measure	Build both exact revisions sequentially with the same toolchain	2026-09-12T22:01:46.6024467Z    Compiling raw-window-handle v0.6.2
measure	Build both exact revisions sequentially with the same toolchain	2026-09-12T22:01:46.8304513Z    Compiling colorchoice v1.0.5
measure	Build both exact revisions sequentially with the same toolchain	2026-09-12T22:01:46.8814427Z    Compiling serde v1.0.228
measure	Build both exact revisions sequentially with the same toolchain	2026-09-12T22:01:47.0474428Z    Compiling percent-encoding v2.3.2
measure	Build both exact revisions sequentially with the same toolchain	2026-09-12T22:01:47.2502368Z    Compiling ctor v0.10.1
measure	Build both exact revisions sequentially with the same toolchain	2026-09-12T22:01:47.2884540Z    Compiling anstyle-query v1.1.5
measure	Build both exact revisions sequentially with the same toolchain	2026-09-12T22:01:47.3342681Z    Compiling winnow v1.0.0
measure	Build both exact revisions sequentially with the same toolchain	2026-09-12T22:01:47.7634225Z    Compiling is_terminal_polyfill v1.70.2
measure	Build both exact revisions sequentially with the same toolchain	2026-09-12T22:01:47.7989544Z    Compiling anstream v0.6.21
measure	Build both exact revisions sequentially with the same toolchain	2026-09-12T22:01:47.8180706Z    Compiling toml_parser v1.0.10+spec-1.1.0
measure	Build both exact revisions sequentially with the same toolchain	2026-09-12T22:01:48.7699047Z    Compiling walkdir v2.5.0
measure	Build both exact revisions sequentially with the same toolchain	2026-09-12T22:01:49.2773950Z    Compiling wl-clipboard-rs v0.9.3
measure	Build both exact revisions sequentially with the same toolchain	2026-09-12T22:01:49.3549502Z    Compiling flate2 v1.1.9
measure	Build both exact revisions sequentially with the same toolchain	2026-09-12T22:01:49.5894257Z    Compiling sctk-adwaita v0.10.1
measure	Build both exact revisions sequentially with the same toolchain	2026-09-12T22:01:49.8944266Z    Compiling env_filter v1.0.0
measure	Build both exact revisions sequentially with the same toolchain	2026-09-12T22:01:50.9576428Z    Compiling parking_lot v0.12.5
measure	Build both exact revisions sequentially with the same toolchain	2026-09-12T22:01:51.5524549Z    Compiling pathfinder_geometry v0.5.1
measure	Build both exact revisions sequentially with the same toolchain	2026-09-12T22:01:51.9104099Z    Compiling dirs v6.0.0
measure	Build both exact revisions sequentially with the same toolchain	2026-09-12T22:01:52.3184280Z    Compiling xkbcommon-dl v0.4.2
measure	Build both exact revisions sequentially with the same toolchain	2026-09-12T22:01:53.3814472Z    Compiling fdeflate v0.3.7
measure	Build both exact revisions sequentially with the same toolchain	2026-09-12T22:01:54.3574513Z    Compiling wayland-protocols-plasma v0.3.12
measure	Build both exact revisions sequentially with the same toolchain	2026-09-12T22:01:55.2884389Z    Compiling toml_datetime v1.0.1+spec-1.1.0
measure	Build both exact revisions sequentially with the same toolchain	2026-09-12T22:01:55.6883870Z    Compiling serde_spanned v1.0.4
measure	Build both exact revisions sequentially with the same toolchain	2026-09-12T22:01:55.7594571Z    Compiling serde_derive v1.0.228
measure	Build both exact revisions sequentially with the same toolchain	2026-09-12T22:01:56.1543800Z    Compiling bitflags v1.3.2
measure	Build both exact revisions sequentially with the same toolchain	2026-09-12T22:01:56.1873992Z    Compiling unicode-properties v0.1.4
measure	Build both exact revisions sequentially with the same toolchain	2026-09-12T22:01:56.3484393Z    Compiling byteorder v1.5.0
measure	Build both exact revisions sequentially with the same toolchain	2026-09-12T22:01:56.5614563Z    Compiling float-ord v0.3.2
measure	Build both exact revisions sequentially with the same toolchain	2026-09-12T22:01:56.6074664Z    Compiling unicode-ccc v0.4.0
measure	Build both exact revisions sequentially with the same toolchain	2026-09-12T22:01:56.7264194Z    Compiling unicode-script v0.5.8
measure	Build both exact revisions sequentially with the same toolchain	2026-09-12T22:01:57.2574056Z    Compiling fastrand v2.5.0
measure	Build both exact revisions sequentially with the same toolchain	2026-09-12T22:01:57.4744002Z    Compiling jiff v0.2.23
measure	Build both exact revisions sequentially with the same toolchain	2026-09-12T22:01:58.8094170Z    Compiling dpi v0.1.2
measure	Build both exact revisions sequentially with the same toolchain	2026-09-12T22:01:58.9474095Z    Compiling smol_str v0.2.2
measure	Build both exact revisions sequentially with the same toolchain	2026-09-12T22:01:59.1923870Z    Compiling toml_writer v1.0.7+spec-1.1.0
measure	Build both exact revisions sequentially with the same toolchain	2026-09-12T22:01:59.3984604Z    Compiling lazy_static v1.5.0
measure	Build both exact revisions sequentially with the same toolchain	2026-09-12T22:01:59.4379059Z    Compiling unicode-bidi-mirroring v0.4.0
measure	Build both exact revisions sequentially with the same toolchain	2026-09-12T22:01:59.5062846Z    Compiling rustybuzz v0.20.1
measure	Build both exact revisions sequentially with the same toolchain	2026-09-12T22:02:02.4864514Z    Compiling env_logger v0.11.9
measure	Build both exact revisions sequentially with the same toolchain	2026-09-12T22:02:03.5734233Z    Compiling toml v1.0.7+spec-1.1.0
measure	Build both exact revisions sequentially with the same toolchain	2026-09-12T22:02:08.8683894Z    Compiling softbuffer v0.4.8
measure	Build both exact revisions sequentially with the same toolchain	2026-09-12T22:02:09.4614031Z    Compiling png v0.17.16
measure	Build both exact revisions sequentially with the same toolchain	2026-09-12T22:02:10.0504201Z    Compiling arboard v3.6.1
measure	Build both exact revisions sequentially with the same toolchain	2026-09-12T22:02:12.1324308Z    Compiling base64 v0.22.1
measure	Build both exact revisions sequentially with the same toolchain	2026-09-12T22:02:12.6165431Z    Compiling unicode-width v0.2.2
measure	Build both exact revisions sequentially with the same toolchain	2026-09-12T22:02:12.8284159Z    Compiling unicode-segmentation v1.13.3
measure	Build both exact revisions sequentially with the same toolchain	2026-09-12T22:02:16.4194244Z    Compiling kokuban v0.1.0 (/home/runner/work/_temp/kokuban-paired-source-before)
measure	Build both exact revisions sequentially with the same toolchain	2026-09-12T22:02:17.6114214Z warning: fields `descent` and `font` are never read
measure	Build both exact revisions sequentially with the same toolchain	2026-09-12T22:02:17.6114894Z   --> src/glyph_atlas.rs:89:9
measure	Build both exact revisions sequentially with the same toolchain	2026-09-12T22:02:17.6115288Z    |
measure	Build both exact revisions sequentially with the same toolchain	2026-09-12T22:02:17.6115655Z 75 | pub struct GlyphAtlas {
measure	Build both exact revisions sequentially with the same toolchain	2026-09-12T22:02:17.6116130Z    |            ---------- fields in this struct
measure	Build both exact revisions sequentially with the same toolchain	2026-09-12T22:02:17.6116614Z ...
measure	Build both exact revisions sequentially with the same toolchain	2026-09-12T22:02:17.6116920Z 89 |     pub descent: f32,
measure	Build both exact revisions sequentially with the same toolchain	2026-09-12T22:02:17.6117303Z    |         ^^^^^^^
measure	Build both exact revisions sequentially with the same toolchain	2026-09-12T22:02:17.6117634Z 90 |     font: Font,
measure	Build both exact revisions sequentially with the same toolchain	2026-09-12T22:02:17.6117971Z    |     ^^^^
measure	Build both exact revisions sequentially with the same toolchain	2026-09-12T22:02:17.6118288Z    |
measure	Build both exact revisions sequentially with the same toolchain	2026-09-12T22:02:17.6118798Z    = note: `#[warn(dead_code)]` (part of `#[warn(unused)]`) on by default
measure	Build both exact revisions sequentially with the same toolchain	2026-09-12T22:02:17.6119307Z 
measure	Build both exact revisions sequentially with the same toolchain	2026-09-12T22:02:17.6119515Z warning: method `clear_and_resize` is never used
measure	Build both exact revisions sequentially with the same toolchain	2026-09-12T22:02:17.6120055Z    --> src/glyph_atlas.rs:220:12
measure	Build both exact revisions sequentially with the same toolchain	2026-09-12T22:02:17.6120467Z     |
measure	Build both exact revisions sequentially with the same toolchain	2026-09-12T22:02:17.6120782Z 107 | impl GlyphAtlas {
measure	Build both exact revisions sequentially with the same toolchain	2026-09-12T22:02:17.6121542Z     | --------------- method in this implementation
measure	Build both exact revisions sequentially with the same toolchain	2026-09-12T22:02:17.6122028Z ...
measure	Build both exact revisions sequentially with the same toolchain	2026-09-12T22:02:17.6122645Z 220 |     pub fn clear_and_resize(&mut self, new_font_size: f32) -> Result<(), GlyphAtlasError> {
measure	Build both exact revisions sequentially with the same toolchain	2026-09-12T22:02:17.6123686Z     |            ^^^^^^^^^^^^^^^^
measure	Build both exact revisions sequentially with the same toolchain	2026-09-12T22:02:17.6123973Z 
measure	Build both exact revisions sequentially with the same toolchain	2026-09-12T22:02:17.6124156Z warning: field `blinking` is never read
measure	Build both exact revisions sequentially with the same toolchain	2026-09-12T22:02:17.6124634Z    --> src/grid/mod.rs:118:9
measure	Build both exact revisions sequentially with the same toolchain	2026-09-12T22:02:17.6125022Z     |
measure	Build both exact revisions sequentially with the same toolchain	2026-09-12T22:02:17.6125351Z 116 | pub struct CursorStyle {
measure	Build both exact revisions sequentially with the same toolchain	2026-09-12T22:02:17.6125809Z     |            ----------- field in this struct
measure	Build both exact revisions sequentially with the same toolchain	2026-09-12T22:02:17.6126304Z 117 |     pub shape: CursorShape,
measure	Build both exact revisions sequentially with the same toolchain	2026-09-12T22:02:17.6126756Z 118 |     pub blinking: bool,
measure	Build both exact revisions sequentially with the same toolchain	2026-09-12T22:02:17.6127173Z     |         ^^^^^^^^
measure	Build both exact revisions sequentially with the same toolchain	2026-09-12T22:02:17.6127494Z     |
measure	Build both exact revisions sequentially with the same toolchain	2026-09-12T22:02:17.6128402Z     = note: `CursorStyle` has derived impls for the traits `Clone` and `Debug`, but these are intentionally ignored during dead code analysis
measure	Build both exact revisions sequentially with the same toolchain	2026-09-12T22:02:17.6129328Z 
measure	Build both exact revisions sequentially with the same toolchain	2026-09-12T22:02:17.6129858Z warning: methods `title_revision`, `scrollback_cell`, `clear_dirty`, and `is_any_dirty` are never used
measure	Build both exact revisions sequentially with the same toolchain	2026-09-12T22:02:17.6130670Z     --> src/grid/mod.rs:365:19
measure	Build both exact revisions sequentially with the same toolchain	2026-09-12T22:02:17.6131005Z      |
measure	Build both exact revisions sequentially with the same toolchain	2026-09-12T22:02:17.6131529Z  228 | impl Grid {
measure	Build both exact revisions sequentially with the same toolchain	2026-09-12T22:02:17.6131900Z      | --------- methods in this implementation
measure	Build both exact revisions sequentially with the same toolchain	2026-09-12T22:02:17.6132341Z ...
measure	Build both exact revisions sequentially with the same toolchain	2026-09-12T22:02:17.6132785Z  365 |     pub(crate) fn title_revision(&self) -> u64 { self.title_revision }
measure	Build both exact revisions sequentially with the same toolchain	2026-09-12T22:02:17.6133608Z      |                   ^^^^^^^^^^^^^^
measure	Build both exact revisions sequentially with the same toolchain	2026-09-12T22:02:17.6133991Z ...
measure	Build both exact revisions sequentially with the same toolchain	2026-09-12T22:02:17.6134401Z  391 |     pub fn scrollback_cell(&self, row: usize, col: usize) -> char {
measure	Build both exact revisions sequentially with the same toolchain	2026-09-12T22:02:17.6134994Z      |            ^^^^^^^^^^^^^^^
measure	Build both exact revisions sequentially with the same toolchain	2026-09-12T22:02:17.6135350Z ...
measure	Build both exact revisions sequentially with the same toolchain	2026-09-12T22:02:17.6135814Z 1402 |     pub fn clear_dirty(&mut self) { for d in &mut self.dirty { *d = false; } }
measure	Build both exact revisions sequentially with the same toolchain	2026-09-12T22:02:17.6136427Z      |            ^^^^^^^^^^^
measure	Build both exact revisions sequentially with the same toolchain	2026-09-12T22:02:17.6136948Z 1403 |     pub fn is_any_dirty(&self) -> bool { self.dirty.iter().any(|&d| d) }
measure	Build both exact revisions sequentially with the same toolchain	2026-09-12T22:02:17.6137535Z      |            ^^^^^^^^^^^^
measure	Build both exact revisions sequentially with the same toolchain	2026-09-12T22:02:17.6137770Z 
measure	Build both exact revisions sequentially with the same toolchain	2026-09-12T22:02:17.6137922Z warning: method `text` is never used
measure	Build both exact revisions sequentially with the same toolchain	2026-09-12T22:02:17.6138332Z   --> src/grid/cell.rs:48:12
measure	Build both exact revisions sequentially with the same toolchain	2026-09-12T22:02:17.6138679Z    |
measure	Build both exact revisions sequentially with the same toolchain	2026-09-12T22:02:17.6138954Z 47 | impl Cell {
measure	Build both exact revisions sequentially with the same toolchain	2026-09-12T22:02:17.6139291Z    | --------- method in this implementation
measure	Build both exact revisions sequentially with the same toolchain	2026-09-12T22:02:17.6139745Z 48 |     pub fn text(&self) -> Cow<'_, str> {
measure	Build both exact revisions sequentially with the same toolchain	2026-09-12T22:02:17.6140160Z    |            ^^^^
measure	Build both exact revisions sequentially with the same toolchain	2026-09-12T22:02:17.6140358Z 
measure	Build both exact revisions sequentially with the same toolchain	2026-09-12T22:02:17.6163564Z warning: field `kind` is never read
measure	Build both exact revisions sequentially with the same toolchain	2026-09-12T22:02:17.6164275Z   --> src/grid/marks.rs:11:9
measure	Build both exact revisions sequentially with the same toolchain	2026-09-12T22:02:17.6164826Z    |
measure	Build both exact revisions sequentially with the same toolchain	2026-09-12T22:02:17.6165280Z 10 | pub struct PromptMark {
measure	Build both exact revisions sequentially with the same toolchain	2026-09-12T22:02:17.6165840Z    |            ---------- field in this struct
measure	Build both exact revisions sequentially with the same toolchain	2026-09-12T22:02:17.6166459Z 11 |     pub kind: PromptMarkKind,
measure	Build both exact revisions sequentially with the same toolchain	2026-09-12T22:02:17.6166977Z    |         ^^^^
measure	Build both exact revisions sequentially with the same toolchain	2026-09-12T22:02:17.6167408Z    |
measure	Build both exact revisions sequentially with the same toolchain	2026-09-12T22:02:17.6168430Z    = note: `PromptMark` has derived impls for the traits `Clone` and `Debug`, but these are intentionally ignored during dead code analysis
measure	Build both exact revisions sequentially with the same toolchain	2026-09-12T22:02:17.6169478Z 
measure	Build both exact revisions sequentially with the same toolchain	2026-09-12T22:02:17.6170090Z warning: methods `prev_prompt`, `next_prompt`, `visible_prompt_rows`, and `is_empty` are never used
measure	Build both exact revisions sequentially with the same toolchain	2026-09-12T22:02:17.6170990Z   --> src/grid/marks.rs:34:12
measure	Build both exact revisions sequentially with the same toolchain	2026-09-12T22:02:17.6171407Z    |
measure	Build both exact revisions sequentially with the same toolchain	2026-09-12T22:02:17.6171853Z 20 | impl MarkIndex {
measure	Build both exact revisions sequentially with the same toolchain	2026-09-12T22:02:17.6172308Z    | -------------- methods in this implementation
measure	Build both exact revisions sequentially with the same toolchain	2026-09-12T22:02:17.6183373Z ...
measure	Build both exact revisions sequentially with the same toolchain	2026-09-12T22:02:17.6183977Z 34 |     pub fn prev_prompt(&self, current_row: usize) -> Option<usize> {
measure	Build both exact revisions sequentially with the same toolchain	2026-09-12T22:02:17.6184556Z    |            ^^^^^^^^^^^
measure	Build both exact revisions sequentially with the same toolchain	2026-09-12T22:02:17.6184887Z ...
measure	Build both exact revisions sequentially with the same toolchain	2026-09-12T22:02:17.6185369Z 48 |     pub fn next_prompt(&self, current_row: usize) -> Option<usize> {
measure	Build both exact revisions sequentially with the same toolchain	2026-09-12T22:02:17.6185947Z    |            ^^^^^^^^^^^
measure	Build both exact revisions sequentially with the same toolchain	2026-09-12T22:02:17.6186297Z ...
measure	Build both exact revisions sequentially with the same toolchain	2026-09-12T22:02:17.6186590Z 58 |     pub fn visible_prompt_rows(
measure	Build both exact revisions sequentially with the same toolchain	2026-09-12T22:02:17.6187288Z    |            ^^^^^^^^^^^^^^^^^^^
measure	Build both exact revisions sequentially with the same toolchain	2026-09-12T22:02:17.6187651Z ...
measure	Build both exact revisions sequentially with the same toolchain	2026-09-12T22:02:17.6187947Z 79 |     pub fn is_empty(&self) -> bool {
measure	Build both exact revisions sequentially with the same toolchain	2026-09-12T22:02:17.6188352Z    |            ^^^^^^^^
measure	Build both exact revisions sequentially with the same toolchain	2026-09-12T22:02:17.6188576Z 
measure	Build both exact revisions sequentially with the same toolchain	2026-09-12T22:02:17.6188757Z warning: struct `KeyBind` is never constructed
measure	Build both exact revisions sequentially with the same toolchain	2026-09-12T22:02:17.6189225Z   --> src/input/keybind.rs:15:12
measure	Build both exact revisions sequentially with the same toolchain	2026-09-12T22:02:17.6189571Z    |
measure	Build both exact revisions sequentially with the same toolchain	2026-09-12T22:02:17.6189855Z 15 | pub struct KeyBind {
measure	Build both exact revisions sequentially with the same toolchain	2026-09-12T22:02:17.6190191Z    |            ^^^^^^^
measure	Build both exact revisions sequentially with the same toolchain	2026-09-12T22:02:17.6190390Z 
measure	Build both exact revisions sequentially with the same toolchain	2026-09-12T22:02:17.6190553Z warning: enum `PaneAction` is never used
measure	Build both exact revisions sequentially with the same toolchain	2026-09-12T22:02:17.6190999Z   --> src/input/keybind.rs:21:10
measure	Build both exact revisions sequentially with the same toolchain	2026-09-12T22:02:17.6191360Z    |
measure	Build both exact revisions sequentially with the same toolchain	2026-09-12T22:02:17.6191642Z 21 | pub enum PaneAction {
measure	Build both exact revisions sequentially with the same toolchain	2026-09-12T22:02:17.6191986Z    |          ^^^^^^^^^^
measure	Build both exact revisions sequentially with the same toolchain	2026-09-12T22:02:17.6192196Z 
measure	Build both exact revisions sequentially with the same toolchain	2026-09-12T22:02:17.6192391Z warning: struct `KeybindMap` is never constructed
measure	Build both exact revisions sequentially with the same toolchain	2026-09-12T22:02:17.6193072Z   --> src/input/keybind.rs:40:12
measure	Build both exact revisions sequentially with the same toolchain	2026-09-12T22:02:17.6193453Z    |
measure	Build both exact revisions sequentially with the same toolchain	2026-09-12T22:02:17.6193739Z 40 | pub struct KeybindMap {
measure	Build both exact revisions sequentially with the same toolchain	2026-09-12T22:02:17.6194098Z    |            ^^^^^^^^^^
measure	Build both exact revisions sequentially with the same toolchain	2026-09-12T22:02:17.6194308Z 
measure	Build both exact revisions sequentially with the same toolchain	2026-09-12T22:02:17.6194600Z warning: associated items `from_config` and `lookup` are never used
measure	Build both exact revisions sequentially with the same toolchain	2026-09-12T22:02:17.6195423Z   --> src/input/keybind.rs:45:12
measure	Build both exact revisions sequentially with the same toolchain	2026-09-12T22:02:17.6195785Z    |
measure	Build both exact revisions sequentially with the same toolchain	2026-09-12T22:02:17.6196059Z 44 | impl KeybindMap {
measure	Build both exact revisions sequentially with the same toolchain	2026-09-12T22:02:17.6196488Z    | --------------- associated items in this implementation
measure	Build both exact revisions sequentially with the same toolchain	2026-09-12T22:02:17.6197082Z 45 |     pub fn from_config(config: &KeybindConfig) -> Self {
measure	Build both exact revisions sequentially with the same toolchain	2026-09-12T22:02:17.6197586Z    |            ^^^^^^^^^^^
measure	Build both exact revisions sequentially with the same toolchain	2026-09-12T22:02:17.6197913Z ...
measure	Build both exact revisions sequentially with the same toolchain	2026-09-12T22:02:17.6198425Z 74 |     pub fn lookup(&self, key_code: u16, modifiers: KeyModifiers) -> Option<PaneAction> {
measure	Build both exact revisions sequentially with the same toolchain	2026-09-12T22:02:17.6199086Z    |            ^^^^^^
measure	Build both exact revisions sequentially with the same toolchain	2026-09-12T22:02:17.6199281Z 
measure	Build both exact revisions sequentially with the same toolchain	2026-09-12T22:02:17.6199474Z warning: function `parse_keybind` is never used
measure	Build both exact revisions sequentially with the same toolchain	2026-09-12T22:02:17.6199955Z   --> src/input/keybind.rs:84:4
measure	Build both exact revisions sequentially with the same toolchain	2026-09-12T22:02:17.6200320Z    |
measure	Build both exact revisions sequentially with the same toolchain	2026-09-12T22:02:17.6200644Z 84 | fn parse_keybind(s: &str) -> Option<KeyBind> {
measure	Build both exact revisions sequentially with the same toolchain	2026-09-12T22:02:17.6201111Z    |    ^^^^^^^^^^^^^
measure	Build both exact revisions sequentially with the same toolchain	2026-09-12T22:02:17.6201311Z 
measure	Build both exact revisions sequentially with the same toolchain	2026-09-12T22:02:17.6201497Z warning: function `key_name_to_code` is never used
measure	Build both exact revisions sequentially with the same toolchain	2026-09-12T22:02:17.6201986Z    --> src/input/keybind.rs:103:4
measure	Build both exact revisions sequentially with the same toolchain	2026-09-12T22:02:17.6202354Z     |
measure	Build both exact revisions sequentially with the same toolchain	2026-09-12T22:02:17.6202709Z 103 | fn key_name_to_code(name: &str) -> Option<u16> {
measure	Build both exact revisions sequentially with the same toolchain	2026-09-12T22:02:17.6203390Z     |    ^^^^^^^^^^^^^^^^
measure	Build both exact revisions sequentially with the same toolchain	2026-09-12T22:02:17.6203603Z 
measure	Build both exact revisions sequentially with the same toolchain	2026-09-12T22:02:17.6203775Z warning: type alias `PaneId` is never used
measure	Build both exact revisions sequentially with the same toolchain	2026-09-12T22:02:17.6204208Z  --> src/layout.rs:5:10
measure	Build both exact revisions sequentially with the same toolchain	2026-09-12T22:02:17.6204525Z   |
measure	Build both exact revisions sequentially with the same toolchain	2026-09-12T22:02:17.6204805Z 5 | pub type PaneId = u64;
measure	Build both exact revisions sequentially with the same toolchain	2026-09-12T22:02:17.6205146Z   |          ^^^^^^
measure	Build both exact revisions sequentially with the same toolchain	2026-09-12T22:02:17.6205336Z 
measure	Build both exact revisions sequentially with the same toolchain	2026-09-12T22:02:17.6205524Z warning: constant `DIVIDER_THICKNESS` is never used
measure	Build both exact revisions sequentially with the same toolchain	2026-09-12T22:02:17.6206012Z  --> src/layout.rs:7:11
measure	Build both exact revisions sequentially with the same toolchain	2026-09-12T22:02:17.6206333Z   |
measure	Build both exact revisions sequentially with the same toolchain	2026-09-12T22:02:17.6206644Z 7 | pub const DIVIDER_THICKNESS: f32 = 6.0;
measure	Build both exact revisions sequentially with the same toolchain	2026-09-12T22:02:17.6207054Z   |           ^^^^^^^^^^^^^^^^^
measure	Build both exact revisions sequentially with the same toolchain	2026-09-12T22:02:17.6207280Z 
measure	Build both exact revisions sequentially with the same toolchain	2026-09-12T22:02:17.6207455Z warning: enum `SplitDirection` is never used
measure	Build both exact revisions sequentially with the same toolchain	2026-09-12T22:02:17.6207901Z   --> src/layout.rs:10:10
measure	Build both exact revisions sequentially with the same toolchain	2026-09-12T22:02:17.6208222Z    |
measure	Build both exact revisions sequentially with the same toolchain	2026-09-12T22:02:17.6208506Z 10 | pub enum SplitDirection {
measure	Build both exact revisions sequentially with the same toolchain	2026-09-12T22:02:17.6208872Z    |          ^^^^^^^^^^^^^^
measure	Build both exact revisions sequentially with the same toolchain	2026-09-12T22:02:17.6209119Z 
measure	Build both exact revisions sequentially with the same toolchain	2026-09-12T22:02:17.6209313Z warning: struct `PixelRect` is never constructed
measure	Build both exact revisions sequentially with the same toolchain	2026-09-12T22:02:17.6209824Z   --> src/layout.rs:16:12
measure	Build both exact revisions sequentially with the same toolchain	2026-09-12T22:02:17.6210142Z    |
measure	Build both exact revisions sequentially with the same toolchain	2026-09-12T22:02:17.6210421Z 16 | pub struct PixelRect {
measure	Build both exact revisions sequentially with the same toolchain	2026-09-12T22:02:17.6210780Z    |            ^^^^^^^^^
measure	Build both exact revisions sequentially with the same toolchain	2026-09-12T22:02:17.6210992Z 
measure	Build both exact revisions sequentially with the same toolchain	2026-09-12T22:02:17.6211293Z warning: associated items `ZERO`, `split`, and `contains` are never used
measure	Build both exact revisions sequentially with the same toolchain	2026-09-12T22:02:17.6211869Z   --> src/layout.rs:24:15
measure	Build both exact revisions sequentially with the same toolchain	2026-09-12T22:02:17.6212184Z    |
measure	Build both exact revisions sequentially with the same toolchain	2026-09-12T22:02:17.6212452Z 23 | impl PixelRect {
measure	Build both exact revisions sequentially with the same toolchain	2026-09-12T22:02:17.6213319Z    | -------------- associated items in this implementation
measure	Build both exact revisions sequentially with the same toolchain	2026-09-12T22:02:17.6213907Z 24 |     pub const ZERO: Self = Self {
measure	Build both exact revisions sequentially with the same toolchain	2026-09-12T22:02:17.6214301Z    |               ^^^^
measure	Build both exact revisions sequentially with the same toolchain	2026-09-12T22:02:17.6214599Z ...
measure	Build both exact revisions sequentially with the same toolchain	2026-09-12T22:02:17.6215154Z 31 |     pub fn split(self, direction: SplitDirection, ratio: f32) -> (PixelRect, PixelRect) {
measure	Build both exact revisions sequentially with the same toolchain	2026-09-12T22:02:17.6215824Z    |            ^^^^^
measure	Build both exact revisions sequentially with the same toolchain	2026-09-12T22:02:17.6216252Z ...
measure	Build both exact revisions sequentially with the same toolchain	2026-09-12T22:02:17.6216618Z 69 |     pub fn contains(&self, x: f32, y: f32) -> bool {
measure	Build both exact revisions sequentially with the same toolchain	2026-09-12T22:02:17.6217061Z    |            ^^^^^^^^
measure	Build both exact revisions sequentially with the same toolchain	2026-09-12T22:02:17.6217273Z 
measure	Build both exact revisions sequentially with the same toolchain	2026-09-12T22:02:17.6217468Z warning: struct `DividerInfo` is never constructed
measure	Build both exact revisions sequentially with the same toolchain	2026-09-12T22:02:17.6217944Z   --> src/layout.rs:75:12
measure	Build both exact revisions sequentially with the same toolchain	2026-09-12T22:02:17.6218267Z    |
measure	Build both exact revisions sequentially with the same toolchain	2026-09-12T22:02:17.6218550Z 75 | pub struct DividerInfo {
measure	Build both exact revisions sequentially with the same toolchain	2026-09-12T22:02:17.6218899Z    |            ^^^^^^^^^^^
measure	Build both exact revisions sequentially with the same toolchain	2026-09-12T22:02:17.6219109Z 
measure	Build both exact revisions sequentially with the same toolchain	2026-09-12T22:02:17.6219291Z warning: function `compute_layout` is never used
measure	Build both exact revisions sequentially with the same toolchain	2026-09-12T22:02:17.6219763Z   --> src/layout.rs:84:8
measure	Build both exact revisions sequentially with the same toolchain	2026-09-12T22:02:17.6220088Z    |
measure	Build both exact revisions sequentially with the same toolchain	2026-09-12T22:02:17.6220376Z 84 | pub fn compute_layout(
measure	Build both exact revisions sequentially with the same toolchain	2026-09-12T22:02:17.6220714Z    |        ^^^^^^^^^^^^^^
measure	Build both exact revisions sequentially with the same toolchain	2026-09-12T22:02:17.6220917Z 
measure	Build both exact revisions sequentially with the same toolchain	2026-09-12T22:02:17.6221101Z warning: function `node_contains` is never used
measure	Build both exact revisions sequentially with the same toolchain	2026-09-12T22:02:17.6221796Z    --> src/layout.rs:131:4
measure	Build both exact revisions sequentially with the same toolchain	2026-09-12T22:02:17.6222134Z     |
measure	Build both exact revisions sequentially with the same toolchain	2026-09-12T22:02:17.6222518Z 131 | fn node_contains(node: &PaneNode, id: PaneId) -> bool {
measure	Build both exact revisions sequentially with the same toolchain	2026-09-12T22:02:17.6223223Z     |    ^^^^^^^^^^^^^
measure	Build both exact revisions sequentially with the same toolchain	2026-09-12T22:02:17.6223433Z 
measure	Build both exact revisions sequentially with the same toolchain	2026-09-12T22:02:17.6223588Z warning: enum `PaneNode` is never used
measure	Build both exact revisions sequentially with the same toolchain	2026-09-12T22:02:17.6224008Z  --> src/layout/tree.rs:3:10
measure	Build both exact revisions sequentially with the same toolchain	2026-09-12T22:02:17.6224361Z   |
measure	Build both exact revisions sequentially with the same toolchain	2026-09-12T22:02:17.6224645Z 3 | pub enum PaneNode {
measure	Build both exact revisions sequentially with the same toolchain	2026-09-12T22:02:17.6224989Z   |          ^^^^^^^^
measure	Build both exact revisions sequentially with the same toolchain	2026-09-12T22:02:17.6225188Z 
measure	Build both exact revisions sequentially with the same toolchain	2026-09-12T22:02:17.6225847Z warning: associated items `split_leaf`, `remove_leaf`, `adjust_ratio`, `contains`, `collect_leaf_ids`, and `is_single_leaf` are never used
measure	Build both exact revisions sequentially with the same toolchain	2026-09-12T22:02:17.6226810Z    --> src/layout/tree.rs:16:12
measure	Build both exact revisions sequentially with the same toolchain	2026-09-12T22:02:17.6227220Z     |
measure	Build both exact revisions sequentially with the same toolchain	2026-09-12T22:02:17.6227510Z  13 | impl PaneNode {
measure	Build both exact revisions sequentially with the same toolchain	2026-09-12T22:02:17.6227916Z     | ------------- associated items in this implementation
measure	Build both exact revisions sequentially with the same toolchain	2026-09-12T22:02:17.6228402Z ...
measure	Build both exact revisions sequentially with the same toolchain	2026-09-12T22:02:17.6228677Z  16 |     pub fn split_leaf(
measure	Build both exact revisions sequentially with the same toolchain	2026-09-12T22:02:17.6229035Z     |            ^^^^^^^^^^
measure	Build both exact revisions sequentially with the same toolchain	2026-09-12T22:02:17.6229368Z ...
measure	Build both exact revisions sequentially with the same toolchain	2026-09-12T22:02:17.6229761Z  44 |     pub fn remove_leaf(&mut self, target_id: PaneId) -> bool {
measure	Build both exact revisions sequentially with the same toolchain	2026-09-12T22:02:17.6230289Z     |            ^^^^^^^^^^^
measure	Build both exact revisions sequentially with the same toolchain	2026-09-12T22:02:17.6230631Z ...
measure	Build both exact revisions sequentially with the same toolchain	2026-09-12T22:02:17.6231072Z  72 |     pub fn adjust_ratio(&mut self, target_id: PaneId, delta: f32) -> bool {
measure	Build both exact revisions sequentially with the same toolchain	2026-09-12T22:02:17.6231685Z     |            ^^^^^^^^^^^^
measure	Build both exact revisions sequentially with the same toolchain	2026-09-12T22:02:17.6232020Z ...
measure	Build both exact revisions sequentially with the same toolchain	2026-09-12T22:02:17.6232379Z 104 |     pub fn contains(node: &PaneNode, id: PaneId) -> bool {
measure	Build both exact revisions sequentially with the same toolchain	2026-09-12T22:02:17.6233078Z     |            ^^^^^^^^
measure	Build both exact revisions sequentially with the same toolchain	2026-09-12T22:02:17.6233408Z ...
measure	Build both exact revisions sequentially with the same toolchain	2026-09-12T22:02:17.6233808Z 113 |     pub fn collect_leaf_ids(&self, out: &mut Vec<PaneId>) {
measure	Build both exact revisions sequentially with the same toolchain	2026-09-12T22:02:17.6234352Z     |            ^^^^^^^^^^^^^^^^
measure	Build both exact revisions sequentially with the same toolchain	2026-09-12T22:02:17.6234708Z ...
measure	Build both exact revisions sequentially with the same toolchain	2026-09-12T22:02:17.6235031Z 123 |     pub fn is_single_leaf(&self) -> bool {
measure	Build both exact revisions sequentially with the same toolchain	2026-09-12T22:02:17.6235478Z     |            ^^^^^^^^^^^^^^
measure	Build both exact revisions sequentially with the same toolchain	2026-09-12T22:02:17.6235719Z 
measure	Build both exact revisions sequentially with the same toolchain	2026-09-12T22:02:17.6235878Z warning: enum `Action` is never used
measure	Build both exact revisions sequentially with the same toolchain	2026-09-12T22:02:17.6236306Z  --> src/parser/mod.rs:6:10
measure	Build both exact revisions sequentially with the same toolchain	2026-09-12T22:02:17.6236661Z   |
measure	Build both exact revisions sequentially with the same toolchain	2026-09-12T22:02:17.6236942Z 6 | pub enum Action {
measure	Build both exact revisions sequentially with the same toolchain	2026-09-12T22:02:17.6237266Z   |          ^^^^^^
measure	Build both exact revisions sequentially with the same toolchain	2026-09-12T22:02:17.6237448Z 
measure	Build both exact revisions sequentially with the same toolchain	2026-09-12T22:02:17.6237594Z warning: method `feed` is never used
measure	Build both exact revisions sequentially with the same toolchain	2026-09-12T22:02:17.6238034Z    --> src/parser/ansi.rs:113:12
measure	Build both exact revisions sequentially with the same toolchain	2026-09-12T22:02:17.6238402Z     |
measure	Build both exact revisions sequentially with the same toolchain	2026-09-12T22:02:17.6238670Z  77 | impl Parser {
measure	Build both exact revisions sequentially with the same toolchain	2026-09-12T22:02:17.6239027Z     | ----------- method in this implementation
measure	Build both exact revisions sequentially with the same toolchain	2026-09-12T22:02:17.6239460Z ...
measure	Build both exact revisions sequentially with the same toolchain	2026-09-12T22:02:17.6239834Z 113 |     pub fn feed(&mut self, input: &[u8], grid: &mut Grid) {
measure	Build both exact revisions sequentially with the same toolchain	2026-09-12T22:02:17.6240573Z     |            ^^^^
measure	Build both exact revisions sequentially with the same toolchain	2026-09-12T22:02:17.6240777Z 
measure	Build both exact revisions sequentially with the same toolchain	2026-09-12T22:02:17.6240987Z warning: methods `master_fd` and `resize` are never used
measure	Build both exact revisions sequentially with the same toolchain	2026-09-12T22:02:17.6241487Z    --> src/pty/unix.rs:178:12
measure	Build both exact revisions sequentially with the same toolchain	2026-09-12T22:02:17.6241842Z     |
measure	Build both exact revisions sequentially with the same toolchain	2026-09-12T22:02:17.6242101Z  35 | impl Pty {
measure	Build both exact revisions sequentially with the same toolchain	2026-09-12T22:02:17.6242445Z     | -------- methods in this implementation
measure	Build both exact revisions sequentially with the same toolchain	2026-09-12T22:02:17.6243087Z ...
measure	Build both exact revisions sequentially with the same toolchain	2026-09-12T22:02:17.6243407Z 178 |     pub fn master_fd(&self) -> RawFd {
measure	Build both exact revisions sequentially with the same toolchain	2026-09-12T22:02:17.6243831Z     |            ^^^^^^^^^
measure	Build both exact revisions sequentially with the same toolchain	2026-09-12T22:02:17.6244165Z ...
measure	Build both exact revisions sequentially with the same toolchain	2026-09-12T22:02:17.6249187Z 243 |     pub fn resize(&self, cols: u16, rows: u16) -> std::io::Result<()> {
measure	Build both exact revisions sequentially with the same toolchain	2026-09-12T22:02:17.6249772Z     |            ^^^^^^
measure	Build both exact revisions sequentially with the same toolchain	2026-09-12T22:02:17.6249980Z 
measure	Build both exact revisions sequentially with the same toolchain	2026-09-12T22:02:17.6250202Z warning: struct `PaneRenderData` is never constructed
measure	Build both exact revisions sequentially with the same toolchain	2026-09-12T22:02:17.6250712Z  --> src/render_scene.rs:5:12
measure	Build both exact revisions sequentially with the same toolchain	2026-09-12T22:02:17.6251061Z   |
measure	Build both exact revisions sequentially with the same toolchain	2026-09-12T22:02:17.6251361Z 5 | pub struct PaneRenderData<'a> {
measure	Build both exact revisions sequentially with the same toolchain	2026-09-12T22:02:17.6251792Z   |            ^^^^^^^^^^^^^^
measure	Build both exact revisions sequentially with the same toolchain	2026-09-12T22:02:17.6252009Z 
measure	Build both exact revisions sequentially with the same toolchain	2026-09-12T22:02:17.6252247Z warning: struct `ConfirmOverlayInfo` is never constructed
measure	Build both exact revisions sequentially with the same toolchain	2026-09-12T22:02:17.6252771Z   --> src/render_scene.rs:16:12
measure	Build both exact revisions sequentially with the same toolchain	2026-09-12T22:02:17.6253389Z    |
measure	Build both exact revisions sequentially with the same toolchain	2026-09-12T22:02:17.6253947Z 16 | pub struct ConfirmOverlayInfo {
measure	Build both exact revisions sequentially with the same toolchain	2026-09-12T22:02:17.6254362Z    |            ^^^^^^^^^^^^^^^^^^
measure	Build both exact revisions sequentially with the same toolchain	2026-09-12T22:02:17.6254625Z 
measure	Build both exact revisions sequentially with the same toolchain	2026-09-12T22:02:17.6254830Z warning: struct `ChromeColors` is never constructed
measure	Build both exact revisions sequentially with the same toolchain	2026-09-12T22:02:17.6255309Z   --> src/render_scene.rs:23:12
measure	Build both exact revisions sequentially with the same toolchain	2026-09-12T22:02:17.6255671Z    |
measure	Build both exact revisions sequentially with the same toolchain	2026-09-12T22:02:17.6255977Z 23 | pub struct ChromeColors {
measure	Build both exact revisions sequentially with the same toolchain	2026-09-12T22:02:17.6256347Z    |            ^^^^^^^^^^^^
measure	Build both exact revisions sequentially with the same toolchain	2026-09-12T22:02:17.6256579Z 
measure	Build both exact revisions sequentially with the same toolchain	2026-09-12T22:02:17.6256806Z warning: methods `contains` and `get_text` are never used
measure	Build both exact revisions sequentially with the same toolchain	2026-09-12T22:02:17.6257319Z    --> src/selection.rs:85:12
measure	Build both exact revisions sequentially with the same toolchain	2026-09-12T22:02:17.6257668Z     |
measure	Build both exact revisions sequentially with the same toolchain	2026-09-12T22:02:17.6257960Z  32 | impl SelectionState {
measure	Build both exact revisions sequentially with the same toolchain	2026-09-12T22:02:17.6258388Z     | ------------------- methods in this implementation
measure	Build both exact revisions sequentially with the same toolchain	2026-09-12T22:02:17.6258846Z ...
measure	Build both exact revisions sequentially with the same toolchain	2026-09-12T22:02:17.6259117Z  85 |     pub fn contains(
measure	Build both exact revisions sequentially with the same toolchain	2026-09-12T22:02:17.6259458Z     |            ^^^^^^^^
measure	Build both exact revisions sequentially with the same toolchain	2026-09-12T22:02:17.6259778Z ...
measure	Build both exact revisions sequentially with the same toolchain	2026-09-12T22:02:17.6260124Z 145 |     pub fn get_text(&self, grid: &Grid) -> String {
measure	Build both exact revisions sequentially with the same toolchain	2026-09-12T22:02:17.6260607Z     |            ^^^^^^^^
measure	Build both exact revisions sequentially with the same toolchain	2026-09-12T22:02:17.6260814Z 
measure	Build both exact revisions sequentially with the same toolchain	2026-09-12T22:02:17.6261084Z warning: variant `UnexpectedProtocolEvent` is never constructed
measure	Build both exact revisions sequentially with the same toolchain	2026-09-12T22:02:17.6261650Z   --> src/terminal_reader.rs:53:5
measure	Build both exact revisions sequentially with the same toolchain	2026-09-12T22:02:17.6262001Z    |
measure	Build both exact revisions sequentially with the same toolchain	2026-09-12T22:02:17.6262268Z 45 | pub(crate) enum ReaderExit {
measure	Build both exact revisions sequentially with the same toolchain	2026-09-12T22:02:17.6262683Z    |                 ---------- variant in this enum
measure	Build both exact revisions sequentially with the same toolchain	2026-09-12T22:02:17.6263379Z ...
measure	Build both exact revisions sequentially with the same toolchain	2026-09-12T22:02:17.6263679Z 53 |     UnexpectedProtocolEvent,
measure	Build both exact revisions sequentially with the same toolchain	2026-09-12T22:02:17.6264078Z    |     ^^^^^^^^^^^^^^^^^^^^^^^
measure	Build both exact revisions sequentially with the same toolchain	2026-09-12T22:02:17.6264430Z    |
measure	Build both exact revisions sequentially with the same toolchain	2026-09-12T22:02:17.6265149Z    = note: `ReaderExit` has a derived impl for the trait `Debug`, but this is intentionally ignored during dead code analysis
measure	Build both exact revisions sequentially with the same toolchain	2026-09-12T22:02:17.6265879Z 
measure	Build both exact revisions sequentially with the same toolchain	2026-09-12T22:02:17.6266226Z warning: associated functions `spawn_text` and `spawn_with_io` are never used
measure	Build both exact revisions sequentially with the same toolchain	2026-09-12T22:02:17.6266831Z    --> src/terminal_reader.rs:64:19
measure	Build both exact revisions sequentially with the same toolchain	2026-09-12T22:02:17.6267205Z     |
measure	Build both exact revisions sequentially with the same toolchain	2026-09-12T22:02:17.6267488Z  63 | impl TerminalReader {
measure	Build both exact revisions sequentially with the same toolchain	2026-09-12T22:02:17.6267959Z     | ------------------- associated functions in this implementation
measure	Build both exact revisions sequentially with the same toolchain	2026-09-12T22:02:17.6268531Z  64 |     pub(crate) fn spawn_text<U, X>(
measure	Build both exact revisions sequentially with the same toolchain	2026-09-12T22:02:17.6268952Z     |                   ^^^^^^^^^^
measure	Build both exact revisions sequentially with the same toolchain	2026-09-12T22:02:17.6269300Z ...
measure	Build both exact revisions sequentially with the same toolchain	2026-09-12T22:02:17.6269584Z 111 |     fn spawn_with_io<I, U, X>(
measure	Build both exact revisions sequentially with the same toolchain	2026-09-12T22:02:17.6269964Z     |        ^^^^^^^^^^^^^
measure	Build both exact revisions sequentially with the same toolchain	2026-09-12T22:02:17.6270179Z 
measure	Build both exact revisions sequentially with the same toolchain	2026-09-12T22:02:17.6270353Z warning: struct `Vertex` is never constructed
measure	Build both exact revisions sequentially with the same toolchain	2026-09-12T22:02:17.6270838Z   --> src/renderer/mod.rs:21:12
measure	Build both exact revisions sequentially with the same toolchain	2026-09-12T22:02:17.6271196Z    |
measure	Build both exact revisions sequentially with the same toolchain	2026-09-12T22:02:17.6271477Z 21 | pub struct Vertex {
measure	Build both exact revisions sequentially with the same toolchain	2026-09-12T22:02:17.6271809Z    |            ^^^^^^
measure	Build both exact revisions sequentially with the same toolchain	2026-09-12T22:02:17.6272316Z 
measure	Build both exact revisions sequentially with the same toolchain	2026-09-12T22:02:17.6272495Z warning: associated function `new` is never used
measure	Build both exact revisions sequentially with the same toolchain	2026-09-12T22:02:17.6273202Z   --> src/renderer/mod.rs:29:12
measure	Build both exact revisions sequentially with the same toolchain	2026-09-12T22:02:17.6273569Z    |
measure	Build both exact revisions sequentially with the same toolchain	2026-09-12T22:02:17.6273845Z 28 | impl Vertex {
measure	Build both exact revisions sequentially with the same toolchain	2026-09-12T22:02:17.6274247Z    | ----------- associated function in this implementation
measure	Build both exact revisions sequentially with the same toolchain	2026-09-12T22:02:17.6274881Z 29 |     pub fn new(x: f32, y: f32, u: f32, v: f32, fg: u32, bg: u32) -> Self {
measure	Build both exact revisions sequentially with the same toolchain	2026-09-12T22:02:17.6275419Z    |            ^^^
measure	Build both exact revisions sequentially with the same toolchain	2026-09-12T22:02:17.6275602Z 
measure	Build both exact revisions sequentially with the same toolchain	2026-09-12T22:02:17.6275793Z warning: function `box_drawing_lines` is never used
measure	Build both exact revisions sequentially with the same toolchain	2026-09-12T22:02:17.6276293Z  --> src/renderer/box_drawing.rs:4:8
measure	Build both exact revisions sequentially with the same toolchain	2026-09-12T22:02:17.6276693Z   |
measure	Build both exact revisions sequentially with the same toolchain	2026-09-12T22:02:17.6277195Z 4 | pub fn box_drawing_lines(c: char, w: f32, h: f32) -> Option<Vec<(f32, f32, f32, f32)>> {
measure	Build both exact revisions sequentially with the same toolchain	2026-09-12T22:02:17.6277824Z   |        ^^^^^^^^^^^^^^^^^
measure	Build both exact revisions sequentially with the same toolchain	2026-09-12T22:02:17.6278052Z 
measure	Build both exact revisions sequentially with the same toolchain	2026-09-12T22:02:17.6278229Z warning: function `is_box_drawing` is never used
measure	Build both exact revisions sequentially with the same toolchain	2026-09-12T22:02:17.6278716Z    --> src/renderer/box_drawing.rs:124:8
measure	Build both exact revisions sequentially with the same toolchain	2026-09-12T22:02:17.6279134Z     |
measure	Build both exact revisions sequentially with the same toolchain	2026-09-12T22:02:17.6279459Z 124 | pub fn is_box_drawing(c: char) -> bool {
measure	Build both exact revisions sequentially with the same toolchain	2026-09-12T22:02:17.6279892Z     |        ^^^^^^^^^^^^^^
measure	Build both exact revisions sequentially with the same toolchain	2026-09-12T22:02:17.6280113Z 
measure	Build both exact revisions sequentially with the same toolchain	2026-09-12T22:02:17.6280495Z warning: function `is_braille` is never used
measure	Build both exact revisions sequentially with the same toolchain	2026-09-12T22:02:17.6280953Z  --> src/renderer/braille.rs:2:8
measure	Build both exact revisions sequentially with the same toolchain	2026-09-12T22:02:17.6281324Z   |
measure	Build both exact revisions sequentially with the same toolchain	2026-09-12T22:02:17.6281620Z 2 | pub fn is_braille(c: char) -> bool {
measure	Build both exact revisions sequentially with the same toolchain	2026-09-12T22:02:17.6282025Z   |        ^^^^^^^^^^
measure	Build both exact revisions sequentially with the same toolchain	2026-09-12T22:02:17.6282223Z 
measure	Build both exact revisions sequentially with the same toolchain	2026-09-12T22:02:17.6282398Z warning: function `braille_dots` is never used
measure	Build both exact revisions sequentially with the same toolchain	2026-09-12T22:02:17.6283061Z   --> src/renderer/braille.rs:12:8
measure	Build both exact revisions sequentially with the same toolchain	2026-09-12T22:02:17.6283471Z    |
measure	Build both exact revisions sequentially with the same toolchain	2026-09-12T22:02:17.6283803Z 12 | pub fn braille_dots(c: char) -> Vec<(u8, u8)> {
measure	Build both exact revisions sequentially with the same toolchain	2026-09-12T22:02:17.6284267Z    |        ^^^^^^^^^^^^
measure	Build both exact revisions sequentially with the same toolchain	2026-09-12T22:02:17.6284472Z 
measure	Build both exact revisions sequentially with the same toolchain	2026-09-12T22:02:17.6284678Z warning: variant `Unsupported` is never constructed
measure	Build both exact revisions sequentially with the same toolchain	2026-09-12T22:02:17.6285194Z   --> src/renderer/image_animation.rs:20:5
measure	Build both exact revisions sequentially with the same toolchain	2026-09-12T22:02:17.6285658Z    |
measure	Build both exact revisions sequentially with the same toolchain	2026-09-12T22:02:17.6285944Z 19 | pub enum AnimationError {
measure	Build both exact revisions sequentially with the same toolchain	2026-09-12T22:02:17.6286377Z    |          -------------- variant in this enum
measure	Build both exact revisions sequentially with the same toolchain	2026-09-12T22:02:17.6286831Z 20 |     Unsupported,
measure	Build both exact revisions sequentially with the same toolchain	2026-09-12T22:02:17.6287163Z    |     ^^^^^^^^^^^
measure	Build both exact revisions sequentially with the same toolchain	2026-09-12T22:02:17.6287470Z    |
measure	Build both exact revisions sequentially with the same toolchain	2026-09-12T22:02:17.6288289Z    = note: `AnimationError` has derived impls for the traits `Debug` and `Clone`, but these are intentionally ignored during dead code analysis
measure	Build both exact revisions sequentially with the same toolchain	2026-09-12T22:02:17.6289090Z 
measure	Build both exact revisions sequentially with the same toolchain	2026-09-12T22:02:25.7602568Z warning: `kokuban` (bin "kokuban") generated 39 warnings
measure	Build both exact revisions sequentially with the same toolchain	2026-09-12T22:02:25.7603378Z     Finished `release` profile [optimized] target(s) in 1m 26s
measure	Build both exact revisions sequentially with the same toolchain	2026-09-12T22:02:26.1678430Z    Compiling cfg-if v1.0.4
measure	Build both exact revisions sequentially with the same toolchain	2026-09-12T22:02:26.1679084Z    Compiling pkg-config v0.3.32
measure	Build both exact revisions sequentially with the same toolchain	2026-09-12T22:02:26.1679648Z    Compiling bitflags v2.11.0
measure	Build both exact revisions sequentially with the same toolchain	2026-09-12T22:02:26.1680197Z    Compiling proc-macro2 v1.0.106
measure	Build both exact revisions sequentially with the same toolchain	2026-09-12T22:02:26.1940068Z    Compiling quote v1.0.45
measure	Build both exact revisions sequentially with the same toolchain	2026-09-12T22:02:26.3186009Z    Compiling unicode-ident v1.0.24
measure	Build both exact revisions sequentially with the same toolchain	2026-09-12T22:02:26.3822435Z    Compiling log v0.4.29
measure	Build both exact revisions sequentially with the same toolchain	2026-09-12T22:02:26.5175833Z    Compiling shlex v1.3.0
measure	Build both exact revisions sequentially with the same toolchain	2026-09-12T22:02:26.5844155Z    Compiling find-msvc-tools v0.1.9
measure	Build both exact revisions sequentially with the same toolchain	2026-09-12T22:02:26.6199549Z    Compiling libloading v0.8.9
measure	Build both exact revisions sequentially with the same toolchain	2026-09-12T22:02:26.6253722Z    Compiling libc v0.2.183
measure	Build both exact revisions sequentially with the same toolchain	2026-09-12T22:02:26.7508379Z    Compiling cc v1.2.57
measure	Build both exact revisions sequentially with the same toolchain	2026-09-12T22:02:26.7770439Z    Compiling once_cell v1.21.4
measure	Build both exact revisions sequentially with the same toolchain	2026-09-12T22:02:26.9597682Z    Compiling rustix v1.1.4
measure	Build both exact revisions sequentially with the same toolchain	2026-09-12T22:02:27.0284902Z    Compiling linux-raw-sys v0.12.1
measure	Build both exact revisions sequentially with the same toolchain	2026-09-12T22:02:27.2174046Z    Compiling dlib v0.5.3
measure	Build both exact revisions sequentially with the same toolchain	2026-09-12T22:02:27.2724148Z    Compiling smallvec v1.15.2
measure	Build both exact revisions sequentially with the same toolchain	2026-09-12T22:02:27.4634300Z    Compiling wayland-sys v0.31.11
measure	Build both exact revisions sequentially with the same toolchain	2026-09-12T22:02:28.1004025Z    Compiling wayland-backend v0.3.17
measure	Build both exact revisions sequentially with the same toolchain	2026-09-12T22:02:28.1653083Z    Compiling downcast-rs v1.2.1
measure	Build both exact revisions sequentially with the same toolchain	2026-09-12T22:02:28.1970880Z    Compiling scoped-tls v1.0.1
measure	Build both exact revisions sequentially with the same toolchain	2026-09-12T22:02:28.2120935Z    Compiling memchr v2.8.0
measure	Build both exact revisions sequentially with the same toolchain	2026-09-12T22:02:28.2474398Z    Compiling syn v2.0.117
measure	Build both exact revisions sequentially with the same toolchain	2026-09-12T22:02:28.5404265Z    Compiling wayland-client v0.31.15
measure	Build both exact revisions sequentially with the same toolchain	2026-09-12T22:02:28.8033793Z    Compiling quick-xml v0.41.0
measure	Build both exact revisions sequentially with the same toolchain	2026-09-12T22:02:29.7424494Z    Compiling wayland-scanner v0.31.11
measure	Build both exact revisions sequentially with the same toolchain	2026-09-12T22:02:29.8603765Z    Compiling libm v0.2.16
measure	Build both exact revisions sequentially with the same toolchain	2026-09-12T22:02:30.6364125Z    Compiling thiserror v1.0.69
measure	Build both exact revisions sequentially with the same toolchain	2026-09-12T22:02:30.7824156Z    Compiling rustix v0.38.44
measure	Build both exact revisions sequentially with the same toolchain	2026-09-12T22:02:30.9914926Z    Compiling core_maths v0.1.1
measure	Build both exact revisions sequentially with the same toolchain	2026-09-12T22:02:31.0774078Z    Compiling thiserror-impl v1.0.69
measure	Build both exact revisions sequentially with the same toolchain	2026-09-12T22:02:31.2994359Z    Compiling serde_core v1.0.228
measure	Build both exact revisions sequentially with the same toolchain	2026-09-12T22:02:31.4504124Z    Compiling bytemuck v1.25.2
measure	Build both exact revisions sequentially with the same toolchain	2026-09-12T22:02:31.6784340Z    Compiling linux-raw-sys v0.4.15
measure	Build both exact revisions sequentially with the same toolchain	2026-09-12T22:02:32.0014967Z    Compiling cfg_aliases v0.2.1
measure	Build both exact revisions sequentially with the same toolchain	2026-09-12T22:02:32.0294763Z    Compiling semver v1.0.27
measure	Build both exact revisions sequentially with the same toolchain	2026-09-12T22:02:32.1704064Z    Compiling ttf-parser v0.25.1
measure	Build both exact revisions sequentially with the same toolchain	2026-09-12T22:02:32.2724498Z    Compiling rustc_version v0.4.1
measure	Build both exact revisions sequentially with the same toolchain	2026-09-12T22:02:32.4734126Z    Compiling foldhash v0.1.5
measure	Build both exact revisions sequentially with the same toolchain	2026-09-12T22:02:32.6363987Z    Compiling equivalent v1.0.2
measure	Build both exact revisions sequentially with the same toolchain	2026-09-12T22:02:32.6704019Z    Compiling hashbrown v0.16.1
measure	Build both exact revisions sequentially with the same toolchain	2026-09-12T22:02:36.6994030Z    Compiling polling v3.11.0
measure	Build both exact revisions sequentially with the same toolchain	2026-09-12T22:02:37.0073594Z    Compiling slab v0.4.12
measure	Build both exact revisions sequentially with the same toolchain	2026-09-12T22:02:37.1414514Z    Compiling as-raw-xcb-connection v1.0.1
measure	Build both exact revisions sequentially with the same toolchain	2026-09-12T22:02:37.1713477Z    Compiling calloop v0.13.0
measure	Build both exact revisions sequentially with the same toolchain	2026-09-12T22:02:38.2895484Z    Compiling wayland-protocols v0.32.13
measure	Build both exact revisions sequentially with the same toolchain	2026-09-12T22:02:38.3844131Z    Compiling indexmap v2.13.0
measure	Build both exact revisions sequentially with the same toolchain	2026-09-12T22:02:38.4933944Z    Compiling gethostname v1.1.0
measure	Build both exact revisions sequentially with the same toolchain	2026-09-12T22:02:38.5384018Z    Compiling hashbrown v0.15.5
measure	Build both exact revisions sequentially with the same toolchain	2026-09-12T22:02:39.1644066Z    Compiling pathfinder_simd v0.5.5
measure	Build both exact revisions sequentially with the same toolchain	2026-09-12T22:02:39.2474118Z    Compiling aho-corasick v1.1.4
measure	Build both exact revisions sequentially with the same toolchain	2026-09-12T22:02:41.7864008Z    Compiling memmap2 v0.9.11
measure	Build both exact revisions sequentially with the same toolchain	2026-09-12T22:02:42.0294334Z    Compiling freetype-sys v0.20.1
measure	Build both exact revisions sequentially with the same toolchain	2026-09-12T22:02:42.1504076Z    Compiling yeslogic-fontconfig-sys v6.0.0
measure	Build both exact revisions sequentially with the same toolchain	2026-09-12T22:02:42.2133993Z    Compiling smithay-client-toolkit v0.19.2
measure	Build both exact revisions sequentially with the same toolchain	2026-09-12T22:02:42.2294001Z    Compiling arrayref v0.3.9
measure	Build both exact revisions sequentially with the same toolchain	2026-09-12T22:02:42.2584166Z    Compiling pin-project-lite v0.2.17
measure	Build both exact revisions sequentially with the same toolchain	2026-09-12T22:02:42.2835054Z    Compiling xcursor v0.3.11
measure	Build both exact revisions sequentially with the same toolchain	2026-09-12T22:02:42.2995348Z    Compiling zerocopy v0.8.56
measure	Build both exact revisions sequentially with the same toolchain	2026-09-12T22:02:42.5163942Z    Compiling crc32fast v1.5.0
measure	Build both exact revisions sequentially with the same toolchain	2026-09-12T22:02:42.6352725Z    Compiling x11rb-protocol v0.13.2
measure	Build both exact revisions sequentially with the same toolchain	2026-09-12T22:02:43.2123924Z    Compiling parking_lot_core v0.9.12
measure	Build both exact revisions sequentially with the same toolchain	2026-09-12T22:02:43.3093993Z    Compiling getrandom v0.3.4
measure	Build both exact revisions sequentially with the same toolchain	2026-09-12T22:02:43.4714326Z    Compiling simd-adler32 v0.3.8
measure	Build both exact revisions sequentially with the same toolchain	2026-09-12T22:02:43.7103886Z    Compiling strict-num v0.1.1
measure	Build both exact revisions sequentially with the same toolchain	2026-09-12T22:02:43.7858945Z    Compiling xkeysym v0.2.1
measure	Build both exact revisions sequentially with the same toolchain	2026-09-12T22:02:45.9013993Z    Compiling wayland-protocols-wlr v0.3.12
measure	Build both exact revisions sequentially with the same toolchain	2026-09-12T22:02:46.3946171Z    Compiling fixedbitset v0.5.7
measure	Build both exact revisions sequentially with the same toolchain	2026-09-12T22:02:46.8414324Z    Compiling regex-syntax v0.8.10
measure	Build both exact revisions sequentially with the same toolchain	2026-09-12T22:02:50.7948205Z    Compiling thiserror v2.0.18
measure	Build both exact revisions sequentially with the same toolchain	2026-09-12T22:02:50.9643975Z    Compiling tracing-core v0.1.36
measure	Build both exact revisions sequentially with the same toolchain	2026-09-12T22:02:51.6984011Z    Compiling version_check v0.9.5
measure	Build both exact revisions sequentially with the same toolchain	2026-09-12T22:02:51.9123991Z    Compiling cursor-icon v1.2.0
measure	Build both exact revisions sequentially with the same toolchain	2026-09-12T22:02:51.9953862Z    Compiling wayland-csd-frame v0.3.0
measure	Build both exact revisions sequentially with the same toolchain	2026-09-12T22:02:52.3334105Z    Compiling ahash v0.8.12
measure	Build both exact revisions sequentially with the same toolchain	2026-09-12T22:02:52.4130180Z    Compiling tracing v0.1.44
measure	Build both exact revisions sequentially with the same toolchain	2026-09-12T22:02:52.6464089Z    Compiling regex-automata v0.4.14
measure	Build both exact revisions sequentially with the same toolchain	2026-09-12T22:02:53.9930313Z    Compiling petgraph v0.8.3
measure	Build both exact revisions sequentially with the same toolchain	2026-09-12T22:02:56.1623909Z    Compiling x11rb v0.13.2
measure	Build both exact revisions sequentially with the same toolchain	2026-09-12T22:02:59.4527552Z    Compiling tiny-skia-path v0.11.4
measure	Build both exact revisions sequentially with the same toolchain	2026-09-12T22:03:00.1124447Z    Compiling wayland-cursor v0.31.14
measure	Build both exact revisions sequentially with the same toolchain	2026-09-12T22:03:00.8704017Z    Compiling calloop-wayland-source v0.3.0
measure	Build both exact revisions sequentially with the same toolchain	2026-09-12T22:03:00.9434079Z    Compiling owned_ttf_parser v0.25.1
measure	Build both exact revisions sequentially with the same toolchain	2026-09-12T22:03:01.0313601Z    Compiling thiserror-impl v2.0.18
measure	Build both exact revisions sequentially with the same toolchain	2026-09-12T22:03:01.2164092Z    Compiling nom v8.0.0
measure	Build both exact revisions sequentially with the same toolchain	2026-09-12T22:03:02.1654027Z    Compiling x11-dl v2.21.0
measure	Build both exact revisions sequentially with the same toolchain	2026-09-12T22:03:02.2694214Z    Compiling tiny-xlib v0.2.5
measure	Build both exact revisions sequentially with the same toolchain	2026-09-12T22:03:02.3893982Z    Compiling scopeguard v1.2.0
measure	Build both exact revisions sequentially with the same toolchain	2026-09-12T22:03:02.4294120Z    Compiling ab_glyph_rasterizer v0.1.10
measure	Build both exact revisions sequentially with the same toolchain	2026-09-12T22:03:02.6263967Z    Compiling adler2 v2.0.1
measure	Build both exact revisions sequentially with the same toolchain	2026-09-12T22:03:02.7180542Z    Compiling option-ext v0.2.0
measure	Build both exact revisions sequentially with the same toolchain	2026-09-12T22:03:02.7563758Z    Compiling utf8parse v0.2.2
measure	Build both exact revisions sequentially with the same toolchain	2026-09-12T22:03:02.8013863Z    Compiling arrayvec v0.7.8
measure	Build both exact revisions sequentially with the same toolchain	2026-09-12T22:03:02.9714349Z    Compiling tiny-skia v0.11.4
measure	Build both exact revisions sequentially with the same toolchain	2026-09-12T22:03:04.6394085Z    Compiling tree_magic_mini v3.2.2
measure	Build both exact revisions sequentially with the same toolchain	2026-09-12T22:03:05.4634081Z    Compiling anstyle-parse v0.2.7
measure	Build both exact revisions sequentially with the same toolchain	2026-09-12T22:03:05.6401336Z    Compiling dirs-sys v0.5.0
measure	Build both exact revisions sequentially with the same toolchain	2026-09-12T22:03:06.1063992Z    Compiling miniz_oxide v0.8.9
measure	Build both exact revisions sequentially with the same toolchain	2026-09-12T22:03:07.3804105Z    Compiling ab_glyph v0.2.32
measure	Build both exact revisions sequentially with the same toolchain	2026-09-12T22:03:07.7564248Z    Compiling lock_api v0.4.14
measure	Build both exact revisions sequentially with the same toolchain	2026-09-12T22:03:09.6593891Z    Compiling regex v1.12.3
measure	Build both exact revisions sequentially with the same toolchain	2026-09-12T22:03:11.1769811Z    Compiling winit v0.30.13
measure	Build both exact revisions sequentially with the same toolchain	2026-09-12T22:03:11.2264050Z    Compiling nix v0.29.0
measure	Build both exact revisions sequentially with the same toolchain	2026-09-12T22:03:11.4003786Z    Compiling os_pipe v1.2.3
measure	Build both exact revisions sequentially with the same toolchain	2026-09-12T22:03:11.4835097Z    Compiling font-kit v0.14.3
measure	Build both exact revisions sequentially with the same toolchain	2026-09-12T22:03:11.4923944Z    Compiling is_terminal_polyfill v1.70.2
measure	Build both exact revisions sequentially with the same toolchain	2026-09-12T22:03:11.5274136Z    Compiling ctor v0.10.1
measure	Build both exact revisions sequentially with the same toolchain	2026-09-12T22:03:11.5561869Z    Compiling raw-window-handle v0.6.2
measure	Build both exact revisions sequentially with the same toolchain	2026-09-12T22:03:11.5635926Z    Compiling winnow v1.0.0
measure	Build both exact revisions sequentially with the same toolchain	2026-09-12T22:03:11.7973967Z    Compiling serde v1.0.228
measure	Build both exact revisions sequentially with the same toolchain	2026-09-12T22:03:11.9454709Z    Compiling colorchoice v1.0.5
measure	Build both exact revisions sequentially with the same toolchain	2026-09-12T22:03:11.9847621Z    Compiling anstyle-query v1.1.5
measure	Build both exact revisions sequentially with the same toolchain	2026-09-12T22:03:11.9957184Z    Compiling percent-encoding v2.3.2
measure	Build both exact revisions sequentially with the same toolchain	2026-09-12T22:03:12.0284885Z    Compiling anstyle v1.0.14
measure	Build both exact revisions sequentially with the same toolchain	2026-09-12T22:03:12.1934063Z    Compiling same-file v1.0.6
measure	Build both exact revisions sequentially with the same toolchain	2026-09-12T22:03:12.2424303Z    Compiling anstream v0.6.21
measure	Build both exact revisions sequentially with the same toolchain	2026-09-12T22:03:12.2874006Z    Compiling walkdir v2.5.0
measure	Build both exact revisions sequentially with the same toolchain	2026-09-12T22:03:12.7294508Z    Compiling toml_parser v1.0.10+spec-1.1.0
measure	Build both exact revisions sequentially with the same toolchain	2026-09-12T22:03:13.1655739Z    Compiling wl-clipboard-rs v0.9.3
measure	Build both exact revisions sequentially with the same toolchain	2026-09-12T22:03:13.5944198Z    Compiling env_filter v1.0.0
measure	Build both exact revisions sequentially with the same toolchain	2026-09-12T22:03:14.2254109Z    Compiling parking_lot v0.12.5
measure	Build both exact revisions sequentially with the same toolchain	2026-09-12T22:03:14.6244485Z    Compiling sctk-adwaita v0.10.1
measure	Build both exact revisions sequentially with the same toolchain	2026-09-12T22:03:15.1284677Z    Compiling flate2 v1.1.9
measure	Build both exact revisions sequentially with the same toolchain	2026-09-12T22:03:15.6464102Z    Compiling pathfinder_geometry v0.5.1
measure	Build both exact revisions sequentially with the same toolchain	2026-09-12T22:03:16.4806295Z    Compiling dirs v6.0.0
measure	Build both exact revisions sequentially with the same toolchain	2026-09-12T22:03:16.8834768Z    Compiling xkbcommon-dl v0.4.2
measure	Build both exact revisions sequentially with the same toolchain	2026-09-12T22:03:17.9184066Z    Compiling wayland-protocols-plasma v0.3.12
measure	Build both exact revisions sequentially with the same toolchain	2026-09-12T22:03:19.0744076Z    Compiling fdeflate v0.3.7
measure	Build both exact revisions sequentially with the same toolchain	2026-09-12T22:03:20.0334568Z    Compiling toml_datetime v1.0.1+spec-1.1.0
measure	Build both exact revisions sequentially with the same toolchain	2026-09-12T22:03:20.2953902Z    Compiling serde_spanned v1.0.4
measure	Build both exact revisions sequentially with the same toolchain	2026-09-12T22:03:20.3724090Z    Compiling serde_derive v1.0.228
measure	Build both exact revisions sequentially with the same toolchain	2026-09-12T22:03:20.4003896Z    Compiling unicode-script v0.5.8
measure	Build both exact revisions sequentially with the same toolchain	2026-09-12T22:03:20.9222200Z    Compiling fastrand v2.5.0
measure	Build both exact revisions sequentially with the same toolchain	2026-09-12T22:03:21.1376191Z    Compiling jiff v0.2.23
measure	Build both exact revisions sequentially with the same toolchain	2026-09-12T22:03:23.3284751Z    Compiling unicode-ccc v0.4.0
measure	Build both exact revisions sequentially with the same toolchain	2026-09-12T22:03:23.4434436Z    Compiling unicode-bidi-mirroring v0.4.0
measure	Build both exact revisions sequentially with the same toolchain	2026-09-12T22:03:23.5084607Z    Compiling smol_str v0.2.2
measure	Build both exact revisions sequentially with the same toolchain	2026-09-12T22:03:23.5928285Z    Compiling byteorder v1.5.0
measure	Build both exact revisions sequentially with the same toolchain	2026-09-12T22:03:23.7483975Z    Compiling bitflags v1.3.2
measure	Build both exact revisions sequentially with the same toolchain	2026-09-12T22:03:23.7814170Z    Compiling unicode-properties v0.1.4
measure	Build both exact revisions sequentially with the same toolchain	2026-09-12T22:03:23.7974948Z    Compiling float-ord v0.3.2
measure	Build both exact revisions sequentially with the same toolchain	2026-09-12T22:03:23.8404328Z    Compiling lazy_static v1.5.0
measure	Build both exact revisions sequentially with the same toolchain	2026-09-12T22:03:23.8743836Z    Compiling dpi v0.1.2
measure	Build both exact revisions sequentially with the same toolchain	2026-09-12T22:03:23.9314329Z    Compiling toml_writer v1.0.7+spec-1.1.0
measure	Build both exact revisions sequentially with the same toolchain	2026-09-12T22:03:24.1354915Z    Compiling toml v1.0.7+spec-1.1.0
measure	Build both exact revisions sequentially with the same toolchain	2026-09-12T22:03:28.0344528Z    Compiling env_logger v0.11.9
measure	Build both exact revisions sequentially with the same toolchain	2026-09-12T22:03:29.0932519Z    Compiling rustybuzz v0.20.1
measure	Build both exact revisions sequentially with the same toolchain	2026-09-12T22:03:31.8934440Z    Compiling png v0.17.16
measure	Build both exact revisions sequentially with the same toolchain	2026-09-12T22:03:33.0104834Z    Compiling softbuffer v0.4.8
measure	Build both exact revisions sequentially with the same toolchain	2026-09-12T22:03:34.1879059Z    Compiling arboard v3.6.1
measure	Build both exact revisions sequentially with the same toolchain	2026-09-12T22:03:37.2243843Z    Compiling base64 v0.22.1
measure	Build both exact revisions sequentially with the same toolchain	2026-09-12T22:03:37.6994406Z    Compiling unicode-width v0.2.2
measure	Build both exact revisions sequentially with the same toolchain	2026-09-12T22:03:37.8604106Z    Compiling unicode-segmentation v1.13.3
measure	Build both exact revisions sequentially with the same toolchain	2026-09-12T22:03:40.0761944Z    Compiling kokuban v0.1.0 (/home/runner/work/_temp/kokuban-paired-source-after)
measure	Build both exact revisions sequentially with the same toolchain	2026-09-12T22:03:41.2613644Z warning: fields `descent` and `font` are never read
measure	Build both exact revisions sequentially with the same toolchain	2026-09-12T22:03:41.2614774Z   --> src/glyph_atlas.rs:89:9
measure	Build both exact revisions sequentially with the same toolchain	2026-09-12T22:03:41.2615266Z    |
measure	Build both exact revisions sequentially with the same toolchain	2026-09-12T22:03:41.2615660Z 75 | pub struct GlyphAtlas {
measure	Build both exact revisions sequentially with the same toolchain	2026-09-12T22:03:41.2616185Z    |            ---------- fields in this struct
measure	Build both exact revisions sequentially with the same toolchain	2026-09-12T22:03:41.2616679Z ...
measure	Build both exact revisions sequentially with the same toolchain	2026-09-12T22:03:41.2616972Z 89 |     pub descent: f32,
measure	Build both exact revisions sequentially with the same toolchain	2026-09-12T22:03:41.2617330Z    |         ^^^^^^^
measure	Build both exact revisions sequentially with the same toolchain	2026-09-12T22:03:41.2617662Z 90 |     font: Font,
measure	Build both exact revisions sequentially with the same toolchain	2026-09-12T22:03:41.2618024Z    |     ^^^^
measure	Build both exact revisions sequentially with the same toolchain	2026-09-12T22:03:41.2618331Z    |
measure	Build both exact revisions sequentially with the same toolchain	2026-09-12T22:03:41.2618791Z    = note: `#[warn(dead_code)]` (part of `#[warn(unused)]`) on by default
measure	Build both exact revisions sequentially with the same toolchain	2026-09-12T22:03:41.2619280Z 
measure	Build both exact revisions sequentially with the same toolchain	2026-09-12T22:03:41.2619487Z warning: method `clear_and_resize` is never used
measure	Build both exact revisions sequentially with the same toolchain	2026-09-12T22:03:41.2620026Z    --> src/glyph_atlas.rs:220:12
measure	Build both exact revisions sequentially with the same toolchain	2026-09-12T22:03:41.2620440Z     |
measure	Build both exact revisions sequentially with the same toolchain	2026-09-12T22:03:41.2620763Z 107 | impl GlyphAtlas {
measure	Build both exact revisions sequentially with the same toolchain	2026-09-12T22:03:41.2621204Z     | --------------- method in this implementation
measure	Build both exact revisions sequentially with the same toolchain	2026-09-12T22:03:41.2621699Z ...
measure	Build both exact revisions sequentially with the same toolchain	2026-09-12T22:03:41.2622318Z 220 |     pub fn clear_and_resize(&mut self, new_font_size: f32) -> Result<(), GlyphAtlasError> {
measure	Build both exact revisions sequentially with the same toolchain	2026-09-12T22:03:41.2623320Z     |            ^^^^^^^^^^^^^^^^
measure	Build both exact revisions sequentially with the same toolchain	2026-09-12T22:03:41.2623594Z 
measure	Build both exact revisions sequentially with the same toolchain	2026-09-12T22:03:41.2623763Z warning: field `blinking` is never read
measure	Build both exact revisions sequentially with the same toolchain	2026-09-12T22:03:41.2624470Z    --> src/grid/mod.rs:118:9
measure	Build both exact revisions sequentially with the same toolchain	2026-09-12T22:03:41.2624845Z     |
measure	Build both exact revisions sequentially with the same toolchain	2026-09-12T22:03:41.2625159Z 116 | pub struct CursorStyle {
measure	Build both exact revisions sequentially with the same toolchain	2026-09-12T22:03:41.2625589Z     |            ----------- field in this struct
measure	Build both exact revisions sequentially with the same toolchain	2026-09-12T22:03:41.2626083Z 117 |     pub shape: CursorShape,
measure	Build both exact revisions sequentially with the same toolchain	2026-09-12T22:03:41.2626507Z 118 |     pub blinking: bool,
measure	Build both exact revisions sequentially with the same toolchain	2026-09-12T22:03:41.2626883Z     |         ^^^^^^^^
measure	Build both exact revisions sequentially with the same toolchain	2026-09-12T22:03:41.2627209Z     |
measure	Build both exact revisions sequentially with the same toolchain	2026-09-12T22:03:41.2628072Z     = note: `CursorStyle` has derived impls for the traits `Clone` and `Debug`, but these are intentionally ignored during dead code analysis
measure	Build both exact revisions sequentially with the same toolchain	2026-09-12T22:03:41.2628958Z 
measure	Build both exact revisions sequentially with the same toolchain	2026-09-12T22:03:41.2629539Z warning: methods `title_revision`, `scrollback_cell`, `clear_dirty`, and `is_any_dirty` are never used
measure	Build both exact revisions sequentially with the same toolchain	2026-09-12T22:03:41.2630417Z     --> src/grid/mod.rs:365:19
measure	Build both exact revisions sequentially with the same toolchain	2026-09-12T22:03:41.2630815Z      |
measure	Build both exact revisions sequentially with the same toolchain	2026-09-12T22:03:41.2631126Z  228 | impl Grid {
measure	Build both exact revisions sequentially with the same toolchain	2026-09-12T22:03:41.2631528Z      | --------- methods in this implementation
measure	Build both exact revisions sequentially with the same toolchain	2026-09-12T22:03:41.2632017Z ...
measure	Build both exact revisions sequentially with the same toolchain	2026-09-12T22:03:41.2632512Z  365 |     pub(crate) fn title_revision(&self) -> u64 { self.title_revision }
measure	Build both exact revisions sequentially with the same toolchain	2026-09-12T22:03:41.2633402Z      |                   ^^^^^^^^^^^^^^
measure	Build both exact revisions sequentially with the same toolchain	2026-09-12T22:03:41.2633812Z ...
measure	Build both exact revisions sequentially with the same toolchain	2026-09-12T22:03:41.2634271Z  391 |     pub fn scrollback_cell(&self, row: usize, col: usize) -> char {
measure	Build both exact revisions sequentially with the same toolchain	2026-09-12T22:03:41.2634877Z      |            ^^^^^^^^^^^^^^^
measure	Build both exact revisions sequentially with the same toolchain	2026-09-12T22:03:41.2635254Z ...
measure	Build both exact revisions sequentially with the same toolchain	2026-09-12T22:03:41.2635752Z 1505 |     pub fn clear_dirty(&mut self) { for d in &mut self.dirty { *d = false; } }
measure	Build both exact revisions sequentially with the same toolchain	2026-09-12T22:03:41.2636437Z      |            ^^^^^^^^^^^
measure	Build both exact revisions sequentially with the same toolchain	2026-09-12T22:03:41.2637029Z 1506 |     pub fn is_any_dirty(&self) -> bool { self.dirty.iter().any(|&d| d) }
measure	Build both exact revisions sequentially with the same toolchain	2026-09-12T22:03:41.2637692Z      |            ^^^^^^^^^^^^
measure	Build both exact revisions sequentially with the same toolchain	2026-09-12T22:03:41.2637978Z 
measure	Build both exact revisions sequentially with the same toolchain	2026-09-12T22:03:41.2638148Z warning: method `text` is never used
measure	Build both exact revisions sequentially with the same toolchain	2026-09-12T22:03:41.2638610Z   --> src/grid/cell.rs:48:12
measure	Build both exact revisions sequentially with the same toolchain	2026-09-12T22:03:41.2639002Z    |
measure	Build both exact revisions sequentially with the same toolchain	2026-09-12T22:03:41.2639299Z 47 | impl Cell {
measure	Build both exact revisions sequentially with the same toolchain	2026-09-12T22:03:41.2639674Z    | --------- method in this implementation
measure	Build both exact revisions sequentially with the same toolchain	2026-09-12T22:03:41.2640193Z 48 |     pub fn text(&self) -> Cow<'_, str> {
measure	Build both exact revisions sequentially with the same toolchain	2026-09-12T22:03:41.2640640Z    |            ^^^^
measure	Build both exact revisions sequentially with the same toolchain	2026-09-12T22:03:41.2640847Z 
measure	Build both exact revisions sequentially with the same toolchain	2026-09-12T22:03:41.2641011Z warning: field `kind` is never read
measure	Build both exact revisions sequentially with the same toolchain	2026-09-12T22:03:41.2641499Z   --> src/grid/marks.rs:11:9
measure	Build both exact revisions sequentially with the same toolchain	2026-09-12T22:03:41.2642019Z    |
measure	Build both exact revisions sequentially with the same toolchain	2026-09-12T22:03:41.2642660Z 10 | pub struct PromptMark {
measure	Build both exact revisions sequentially with the same toolchain	2026-09-12T22:03:41.2643469Z    |            ---------- field in this struct
measure	Build both exact revisions sequentially with the same toolchain	2026-09-12T22:03:41.2644133Z 11 |     pub kind: PromptMarkKind,
measure	Build both exact revisions sequentially with the same toolchain	2026-09-12T22:03:41.2644806Z    |         ^^^^
measure	Build both exact revisions sequentially with the same toolchain	2026-09-12T22:03:41.2645146Z    |
measure	Build both exact revisions sequentially with the same toolchain	2026-09-12T22:03:41.2645794Z    = note: `PromptMark` has derived impls for the traits `Clone` and `Debug`, but these are intentionally ignored during dead code analysis
measure	Build both exact revisions sequentially with the same toolchain	2026-09-12T22:03:41.2655071Z 
measure	Build both exact revisions sequentially with the same toolchain	2026-09-12T22:03:41.2655557Z warning: methods `prev_prompt`, `next_prompt`, `visible_prompt_rows`, and `is_empty` are never used
measure	Build both exact revisions sequentially with the same toolchain	2026-09-12T22:03:41.2656067Z   --> src/grid/marks.rs:34:12
measure	Build both exact revisions sequentially with the same toolchain	2026-09-12T22:03:41.2656316Z    |
measure	Build both exact revisions sequentially with the same toolchain	2026-09-12T22:03:41.2656498Z 20 | impl MarkIndex {
measure	Build both exact revisions sequentially with the same toolchain	2026-09-12T22:03:41.2656756Z    | -------------- methods in this implementation
measure	Build both exact revisions sequentially with the same toolchain	2026-09-12T22:03:41.2657038Z ...
measure	Build both exact revisions sequentially with the same toolchain	2026-09-12T22:03:41.2657322Z 34 |     pub fn prev_prompt(&self, current_row: usize) -> Option<usize> {
measure	Build both exact revisions sequentially with the same toolchain	2026-09-12T22:03:41.2657680Z    |            ^^^^^^^^^^^
measure	Build both exact revisions sequentially with the same toolchain	2026-09-12T22:03:41.2657891Z ...
measure	Build both exact revisions sequentially with the same toolchain	2026-09-12T22:03:41.2658152Z 48 |     pub fn next_prompt(&self, current_row: usize) -> Option<usize> {
measure	Build both exact revisions sequentially with the same toolchain	2026-09-12T22:03:41.2658489Z    |            ^^^^^^^^^^^
measure	Build both exact revisions sequentially with the same toolchain	2026-09-12T22:03:41.2658694Z ...
measure	Build both exact revisions sequentially with the same toolchain	2026-09-12T22:03:41.2658880Z 58 |     pub fn visible_prompt_rows(
measure	Build both exact revisions sequentially with the same toolchain	2026-09-12T22:03:41.2659130Z    |            ^^^^^^^^^^^^^^^^^^^
measure	Build both exact revisions sequentially with the same toolchain	2026-09-12T22:03:41.2659353Z ...
measure	Build both exact revisions sequentially with the same toolchain	2026-09-12T22:03:41.2659555Z 79 |     pub fn is_empty(&self) -> bool {
measure	Build both exact revisions sequentially with the same toolchain	2026-09-12T22:03:41.2659809Z    |            ^^^^^^^^
measure	Build both exact revisions sequentially with the same toolchain	2026-09-12T22:03:41.2659945Z 
measure	Build both exact revisions sequentially with the same toolchain	2026-09-12T22:03:41.2660065Z warning: struct `KeyBind` is never constructed
measure	Build both exact revisions sequentially with the same toolchain	2026-09-12T22:03:41.2660550Z   --> src/input/keybind.rs:15:12
measure	Build both exact revisions sequentially with the same toolchain	2026-09-12T22:03:41.2660781Z    |
measure	Build both exact revisions sequentially with the same toolchain	2026-09-12T22:03:41.2660962Z 15 | pub struct KeyBind {
measure	Build both exact revisions sequentially with the same toolchain	2026-09-12T22:03:41.2661179Z    |            ^^^^^^^
measure	Build both exact revisions sequentially with the same toolchain	2026-09-12T22:03:41.2661308Z 
measure	Build both exact revisions sequentially with the same toolchain	2026-09-12T22:03:41.2661408Z warning: enum `PaneAction` is never used
measure	Build both exact revisions sequentially with the same toolchain	2026-09-12T22:03:41.2661685Z   --> src/input/keybind.rs:21:10
measure	Build both exact revisions sequentially with the same toolchain	2026-09-12T22:03:41.2661911Z    |
measure	Build both exact revisions sequentially with the same toolchain	2026-09-12T22:03:41.2662091Z 21 | pub enum PaneAction {
measure	Build both exact revisions sequentially with the same toolchain	2026-09-12T22:03:41.2662313Z    |          ^^^^^^^^^^
measure	Build both exact revisions sequentially with the same toolchain	2026-09-12T22:03:41.2662447Z 
measure	Build both exact revisions sequentially with the same toolchain	2026-09-12T22:03:41.2662571Z warning: struct `KeybindMap` is never constructed
measure	Build both exact revisions sequentially with the same toolchain	2026-09-12T22:03:41.2663099Z   --> src/input/keybind.rs:40:12
measure	Build both exact revisions sequentially with the same toolchain	2026-09-12T22:03:41.2663359Z    |
measure	Build both exact revisions sequentially with the same toolchain	2026-09-12T22:03:41.2663544Z 40 | pub struct KeybindMap {
measure	Build both exact revisions sequentially with the same toolchain	2026-09-12T22:03:41.2663770Z    |            ^^^^^^^^^^
measure	Build both exact revisions sequentially with the same toolchain	2026-09-12T22:03:41.2663911Z 
measure	Build both exact revisions sequentially with the same toolchain	2026-09-12T22:03:41.2664088Z warning: associated items `from_config` and `lookup` are never used
measure	Build both exact revisions sequentially with the same toolchain	2026-09-12T22:03:41.2664456Z   --> src/input/keybind.rs:45:12
measure	Build both exact revisions sequentially with the same toolchain	2026-09-12T22:03:41.2664684Z    |
measure	Build both exact revisions sequentially with the same toolchain	2026-09-12T22:03:41.2664862Z 44 | impl KeybindMap {
measure	Build both exact revisions sequentially with the same toolchain	2026-09-12T22:03:41.2665124Z    | --------------- associated items in this implementation
measure	Build both exact revisions sequentially with the same toolchain	2026-09-12T22:03:41.2665499Z 45 |     pub fn from_config(config: &KeybindConfig) -> Self {
measure	Build both exact revisions sequentially with the same toolchain	2026-09-12T22:03:41.2665805Z    |            ^^^^^^^^^^^
measure	Build both exact revisions sequentially with the same toolchain	2026-09-12T22:03:41.2666006Z ...
measure	Build both exact revisions sequentially with the same toolchain	2026-09-12T22:03:41.2666326Z 74 |     pub fn lookup(&self, key_code: u16, modifiers: KeyModifiers) -> Option<PaneAction> {
measure	Build both exact revisions sequentially with the same toolchain	2026-09-12T22:03:41.2666734Z    |            ^^^^^^
measure	Build both exact revisions sequentially with the same toolchain	2026-09-12T22:03:41.2666866Z 
measure	Build both exact revisions sequentially with the same toolchain	2026-09-12T22:03:41.2666983Z warning: function `parse_keybind` is never used
measure	Build both exact revisions sequentially with the same toolchain	2026-09-12T22:03:41.2667283Z   --> src/input/keybind.rs:84:4
measure	Build both exact revisions sequentially with the same toolchain	2026-09-12T22:03:41.2667508Z    |
measure	Build both exact revisions sequentially with the same toolchain	2026-09-12T22:03:41.2667756Z 84 | fn parse_keybind(s: &str) -> Option<KeyBind> {
measure	Build both exact revisions sequentially with the same toolchain	2026-09-12T22:03:41.2668048Z    |    ^^^^^^^^^^^^^
measure	Build both exact revisions sequentially with the same toolchain	2026-09-12T22:03:41.2668174Z 
measure	Build both exact revisions sequentially with the same toolchain	2026-09-12T22:03:41.2668296Z warning: function `key_name_to_code` is never used
measure	Build both exact revisions sequentially with the same toolchain	2026-09-12T22:03:41.2668596Z    --> src/input/keybind.rs:103:4
measure	Build both exact revisions sequentially with the same toolchain	2026-09-12T22:03:41.2668832Z     |
measure	Build both exact revisions sequentially with the same toolchain	2026-09-12T22:03:41.2669055Z 103 | fn key_name_to_code(name: &str) -> Option<u16> {
measure	Build both exact revisions sequentially with the same toolchain	2026-09-12T22:03:41.2669350Z     |    ^^^^^^^^^^^^^^^^
measure	Build both exact revisions sequentially with the same toolchain	2026-09-12T22:03:41.2669483Z 
measure	Build both exact revisions sequentially with the same toolchain	2026-09-12T22:03:41.2669586Z warning: type alias `PaneId` is never used
measure	Build both exact revisions sequentially with the same toolchain	2026-09-12T22:03:41.2669858Z  --> src/layout.rs:5:10
measure	Build both exact revisions sequentially with the same toolchain	2026-09-12T22:03:41.2670062Z   |
measure	Build both exact revisions sequentially with the same toolchain	2026-09-12T22:03:41.2670244Z 5 | pub type PaneId = u64;
measure	Build both exact revisions sequentially with the same toolchain	2026-09-12T22:03:41.2670460Z   |          ^^^^^^
measure	Build both exact revisions sequentially with the same toolchain	2026-09-12T22:03:41.2670578Z 
measure	Build both exact revisions sequentially with the same toolchain	2026-09-12T22:03:41.2670702Z warning: constant `DIVIDER_THICKNESS` is never used
measure	Build both exact revisions sequentially with the same toolchain	2026-09-12T22:03:41.2670995Z  --> src/layout.rs:7:11
measure	Build both exact revisions sequentially with the same toolchain	2026-09-12T22:03:41.2671194Z   |
measure	Build both exact revisions sequentially with the same toolchain	2026-09-12T22:03:41.2671387Z 7 | pub const DIVIDER_THICKNESS: f32 = 6.0;
measure	Build both exact revisions sequentially with the same toolchain	2026-09-12T22:03:41.2671654Z   |           ^^^^^^^^^^^^^^^^^
measure	Build both exact revisions sequentially with the same toolchain	2026-09-12T22:03:41.2671932Z 
measure	Build both exact revisions sequentially with the same toolchain	2026-09-12T22:03:41.2672053Z warning: enum `SplitDirection` is never used
measure	Build both exact revisions sequentially with the same toolchain	2026-09-12T22:03:41.2672342Z   --> src/layout.rs:10:10
measure	Build both exact revisions sequentially with the same toolchain	2026-09-12T22:03:41.2672550Z    |
measure	Build both exact revisions sequentially with the same toolchain	2026-09-12T22:03:41.2672741Z 10 | pub enum SplitDirection {
measure	Build both exact revisions sequentially with the same toolchain	2026-09-12T22:03:41.2673217Z    |          ^^^^^^^^^^^^^^
measure	Build both exact revisions sequentially with the same toolchain	2026-09-12T22:03:41.2673371Z 
measure	Build both exact revisions sequentially with the same toolchain	2026-09-12T22:03:41.2673505Z warning: struct `PixelRect` is never constructed
measure	Build both exact revisions sequentially with the same toolchain	2026-09-12T22:03:41.2673804Z   --> src/layout.rs:16:12
measure	Build both exact revisions sequentially with the same toolchain	2026-09-12T22:03:41.2674024Z    |
measure	Build both exact revisions sequentially with the same toolchain	2026-09-12T22:03:41.2674209Z 16 | pub struct PixelRect {
measure	Build both exact revisions sequentially with the same toolchain	2026-09-12T22:03:41.2674429Z    |            ^^^^^^^^^
measure	Build both exact revisions sequentially with the same toolchain	2026-09-12T22:03:41.2674559Z 
measure	Build both exact revisions sequentially with the same toolchain	2026-09-12T22:03:41.2674751Z warning: associated items `ZERO`, `split`, and `contains` are never used
measure	Build both exact revisions sequentially with the same toolchain	2026-09-12T22:03:41.2675123Z   --> src/layout.rs:24:15
measure	Build both exact revisions sequentially with the same toolchain	2026-09-12T22:03:41.2675328Z    |
measure	Build both exact revisions sequentially with the same toolchain	2026-09-12T22:03:41.2675504Z 23 | impl PixelRect {
measure	Build both exact revisions sequentially with the same toolchain	2026-09-12T22:03:41.2675762Z    | -------------- associated items in this implementation
measure	Build both exact revisions sequentially with the same toolchain	2026-09-12T22:03:41.2676082Z 24 |     pub const ZERO: Self = Self {
measure	Build both exact revisions sequentially with the same toolchain	2026-09-12T22:03:41.2676343Z    |               ^^^^
measure	Build both exact revisions sequentially with the same toolchain	2026-09-12T22:03:41.2676536Z ...
measure	Build both exact revisions sequentially with the same toolchain	2026-09-12T22:03:41.2676870Z 31 |     pub fn split(self, direction: SplitDirection, ratio: f32) -> (PixelRect, PixelRect) {
measure	Build both exact revisions sequentially with the same toolchain	2026-09-12T22:03:41.2677423Z    |            ^^^^^
measure	Build both exact revisions sequentially with the same toolchain	2026-09-12T22:03:41.2677614Z ...
measure	Build both exact revisions sequentially with the same toolchain	2026-09-12T22:03:41.2677827Z 69 |     pub fn contains(&self, x: f32, y: f32) -> bool {
measure	Build both exact revisions sequentially with the same toolchain	2026-09-12T22:03:41.2678129Z    |            ^^^^^^^^
measure	Build both exact revisions sequentially with the same toolchain	2026-09-12T22:03:41.2678265Z 
measure	Build both exact revisions sequentially with the same toolchain	2026-09-12T22:03:41.2678386Z warning: struct `DividerInfo` is never constructed
measure	Build both exact revisions sequentially with the same toolchain	2026-09-12T22:03:41.2678686Z   --> src/layout.rs:75:12
measure	Build both exact revisions sequentially with the same toolchain	2026-09-12T22:03:41.2678892Z    |
measure	Build both exact revisions sequentially with the same toolchain	2026-09-12T22:03:41.2679083Z 75 | pub struct DividerInfo {
measure	Build both exact revisions sequentially with the same toolchain	2026-09-12T22:03:41.2679312Z    |            ^^^^^^^^^^^
measure	Build both exact revisions sequentially with the same toolchain	2026-09-12T22:03:41.2679445Z 
measure	Build both exact revisions sequentially with the same toolchain	2026-09-12T22:03:41.2679568Z warning: function `compute_layout` is never used
measure	Build both exact revisions sequentially with the same toolchain	2026-09-12T22:03:41.2679860Z   --> src/layout.rs:84:8
measure	Build both exact revisions sequentially with the same toolchain	2026-09-12T22:03:41.2680065Z    |
measure	Build both exact revisions sequentially with the same toolchain	2026-09-12T22:03:41.2680243Z 84 | pub fn compute_layout(
measure	Build both exact revisions sequentially with the same toolchain	2026-09-12T22:03:41.2680465Z    |        ^^^^^^^^^^^^^^
measure	Build both exact revisions sequentially with the same toolchain	2026-09-12T22:03:41.2680601Z 
measure	Build both exact revisions sequentially with the same toolchain	2026-09-12T22:03:41.2680714Z warning: function `node_contains` is never used
measure	Build both exact revisions sequentially with the same toolchain	2026-09-12T22:03:41.2681002Z    --> src/layout.rs:131:4
measure	Build both exact revisions sequentially with the same toolchain	2026-09-12T22:03:41.2681219Z     |
measure	Build both exact revisions sequentially with the same toolchain	2026-09-12T22:03:41.2681469Z 131 | fn node_contains(node: &PaneNode, id: PaneId) -> bool {
measure	Build both exact revisions sequentially with the same toolchain	2026-09-12T22:03:41.2681794Z     |    ^^^^^^^^^^^^^
measure	Build both exact revisions sequentially with the same toolchain	2026-09-12T22:03:41.2681918Z 
measure	Build both exact revisions sequentially with the same toolchain	2026-09-12T22:03:41.2682020Z warning: enum `PaneNode` is never used
measure	Build both exact revisions sequentially with the same toolchain	2026-09-12T22:03:41.2682287Z  --> src/layout/tree.rs:3:10
measure	Build both exact revisions sequentially with the same toolchain	2026-09-12T22:03:41.2682510Z   |
measure	Build both exact revisions sequentially with the same toolchain	2026-09-12T22:03:41.2682688Z 3 | pub enum PaneNode {
measure	Build both exact revisions sequentially with the same toolchain	2026-09-12T22:03:41.2683126Z   |          ^^^^^^^^
measure	Build both exact revisions sequentially with the same toolchain	2026-09-12T22:03:41.2683262Z 
measure	Build both exact revisions sequentially with the same toolchain	2026-09-12T22:03:41.2683663Z warning: associated items `split_leaf`, `remove_leaf`, `adjust_ratio`, `contains`, `collect_leaf_ids`, and `is_single_leaf` are never used
measure	Build both exact revisions sequentially with the same toolchain	2026-09-12T22:03:41.2684242Z    --> src/layout/tree.rs:16:12
measure	Build both exact revisions sequentially with the same toolchain	2026-09-12T22:03:41.2684471Z     |
measure	Build both exact revisions sequentially with the same toolchain	2026-09-12T22:03:41.2684656Z  13 | impl PaneNode {
measure	Build both exact revisions sequentially with the same toolchain	2026-09-12T22:03:41.2684916Z     | ------------- associated items in this implementation
measure	Build both exact revisions sequentially with the same toolchain	2026-09-12T22:03:41.2685216Z ...
measure	Build both exact revisions sequentially with the same toolchain	2026-09-12T22:03:41.2685399Z  16 |     pub fn split_leaf(
measure	Build both exact revisions sequentially with the same toolchain	2026-09-12T22:03:41.2685622Z     |            ^^^^^^^^^^
measure	Build both exact revisions sequentially with the same toolchain	2026-09-12T22:03:41.2685828Z ...
measure	Build both exact revisions sequentially with the same toolchain	2026-09-12T22:03:41.2686075Z  44 |     pub fn remove_leaf(&mut self, target_id: PaneId) -> bool {
measure	Build both exact revisions sequentially with the same toolchain	2026-09-12T22:03:41.2686409Z     |            ^^^^^^^^^^^
measure	Build both exact revisions sequentially with the same toolchain	2026-09-12T22:03:41.2686618Z ...
measure	Build both exact revisions sequentially with the same toolchain	2026-09-12T22:03:41.2686902Z  72 |     pub fn adjust_ratio(&mut self, target_id: PaneId, delta: f32) -> bool {
measure	Build both exact revisions sequentially with the same toolchain	2026-09-12T22:03:41.2687274Z     |            ^^^^^^^^^^^^
measure	Build both exact revisions sequentially with the same toolchain	2026-09-12T22:03:41.2687496Z ...
measure	Build both exact revisions sequentially with the same toolchain	2026-09-12T22:03:41.2687742Z 104 |     pub fn contains(node: &PaneNode, id: PaneId) -> bool {
measure	Build both exact revisions sequentially with the same toolchain	2026-09-12T22:03:41.2688063Z     |            ^^^^^^^^
measure	Build both exact revisions sequentially with the same toolchain	2026-09-12T22:03:41.2688266Z ...
measure	Build both exact revisions sequentially with the same toolchain	2026-09-12T22:03:41.2688501Z 113 |     pub fn collect_leaf_ids(&self, out: &mut Vec<PaneId>) {
measure	Build both exact revisions sequentially with the same toolchain	2026-09-12T22:03:41.2688818Z     |            ^^^^^^^^^^^^^^^^
measure	Build both exact revisions sequentially with the same toolchain	2026-09-12T22:03:41.2689175Z ...
measure	Build both exact revisions sequentially with the same toolchain	2026-09-12T22:03:41.2689377Z 123 |     pub fn is_single_leaf(&self) -> bool {
measure	Build both exact revisions sequentially with the same toolchain	2026-09-12T22:03:41.2689653Z     |            ^^^^^^^^^^^^^^
measure	Build both exact revisions sequentially with the same toolchain	2026-09-12T22:03:41.2689803Z 
measure	Build both exact revisions sequentially with the same toolchain	2026-09-12T22:03:41.2689895Z warning: enum `Action` is never used
measure	Build both exact revisions sequentially with the same toolchain	2026-09-12T22:03:41.2690164Z  --> src/parser/mod.rs:6:10
measure	Build both exact revisions sequentially with the same toolchain	2026-09-12T22:03:41.2690386Z   |
measure	Build both exact revisions sequentially with the same toolchain	2026-09-12T22:03:41.2690558Z 6 | pub enum Action {
measure	Build both exact revisions sequentially with the same toolchain	2026-09-12T22:03:41.2690760Z   |          ^^^^^^
measure	Build both exact revisions sequentially with the same toolchain	2026-09-12T22:03:41.2690873Z 
measure	Build both exact revisions sequentially with the same toolchain	2026-09-12T22:03:41.2690968Z warning: method `feed` is never used
measure	Build both exact revisions sequentially with the same toolchain	2026-09-12T22:03:41.2691229Z    --> src/parser/ansi.rs:113:12
measure	Build both exact revisions sequentially with the same toolchain	2026-09-12T22:03:41.2691457Z     |
measure	Build both exact revisions sequentially with the same toolchain	2026-09-12T22:03:41.2691634Z  77 | impl Parser {
measure	Build both exact revisions sequentially with the same toolchain	2026-09-12T22:03:41.2691860Z     | ----------- method in this implementation
measure	Build both exact revisions sequentially with the same toolchain	2026-09-12T22:03:41.2692131Z ...
measure	Build both exact revisions sequentially with the same toolchain	2026-09-12T22:03:41.2692363Z 113 |     pub fn feed(&mut self, input: &[u8], grid: &mut Grid) {
measure	Build both exact revisions sequentially with the same toolchain	2026-09-12T22:03:41.2692676Z     |            ^^^^
measure	Build both exact revisions sequentially with the same toolchain	2026-09-12T22:03:41.2692802Z 
measure	Build both exact revisions sequentially with the same toolchain	2026-09-12T22:03:41.2693251Z warning: methods `master_fd` and `resize` are never used
measure	Build both exact revisions sequentially with the same toolchain	2026-09-12T22:03:41.2693584Z    --> src/pty/unix.rs:178:12
measure	Build both exact revisions sequentially with the same toolchain	2026-09-12T22:03:41.2693805Z     |
measure	Build both exact revisions sequentially with the same toolchain	2026-09-12T22:03:41.2693980Z  35 | impl Pty {
measure	Build both exact revisions sequentially with the same toolchain	2026-09-12T22:03:41.2694203Z     | -------- methods in this implementation
measure	Build both exact revisions sequentially with the same toolchain	2026-09-12T22:03:41.2694601Z ...
measure	Build both exact revisions sequentially with the same toolchain	2026-09-12T22:03:41.2694796Z 178 |     pub fn master_fd(&self) -> RawFd {
measure	Build both exact revisions sequentially with the same toolchain	2026-09-12T22:03:41.2695066Z     |            ^^^^^^^^^
measure	Build both exact revisions sequentially with the same toolchain	2026-09-12T22:03:41.2695270Z ...
measure	Build both exact revisions sequentially with the same toolchain	2026-09-12T22:03:41.2695599Z 243 |     pub fn resize(&self, cols: u16, rows: u16) -> std::io::Result<()> {
measure	Build both exact revisions sequentially with the same toolchain	2026-09-12T22:03:41.2695951Z     |            ^^^^^^
measure	Build both exact revisions sequentially with the same toolchain	2026-09-12T22:03:41.2696076Z 
measure	Build both exact revisions sequentially with the same toolchain	2026-09-12T22:03:41.2696213Z warning: struct `PaneRenderData` is never constructed
measure	Build both exact revisions sequentially with the same toolchain	2026-09-12T22:03:41.2696525Z  --> src/render_scene.rs:5:12
measure	Build both exact revisions sequentially with the same toolchain	2026-09-12T22:03:41.2696745Z   |
measure	Build both exact revisions sequentially with the same toolchain	2026-09-12T22:03:41.2696932Z 5 | pub struct PaneRenderData<'a> {
measure	Build both exact revisions sequentially with the same toolchain	2026-09-12T22:03:41.2697178Z   |            ^^^^^^^^^^^^^^
measure	Build both exact revisions sequentially with the same toolchain	2026-09-12T22:03:41.2697321Z 
measure	Build both exact revisions sequentially with the same toolchain	2026-09-12T22:03:41.2697465Z warning: struct `ConfirmOverlayInfo` is never constructed
measure	Build both exact revisions sequentially with the same toolchain	2026-09-12T22:03:41.2697805Z   --> src/render_scene.rs:16:12
measure	Build both exact revisions sequentially with the same toolchain	2026-09-12T22:03:41.2698031Z    |
measure	Build both exact revisions sequentially with the same toolchain	2026-09-12T22:03:41.2698220Z 16 | pub struct ConfirmOverlayInfo {
measure	Build both exact revisions sequentially with the same toolchain	2026-09-12T22:03:41.2698474Z    |            ^^^^^^^^^^^^^^^^^^
measure	Build both exact revisions sequentially with the same toolchain	2026-09-12T22:03:41.2698632Z 
measure	Build both exact revisions sequentially with the same toolchain	2026-09-12T22:03:41.2698759Z warning: struct `ChromeColors` is never constructed
measure	Build both exact revisions sequentially with the same toolchain	2026-09-12T22:03:41.2699064Z   --> src/render_scene.rs:23:12
measure	Build both exact revisions sequentially with the same toolchain	2026-09-12T22:03:41.2699286Z    |
measure	Build both exact revisions sequentially with the same toolchain	2026-09-12T22:03:41.2699472Z 23 | pub struct ChromeColors {
measure	Build both exact revisions sequentially with the same toolchain	2026-09-12T22:03:41.2699702Z    |            ^^^^^^^^^^^^
measure	Build both exact revisions sequentially with the same toolchain	2026-09-12T22:03:41.2699845Z 
measure	Build both exact revisions sequentially with the same toolchain	2026-09-12T22:03:41.2699984Z warning: methods `contains` and `get_text` are never used
measure	Build both exact revisions sequentially with the same toolchain	2026-09-12T22:03:41.2700310Z    --> src/selection.rs:85:12
measure	Build both exact revisions sequentially with the same toolchain	2026-09-12T22:03:41.2700531Z     |
measure	Build both exact revisions sequentially with the same toolchain	2026-09-12T22:03:41.2700716Z  32 | impl SelectionState {
measure	Build both exact revisions sequentially with the same toolchain	2026-09-12T22:03:41.2700982Z     | ------------------- methods in this implementation
measure	Build both exact revisions sequentially with the same toolchain	2026-09-12T22:03:41.2701265Z ...
measure	Build both exact revisions sequentially with the same toolchain	2026-09-12T22:03:41.2701443Z  85 |     pub fn contains(
measure	Build both exact revisions sequentially with the same toolchain	2026-09-12T22:03:41.2701662Z     |            ^^^^^^^^
measure	Build both exact revisions sequentially with the same toolchain	2026-09-12T22:03:41.2701860Z ...
measure	Build both exact revisions sequentially with the same toolchain	2026-09-12T22:03:41.2702078Z 145 |     pub fn get_text(&self, grid: &Grid) -> String {
measure	Build both exact revisions sequentially with the same toolchain	2026-09-12T22:03:41.2702367Z     |            ^^^^^^^^
measure	Build both exact revisions sequentially with the same toolchain	2026-09-12T22:03:41.2702501Z 
measure	Build both exact revisions sequentially with the same toolchain	2026-09-12T22:03:41.2702670Z warning: variant `UnexpectedProtocolEvent` is never constructed
measure	Build both exact revisions sequentially with the same toolchain	2026-09-12T22:03:41.2703293Z   --> src/terminal_reader.rs:53:5
measure	Build both exact revisions sequentially with the same toolchain	2026-09-12T22:03:41.2703529Z    |
measure	Build both exact revisions sequentially with the same toolchain	2026-09-12T22:03:41.2703717Z 45 | pub(crate) enum ReaderExit {
measure	Build both exact revisions sequentially with the same toolchain	2026-09-12T22:03:41.2703982Z    |                 ---------- variant in this enum
measure	Build both exact revisions sequentially with the same toolchain	2026-09-12T22:03:41.2704248Z ...
measure	Build both exact revisions sequentially with the same toolchain	2026-09-12T22:03:41.2704434Z 53 |     UnexpectedProtocolEvent,
measure	Build both exact revisions sequentially with the same toolchain	2026-09-12T22:03:41.2704671Z    |     ^^^^^^^^^^^^^^^^^^^^^^^
measure	Build both exact revisions sequentially with the same toolchain	2026-09-12T22:03:41.2704889Z    |
measure	Build both exact revisions sequentially with the same toolchain	2026-09-12T22:03:41.2705330Z    = note: `ReaderExit` has a derived impl for the trait `Debug`, but this is intentionally ignored during dead code analysis
measure	Build both exact revisions sequentially with the same toolchain	2026-09-12T22:03:41.2705775Z 
measure	Build both exact revisions sequentially with the same toolchain	2026-09-12T22:03:41.2705984Z warning: associated functions `spawn_text` and `spawn_with_io` are never used
measure	Build both exact revisions sequentially with the same toolchain	2026-09-12T22:03:41.2706524Z    --> src/terminal_reader.rs:64:19
measure	Build both exact revisions sequentially with the same toolchain	2026-09-12T22:03:41.2706763Z     |
measure	Build both exact revisions sequentially with the same toolchain	2026-09-12T22:03:41.2706947Z  63 | impl TerminalReader {
measure	Build both exact revisions sequentially with the same toolchain	2026-09-12T22:03:41.2707240Z     | ------------------- associated functions in this implementation
measure	Build both exact revisions sequentially with the same toolchain	2026-09-12T22:03:41.2707596Z  64 |     pub(crate) fn spawn_text<U, X>(
measure	Build both exact revisions sequentially with the same toolchain	2026-09-12T22:03:41.2707859Z     |                   ^^^^^^^^^^
measure	Build both exact revisions sequentially with the same toolchain	2026-09-12T22:03:41.2708120Z ...
measure	Build both exact revisions sequentially with the same toolchain	2026-09-12T22:03:41.2708304Z 111 |     fn spawn_with_io<I, U, X>(
measure	Build both exact revisions sequentially with the same toolchain	2026-09-12T22:03:41.2708545Z     |        ^^^^^^^^^^^^^
measure	Build both exact revisions sequentially with the same toolchain	2026-09-12T22:03:41.2708684Z 
measure	Build both exact revisions sequentially with the same toolchain	2026-09-12T22:03:41.2708801Z warning: struct `Vertex` is never constructed
measure	Build both exact revisions sequentially with the same toolchain	2026-09-12T22:03:41.2709096Z   --> src/renderer/mod.rs:21:12
measure	Build both exact revisions sequentially with the same toolchain	2026-09-12T22:03:41.2709322Z    |
measure	Build both exact revisions sequentially with the same toolchain	2026-09-12T22:03:41.2709498Z 21 | pub struct Vertex {
measure	Build both exact revisions sequentially with the same toolchain	2026-09-12T22:03:41.2709710Z    |            ^^^^^^
measure	Build both exact revisions sequentially with the same toolchain	2026-09-12T22:03:41.2709832Z 
measure	Build both exact revisions sequentially with the same toolchain	2026-09-12T22:03:41.2709954Z warning: associated function `new` is never used
measure	Build both exact revisions sequentially with the same toolchain	2026-09-12T22:03:41.2710256Z   --> src/renderer/mod.rs:29:12
measure	Build both exact revisions sequentially with the same toolchain	2026-09-12T22:03:41.2710475Z    |
measure	Build both exact revisions sequentially with the same toolchain	2026-09-12T22:03:41.2710644Z 28 | impl Vertex {
measure	Build both exact revisions sequentially with the same toolchain	2026-09-12T22:03:41.2710895Z    | ----------- associated function in this implementation
measure	Build both exact revisions sequentially with the same toolchain	2026-09-12T22:03:41.2711411Z 29 |     pub fn new(x: f32, y: f32, u: f32, v: f32, fg: u32, bg: u32) -> Self {
measure	Build both exact revisions sequentially with the same toolchain	2026-09-12T22:03:41.2711755Z    |            ^^^
measure	Build both exact revisions sequentially with the same toolchain	2026-09-12T22:03:41.2711869Z 
measure	Build both exact revisions sequentially with the same toolchain	2026-09-12T22:03:41.2711992Z warning: function `box_drawing_lines` is never used
measure	Build both exact revisions sequentially with the same toolchain	2026-09-12T22:03:41.2712301Z  --> src/renderer/box_drawing.rs:4:8
measure	Build both exact revisions sequentially with the same toolchain	2026-09-12T22:03:41.2712546Z   |
measure	Build both exact revisions sequentially with the same toolchain	2026-09-12T22:03:41.2712991Z 4 | pub fn box_drawing_lines(c: char, w: f32, h: f32) -> Option<Vec<(f32, f32, f32, f32)>> {
measure	Build both exact revisions sequentially with the same toolchain	2026-09-12T22:03:41.2713395Z   |        ^^^^^^^^^^^^^^^^^
measure	Build both exact revisions sequentially with the same toolchain	2026-09-12T22:03:41.2713539Z 
measure	Build both exact revisions sequentially with the same toolchain	2026-09-12T22:03:41.2713656Z warning: function `is_box_drawing` is never used
measure	Build both exact revisions sequentially with the same toolchain	2026-09-12T22:03:41.2713959Z    --> src/renderer/box_drawing.rs:124:8
measure	Build both exact revisions sequentially with the same toolchain	2026-09-12T22:03:41.2714207Z     |
measure	Build both exact revisions sequentially with the same toolchain	2026-09-12T22:03:41.2714418Z 124 | pub fn is_box_drawing(c: char) -> bool {
measure	Build both exact revisions sequentially with the same toolchain	2026-09-12T22:03:41.2714692Z     |        ^^^^^^^^^^^^^^
measure	Build both exact revisions sequentially with the same toolchain	2026-09-12T22:03:41.2714829Z 
measure	Build both exact revisions sequentially with the same toolchain	2026-09-12T22:03:41.2714941Z warning: function `is_braille` is never used
measure	Build both exact revisions sequentially with the same toolchain	2026-09-12T22:03:41.2715227Z  --> src/renderer/braille.rs:2:8
measure	Build both exact revisions sequentially with the same toolchain	2026-09-12T22:03:41.2715487Z   |
measure	Build both exact revisions sequentially with the same toolchain	2026-09-12T22:03:41.2715683Z 2 | pub fn is_braille(c: char) -> bool {
measure	Build both exact revisions sequentially with the same toolchain	2026-09-12T22:03:41.2715935Z   |        ^^^^^^^^^^
measure	Build both exact revisions sequentially with the same toolchain	2026-09-12T22:03:41.2716062Z 
measure	Build both exact revisions sequentially with the same toolchain	2026-09-12T22:03:41.2716170Z warning: function `braille_dots` is never used
measure	Build both exact revisions sequentially with the same toolchain	2026-09-12T22:03:41.2716458Z   --> src/renderer/braille.rs:12:8
measure	Build both exact revisions sequentially with the same toolchain	2026-09-12T22:03:41.2716692Z    |
measure	Build both exact revisions sequentially with the same toolchain	2026-09-12T22:03:41.2716909Z 12 | pub fn braille_dots(c: char) -> Vec<(u8, u8)> {
measure	Build both exact revisions sequentially with the same toolchain	2026-09-12T22:03:41.2717197Z    |        ^^^^^^^^^^^^
measure	Build both exact revisions sequentially with the same toolchain	2026-09-12T22:03:41.2717329Z 
measure	Build both exact revisions sequentially with the same toolchain	2026-09-12T22:03:41.2717455Z warning: variant `Unsupported` is never constructed
measure	Build both exact revisions sequentially with the same toolchain	2026-09-12T22:03:41.2717773Z   --> src/renderer/image_animation.rs:20:5
measure	Build both exact revisions sequentially with the same toolchain	2026-09-12T22:03:41.2718027Z    |
measure	Build both exact revisions sequentially with the same toolchain	2026-09-12T22:03:41.2718211Z 19 | pub enum AnimationError {
measure	Build both exact revisions sequentially with the same toolchain	2026-09-12T22:03:41.2718471Z    |          -------------- variant in this enum
measure	Build both exact revisions sequentially with the same toolchain	2026-09-12T22:03:41.2718742Z 20 |     Unsupported,
measure	Build both exact revisions sequentially with the same toolchain	2026-09-12T22:03:41.2718943Z    |     ^^^^^^^^^^^
measure	Build both exact revisions sequentially with the same toolchain	2026-09-12T22:03:41.2719131Z    |
measure	Build both exact revisions sequentially with the same toolchain	2026-09-12T22:03:41.2719639Z    = note: `AnimationError` has derived impls for the traits `Debug` and `Clone`, but these are intentionally ignored during dead code analysis
measure	Build both exact revisions sequentially with the same toolchain	2026-09-12T22:03:41.2720150Z 
measure	Build both exact revisions sequentially with the same toolchain	2026-09-12T22:03:49.3793303Z warning: `kokuban` (bin "kokuban") generated 39 warnings
measure	Build both exact revisions sequentially with the same toolchain	2026-09-12T22:03:49.3794025Z     Finished `release` profile [optimized] target(s) in 1m 23s
measure	Measure five alternating pairs in one native Wayland session	﻿2026-09-12T22:03:49.5394586Z ##[group]Run evidence_directory="$RUNNER_TEMP/kokuban-paired-evidence"
measure	Measure five alternating pairs in one native Wayland session	2026-09-12T22:03:49.5395196Z [36;1mevidence_directory="$RUNNER_TEMP/kokuban-paired-evidence"[0m
measure	Measure five alternating pairs in one native Wayland session	2026-09-12T22:03:49.5395573Z [36;1mexport XDG_RUNTIME_DIR[0m
measure	Measure five alternating pairs in one native Wayland session	2026-09-12T22:03:49.5395838Z [36;1mXDG_RUNTIME_DIR="$(mktemp -d)"[0m
measure	Measure five alternating pairs in one native Wayland session	2026-09-12T22:03:49.5396161Z [36;1mexport WAYLAND_DISPLAY=wayland-kokuban-paired[0m
measure	Measure five alternating pairs in one native Wayland session	2026-09-12T22:03:49.5396662Z [36;1munset DISPLAY WAYLAND_SOCKET[0m
measure	Measure five alternating pairs in one native Wayland session	2026-09-12T22:03:49.5396999Z [36;1mweston --backend=headless-backend.so --use-pixman \[0m
measure	Measure five alternating pairs in one native Wayland session	2026-09-12T22:03:49.5397464Z [36;1m  --socket="$WAYLAND_DISPLAY" --idle-time=0 --width=1280 --height=900 \[0m
measure	Measure five alternating pairs in one native Wayland session	2026-09-12T22:03:49.5397910Z [36;1m  --log="$evidence_directory/weston.log" &[0m
measure	Measure five alternating pairs in one native Wayland session	2026-09-12T22:03:49.5398208Z [36;1mweston_pid=$![0m
measure	Measure five alternating pairs in one native Wayland session	2026-09-12T22:03:49.5398595Z [36;1mtrap 'kill "$weston_pid" 2>/dev/null || true; wait "$weston_pid" 2>/dev/null || true' EXIT[0m
measure	Measure five alternating pairs in one native Wayland session	2026-09-12T22:03:49.5399032Z [36;1mfor _attempt in {1..100}; do[0m
measure	Measure five alternating pairs in one native Wayland session	2026-09-12T22:03:49.5399396Z [36;1m  test ! -S "$XDG_RUNTIME_DIR/$WAYLAND_DISPLAY" || break[0m
measure	Measure five alternating pairs in one native Wayland session	2026-09-12T22:03:49.5399732Z [36;1m  kill -0 "$weston_pid"[0m
measure	Measure five alternating pairs in one native Wayland session	2026-09-12T22:03:49.5399975Z [36;1m  sleep 0.1[0m
measure	Measure five alternating pairs in one native Wayland session	2026-09-12T22:03:49.5400177Z [36;1mdone[0m
measure	Measure five alternating pairs in one native Wayland session	2026-09-12T22:03:49.5400410Z [36;1mtest -S "$XDG_RUNTIME_DIR/$WAYLAND_DISPLAY"[0m
measure	Measure five alternating pairs in one native Wayland session	2026-09-12T22:03:49.5400855Z [36;1mbenchmark_cpu="$(python3 -c 'import os; print(min(os.sched_getaffinity(0)))')"[0m
measure	Measure five alternating pairs in one native Wayland session	2026-09-12T22:03:49.5401372Z [36;1mtimeout --kill-after=10s 20m taskset -c "$benchmark_cpu" \[0m
measure	Measure five alternating pairs in one native Wayland session	2026-09-12T22:03:49.5401780Z [36;1m  python3 scripts/compare-kokuban-revisions.py \[0m
measure	Measure five alternating pairs in one native Wayland session	2026-09-12T22:03:49.5402188Z [36;1m    --before "$RUNNER_TEMP/kokuban-paired-binaries/before" \[0m
measure	Measure five alternating pairs in one native Wayland session	2026-09-12T22:03:49.5402610Z [36;1m    --after "$RUNNER_TEMP/kokuban-paired-binaries/after" \[0m
measure	Measure five alternating pairs in one native Wayland session	2026-09-12T22:03:49.5403329Z [36;1m    --before-ref "$(cat "$evidence_directory/before-revision.txt")" \[0m
measure	Measure five alternating pairs in one native Wayland session	2026-09-12T22:03:49.5403807Z [36;1m    --after-ref "$(cat "$evidence_directory/after-revision.txt")" \[0m
measure	Measure five alternating pairs in one native Wayland session	2026-09-12T22:03:49.5404245Z [36;1m    --artifacts-dir "$evidence_directory/measurements" \[0m
measure	Measure five alternating pairs in one native Wayland session	2026-09-12T22:03:49.5404695Z [36;1m    --backend wayland --screen "$SCREEN" --samples 5 --bytes 33554432 \[0m
measure	Measure five alternating pairs in one native Wayland session	2026-09-12T22:03:49.5405096Z [36;1m    --timeout 120 --environment-note \[0m
measure	Measure five alternating pairs in one native Wayland session	2026-09-12T22:03:49.5405784Z [36;1m    "GitHub ubuntu-24.04 runner; Weston headless pixman; both binaries on CPU $benchmark_cpu; DSR processing only, no physical display or GPU comparison"[0m
measure	Measure five alternating pairs in one native Wayland session	2026-09-12T22:03:49.5442004Z shell: /usr/bin/bash --noprofile --norc -e -o pipefail {0}
measure	Measure five alternating pairs in one native Wayland session	2026-09-12T22:03:49.5442353Z env:
measure	Measure five alternating pairs in one native Wayland session	2026-09-12T22:03:49.5442540Z   CARGO_INCREMENTAL: 0
measure	Measure five alternating pairs in one native Wayland session	2026-09-12T22:03:49.5442774Z   CARGO_PROFILE_RELEASE_DEBUG: 0
measure	Measure five alternating pairs in one native Wayland session	2026-09-12T22:03:49.5443282Z   BEFORE_REF: 469b2ac3fb88509a5ac4bf1769e4b2b3512c1008
measure	Measure five alternating pairs in one native Wayland session	2026-09-12T22:03:49.5443638Z   AFTER_REF: 74eaad83dbf813cb15bd883b45d52adf0dc729bd
measure	Measure five alternating pairs in one native Wayland session	2026-09-12T22:03:49.5443935Z   SCREEN: primary
measure	Measure five alternating pairs in one native Wayland session	2026-09-12T22:03:49.5444132Z ##[endgroup]
measure	Measure five alternating pairs in one native Wayland session	2026-09-12T22:03:50.0000998Z pair 1/5: before (469b2ac3fb88509a5ac4bf1769e4b2b3512c1008)
measure	Measure five alternating pairs in one native Wayland session	2026-09-12T22:03:50.3536707Z could not load cursor 'dnd-move'
measure	Measure five alternating pairs in one native Wayland session	2026-09-12T22:03:50.3537273Z could not load cursor 'dnd-copy'
measure	Measure five alternating pairs in one native Wayland session	2026-09-12T22:03:50.3537708Z could not load cursor 'dnd-none'
measure	Measure five alternating pairs in one native Wayland session	2026-09-12T22:03:50.3537955Z could not load cursor 'dnd-move'
measure	Measure five alternating pairs in one native Wayland session	2026-09-12T22:03:50.3538212Z could not load cursor 'dnd-copy'
measure	Measure five alternating pairs in one native Wayland session	2026-09-12T22:03:50.3538494Z could not load cursor 'dnd-none'
measure	Measure five alternating pairs in one native Wayland session	2026-09-12T22:04:04.8457998Z pair 1/5: after (74eaad83dbf813cb15bd883b45d52adf0dc729bd)
measure	Measure five alternating pairs in one native Wayland session	2026-09-12T22:04:19.3469911Z pair 2/5: after (74eaad83dbf813cb15bd883b45d52adf0dc729bd)
measure	Measure five alternating pairs in one native Wayland session	2026-09-12T22:04:33.5817696Z pair 2/5: before (469b2ac3fb88509a5ac4bf1769e4b2b3512c1008)
measure	Measure five alternating pairs in one native Wayland session	2026-09-12T22:04:48.6301075Z pair 3/5: before (469b2ac3fb88509a5ac4bf1769e4b2b3512c1008)
measure	Measure five alternating pairs in one native Wayland session	2026-09-12T22:05:03.5734480Z pair 3/5: after (74eaad83dbf813cb15bd883b45d52adf0dc729bd)
measure	Measure five alternating pairs in one native Wayland session	2026-09-12T22:05:18.0637191Z pair 4/5: after (74eaad83dbf813cb15bd883b45d52adf0dc729bd)
measure	Measure five alternating pairs in one native Wayland session	2026-09-12T22:05:32.2246934Z pair 4/5: before (469b2ac3fb88509a5ac4bf1769e4b2b3512c1008)
measure	Measure five alternating pairs in one native Wayland session	2026-09-12T22:05:47.2396161Z pair 5/5: before (469b2ac3fb88509a5ac4bf1769e4b2b3512c1008)
measure	Measure five alternating pairs in one native Wayland session	2026-09-12T22:06:02.3147572Z pair 5/5: after (74eaad83dbf813cb15bd883b45d52adf0dc729bd)
measure	Measure five alternating pairs in one native Wayland session	2026-09-12T22:06:16.4246191Z {
measure	Measure five alternating pairs in one native Wayland session	2026-09-12T22:06:16.4248525Z   "report": "/home/runner/work/_temp/kokuban-paired-evidence/measurements/report.json",
measure	Measure five alternating pairs in one native Wayland session	2026-09-12T22:06:16.4249217Z   "status": "passed",
measure	Measure five alternating pairs in one native Wayland session	2026-09-12T22:06:16.4249831Z   "comparability": {
measure	Measure five alternating pairs in one native Wayland session	2026-09-12T22:06:16.4250104Z     "geometry_and_history_checks_passed": true,
measure	Measure five alternating pairs in one native Wayland session	2026-09-12T22:06:16.4250423Z     "reasons": [],
measure	Measure five alternating pairs in one native Wayland session	2026-09-12T22:06:16.4250661Z     "geometries_rows_cols_pixels": [
measure	Measure five alternating pairs in one native Wayland session	2026-09-12T22:06:16.4250937Z       [
measure	Measure five alternating pairs in one native Wayland session	2026-09-12T22:06:16.4251128Z         24,
measure	Measure five alternating pairs in one native Wayland session	2026-09-12T22:06:16.4251329Z         80,
measure	Measure five alternating pairs in one native Wayland session	2026-09-12T22:06:16.4251517Z         720,
measure	Measure five alternating pairs in one native Wayland session	2026-09-12T22:06:16.4251712Z         408
measure	Measure five alternating pairs in one native Wayland session	2026-09-12T22:06:16.4251902Z       ]
measure	Measure five alternating pairs in one native Wayland session	2026-09-12T22:06:16.4252094Z     ],
measure	Measure five alternating pairs in one native Wayland session	2026-09-12T22:06:16.4252321Z     "rendering_equivalence_verified": false,
measure	Measure five alternating pairs in one native Wayland session	2026-09-12T22:06:16.4252643Z     "rendering_limitations": [
measure	Measure five alternating pairs in one native Wayland session	2026-09-12T22:06:16.4253471Z       "DSR validates the final marker reply, not workload text or rendered pixels",
measure	Measure five alternating pairs in one native Wayland session	2026-09-12T22:06:16.4254394Z       "Unicode grapheme and font fallback fidelity must be checked separately from this throughput workload",
measure	Measure five alternating pairs in one native Wayland session	2026-09-12T22:06:16.4255124Z       "Installed fallback fonts can differ between terminals and affect rendered output"
measure	Measure five alternating pairs in one native Wayland session	2026-09-12T22:06:16.4255601Z     ],
measure	Measure five alternating pairs in one native Wayland session	2026-09-12T22:06:16.4255796Z     "ranking": null,
measure	Measure five alternating pairs in one native Wayland session	2026-09-12T22:06:16.4256258Z     "scope": "PTY processing throughput and DSR RTT; no presentation latency or terminal ranking",
measure	Measure five alternating pairs in one native Wayland session	2026-09-12T22:06:16.4256792Z     "paired_inputs_validated": true
measure	Measure five alternating pairs in one native Wayland session	2026-09-12T22:06:16.4257068Z   }
measure	Measure five alternating pairs in one native Wayland session	2026-09-12T22:06:16.4257250Z }
measure	Upload reports, configurations, logs and build provenance	﻿2026-09-12T22:06:16.4522276Z Node 20 is being deprecated. This workflow is running with Node 24 by default. If you need to temporarily use Node 20, you can set the ACTIONS_ALLOW_USE_UNSECURE_NODE_VERSION=true environment variable. For more information see: https://github.blog/changelog/2025-09-19-deprecation-of-node-20-on-github-actions-runners/
measure	Upload reports, configurations, logs and build provenance	2026-09-12T22:06:16.4524547Z ##[group]Run actions/upload-artifact@ea165f8d65b6e75b540449e92b4886f43607fa02
measure	Upload reports, configurations, logs and build provenance	2026-09-12T22:06:16.4524941Z with:
measure	Upload reports, configurations, logs and build provenance	2026-09-12T22:06:16.4525178Z   name: linux-paired-revision-measurements
measure	Upload reports, configurations, logs and build provenance	2026-09-12T22:06:16.4525731Z   path: /home/runner/work/_temp/kokuban-paired-evidence
measure	Upload reports, configurations, logs and build provenance	!/home/runner/work/_temp/kokuban-paired-evidence/**/*.bin
measure	Upload reports, configurations, logs and build provenance	
measure	Upload reports, configurations, logs and build provenance	2026-09-12T22:06:16.4526287Z   if-no-files-found: ignore
measure	Upload reports, configurations, logs and build provenance	2026-09-12T22:06:16.4526515Z   retention-days: 7
measure	Upload reports, configurations, logs and build provenance	2026-09-12T22:06:16.4526720Z   compression-level: 6
measure	Upload reports, configurations, logs and build provenance	2026-09-12T22:06:16.4526941Z   overwrite: false
measure	Upload reports, configurations, logs and build provenance	2026-09-12T22:06:16.4527149Z   include-hidden-files: false
measure	Upload reports, configurations, logs and build provenance	2026-09-12T22:06:16.4527374Z env:
measure	Upload reports, configurations, logs and build provenance	2026-09-12T22:06:16.4527552Z   CARGO_INCREMENTAL: 0
measure	Upload reports, configurations, logs and build provenance	2026-09-12T22:06:16.4527806Z   CARGO_PROFILE_RELEASE_DEBUG: 0
measure	Upload reports, configurations, logs and build provenance	2026-09-12T22:06:16.4528085Z   BEFORE_REF: 469b2ac3fb88509a5ac4bf1769e4b2b3512c1008
measure	Upload reports, configurations, logs and build provenance	2026-09-12T22:06:16.4528425Z   AFTER_REF: 74eaad83dbf813cb15bd883b45d52adf0dc729bd
measure	Upload reports, configurations, logs and build provenance	2026-09-12T22:06:16.4528716Z   SCREEN: primary
measure	Upload reports, configurations, logs and build provenance	2026-09-12T22:06:16.4528906Z ##[endgroup]
measure	Upload reports, configurations, logs and build provenance	2026-09-12T22:06:16.6191591Z (node:10410) [DEP0040] DeprecationWarning: The `punycode` module is deprecated. Please use a userland alternative instead.
measure	Upload reports, configurations, logs and build provenance	2026-09-12T22:06:16.6192372Z (Use `node --trace-deprecation ...` to show where the warning was created)
measure	Upload reports, configurations, logs and build provenance	2026-09-12T22:06:16.6583778Z With the provided path, there will be 87 files uploaded
measure	Upload reports, configurations, logs and build provenance	2026-09-12T22:06:16.6584689Z Artifact name is valid!
measure	Upload reports, configurations, logs and build provenance	2026-09-12T22:06:16.6593892Z Root directory input is valid!
measure	Upload reports, configurations, logs and build provenance	2026-09-12T22:06:17.0150767Z Beginning upload of artifact content to blob storage
measure	Upload reports, configurations, logs and build provenance	2026-09-12T22:06:17.1270403Z (node:10410) [DEP0169] DeprecationWarning: `url.parse()` behavior is not standardized and prone to errors that have security implications. Use the WHATWG URL API instead. CVEs are not issued for `url.parse()` vulnerabilities.
measure	Upload reports, configurations, logs and build provenance	2026-09-12T22:06:17.4204872Z Uploaded bytes 97879
measure	Upload reports, configurations, logs and build provenance	2026-09-12T22:06:17.4769693Z Finished uploading artifact content to blob storage!
measure	Upload reports, configurations, logs and build provenance	2026-09-12T22:06:17.4771214Z SHA256 digest of uploaded artifact zip is 027fe7f2d49fd1c9a26310a49494e7c297b7d84d042e17c026b8972867e2bcb4
measure	Upload reports, configurations, logs and build provenance	2026-09-12T22:06:17.4773569Z Finalizing artifact upload
measure	Upload reports, configurations, logs and build provenance	2026-09-12T22:06:17.6903625Z Artifact linux-paired-revision-measurements.zip successfully finalized. Artifact ID 10306671862
measure	Upload reports, configurations, logs and build provenance	2026-09-12T22:06:17.6905269Z Artifact linux-paired-revision-measurements has been successfully uploaded! Final size is 97879 bytes. Artifact ID is 10306671862
measure	Upload reports, configurations, logs and build provenance	2026-09-12T22:06:17.6912091Z Artifact download URL: https://github.com/guicybercode/kokuban.rs/actions/runs/34721365964/artifacts/10306671862
measure	Post Check out measurement harness and revision history	﻿2026-09-12T22:06:17.7136092Z Post job cleanup.
measure	Post Check out measurement harness and revision history	2026-09-12T22:06:17.8015413Z [command]/usr/bin/git version
measure	Post Check out measurement harness and revision history	2026-09-12T22:06:17.8065419Z git version 2.55.0
measure	Post Check out measurement harness and revision history	2026-09-12T22:06:17.8110330Z Temporarily overriding HOME='/home/runner/work/_temp/60c0acb5-cd65-426a-a15f-ff5abff6c426' before making global git config changes
measure	Post Check out measurement harness and revision history	2026-09-12T22:06:17.8111818Z Adding repository directory to the temporary git global config as a safe directory
measure	Post Check out measurement harness and revision history	2026-09-12T22:06:17.8115642Z [command]/usr/bin/git config --global --add safe.directory /home/runner/work/kokuban.rs/kokuban.rs
measure	Post Check out measurement harness and revision history	2026-09-12T22:06:17.8159197Z Removing SSH command configuration
measure	Post Check out measurement harness and revision history	2026-09-12T22:06:17.8160241Z [command]/usr/bin/git config --local --name-only --get-regexp core\.sshCommand
measure	Post Check out measurement harness and revision history	2026-09-12T22:06:17.8199166Z [command]/usr/bin/git submodule foreach --recursive sh -c "git config --local --name-only --get-regexp 'core\.sshCommand' && git config --local --unset-all 'core.sshCommand' || :"
measure	Post Check out measurement harness and revision history	2026-09-12T22:06:17.8464016Z Removing HTTP extra header
measure	Post Check out measurement harness and revision history	2026-09-12T22:06:17.8464800Z [command]/usr/bin/git config --local --name-only --get-regexp http\.https\:\/\/github\.com\/\.extraheader
measure	Post Check out measurement harness and revision history	2026-09-12T22:06:17.8504450Z [command]/usr/bin/git submodule foreach --recursive sh -c "git config --local --name-only --get-regexp 'http\.https\:\/\/github\.com\/\.extraheader' && git config --local --unset-all 'http.https://github.com/.extraheader' || :"
measure	Post Check out measurement harness and revision history	2026-09-12T22:06:17.8751190Z Removing includeIf entries pointing to credentials config files
measure	Post Check out measurement harness and revision history	2026-09-12T22:06:17.8758266Z [command]/usr/bin/git config --local --name-only --get-regexp ^includeIf\.gitdir:
measure	Post Check out measurement harness and revision history	2026-09-12T22:06:17.8792012Z includeif.gitdir:/home/runner/work/kokuban.rs/kokuban.rs/.git.path
measure	Post Check out measurement harness and revision history	2026-09-12T22:06:17.8793307Z includeif.gitdir:/home/runner/work/kokuban.rs/kokuban.rs/.git/worktrees/*.path
measure	Post Check out measurement harness and revision history	2026-09-12T22:06:17.8794398Z includeif.gitdir:/github/workspace/.git.path
measure	Post Check out measurement harness and revision history	2026-09-12T22:06:17.8795175Z includeif.gitdir:/github/workspace/.git/worktrees/*.path
measure	Post Check out measurement harness and revision history	2026-09-12T22:06:17.8820360Z [command]/usr/bin/git config --local --get-all includeif.gitdir:/home/runner/work/kokuban.rs/kokuban.rs/.git.path
measure	Post Check out measurement harness and revision history	2026-09-12T22:06:17.8847368Z /home/runner/work/_temp/git-credentials-80cdb047-0ee5-4e2c-8a77-7a4d00a5040d.config
measure	Post Check out measurement harness and revision history	2026-09-12T22:06:17.8862320Z [command]/usr/bin/git config --local --unset includeif.gitdir:/home/runner/work/kokuban.rs/kokuban.rs/.git.path \/home\/runner\/work\/_temp\/git\-credentials\-80cdb047\-0ee5\-4e2c\-8a77\-7a4d00a5040d\.config
measure	Post Check out measurement harness and revision history	2026-09-12T22:06:17.8905591Z [command]/usr/bin/git config --local --get-all includeif.gitdir:/home/runner/work/kokuban.rs/kokuban.rs/.git/worktrees/*.path
measure	Post Check out measurement harness and revision history	2026-09-12T22:06:17.8935094Z /home/runner/work/_temp/git-credentials-80cdb047-0ee5-4e2c-8a77-7a4d00a5040d.config
measure	Post Check out measurement harness and revision history	2026-09-12T22:06:17.8966133Z [command]/usr/bin/git config --local --unset includeif.gitdir:/home/runner/work/kokuban.rs/kokuban.rs/.git/worktrees/*.path \/home\/runner\/work\/_temp\/git\-credentials\-80cdb047\-0ee5\-4e2c\-8a77\-7a4d00a5040d\.config
measure	Post Check out measurement harness and revision history	2026-09-12T22:06:17.9011069Z [command]/usr/bin/git config --local --get-all includeif.gitdir:/github/workspace/.git.path
measure	Post Check out measurement harness and revision history	2026-09-12T22:06:17.9041582Z /github/runner_temp/git-credentials-80cdb047-0ee5-4e2c-8a77-7a4d00a5040d.config
measure	Post Check out measurement harness and revision history	2026-09-12T22:06:17.9052065Z [command]/usr/bin/git config --local --unset includeif.gitdir:/github/workspace/.git.path \/github\/runner_temp\/git\-credentials\-80cdb047\-0ee5\-4e2c\-8a77\-7a4d00a5040d\.config
measure	Post Check out measurement harness and revision history	2026-09-12T22:06:17.9092142Z [command]/usr/bin/git config --local --get-all includeif.gitdir:/github/workspace/.git/worktrees/*.path
measure	Post Check out measurement harness and revision history	2026-09-12T22:06:17.9121846Z /github/runner_temp/git-credentials-80cdb047-0ee5-4e2c-8a77-7a4d00a5040d.config
measure	Post Check out measurement harness and revision history	2026-09-12T22:06:17.9129888Z [command]/usr/bin/git config --local --unset includeif.gitdir:/github/workspace/.git/worktrees/*.path \/github\/runner_temp\/git\-credentials\-80cdb047\-0ee5\-4e2c\-8a77\-7a4d00a5040d\.config
measure	Post Check out measurement harness and revision history	2026-09-12T22:06:17.9170444Z [command]/usr/bin/git submodule foreach --recursive git config --local --show-origin --name-only --get-regexp remote.origin.url
measure	Post Check out measurement harness and revision history	2026-09-12T22:06:17.9414445Z Removing credentials config '/home/runner/work/_temp/git-credentials-80cdb047-0ee5-4e2c-8a77-7a4d00a5040d.config'
measure	Complete job	﻿2026-09-12T22:06:17.9561317Z Cleaning up orphan processes
measure	Complete job	2026-09-12T22:06:17.9876020Z ##[warning]Node.js 20 is deprecated. The following actions target Node.js 20 but are being forced to run on Node.js 24: actions/upload-artifact@ea165f8d65b6e75b540449e92b4886f43607fa02. For more information see: https://github.blog/changelog/2025-09-19-deprecation-of-node-20-on-github-actions-runners/
