measure	Set up job	﻿2026-09-13T06:53:18.2789877Z Current runner version: '2.337.0'
measure	Set up job	2026-09-13T06:53:18.2819013Z ##[group]Runner Image Provisioner
measure	Set up job	2026-09-13T06:53:18.2820048Z Hosted Compute Agent
measure	Set up job	2026-09-13T06:53:18.2820762Z Version: 20260828.587
measure	Set up job	2026-09-13T06:53:18.2821432Z Commit: abac92662cab4cc7352de4f9f9d2e2419aad9c29
measure	Set up job	2026-09-13T06:53:18.2822165Z Build Date: 2026-08-28T16:44:25Z
measure	Set up job	2026-09-13T06:53:18.2822926Z Worker ID: {abeb1c41-8894-49ed-89d2-3c11e8d1a975}
measure	Set up job	2026-09-13T06:53:18.2823710Z Azure Region: westus
measure	Set up job	2026-09-13T06:53:18.2824339Z ##[endgroup]
measure	Set up job	2026-09-13T06:53:18.2826002Z ##[group]Operating System
measure	Set up job	2026-09-13T06:53:18.2826688Z Ubuntu
measure	Set up job	2026-09-13T06:53:18.2827609Z 24.04.5
measure	Set up job	2026-09-13T06:53:18.2828207Z LTS
measure	Set up job	2026-09-13T06:53:18.2828784Z ##[endgroup]
measure	Set up job	2026-09-13T06:53:18.2829375Z ##[group]Runner Image
measure	Set up job	2026-09-13T06:53:18.2829982Z Image: ubuntu-24.04
measure	Set up job	2026-09-13T06:53:18.2830618Z Version: 20260907.300.1
measure	Set up job	2026-09-13T06:53:18.2831762Z Included Software: https://github.com/actions/runner-images/blob/ubuntu24/20260907.300/images/ubuntu/Ubuntu2404-Readme.md
measure	Set up job	2026-09-13T06:53:18.2833569Z Image Release: https://github.com/actions/runner-images/releases/tag/ubuntu24%2F20260907.300
measure	Set up job	2026-09-13T06:53:18.2834548Z ##[endgroup]
measure	Set up job	2026-09-13T06:53:18.2836250Z ##[group]GITHUB_TOKEN Permissions
measure	Set up job	2026-09-13T06:53:18.2838878Z Contents: read
measure	Set up job	2026-09-13T06:53:18.2839669Z Metadata: read
measure	Set up job	2026-09-13T06:53:18.2840256Z ##[endgroup]
measure	Set up job	2026-09-13T06:53:18.2842567Z Secret source: Actions
measure	Set up job	2026-09-13T06:53:18.2843632Z Cache mode: write
measure	Set up job	2026-09-13T06:53:18.2844457Z Prepare workflow directory
measure	Set up job	2026-09-13T06:53:18.3418814Z Prepare all required actions
measure	Set up job	2026-09-13T06:53:18.3471449Z Getting action download info
measure	Set up job	2026-09-13T06:53:18.6883267Z Download action repository 'actions/checkout@3d3c42e5aac5ba805825da76410c181273ba90b1' (SHA:3d3c42e5aac5ba805825da76410c181273ba90b1)
measure	Set up job	2026-09-13T06:53:18.8003933Z Download action repository 'actions/upload-artifact@ea165f8d65b6e75b540449e92b4886f43607fa02' (SHA:ea165f8d65b6e75b540449e92b4886f43607fa02)
measure	Set up job	2026-09-13T06:53:19.0014926Z Complete job name: measure
measure	Check out measurement harness and revision history	﻿2026-09-13T06:53:19.0761970Z ##[group]Run actions/checkout@3d3c42e5aac5ba805825da76410c181273ba90b1
measure	Check out measurement harness and revision history	2026-09-13T06:53:19.0763103Z with:
measure	Check out measurement harness and revision history	2026-09-13T06:53:19.0763570Z   fetch-depth: 0
measure	Check out measurement harness and revision history	2026-09-13T06:53:19.0764063Z   repository: guicybercode/kokuban.rs
measure	Check out measurement harness and revision history	2026-09-13T06:53:19.0767966Z   token: ***
measure	Check out measurement harness and revision history	2026-09-13T06:53:19.0768441Z   ssh-strict: true
measure	Check out measurement harness and revision history	2026-09-13T06:53:19.0768900Z   ssh-user: git
measure	Check out measurement harness and revision history	2026-09-13T06:53:19.0769356Z   persist-credentials: true
measure	Check out measurement harness and revision history	2026-09-13T06:53:19.0769862Z   clean: true
measure	Check out measurement harness and revision history	2026-09-13T06:53:19.0770313Z   sparse-checkout-cone-mode: true
measure	Check out measurement harness and revision history	2026-09-13T06:53:19.0770849Z   fetch-tags: false
measure	Check out measurement harness and revision history	2026-09-13T06:53:19.0771308Z   show-progress: true
measure	Check out measurement harness and revision history	2026-09-13T06:53:19.0771763Z   lfs: false
measure	Check out measurement harness and revision history	2026-09-13T06:53:19.0772189Z   submodules: false
measure	Check out measurement harness and revision history	2026-09-13T06:53:19.0772663Z   set-safe-directory: true
measure	Check out measurement harness and revision history	2026-09-13T06:53:19.0773186Z   allow-unsafe-pr-checkout: false
measure	Check out measurement harness and revision history	2026-09-13T06:53:19.0774016Z env:
measure	Check out measurement harness and revision history	2026-09-13T06:53:19.0774463Z   CARGO_INCREMENTAL: 0
measure	Check out measurement harness and revision history	2026-09-13T06:53:19.0774953Z   CARGO_PROFILE_RELEASE_DEBUG: 0
measure	Check out measurement harness and revision history	2026-09-13T06:53:19.0775553Z   BEFORE_REF: 24782c344714727be4f8981cd0d1d10f047aa9f4
measure	Check out measurement harness and revision history	2026-09-13T06:53:19.0776227Z   AFTER_REF: f0040ad
measure	Check out measurement harness and revision history	2026-09-13T06:53:19.0776678Z   SCREEN: primary
measure	Check out measurement harness and revision history	2026-09-13T06:53:19.0777611Z ##[endgroup]
measure	Check out measurement harness and revision history	2026-09-13T06:53:19.1784759Z Syncing repository: guicybercode/kokuban.rs
measure	Check out measurement harness and revision history	2026-09-13T06:53:19.1787751Z ##[group]Getting Git version info
measure	Check out measurement harness and revision history	2026-09-13T06:53:19.1788943Z Working directory is '/home/runner/work/kokuban.rs/kokuban.rs'
measure	Check out measurement harness and revision history	2026-09-13T06:53:19.1790686Z [command]/usr/bin/git version
measure	Check out measurement harness and revision history	2026-09-13T06:53:19.1854292Z git version 2.55.0
measure	Check out measurement harness and revision history	2026-09-13T06:53:19.1878020Z ##[endgroup]
measure	Check out measurement harness and revision history	2026-09-13T06:53:19.1890758Z Temporarily overriding HOME='/home/runner/work/_temp/fe92e93a-48ef-48c6-9211-945cd2986098' before making global git config changes
measure	Check out measurement harness and revision history	2026-09-13T06:53:19.1893589Z Adding repository directory to the temporary git global config as a safe directory
measure	Check out measurement harness and revision history	2026-09-13T06:53:19.1896097Z [command]/usr/bin/git config --global --add safe.directory /home/runner/work/kokuban.rs/kokuban.rs
measure	Check out measurement harness and revision history	2026-09-13T06:53:19.1954299Z Deleting the contents of '/home/runner/work/kokuban.rs/kokuban.rs'
measure	Check out measurement harness and revision history	2026-09-13T06:53:19.1958056Z ##[group]Determining repository object format
measure	Check out measurement harness and revision history	2026-09-13T06:53:19.1960077Z ##[endgroup]
measure	Check out measurement harness and revision history	2026-09-13T06:53:19.1961381Z ##[group]Initializing the repository
measure	Check out measurement harness and revision history	2026-09-13T06:53:19.1965722Z [command]/usr/bin/git init /home/runner/work/kokuban.rs/kokuban.rs
measure	Check out measurement harness and revision history	2026-09-13T06:53:19.2083391Z hint: Using 'master' as the name for the initial branch. This default branch name
measure	Check out measurement harness and revision history	2026-09-13T06:53:19.2084837Z hint: will change to "main" in Git 3.0. To configure the initial branch name
measure	Check out measurement harness and revision history	2026-09-13T06:53:19.2085989Z hint: to use in all of your new repositories, which will suppress this warning,
measure	Check out measurement harness and revision history	2026-09-13T06:53:19.2086762Z hint: call:
measure	Check out measurement harness and revision history	2026-09-13T06:53:19.2087663Z hint:
measure	Check out measurement harness and revision history	2026-09-13T06:53:19.2088607Z hint: 	git config --global init.defaultBranch <name>
measure	Check out measurement harness and revision history	2026-09-13T06:53:19.2089821Z hint:
measure	Check out measurement harness and revision history	2026-09-13T06:53:19.2090911Z hint: Names commonly chosen instead of 'master' are 'main', 'trunk' and
measure	Check out measurement harness and revision history	2026-09-13T06:53:19.2092643Z hint: 'development'. The just-created branch can be renamed via this command:
measure	Check out measurement harness and revision history	2026-09-13T06:53:19.2094109Z hint:
measure	Check out measurement harness and revision history	2026-09-13T06:53:19.2094875Z hint: 	git branch -m <name>
measure	Check out measurement harness and revision history	2026-09-13T06:53:19.2095750Z hint:
measure	Check out measurement harness and revision history	2026-09-13T06:53:19.2097160Z hint: Disable this message with "git config set advice.defaultBranchName false"
measure	Check out measurement harness and revision history	2026-09-13T06:53:19.2099042Z Initialized empty Git repository in /home/runner/work/kokuban.rs/kokuban.rs/.git/
measure	Check out measurement harness and revision history	2026-09-13T06:53:19.2106335Z [command]/usr/bin/git remote add origin https://github.com/guicybercode/kokuban.rs
measure	Check out measurement harness and revision history	2026-09-13T06:53:19.2157306Z ##[endgroup]
measure	Check out measurement harness and revision history	2026-09-13T06:53:19.2158720Z ##[group]Disabling automatic garbage collection
measure	Check out measurement harness and revision history	2026-09-13T06:53:19.2162210Z [command]/usr/bin/git config --local gc.auto 0
measure	Check out measurement harness and revision history	2026-09-13T06:53:19.2197390Z ##[endgroup]
measure	Check out measurement harness and revision history	2026-09-13T06:53:19.2199056Z ##[group]Setting up auth
measure	Check out measurement harness and revision history	2026-09-13T06:53:19.2200135Z Removing SSH command configuration
measure	Check out measurement harness and revision history	2026-09-13T06:53:19.2204449Z [command]/usr/bin/git config --local --name-only --get-regexp core\.sshCommand
measure	Check out measurement harness and revision history	2026-09-13T06:53:19.2251472Z [command]/usr/bin/git submodule foreach --recursive sh -c "git config --local --name-only --get-regexp 'core\.sshCommand' && git config --local --unset-all 'core.sshCommand' || :"
measure	Check out measurement harness and revision history	2026-09-13T06:53:19.2694716Z Removing HTTP extra header
measure	Check out measurement harness and revision history	2026-09-13T06:53:19.2700705Z [command]/usr/bin/git config --local --name-only --get-regexp http\.https\:\/\/github\.com\/\.extraheader
measure	Check out measurement harness and revision history	2026-09-13T06:53:19.2738701Z [command]/usr/bin/git submodule foreach --recursive sh -c "git config --local --name-only --get-regexp 'http\.https\:\/\/github\.com\/\.extraheader' && git config --local --unset-all 'http.https://github.com/.extraheader' || :"
measure	Check out measurement harness and revision history	2026-09-13T06:53:19.2961193Z Removing includeIf entries pointing to credentials config files
measure	Check out measurement harness and revision history	2026-09-13T06:53:19.2966169Z [command]/usr/bin/git config --local --name-only --get-regexp ^includeIf\.gitdir:
measure	Check out measurement harness and revision history	2026-09-13T06:53:19.3000964Z [command]/usr/bin/git submodule foreach --recursive git config --local --show-origin --name-only --get-regexp remote.origin.url
measure	Check out measurement harness and revision history	2026-09-13T06:53:19.3236462Z [command]/usr/bin/git config --file /home/runner/work/_temp/git-credentials-61818fe6-f009-4063-85a7-45ee4d48d275.config http.https://github.com/.extraheader AUTHORIZATION: basic ***
measure	Check out measurement harness and revision history	2026-09-13T06:53:19.3278815Z [command]/usr/bin/git config --local includeIf.gitdir:/home/runner/work/kokuban.rs/kokuban.rs/.git.path /home/runner/work/_temp/git-credentials-61818fe6-f009-4063-85a7-45ee4d48d275.config
measure	Check out measurement harness and revision history	2026-09-13T06:53:19.3317446Z [command]/usr/bin/git config --local includeIf.gitdir:/home/runner/work/kokuban.rs/kokuban.rs/.git/worktrees/*.path /home/runner/work/_temp/git-credentials-61818fe6-f009-4063-85a7-45ee4d48d275.config
measure	Check out measurement harness and revision history	2026-09-13T06:53:19.3358662Z [command]/usr/bin/git config --local includeIf.gitdir:/github/workspace/.git.path /github/runner_temp/git-credentials-61818fe6-f009-4063-85a7-45ee4d48d275.config
measure	Check out measurement harness and revision history	2026-09-13T06:53:19.3396836Z [command]/usr/bin/git config --local includeIf.gitdir:/github/workspace/.git/worktrees/*.path /github/runner_temp/git-credentials-61818fe6-f009-4063-85a7-45ee4d48d275.config
measure	Check out measurement harness and revision history	2026-09-13T06:53:19.3429983Z ##[endgroup]
measure	Check out measurement harness and revision history	2026-09-13T06:53:19.3432033Z ##[group]Fetching the repository
measure	Check out measurement harness and revision history	2026-09-13T06:53:19.3436682Z [command]/usr/bin/git -c protocol.version=2 fetch --no-tags --prune --no-recurse-submodules origin +refs/heads/*:refs/remotes/origin/* +refs/tags/*:refs/tags/*
measure	Check out measurement harness and revision history	2026-09-13T06:53:20.5659474Z From https://github.com/guicybercode/kokuban.rs
measure	Check out measurement harness and revision history	2026-09-13T06:53:20.5663178Z  * [new branch]      build/linux-core-check  -> origin/build/linux-core-check
measure	Check out measurement harness and revision history	2026-09-13T06:53:20.5667248Z  * [new branch]      build/linux-glyph-atlas -> origin/build/linux-glyph-atlas
measure	Check out measurement harness and revision history	2026-09-13T06:53:20.5670131Z  * [new branch]      ci/macos-linux-core     -> origin/ci/macos-linux-core
measure	Check out measurement harness and revision history	2026-09-13T06:53:20.5672858Z  * [new branch]      codex/android-native    -> origin/codex/android-native
measure	Check out measurement harness and revision history	2026-09-13T06:53:20.5675367Z  * [new branch]      codex/linux-animation   -> origin/codex/linux-animation
measure	Check out measurement harness and revision history	2026-09-13T06:53:20.5677574Z  * [new branch]      codex/linux-clipboard   -> origin/codex/linux-clipboard
measure	Check out measurement harness and revision history	2026-09-13T06:53:20.5679497Z  * [new branch]      codex/linux-graphics    -> origin/codex/linux-graphics
measure	Check out measurement harness and revision history	2026-09-13T06:53:20.5681445Z  * [new branch]      codex/linux-video       -> origin/codex/linux-video
measure	Check out measurement harness and revision history	2026-09-13T06:53:20.5684168Z  * [new branch]      codex/omarchy-live-theme -> origin/codex/omarchy-live-theme
measure	Check out measurement harness and revision history	2026-09-13T06:53:20.5687237Z  * [new branch]      codex/terminal-compatibility -> origin/codex/terminal-compatibility
measure	Check out measurement harness and revision history	2026-09-13T06:53:20.5690757Z  * [new branch]      cursor/add-brand-image-readme-6117 -> origin/cursor/add-brand-image-readme-6117
measure	Check out measurement harness and revision history	2026-09-13T06:53:20.5693374Z  * [new branch]      cursor/product-readme-9228 -> origin/cursor/product-readme-9228
measure	Check out measurement harness and revision history	2026-09-13T06:53:20.5695856Z  * [new branch]      cursor/setup-dev-environment-1e59 -> origin/cursor/setup-dev-environment-1e59
measure	Check out measurement harness and revision history	2026-09-13T06:53:20.5698899Z  * [new branch]      feat/alternate-scroll-mode -> origin/feat/alternate-scroll-mode
measure	Check out measurement harness and revision history	2026-09-13T06:53:20.5701202Z  * [new branch]      feat/application-cursor-keys -> origin/feat/application-cursor-keys
measure	Check out measurement harness and revision history	2026-09-13T06:53:20.5703418Z  * [new branch]      feat/decawm-auto-wrap   -> origin/feat/decawm-auto-wrap
measure	Check out measurement harness and revision history	2026-09-13T06:53:20.5706030Z  * [new branch]      feat/linux-focus-reporting -> origin/feat/linux-focus-reporting
measure	Check out measurement harness and revision history	2026-09-13T06:53:20.5708704Z  * [new branch]      feat/linux-glyph-first-frame -> origin/feat/linux-glyph-first-frame
measure	Check out measurement harness and revision history	2026-09-13T06:53:20.5711146Z  * [new branch]      feat/linux-grid-rendering -> origin/feat/linux-grid-rendering
measure	Check out measurement harness and revision history	2026-09-13T06:53:20.5713342Z  * [new branch]      feat/linux-ime-commit   -> origin/feat/linux-ime-commit
measure	Check out measurement harness and revision history	2026-09-13T06:53:20.5715634Z  * [new branch]      feat/linux-ime-cursor-area -> origin/feat/linux-ime-cursor-area
measure	Check out measurement harness and revision history	2026-09-13T06:53:20.5718353Z  * [new branch]      feat/linux-ime-preedit  -> origin/feat/linux-ime-preedit
measure	Check out measurement harness and revision history	2026-09-13T06:53:20.5721719Z  * [new branch]      feat/linux-keyboard-input -> origin/feat/linux-keyboard-input
measure	Check out measurement harness and revision history	2026-09-13T06:53:20.5725502Z  * [new branch]      feat/linux-mouse-buttons -> origin/feat/linux-mouse-buttons
measure	Check out measurement harness and revision history	2026-09-13T06:53:20.5730825Z  * [new branch]      feat/linux-mouse-motion -> origin/feat/linux-mouse-motion
measure	Check out measurement harness and revision history	2026-09-13T06:53:20.5733955Z  * [new branch]      feat/linux-mouse-wheel  -> origin/feat/linux-mouse-wheel
measure	Check out measurement harness and revision history	2026-09-13T06:53:20.5736751Z  * [new branch]      feat/linux-osc-window-title -> origin/feat/linux-osc-window-title
measure	Check out measurement harness and revision history	2026-09-13T06:53:20.5739977Z  * [new branch]      feat/linux-scrollback-shortcuts -> origin/feat/linux-scrollback-shortcuts
measure	Check out measurement harness and revision history	2026-09-13T06:53:20.5742956Z  * [new branch]      feat/linux-terminal-resize -> origin/feat/linux-terminal-resize
measure	Check out measurement harness and revision history	2026-09-13T06:53:20.5745681Z  * [new branch]      feat/linux-terminal-session -> origin/feat/linux-terminal-session
measure	Check out measurement harness and revision history	2026-09-13T06:53:20.5748794Z  * [new branch]      feat/linux-terminal-writer -> origin/feat/linux-terminal-writer
measure	Check out measurement harness and revision history	2026-09-13T06:53:20.5751451Z  * [new branch]      feat/linux-window-bootstrap -> origin/feat/linux-window-bootstrap
measure	Check out measurement harness and revision history	2026-09-13T06:53:20.5754064Z  * [new branch]      feat/macos-osc-window-title -> origin/feat/macos-osc-window-title
measure	Check out measurement harness and revision history	2026-09-13T06:53:20.5756765Z  * [new branch]      feat/modified-terminal-keys -> origin/feat/modified-terminal-keys
measure	Check out measurement harness and revision history	2026-09-13T06:53:20.5761076Z  * [new branch]      feat/portable-a8-compositor -> origin/feat/portable-a8-compositor
measure	Check out measurement harness and revision history	2026-09-13T06:53:20.5764298Z  * [new branch]      feat/portable-terminal-reader -> origin/feat/portable-terminal-reader
measure	Check out measurement harness and revision history	2026-09-13T06:53:20.5767294Z  * [new branch]      feat/terminal-insert-key -> origin/feat/terminal-insert-key
measure	Check out measurement harness and revision history	2026-09-13T06:53:20.5770860Z  * [new branch]      fix/atomic-image-store-replacement -> origin/fix/atomic-image-store-replacement
measure	Check out measurement harness and revision history	2026-09-13T06:53:20.5774025Z  * [new branch]      fix/cancellable-pty-responses -> origin/fix/cancellable-pty-responses
measure	Check out measurement harness and revision history	2026-09-13T06:53:20.5777362Z  * [new branch]      fix/consume-csi-private-markers -> origin/fix/consume-csi-private-markers
measure	Check out measurement harness and revision history	2026-09-13T06:53:20.5780223Z  * [new branch]      fix/control-string-bounds -> origin/fix/control-string-bounds
measure	Check out measurement harness and revision history	2026-09-13T06:53:20.5782723Z  * [new branch]      fix/csi-3j-scrollback   -> origin/fix/csi-3j-scrollback
measure	Check out measurement harness and revision history	2026-09-13T06:53:20.5784956Z  * [new branch]      fix/csi-parser-bounds   -> origin/fix/csi-parser-bounds
measure	Check out measurement harness and revision history	2026-09-13T06:53:20.5787570Z  * [new branch]      fix/fallible-glyph-atlas -> origin/fix/fallible-glyph-atlas
measure	Check out measurement harness and revision history	2026-09-13T06:53:20.5790896Z  * [new branch]      fix/graphics-config-gates -> origin/fix/graphics-config-gates
measure	Check out measurement harness and revision history	2026-09-13T06:53:20.5793858Z  * [new branch]      fix/graphics-parser-capabilities -> origin/fix/graphics-parser-capabilities
measure	Check out measurement harness and revision history	2026-09-13T06:53:20.5796720Z  * [new branch]      fix/grid-resize-cursor-bounds -> origin/fix/grid-resize-cursor-bounds
measure	Check out measurement harness and revision history	2026-09-13T06:53:20.5799914Z  * [new branch]      fix/image-screen-buffer-lifecycle -> origin/fix/image-screen-buffer-lifecycle
measure	Check out measurement harness and revision history	2026-09-13T06:53:20.5802836Z  * [new branch]      fix/kitty-c1-placement-mode -> origin/fix/kitty-c1-placement-mode
measure	Check out measurement harness and revision history	2026-09-13T06:53:20.5805397Z  * [new branch]      fix/kitty-chunk-assembly -> origin/fix/kitty-chunk-assembly
measure	Check out measurement harness and revision history	2026-09-13T06:53:20.5808038Z  * [new branch]      fix/kitty-chunk-size-limit -> origin/fix/kitty-chunk-size-limit
measure	Check out measurement harness and revision history	2026-09-13T06:53:20.5810457Z  * [new branch]      fix/kitty-cursor-advance -> origin/fix/kitty-cursor-advance
measure	Check out measurement harness and revision history	2026-09-13T06:53:20.5813550Z  * [new branch]      fix/kitty-delete-selector-parsing -> origin/fix/kitty-delete-selector-parsing
measure	Check out measurement harness and revision history	2026-09-13T06:53:20.5816829Z  * [new branch]      fix/kitty-file-transfer-policy -> origin/fix/kitty-file-transfer-policy
measure	Check out measurement harness and revision history	2026-09-13T06:53:20.5820230Z  * [new branch]      fix/kitty-graphics-event-order -> origin/fix/kitty-graphics-event-order
measure	Check out measurement harness and revision history	2026-09-13T06:53:20.5823260Z  * [new branch]      fix/kitty-image-number-semantics -> origin/fix/kitty-image-number-semantics
measure	Check out measurement harness and revision history	2026-09-13T06:53:20.5826690Z  * [new branch]      fix/kitty-inline-cursor-motion -> origin/fix/kitty-inline-cursor-motion
measure	Check out measurement harness and revision history	2026-09-13T06:53:20.5829895Z  * [new branch]      fix/kitty-inline-pixel-offsets -> origin/fix/kitty-inline-pixel-offsets
measure	Check out measurement harness and revision history	2026-09-13T06:53:20.5832516Z  * [new branch]      fix/kitty-native-auto-size -> origin/fix/kitty-native-auto-size
measure	Check out measurement harness and revision history	2026-09-13T06:53:20.5835379Z  * [new branch]      fix/kitty-pane-scoped-image-ids -> origin/fix/kitty-pane-scoped-image-ids
measure	Check out measurement harness and revision history	2026-09-13T06:53:20.5838297Z  * [new branch]      fix/kitty-png-transmission -> origin/fix/kitty-png-transmission
measure	Check out measurement harness and revision history	2026-09-13T06:53:20.5840956Z  * [new branch]      fix/kitty-query-preserves-images -> origin/fix/kitty-query-preserves-images
measure	Check out measurement harness and revision history	2026-09-13T06:53:20.5843637Z  * [new branch]      fix/kitty-query-validation -> origin/fix/kitty-query-validation
measure	Check out measurement harness and revision history	2026-09-13T06:53:20.5847374Z  * [new branch]      fix/kitty-retransmission-placements -> origin/fix/kitty-retransmission-placements
measure	Check out measurement harness and revision history	2026-09-13T06:53:20.5850303Z  * [new branch]      fix/kitty-safe-hard-delete -> origin/fix/kitty-safe-hard-delete
measure	Check out measurement harness and revision history	2026-09-13T06:53:20.5852998Z  * [new branch]      fix/kitty-single-axis-aspect-ratio -> origin/fix/kitty-single-axis-aspect-ratio
measure	Check out measurement harness and revision history	2026-09-13T06:53:20.5855575Z  * [new branch]      fix/kitty-zlib-limits   -> origin/fix/kitty-zlib-limits
measure	Check out measurement harness and revision history	2026-09-13T06:53:20.5858563Z  * [new branch]      fix/linux-pointer-device-routing -> origin/fix/linux-pointer-device-routing
measure	Check out measurement harness and revision history	2026-09-13T06:53:20.5861398Z  * [new branch]      fix/linux-underline-rendering -> origin/fix/linux-underline-rendering
measure	Check out measurement harness and revision history	2026-09-13T06:53:20.5865107Z  * [new branch]      fix/lossless-terminal-input-headroom -> origin/fix/lossless-terminal-input-headroom
measure	Check out measurement harness and revision history	2026-09-13T06:53:20.5869071Z  * [new branch]      fix/macos-exact-keybind-modifiers -> origin/fix/macos-exact-keybind-modifiers
measure	Check out measurement harness and revision history	2026-09-13T06:53:20.5872393Z  * [new branch]      fix/macos-exact-scrollback-modifiers -> origin/fix/macos-exact-scrollback-modifiers
measure	Check out measurement harness and revision history	2026-09-13T06:53:20.5875166Z  * [new branch]      fix/macos-focus-reporting -> origin/fix/macos-focus-reporting
measure	Check out measurement harness and revision history	2026-09-13T06:53:20.5878011Z  * [new branch]      fix/macos-graphics-metric-race -> origin/fix/macos-graphics-metric-race
measure	Check out measurement harness and revision history	2026-09-13T06:53:20.5880604Z  * [new branch]      fix/macos-option-meta-text -> origin/fix/macos-option-meta-text
measure	Check out measurement harness and revision history	2026-09-13T06:53:20.5883165Z  * [new branch]      fix/macos-pane-focus-reporting -> origin/fix/macos-pane-focus-reporting
measure	Check out measurement harness and revision history	2026-09-13T06:53:20.5885700Z  * [new branch]      fix/macos-paste-preflight -> origin/fix/macos-paste-preflight
measure	Check out measurement harness and revision history	2026-09-13T06:53:20.5888483Z  * [new branch]      fix/macos-queued-pty-writes -> origin/fix/macos-queued-pty-writes
measure	Check out measurement harness and revision history	2026-09-13T06:53:20.5890916Z  * [new branch]      fix/macos-scroll-deltas -> origin/fix/macos-scroll-deltas
measure	Check out measurement harness and revision history	2026-09-13T06:53:20.5893557Z  * [new branch]      fix/macos-transactional-pane-resize -> origin/fix/macos-transactional-pane-resize
measure	Check out measurement harness and revision history	2026-09-13T06:53:20.5896225Z  * [new branch]      fix/macos-wheel-modifiers -> origin/fix/macos-wheel-modifiers
measure	Check out measurement harness and revision history	2026-09-13T06:53:20.5898751Z  * [new branch]      fix/portable-pty-lifecycle -> origin/fix/portable-pty-lifecycle
measure	Check out measurement harness and revision history	2026-09-13T06:53:20.5901159Z  * [new branch]      fix/preserve-pending-wrap -> origin/fix/preserve-pending-wrap
measure	Check out measurement harness and revision history	2026-09-13T06:53:20.5903821Z  * [new branch]      fix/preserve-terminal-content -> origin/fix/preserve-terminal-content
measure	Check out measurement harness and revision history	2026-09-13T06:53:20.5906466Z  * [new branch]      fix/pty-child-failure-cleanup -> origin/fix/pty-child-failure-cleanup
measure	Check out measurement harness and revision history	2026-09-13T06:53:20.5909242Z  * [new branch]      fix/pty-child-stage-write -> origin/fix/pty-child-stage-write
measure	Check out measurement harness and revision history	2026-09-13T06:53:20.5912018Z  * [new branch]      fix/pty-child-startup-deadline -> origin/fix/pty-child-startup-deadline
measure	Check out measurement harness and revision history	2026-09-13T06:53:20.5914598Z  * [new branch]      fix/pty-graphics-environment -> origin/fix/pty-graphics-environment
measure	Check out measurement harness and revision history	2026-09-13T06:53:20.5917125Z  * [new branch]      fix/pty-resize-eintr    -> origin/fix/pty-resize-eintr
measure	Check out measurement harness and revision history	2026-09-13T06:53:20.5919283Z  * [new branch]      fix/pty-write-errno     -> origin/fix/pty-write-errno
measure	Check out measurement harness and revision history	2026-09-13T06:53:20.5921539Z  * [new branch]      fix/serialized-pty-output -> origin/fix/serialized-pty-output
measure	Check out measurement harness and revision history	2026-09-13T06:53:20.5923741Z  * [new branch]      fix/sgr-colon-truecolor -> origin/fix/sgr-colon-truecolor
measure	Check out measurement harness and revision history	2026-09-13T06:53:20.5925928Z  * [new branch]      fix/sgr-conceal-rendering -> origin/fix/sgr-conceal-rendering
measure	Check out measurement harness and revision history	2026-09-13T06:53:20.5928497Z  * [new branch]      fix/sgr-faint-rendering -> origin/fix/sgr-faint-rendering
measure	Check out measurement harness and revision history	2026-09-13T06:53:20.5930710Z  * [new branch]      fix/sixel-event-ordering -> origin/fix/sixel-event-ordering
measure	Check out measurement harness and revision history	2026-09-13T06:53:20.5932962Z  * [new branch]      fix/sixel-resource-limits -> origin/fix/sixel-resource-limits
measure	Check out measurement harness and revision history	2026-09-13T06:53:20.5935404Z  * [new branch]      fix/terminal-input-byte-budget -> origin/fix/terminal-input-byte-budget
measure	Check out measurement harness and revision history	2026-09-13T06:53:20.5938393Z  * [new branch]      fix/terminal-pixel-report-overflow -> origin/fix/terminal-pixel-report-overflow
measure	Check out measurement harness and revision history	2026-09-13T06:53:20.5940909Z  * [new branch]      fix/utf8-control-strings -> origin/fix/utf8-control-strings
measure	Check out measurement harness and revision history	2026-09-13T06:53:20.5942972Z  * [new branch]      fix/xterm-color-cube    -> origin/fix/xterm-color-cube
measure	Check out measurement harness and revision history	2026-09-13T06:53:20.5944757Z  * [new branch]      main                    -> origin/main
measure	Check out measurement harness and revision history	2026-09-13T06:53:20.5946537Z  * [new branch]      perf/compact-history    -> origin/perf/compact-history
measure	Check out measurement harness and revision history	2026-09-13T06:53:20.5948720Z  * [new branch]      perf/mixed-utf8-spans   -> origin/perf/mixed-utf8-spans
measure	Check out measurement harness and revision history	2026-09-13T06:53:20.5950793Z  * [new branch]      perf/remove-grid-dirty  -> origin/perf/remove-grid-dirty
measure	Check out measurement harness and revision history	2026-09-13T06:53:20.5953334Z  * [new branch]      refactor/64-bit-image-store-ids -> origin/refactor/64-bit-image-store-ids
measure	Check out measurement harness and revision history	2026-09-13T06:53:20.5956260Z  * [new branch]      refactor/integer-glyph-atlas-coordinates -> origin/refactor/integer-glyph-atlas-coordinates
measure	Check out measurement harness and revision history	2026-09-13T06:53:20.5959526Z  * [new branch]      refactor/portable-graphics-types -> origin/refactor/portable-graphics-types
measure	Check out measurement harness and revision history	2026-09-13T06:53:20.5962147Z  * [new branch]      refactor/portable-pane-layout -> origin/refactor/portable-pane-layout
measure	Check out measurement harness and revision history	2026-09-13T06:53:20.5964688Z  * [new branch]      refactor/portable-render-scene -> origin/refactor/portable-render-scene
measure	Check out measurement harness and revision history	2026-09-13T06:53:20.5967695Z  * [new branch]      refactor/portable-selection-state -> origin/refactor/portable-selection-state
measure	Check out measurement harness and revision history	2026-09-13T06:53:20.5970511Z  * [new branch]      refactor/portable-terminal-colors -> origin/refactor/portable-terminal-colors
measure	Check out measurement harness and revision history	2026-09-13T06:53:20.5973297Z  * [new branch]      refactor/portable-terminal-decoder -> origin/refactor/portable-terminal-decoder
measure	Check out measurement harness and revision history	2026-09-13T06:53:20.5975813Z  * [new branch]      refactor/pty-readiness  -> origin/refactor/pty-readiness
measure	Check out measurement harness and revision history	2026-09-13T06:53:20.5978433Z  * [new branch]      refactor/shared-window-title-policy -> origin/refactor/shared-window-title-policy
measure	Check out measurement harness and revision history	2026-09-13T06:53:20.5980685Z  * [new branch]      upgrade                 -> origin/upgrade
measure	Check out measurement harness and revision history	2026-09-13T06:53:20.5982189Z  * [new tag]         v0.1                    -> v0.1
measure	Check out measurement harness and revision history	2026-09-13T06:53:20.5983561Z  * [new tag]         v0.2                    -> v0.2
measure	Check out measurement harness and revision history	2026-09-13T06:53:20.5986873Z [command]/usr/bin/git branch --list --remote origin/perf/compact-history
measure	Check out measurement harness and revision history	2026-09-13T06:53:20.5988715Z   origin/perf/compact-history
measure	Check out measurement harness and revision history	2026-09-13T06:53:20.5991461Z [command]/usr/bin/git rev-parse refs/remotes/origin/perf/compact-history
measure	Check out measurement harness and revision history	2026-09-13T06:53:20.5993147Z f0040ad66cbb49d76b387bbe0539c014bc801d28
measure	Check out measurement harness and revision history	2026-09-13T06:53:20.5996104Z ##[endgroup]
measure	Check out measurement harness and revision history	2026-09-13T06:53:20.5997922Z ##[group]Determining the checkout info
measure	Check out measurement harness and revision history	2026-09-13T06:53:20.5999736Z ##[endgroup]
measure	Check out measurement harness and revision history	2026-09-13T06:53:20.6000754Z [command]/usr/bin/git sparse-checkout disable
measure	Check out measurement harness and revision history	2026-09-13T06:53:20.6003916Z [command]/usr/bin/git config --local --unset-all extensions.worktreeConfig
measure	Check out measurement harness and revision history	2026-09-13T06:53:20.6007732Z ##[group]Checking out the ref
measure	Check out measurement harness and revision history	2026-09-13T06:53:20.6009872Z [command]/usr/bin/git checkout --progress --force -B perf/compact-history refs/remotes/origin/perf/compact-history
measure	Check out measurement harness and revision history	2026-09-13T06:53:20.6813295Z Switched to a new branch 'perf/compact-history'
measure	Check out measurement harness and revision history	2026-09-13T06:53:20.6818470Z branch 'perf/compact-history' set up to track 'origin/perf/compact-history'.
measure	Check out measurement harness and revision history	2026-09-13T06:53:20.6830520Z ##[endgroup]
measure	Check out measurement harness and revision history	2026-09-13T06:53:20.6881073Z [command]/usr/bin/git log -1 --format=%H
measure	Check out measurement harness and revision history	2026-09-13T06:53:20.6914009Z f0040ad66cbb49d76b387bbe0539c014bc801d28
measure	Install Rust and native Wayland dependencies	﻿2026-09-13T06:53:20.7239686Z ##[group]Run rustup toolchain install 1.94.1 --profile minimal
measure	Install Rust and native Wayland dependencies	2026-09-13T06:53:20.7241636Z [36;1mrustup toolchain install 1.94.1 --profile minimal[0m
measure	Install Rust and native Wayland dependencies	2026-09-13T06:53:20.7243103Z [36;1mrustup default 1.94.1[0m
measure	Install Rust and native Wayland dependencies	2026-09-13T06:53:20.7244216Z [36;1msudo apt-get update[0m
measure	Install Rust and native Wayland dependencies	2026-09-13T06:53:20.7245585Z [36;1msudo apt-get install --yes --no-install-recommends \[0m
measure	Install Rust and native Wayland dependencies	2026-09-13T06:53:20.7247812Z [36;1m  fonts-dejavu-core fonts-noto-color-emoji libfontconfig1-dev \[0m
measure	Install Rust and native Wayland dependencies	2026-09-13T06:53:20.7249799Z [36;1m  libfreetype6-dev libxkbcommon-x11-0 pkg-config weston[0m
measure	Install Rust and native Wayland dependencies	2026-09-13T06:53:20.7294489Z shell: /usr/bin/bash --noprofile --norc -e -o pipefail {0}
measure	Install Rust and native Wayland dependencies	2026-09-13T06:53:20.7295990Z env:
measure	Install Rust and native Wayland dependencies	2026-09-13T06:53:20.7296866Z   CARGO_INCREMENTAL: 0
measure	Install Rust and native Wayland dependencies	2026-09-13T06:53:20.7298306Z   CARGO_PROFILE_RELEASE_DEBUG: 0
measure	Install Rust and native Wayland dependencies	2026-09-13T06:53:20.7299572Z   BEFORE_REF: 24782c344714727be4f8981cd0d1d10f047aa9f4
measure	Install Rust and native Wayland dependencies	2026-09-13T06:53:20.7300883Z   AFTER_REF: f0040ad
measure	Install Rust and native Wayland dependencies	2026-09-13T06:53:20.7301823Z   SCREEN: primary
measure	Install Rust and native Wayland dependencies	2026-09-13T06:53:20.7302742Z ##[endgroup]
measure	Install Rust and native Wayland dependencies	2026-09-13T06:53:20.7829248Z info: syncing channel updates for 1.94.1-x86_64-unknown-linux-gnu
measure	Install Rust and native Wayland dependencies	2026-09-13T06:53:20.8842860Z info: latest update on 2026-03-26 for version 1.94.1 (e408947bf 2026-03-25)
measure	Install Rust and native Wayland dependencies	2026-09-13T06:53:20.8845431Z info: downloading 3 components
measure	Install Rust and native Wayland dependencies	2026-09-13T06:53:28.1717773Z 
measure	Install Rust and native Wayland dependencies	2026-09-13T06:53:28.1790307Z   1.94.1-x86_64-unknown-linux-gnu installed - rustc 1.94.1 (e408947bf 2026-03-25)
measure	Install Rust and native Wayland dependencies	2026-09-13T06:53:28.1790842Z 
measure	Install Rust and native Wayland dependencies	2026-09-13T06:53:28.1890226Z info: using existing install for 1.94.1-x86_64-unknown-linux-gnu
measure	Install Rust and native Wayland dependencies	2026-09-13T06:53:28.1896635Z info: default toolchain set to 1.94.1-x86_64-unknown-linux-gnu
measure	Install Rust and native Wayland dependencies	2026-09-13T06:53:28.1897535Z 
measure	Install Rust and native Wayland dependencies	2026-09-13T06:53:28.1964801Z   1.94.1-x86_64-unknown-linux-gnu unchanged - rustc 1.94.1 (e408947bf 2026-03-25)
measure	Install Rust and native Wayland dependencies	2026-09-13T06:53:28.1965254Z 
measure	Install Rust and native Wayland dependencies	2026-09-13T06:53:28.2830338Z Get:1 file:/etc/apt/apt-mirrors.txt Mirrorlist [144 B]
measure	Install Rust and native Wayland dependencies	2026-09-13T06:53:28.3204170Z Hit:2 http://azure.archive.ubuntu.com/ubuntu noble InRelease
measure	Install Rust and native Wayland dependencies	2026-09-13T06:53:28.3206039Z Get:6 https://packages.microsoft.com/ubuntu/24.04/prod noble InRelease [3600 B]
measure	Install Rust and native Wayland dependencies	2026-09-13T06:53:28.3225924Z Get:3 http://azure.archive.ubuntu.com/ubuntu noble-updates InRelease [126 kB]
measure	Install Rust and native Wayland dependencies	2026-09-13T06:53:28.3328481Z Get:4 http://azure.archive.ubuntu.com/ubuntu noble-backports InRelease [126 kB]
measure	Install Rust and native Wayland dependencies	2026-09-13T06:53:28.3419430Z Get:5 http://azure.archive.ubuntu.com/ubuntu noble-security InRelease [126 kB]
measure	Install Rust and native Wayland dependencies	2026-09-13T06:53:28.3672672Z Get:7 https://dl.google.com/linux/chrome-stable/deb stable InRelease [2548 B]
measure	Install Rust and native Wayland dependencies	2026-09-13T06:53:28.4528473Z Get:8 https://packages.microsoft.com/ubuntu/24.04/prod noble/main amd64 Packages [463 kB]
measure	Install Rust and native Wayland dependencies	2026-09-13T06:53:28.4642778Z Get:9 https://packages.microsoft.com/ubuntu/24.04/prod noble/main arm64 Packages [414 kB]
measure	Install Rust and native Wayland dependencies	2026-09-13T06:53:28.5029413Z Get:10 http://azure.archive.ubuntu.com/ubuntu noble-updates/main amd64 Packages [1263 kB]
measure	Install Rust and native Wayland dependencies	2026-09-13T06:53:28.5101558Z Get:11 http://azure.archive.ubuntu.com/ubuntu noble-updates/main Translation-en [292 kB]
measure	Install Rust and native Wayland dependencies	2026-09-13T06:53:28.5120807Z Get:12 http://azure.archive.ubuntu.com/ubuntu noble-updates/main amd64 Components [180 kB]
measure	Install Rust and native Wayland dependencies	2026-09-13T06:53:28.5135093Z Get:13 http://azure.archive.ubuntu.com/ubuntu noble-updates/universe amd64 Packages [1690 kB]
measure	Install Rust and native Wayland dependencies	2026-09-13T06:53:28.5237552Z Get:14 http://azure.archive.ubuntu.com/ubuntu noble-updates/universe amd64 Components [388 kB]
measure	Install Rust and native Wayland dependencies	2026-09-13T06:53:28.5240326Z Get:15 http://azure.archive.ubuntu.com/ubuntu noble-updates/restricted amd64 Packages [1544 kB]
measure	Install Rust and native Wayland dependencies	2026-09-13T06:53:28.5316243Z Get:16 http://azure.archive.ubuntu.com/ubuntu noble-updates/restricted Translation-en [354 kB]
measure	Install Rust and native Wayland dependencies	2026-09-13T06:53:28.5338599Z Get:17 http://azure.archive.ubuntu.com/ubuntu noble-updates/multiverse amd64 Components [940 B]
measure	Install Rust and native Wayland dependencies	2026-09-13T06:53:28.5668010Z Get:18 http://azure.archive.ubuntu.com/ubuntu noble-backports/main amd64 Components [5748 B]
measure	Install Rust and native Wayland dependencies	2026-09-13T06:53:28.5675902Z Get:19 http://azure.archive.ubuntu.com/ubuntu noble-backports/universe amd64 Components [12.6 kB]
measure	Install Rust and native Wayland dependencies	2026-09-13T06:53:28.6625869Z Get:20 http://azure.archive.ubuntu.com/ubuntu noble-security/main amd64 Packages [1006 kB]
measure	Install Rust and native Wayland dependencies	2026-09-13T06:53:28.6680760Z Get:21 http://azure.archive.ubuntu.com/ubuntu noble-security/main Translation-en [213 kB]
measure	Install Rust and native Wayland dependencies	2026-09-13T06:53:28.6708336Z Get:22 http://azure.archive.ubuntu.com/ubuntu noble-security/main amd64 Components [46.4 kB]
measure	Install Rust and native Wayland dependencies	2026-09-13T06:53:28.6710283Z Get:23 http://azure.archive.ubuntu.com/ubuntu noble-security/universe amd64 Packages [1206 kB]
measure	Install Rust and native Wayland dependencies	2026-09-13T06:53:28.6771676Z Get:24 http://azure.archive.ubuntu.com/ubuntu noble-security/universe amd64 Components [76.3 kB]
measure	Install Rust and native Wayland dependencies	2026-09-13T06:53:28.6790474Z Get:25 http://azure.archive.ubuntu.com/ubuntu noble-security/restricted amd64 Packages [1445 kB]
measure	Install Rust and native Wayland dependencies	2026-09-13T06:53:28.6869996Z Get:26 http://azure.archive.ubuntu.com/ubuntu noble-security/restricted Translation-en [336 kB]
measure	Install Rust and native Wayland dependencies	2026-09-13T06:53:28.6941288Z Get:27 https://dl.google.com/linux/chrome-stable/deb stable/main amd64 Packages [1409 B]
measure	Install Rust and native Wayland dependencies	2026-09-13T06:53:32.8716515Z Fetched 11.3 MB in 1s (8932 kB/s)
measure	Install Rust and native Wayland dependencies	2026-09-13T06:53:33.6969633Z Reading package lists...
measure	Install Rust and native Wayland dependencies	2026-09-13T06:53:33.7278105Z Reading package lists...
measure	Install Rust and native Wayland dependencies	2026-09-13T06:53:33.9256434Z Building dependency tree...
measure	Install Rust and native Wayland dependencies	2026-09-13T06:53:33.9265248Z Reading state information...
measure	Install Rust and native Wayland dependencies	2026-09-13T06:53:34.0929582Z fonts-dejavu-core is already the newest version (2.37-8).
measure	Install Rust and native Wayland dependencies	2026-09-13T06:53:34.0930404Z fonts-dejavu-core set to manually installed.
measure	Install Rust and native Wayland dependencies	2026-09-13T06:53:34.0931883Z fonts-noto-color-emoji is already the newest version (2.047-0ubuntu0.24.04.1).
measure	Install Rust and native Wayland dependencies	2026-09-13T06:53:34.0932757Z pkg-config is already the newest version (1.8.1-2build1).
measure	Install Rust and native Wayland dependencies	2026-09-13T06:53:34.0933531Z The following additional packages will be installed:
measure	Install Rust and native Wayland dependencies	2026-09-13T06:53:34.0934270Z   libaml0t64 libass9 libasyncns0 libavcodec60 libavfilter9 libavformat60
measure	Install Rust and native Wayland dependencies	2026-09-13T06:53:34.0935089Z   libavutil58 libblas3 libbluray2 libbrotli-dev libbs2b0 libbz2-dev
measure	Install Rust and native Wayland dependencies	2026-09-13T06:53:34.0936261Z   libchromaprint1 libcjson1 libcodec2-1.2 libdav1d7 libegl-mesa0 libegl1
measure	Install Rust and native Wayland dependencies	2026-09-13T06:53:34.0937379Z   libflac12t64 libflite1 libfontconfig-dev libfreerdp-server2-2t64
measure	Install Rust and native Wayland dependencies	2026-09-13T06:53:34.0938232Z   libfreerdp2-2t64 libgles2 libgme0 libgsm1 libgstreamer-plugins-base1.0-0
measure	Install Rust and native Wayland dependencies	2026-09-13T06:53:34.0939080Z   libhwy1t64 libinput-bin libinput10 libjxl0.7 liblapack3 liblilv-0-0
measure	Install Rust and native Wayland dependencies	2026-09-13T06:53:34.0939862Z   libmbedcrypto7t64 libmp3lame0 libmpg123-0t64 libmtdev1t64 libmysofa1
measure	Install Rust and native Wayland dependencies	2026-09-13T06:53:34.0940765Z   libneatvnc0 libopenmpt0t64 libopus0 liborc-0.4-0t64 libpipewire-0.3-0t64
measure	Install Rust and native Wayland dependencies	2026-09-13T06:53:34.0941810Z   libplacebo338 libpng-dev libpocketsphinx3 libpostproc57 libpulse0 librav1e0
measure	Install Rust and native Wayland dependencies	2026-09-13T06:53:34.0942658Z   librist4 librsvg2-2 librubberband2 libsamplerate0 libseat1 libserd-0-0
measure	Install Rust and native Wayland dependencies	2026-09-13T06:53:34.0943568Z   libshine3 libsndfile1 libsord-0-0 libsoxr0 libspa-0.2-modules libspeex1
measure	Install Rust and native Wayland dependencies	2026-09-13T06:53:34.0944364Z   libsphinxbase3t64 libsratom-0-0 libsrt1.5-gnutls libssh-gcrypt-4
measure	Install Rust and native Wayland dependencies	2026-09-13T06:53:34.0945140Z   libsvtav1enc1d1 libswresample4 libswscale7 libtheora0 libturbojpeg
measure	Install Rust and native Wayland dependencies	2026-09-13T06:53:34.0945939Z   libtwolame0 libudfread0 libunibreak5 libva-drm2 libva-x11-2 libva2 libvdpau1
measure	Install Rust and native Wayland dependencies	2026-09-13T06:53:34.0946720Z   libvidstab1.1 libvorbisenc2 libvpl2 libvpx9 libwacom-common libwacom9
measure	Install Rust and native Wayland dependencies	2026-09-13T06:53:34.0947551Z   libwayland-server0 libwebrtc-audio-processing1 libweston-13-0 libwinpr2-2t64
measure	Install Rust and native Wayland dependencies	2026-09-13T06:53:34.0948089Z   libx264-164 libx265-199 libxcb-composite0 libxcb-xkb1 libxvidcore4 libzimg2
measure	Install Rust and native Wayland dependencies	2026-09-13T06:53:34.0948592Z   libzix-0-0 libzvbi-common libzvbi0t64 ocl-icd-libopencl1 uuid-dev
measure	Install Rust and native Wayland dependencies	2026-09-13T06:53:34.0948955Z Suggested packages:
measure	Install Rust and native Wayland dependencies	2026-09-13T06:53:34.0949270Z   libcuda1 libnvcuvid1 libnvidia-encode1 libbluray-bdj freerdp2-x11
measure	Install Rust and native Wayland dependencies	2026-09-13T06:53:34.0949725Z   freetype2-doc libvisual-0.4-plugins opus-tools pipewire pulseaudio
measure	Install Rust and native Wayland dependencies	2026-09-13T06:53:34.0950417Z   librsvg2-bin serdi sordi speex libwacom-bin opencl-icd wayland-utils
measure	Install Rust and native Wayland dependencies	2026-09-13T06:53:34.0950788Z Recommended packages:
measure	Install Rust and native Wayland dependencies	2026-09-13T06:53:34.0951105Z   libaacs0 bzip2-doc gstreamer1.0-plugins-base libpipewire-0.3-common
measure	Install Rust and native Wayland dependencies	2026-09-13T06:53:34.0951584Z   libpng-tools pocketsphinx-en-us librsvg2-common va-driver-all | va-driver
measure	Install Rust and native Wayland dependencies	2026-09-13T06:53:34.0951989Z   vdpau-driver-all | vdpau-driver
measure	Install Rust and native Wayland dependencies	2026-09-13T06:53:34.1481700Z The following NEW packages will be installed:
measure	Install Rust and native Wayland dependencies	2026-09-13T06:53:34.1482531Z   libaml0t64 libass9 libasyncns0 libavcodec60 libavfilter9 libavformat60
measure	Install Rust and native Wayland dependencies	2026-09-13T06:53:34.1483494Z   libavutil58 libblas3 libbluray2 libbrotli-dev libbs2b0 libbz2-dev
measure	Install Rust and native Wayland dependencies	2026-09-13T06:53:34.1484536Z   libchromaprint1 libcjson1 libcodec2-1.2 libdav1d7 libegl-mesa0 libegl1
measure	Install Rust and native Wayland dependencies	2026-09-13T06:53:34.1485503Z   libflac12t64 libflite1 libfontconfig-dev libfontconfig1-dev
measure	Install Rust and native Wayland dependencies	2026-09-13T06:53:34.1486460Z   libfreerdp-server2-2t64 libfreerdp2-2t64 libfreetype-dev libgles2 libgme0
measure	Install Rust and native Wayland dependencies	2026-09-13T06:53:34.1487691Z   libgsm1 libgstreamer-plugins-base1.0-0 libhwy1t64 libinput-bin libinput10
measure	Install Rust and native Wayland dependencies	2026-09-13T06:53:34.1488648Z   libjxl0.7 liblapack3 liblilv-0-0 libmbedcrypto7t64 libmp3lame0
measure	Install Rust and native Wayland dependencies	2026-09-13T06:53:34.1489573Z   libmpg123-0t64 libmtdev1t64 libmysofa1 libneatvnc0 libopenmpt0t64 libopus0
measure	Install Rust and native Wayland dependencies	2026-09-13T06:53:34.1490479Z   liborc-0.4-0t64 libpipewire-0.3-0t64 libplacebo338 libpng-dev
measure	Install Rust and native Wayland dependencies	2026-09-13T06:53:34.1491349Z   libpocketsphinx3 libpostproc57 libpulse0 librav1e0 librist4 librsvg2-2
measure	Install Rust and native Wayland dependencies	2026-09-13T06:53:34.1492272Z   librubberband2 libsamplerate0 libseat1 libserd-0-0 libshine3 libsndfile1
measure	Install Rust and native Wayland dependencies	2026-09-13T06:53:34.1493113Z   libsord-0-0 libsoxr0 libspa-0.2-modules libspeex1 libsphinxbase3t64
measure	Install Rust and native Wayland dependencies	2026-09-13T06:53:34.1493931Z   libsratom-0-0 libsrt1.5-gnutls libssh-gcrypt-4 libsvtav1enc1d1
measure	Install Rust and native Wayland dependencies	2026-09-13T06:53:34.1495217Z   libswresample4 libswscale7 libtheora0 libturbojpeg libtwolame0 libudfread0
measure	Install Rust and native Wayland dependencies	2026-09-13T06:53:34.1496087Z   libunibreak5 libva-drm2 libva-x11-2 libva2 libvdpau1 libvidstab1.1
measure	Install Rust and native Wayland dependencies	2026-09-13T06:53:34.1497117Z   libvorbisenc2 libvpl2 libvpx9 libwacom-common libwacom9 libwayland-server0
measure	Install Rust and native Wayland dependencies	2026-09-13T06:53:34.1497996Z   libwebrtc-audio-processing1 libweston-13-0 libwinpr2-2t64 libx264-164
measure	Install Rust and native Wayland dependencies	2026-09-13T06:53:34.1498911Z   libx265-199 libxcb-composite0 libxcb-xkb1 libxkbcommon-x11-0 libxvidcore4
measure	Install Rust and native Wayland dependencies	2026-09-13T06:53:34.1499805Z   libzimg2 libzix-0-0 libzvbi-common libzvbi0t64 ocl-icd-libopencl1 uuid-dev
measure	Install Rust and native Wayland dependencies	2026-09-13T06:53:34.1500479Z   weston
measure	Install Rust and native Wayland dependencies	2026-09-13T06:53:34.1714486Z 0 upgraded, 102 newly installed, 0 to remove and 50 not upgraded.
measure	Install Rust and native Wayland dependencies	2026-09-13T06:53:34.1714969Z Need to get 65.5 MB of archives.
measure	Install Rust and native Wayland dependencies	2026-09-13T06:53:34.1715422Z After this operation, 189 MB of additional disk space will be used.
measure	Install Rust and native Wayland dependencies	2026-09-13T06:53:34.1716143Z Get:1 file:/etc/apt/apt-mirrors.txt Mirrorlist [144 B]
measure	Install Rust and native Wayland dependencies	2026-09-13T06:53:34.2490017Z Get:2 http://azure.archive.ubuntu.com/ubuntu noble/universe amd64 libaml0t64 amd64 0.3.0-1.1build1 [11.6 kB]
measure	Install Rust and native Wayland dependencies	2026-09-13T06:53:34.3095225Z Get:3 http://azure.archive.ubuntu.com/ubuntu noble/universe amd64 libunibreak5 amd64 5.1-2build1 [25.0 kB]
measure	Install Rust and native Wayland dependencies	2026-09-13T06:53:34.3700468Z Get:4 http://azure.archive.ubuntu.com/ubuntu noble/universe amd64 libass9 amd64 1:0.17.1-2build1 [104 kB]
measure	Install Rust and native Wayland dependencies	2026-09-13T06:53:34.4327928Z Get:5 http://azure.archive.ubuntu.com/ubuntu noble/main amd64 libasyncns0 amd64 0.8-6build4 [11.3 kB]
measure	Install Rust and native Wayland dependencies	2026-09-13T06:53:34.4931511Z Get:6 http://azure.archive.ubuntu.com/ubuntu noble-updates/universe amd64 libva2 amd64 2.20.0-2ubuntu0.2 [66.4 kB]
measure	Install Rust and native Wayland dependencies	2026-09-13T06:53:34.5549525Z Get:7 http://azure.archive.ubuntu.com/ubuntu noble-updates/universe amd64 libva-drm2 amd64 2.20.0-2ubuntu0.2 [7124 B]
measure	Install Rust and native Wayland dependencies	2026-09-13T06:53:34.6150617Z Get:8 http://azure.archive.ubuntu.com/ubuntu noble-updates/universe amd64 libva-x11-2 amd64 2.20.0-2ubuntu0.2 [12.0 kB]
measure	Install Rust and native Wayland dependencies	2026-09-13T06:53:34.6751671Z Get:9 http://azure.archive.ubuntu.com/ubuntu noble/main amd64 libvdpau1 amd64 1.5-2build1 [27.8 kB]
measure	Install Rust and native Wayland dependencies	2026-09-13T06:53:34.7353566Z Get:10 http://azure.archive.ubuntu.com/ubuntu noble/universe amd64 libvpl2 amd64 2023.3.0-1build1 [99.8 kB]
measure	Install Rust and native Wayland dependencies	2026-09-13T06:53:34.8049317Z Get:11 http://azure.archive.ubuntu.com/ubuntu noble/universe amd64 ocl-icd-libopencl1 amd64 2.3.2-1build1 [38.5 kB]
measure	Install Rust and native Wayland dependencies	2026-09-13T06:53:34.8650780Z Get:12 http://azure.archive.ubuntu.com/ubuntu noble/universe amd64 libavutil58 amd64 7:6.1.1-3ubuntu5 [401 kB]
measure	Install Rust and native Wayland dependencies	2026-09-13T06:53:34.9412164Z Get:13 http://azure.archive.ubuntu.com/ubuntu noble/universe amd64 libcodec2-1.2 amd64 1.2.0-2build1 [8998 kB]
measure	Install Rust and native Wayland dependencies	2026-09-13T06:53:35.2325679Z Get:14 http://azure.archive.ubuntu.com/ubuntu noble/universe amd64 libdav1d7 amd64 1.4.1-1build1 [604 kB]
measure	Install Rust and native Wayland dependencies	2026-09-13T06:53:35.2961779Z Get:15 http://azure.archive.ubuntu.com/ubuntu noble/universe amd64 libgsm1 amd64 1.0.22-1build1 [27.8 kB]
measure	Install Rust and native Wayland dependencies	2026-09-13T06:53:35.3564628Z Get:16 http://azure.archive.ubuntu.com/ubuntu noble/universe amd64 libhwy1t64 amd64 1.0.7-8.1build1 [584 kB]
measure	Install Rust and native Wayland dependencies	2026-09-13T06:53:35.4213500Z Get:17 http://azure.archive.ubuntu.com/ubuntu noble-updates/universe amd64 libjxl0.7 amd64 0.7.0-10.2ubuntu6.1 [1001 kB]
measure	Install Rust and native Wayland dependencies	2026-09-13T06:53:35.4875389Z Get:18 http://azure.archive.ubuntu.com/ubuntu noble/main amd64 libmp3lame0 amd64 3.100-6build1 [142 kB]
measure	Install Rust and native Wayland dependencies	2026-09-13T06:53:35.5485416Z Get:19 http://azure.archive.ubuntu.com/ubuntu noble/main amd64 libopus0 amd64 1.4-1build1 [208 kB]
measure	Install Rust and native Wayland dependencies	2026-09-13T06:53:35.6100671Z Get:20 http://azure.archive.ubuntu.com/ubuntu noble/universe amd64 librav1e0 amd64 0.7.1-2 [1022 kB]
measure	Install Rust and native Wayland dependencies	2026-09-13T06:53:35.6767885Z Get:21 http://azure.archive.ubuntu.com/ubuntu noble/main amd64 librsvg2-2 amd64 2.58.0+dfsg-1build1 [2135 kB]
measure	Install Rust and native Wayland dependencies	2026-09-13T06:53:35.7501916Z Get:22 http://azure.archive.ubuntu.com/ubuntu noble/universe amd64 libshine3 amd64 3.1.1-2build1 [23.2 kB]
measure	Install Rust and native Wayland dependencies	2026-09-13T06:53:35.8103799Z Get:23 http://azure.archive.ubuntu.com/ubuntu noble-updates/main amd64 libspeex1 amd64 1.2.1-2ubuntu2.24.04.1 [59.6 kB]
measure	Install Rust and native Wayland dependencies	2026-09-13T06:53:35.8708604Z Get:24 http://azure.archive.ubuntu.com/ubuntu noble/universe amd64 libsvtav1enc1d1 amd64 1.7.0+dfsg-2build1 [2425 kB]
measure	Install Rust and native Wayland dependencies	2026-09-13T06:53:35.9465424Z Get:25 http://azure.archive.ubuntu.com/ubuntu noble/universe amd64 libsoxr0 amd64 0.1.3-4build3 [80.0 kB]
measure	Install Rust and native Wayland dependencies	2026-09-13T06:53:36.0072632Z Get:26 http://azure.archive.ubuntu.com/ubuntu noble/universe amd64 libswresample4 amd64 7:6.1.1-3ubuntu5 [63.8 kB]
measure	Install Rust and native Wayland dependencies	2026-09-13T06:53:36.0677664Z Get:27 http://azure.archive.ubuntu.com/ubuntu noble/main amd64 libtheora0 amd64 1.1.1+dfsg.1-16.1build3 [211 kB]
measure	Install Rust and native Wayland dependencies	2026-09-13T06:53:36.1293096Z Get:28 http://azure.archive.ubuntu.com/ubuntu noble/main amd64 libtwolame0 amd64 0.4.0-2build3 [52.3 kB]
measure	Install Rust and native Wayland dependencies	2026-09-13T06:53:36.1897649Z Get:29 http://azure.archive.ubuntu.com/ubuntu noble/main amd64 libvorbisenc2 amd64 1.3.7-1build3 [80.8 kB]
measure	Install Rust and native Wayland dependencies	2026-09-13T06:53:36.2505234Z Get:30 http://azure.archive.ubuntu.com/ubuntu noble-updates/main amd64 libvpx9 amd64 1.14.0-1ubuntu2.3 [1143 kB]
measure	Install Rust and native Wayland dependencies	2026-09-13T06:53:36.3176131Z Get:31 http://azure.archive.ubuntu.com/ubuntu noble/universe amd64 libx264-164 amd64 2:0.164.3108+git31e19f9-1 [604 kB]
measure	Install Rust and native Wayland dependencies	2026-09-13T06:53:36.3811015Z Get:32 http://azure.archive.ubuntu.com/ubuntu noble/universe amd64 libx265-199 amd64 3.5-2build1 [1226 kB]
measure	Install Rust and native Wayland dependencies	2026-09-13T06:53:36.4490928Z Get:33 http://azure.archive.ubuntu.com/ubuntu noble/universe amd64 libxvidcore4 amd64 2:1.3.7-1build1 [219 kB]
measure	Install Rust and native Wayland dependencies	2026-09-13T06:53:36.5104136Z Get:34 http://azure.archive.ubuntu.com/ubuntu noble/universe amd64 libzvbi-common all 0.2.42-2 [42.4 kB]
measure	Install Rust and native Wayland dependencies	2026-09-13T06:53:36.5707688Z Get:35 http://azure.archive.ubuntu.com/ubuntu noble/universe amd64 libzvbi0t64 amd64 0.2.42-2 [261 kB]
measure	Install Rust and native Wayland dependencies	2026-09-13T06:53:36.6325077Z Get:36 http://azure.archive.ubuntu.com/ubuntu noble/universe amd64 libavcodec60 amd64 7:6.1.1-3ubuntu5 [5851 kB]
measure	Install Rust and native Wayland dependencies	2026-09-13T06:53:36.7699013Z Get:37 http://azure.archive.ubuntu.com/ubuntu noble/universe amd64 libudfread0 amd64 1.1.2-1build1 [19.0 kB]
measure	Install Rust and native Wayland dependencies	2026-09-13T06:53:36.8301116Z Get:38 http://azure.archive.ubuntu.com/ubuntu noble/universe amd64 libbluray2 amd64 1:1.3.4-1build1 [159 kB]
measure	Install Rust and native Wayland dependencies	2026-09-13T06:53:36.8915246Z Get:39 http://azure.archive.ubuntu.com/ubuntu noble/universe amd64 libchromaprint1 amd64 1.5.1-5 [30.5 kB]
measure	Install Rust and native Wayland dependencies	2026-09-13T06:53:36.9517383Z Get:40 http://azure.archive.ubuntu.com/ubuntu noble/universe amd64 libgme0 amd64 0.6.3-7build1 [134 kB]
measure	Install Rust and native Wayland dependencies	2026-09-13T06:53:37.0124783Z Get:41 http://azure.archive.ubuntu.com/ubuntu noble-updates/main amd64 libmpg123-0t64 amd64 1.32.5-1ubuntu1.1 [169 kB]
measure	Install Rust and native Wayland dependencies	2026-09-13T06:53:37.0735108Z Get:42 http://azure.archive.ubuntu.com/ubuntu noble/universe amd64 libopenmpt0t64 amd64 0.7.3-1.1build3 [647 kB]
measure	Install Rust and native Wayland dependencies	2026-09-13T06:53:37.1372138Z Get:43 http://azure.archive.ubuntu.com/ubuntu noble/universe amd64 libcjson1 amd64 1.7.17-1 [24.8 kB]
measure	Install Rust and native Wayland dependencies	2026-09-13T06:53:37.1973744Z Get:44 http://azure.archive.ubuntu.com/ubuntu noble/universe amd64 libmbedcrypto7t64 amd64 2.28.8-1 [209 kB]
measure	Install Rust and native Wayland dependencies	2026-09-13T06:53:37.2587568Z Get:45 http://azure.archive.ubuntu.com/ubuntu noble/universe amd64 librist4 amd64 0.2.10+dfsg-2 [74.9 kB]
measure	Install Rust and native Wayland dependencies	2026-09-13T06:53:37.3195260Z Get:46 http://azure.archive.ubuntu.com/ubuntu noble/universe amd64 libsrt1.5-gnutls amd64 1.5.3-1build2 [316 kB]
measure	Install Rust and native Wayland dependencies	2026-09-13T06:53:37.3812499Z Get:47 http://azure.archive.ubuntu.com/ubuntu noble-updates/main amd64 libssh-gcrypt-4 amd64 0.10.6-2ubuntu0.5 [226 kB]
measure	Install Rust and native Wayland dependencies	2026-09-13T06:53:37.4426477Z Get:48 http://azure.archive.ubuntu.com/ubuntu noble/universe amd64 libavformat60 amd64 7:6.1.1-3ubuntu5 [1153 kB]
measure	Install Rust and native Wayland dependencies	2026-09-13T06:53:37.5134119Z Get:49 http://azure.archive.ubuntu.com/ubuntu noble/universe amd64 libbs2b0 amd64 3.1.0+dfsg-7build1 [10.6 kB]
measure	Install Rust and native Wayland dependencies	2026-09-13T06:53:37.5734617Z Get:50 http://azure.archive.ubuntu.com/ubuntu noble/universe amd64 libflite1 amd64 2.2-6build3 [13.6 MB]
measure	Install Rust and native Wayland dependencies	2026-09-13T06:53:37.8925965Z Get:51 http://azure.archive.ubuntu.com/ubuntu noble/universe amd64 libserd-0-0 amd64 0.32.2-1 [43.6 kB]
measure	Install Rust and native Wayland dependencies	2026-09-13T06:53:37.9526206Z Get:52 http://azure.archive.ubuntu.com/ubuntu noble/universe amd64 libzix-0-0 amd64 0.4.2-2build1 [23.6 kB]
measure	Install Rust and native Wayland dependencies	2026-09-13T06:53:38.0126558Z Get:53 http://azure.archive.ubuntu.com/ubuntu noble/universe amd64 libsord-0-0 amd64 0.16.16-2build1 [15.8 kB]
measure	Install Rust and native Wayland dependencies	2026-09-13T06:53:38.0727569Z Get:54 http://azure.archive.ubuntu.com/ubuntu noble/universe amd64 libsratom-0-0 amd64 0.6.16-1build1 [17.3 kB]
measure	Install Rust and native Wayland dependencies	2026-09-13T06:53:38.1329418Z Get:55 http://azure.archive.ubuntu.com/ubuntu noble/universe amd64 liblilv-0-0 amd64 0.24.22-1build1 [41.0 kB]
measure	Install Rust and native Wayland dependencies	2026-09-13T06:53:38.1931596Z Get:56 http://azure.archive.ubuntu.com/ubuntu noble/universe amd64 libmysofa1 amd64 1.3.2+dfsg-2ubuntu2 [1158 kB]
measure	Install Rust and native Wayland dependencies	2026-09-13T06:53:38.2740566Z Get:57 http://azure.archive.ubuntu.com/ubuntu noble/universe amd64 libplacebo338 amd64 6.338.2-2build1 [2654 kB]
measure	Install Rust and native Wayland dependencies	2026-09-13T06:53:38.3834378Z Get:58 http://azure.archive.ubuntu.com/ubuntu noble-updates/main amd64 libblas3 amd64 3.12.0-3build1.1 [238 kB]
measure	Install Rust and native Wayland dependencies	2026-09-13T06:53:38.4463510Z Get:59 http://azure.archive.ubuntu.com/ubuntu noble-updates/main amd64 liblapack3 amd64 3.12.0-3build1.1 [2646 kB]
measure	Install Rust and native Wayland dependencies	2026-09-13T06:53:38.5560579Z Get:60 http://azure.archive.ubuntu.com/ubuntu noble/main amd64 libflac12t64 amd64 1.4.3+ds-2.1ubuntu2 [197 kB]
measure	Install Rust and native Wayland dependencies	2026-09-13T06:53:38.6188742Z Get:61 http://azure.archive.ubuntu.com/ubuntu noble-updates/main amd64 libsndfile1 amd64 1.2.2-1ubuntu5.24.04.1 [209 kB]
measure	Install Rust and native Wayland dependencies	2026-09-13T06:53:38.6814536Z Get:62 http://azure.archive.ubuntu.com/ubuntu noble-updates/main amd64 libpulse0 amd64 1:16.1+dfsg1-2ubuntu10.1 [292 kB]
measure	Install Rust and native Wayland dependencies	2026-09-13T06:53:38.7454915Z Get:63 http://azure.archive.ubuntu.com/ubuntu noble/universe amd64 libsphinxbase3t64 amd64 0.8+5prealpha+1-17build2 [126 kB]
measure	Install Rust and native Wayland dependencies	2026-09-13T06:53:38.8068822Z Get:64 http://azure.archive.ubuntu.com/ubuntu noble/universe amd64 libpocketsphinx3 amd64 0.8.0+real5prealpha+1-15ubuntu5 [133 kB]
measure	Install Rust and native Wayland dependencies	2026-09-13T06:53:38.8682716Z Get:65 http://azure.archive.ubuntu.com/ubuntu noble/universe amd64 libpostproc57 amd64 7:6.1.1-3ubuntu5 [49.9 kB]
measure	Install Rust and native Wayland dependencies	2026-09-13T06:53:38.9286716Z Get:66 http://azure.archive.ubuntu.com/ubuntu noble/main amd64 libsamplerate0 amd64 0.2.2-4build1 [1344 kB]
measure	Install Rust and native Wayland dependencies	2026-09-13T06:53:39.0132020Z Get:67 http://azure.archive.ubuntu.com/ubuntu noble/universe amd64 librubberband2 amd64 3.3.0+dfsg-2build1 [130 kB]
measure	Install Rust and native Wayland dependencies	2026-09-13T06:53:39.0745605Z Get:68 http://azure.archive.ubuntu.com/ubuntu noble/universe amd64 libswscale7 amd64 7:6.1.1-3ubuntu5 [193 kB]
measure	Install Rust and native Wayland dependencies	2026-09-13T06:53:39.1369220Z Get:69 http://azure.archive.ubuntu.com/ubuntu noble/universe amd64 libvidstab1.1 amd64 1.1.0-2build1 [38.5 kB]
measure	Install Rust and native Wayland dependencies	2026-09-13T06:53:39.1971254Z Get:70 http://azure.archive.ubuntu.com/ubuntu noble/universe amd64 libzimg2 amd64 3.0.5+ds1-1build1 [254 kB]
measure	Install Rust and native Wayland dependencies	2026-09-13T06:53:39.2610718Z Get:71 http://azure.archive.ubuntu.com/ubuntu noble/universe amd64 libavfilter9 amd64 7:6.1.1-3ubuntu5 [4235 kB]
measure	Install Rust and native Wayland dependencies	2026-09-13T06:53:39.4006358Z Get:72 http://azure.archive.ubuntu.com/ubuntu noble/main amd64 libbrotli-dev amd64 1.1.0-2build2 [353 kB]
measure	Install Rust and native Wayland dependencies	2026-09-13T06:53:39.4660634Z Get:73 http://azure.archive.ubuntu.com/ubuntu noble-updates/main amd64 libbz2-dev amd64 1.0.8-5.1ubuntu0.1 [33.6 kB]
measure	Install Rust and native Wayland dependencies	2026-09-13T06:53:39.5264249Z Get:74 http://azure.archive.ubuntu.com/ubuntu noble-updates/main amd64 libegl-mesa0 amd64 25.2.8-0ubuntu0.24.04.2 [117 kB]
measure	Install Rust and native Wayland dependencies	2026-09-13T06:53:39.5873715Z Get:75 http://azure.archive.ubuntu.com/ubuntu noble-updates/main amd64 libpng-dev amd64 1.6.43-5ubuntu0.6 [265 kB]
measure	Install Rust and native Wayland dependencies	2026-09-13T06:53:39.6505342Z Get:76 http://azure.archive.ubuntu.com/ubuntu noble-updates/main amd64 libfreetype-dev amd64 2.13.2+dfsg-1ubuntu0.1 [575 kB]
measure	Install Rust and native Wayland dependencies	2026-09-13T06:53:39.7205867Z Get:77 http://azure.archive.ubuntu.com/ubuntu noble-updates/main amd64 uuid-dev amd64 2.39.3-9ubuntu6.6 [33.5 kB]
measure	Install Rust and native Wayland dependencies	2026-09-13T06:53:39.7802096Z Get:78 http://azure.archive.ubuntu.com/ubuntu noble/main amd64 libfontconfig-dev amd64 2.15.0-1.1ubuntu2 [161 kB]
measure	Install Rust and native Wayland dependencies	2026-09-13T06:53:39.8411165Z Get:79 http://azure.archive.ubuntu.com/ubuntu noble/main amd64 libfontconfig1-dev amd64 2.15.0-1.1ubuntu2 [1840 B]
measure	Install Rust and native Wayland dependencies	2026-09-13T06:53:39.9006701Z Get:80 http://azure.archive.ubuntu.com/ubuntu noble/universe amd64 libwinpr2-2t64 amd64 2.11.5+dfsg1-1build2 [350 kB]
measure	Install Rust and native Wayland dependencies	2026-09-13T06:53:39.9656283Z Get:81 http://azure.archive.ubuntu.com/ubuntu noble/universe amd64 libfreerdp2-2t64 amd64 2.11.5+dfsg1-1build2 [559 kB]
measure	Install Rust and native Wayland dependencies	2026-09-13T06:53:40.0339278Z Get:82 http://azure.archive.ubuntu.com/ubuntu noble/universe amd64 libfreerdp-server2-2t64 amd64 2.11.5+dfsg1-1build2 [108 kB]
measure	Install Rust and native Wayland dependencies	2026-09-13T06:53:40.0941143Z Get:83 http://azure.archive.ubuntu.com/ubuntu noble-updates/main amd64 liborc-0.4-0t64 amd64 1:0.4.38-1ubuntu0.1 [207 kB]
measure	Install Rust and native Wayland dependencies	2026-09-13T06:53:40.1565476Z Get:84 http://azure.archive.ubuntu.com/ubuntu noble-updates/main amd64 libgstreamer-plugins-base1.0-0 amd64 1.24.2-1ubuntu0.4 [862 kB]
measure	Install Rust and native Wayland dependencies	2026-09-13T06:53:40.2308327Z Get:85 http://azure.archive.ubuntu.com/ubuntu noble/main amd64 libwacom-common all 2.10.0-2 [63.4 kB]
measure	Install Rust and native Wayland dependencies	2026-09-13T06:53:40.2906663Z Get:86 http://azure.archive.ubuntu.com/ubuntu noble/main amd64 libwacom9 amd64 2.10.0-2 [23.9 kB]
measure	Install Rust and native Wayland dependencies	2026-09-13T06:53:40.3502396Z Get:87 http://azure.archive.ubuntu.com/ubuntu noble-updates/main amd64 libinput-bin amd64 1.25.0-1ubuntu3.6 [23.2 kB]
measure	Install Rust and native Wayland dependencies	2026-09-13T06:53:40.4096486Z Get:88 http://azure.archive.ubuntu.com/ubuntu noble/main amd64 libmtdev1t64 amd64 1.1.6-1.1build1 [14.4 kB]
measure	Install Rust and native Wayland dependencies	2026-09-13T06:53:40.4691156Z Get:89 http://azure.archive.ubuntu.com/ubuntu noble-updates/main amd64 libinput10 amd64 1.25.0-1ubuntu3.6 [133 kB]
measure	Install Rust and native Wayland dependencies	2026-09-13T06:53:40.5298351Z Get:90 http://azure.archive.ubuntu.com/ubuntu noble/universe amd64 libturbojpeg amd64 1:2.1.5-2ubuntu2 [192 kB]
measure	Install Rust and native Wayland dependencies	2026-09-13T06:53:40.5914712Z Get:91 http://azure.archive.ubuntu.com/ubuntu noble/universe amd64 libneatvnc0 amd64 0.7.1+dfsg-2build3 [55.7 kB]
measure	Install Rust and native Wayland dependencies	2026-09-13T06:53:40.6518500Z Get:92 http://azure.archive.ubuntu.com/ubuntu noble/main amd64 libwebrtc-audio-processing1 amd64 0.3.1-0ubuntu6 [290 kB]
measure	Install Rust and native Wayland dependencies	2026-09-13T06:53:40.7167225Z Get:93 http://azure.archive.ubuntu.com/ubuntu noble-updates/main amd64 libspa-0.2-modules amd64 1.0.5-1ubuntu3.3 [628 kB]
measure	Install Rust and native Wayland dependencies	2026-09-13T06:53:40.7885474Z Get:94 http://azure.archive.ubuntu.com/ubuntu noble-updates/main amd64 libpipewire-0.3-0t64 amd64 1.0.5-1ubuntu3.3 [252 kB]
measure	Install Rust and native Wayland dependencies	2026-09-13T06:53:40.8535539Z Get:95 http://azure.archive.ubuntu.com/ubuntu noble/universe amd64 libseat1 amd64 0.8.0-1 [28.3 kB]
measure	Install Rust and native Wayland dependencies	2026-09-13T06:53:40.9150077Z Get:96 http://azure.archive.ubuntu.com/ubuntu noble/main amd64 libwayland-server0 amd64 1.22.0-2.1build1 [33.9 kB]
measure	Install Rust and native Wayland dependencies	2026-09-13T06:53:40.9762637Z Get:97 http://azure.archive.ubuntu.com/ubuntu noble/main amd64 libegl1 amd64 1.7.0-1build1 [28.7 kB]
measure	Install Rust and native Wayland dependencies	2026-09-13T06:53:41.0375853Z Get:98 http://azure.archive.ubuntu.com/ubuntu noble/main amd64 libgles2 amd64 1.7.0-1build1 [17.1 kB]
measure	Install Rust and native Wayland dependencies	2026-09-13T06:53:41.0989051Z Get:99 http://azure.archive.ubuntu.com/ubuntu noble/main amd64 libxcb-composite0 amd64 1.15-1ubuntu2 [5304 B]
measure	Install Rust and native Wayland dependencies	2026-09-13T06:53:41.1600389Z Get:100 http://azure.archive.ubuntu.com/ubuntu noble/main amd64 libxcb-xkb1 amd64 1.15-1ubuntu2 [32.3 kB]
measure	Install Rust and native Wayland dependencies	2026-09-13T06:53:41.2214252Z Get:101 http://azure.archive.ubuntu.com/ubuntu noble/universe amd64 libweston-13-0 amd64 13.0.0-4build3 [415 kB]
measure	Install Rust and native Wayland dependencies	2026-09-13T06:53:41.2896470Z Get:102 http://azure.archive.ubuntu.com/ubuntu noble/main amd64 libxkbcommon-x11-0 amd64 1.6.0-1build1 [14.5 kB]
measure	Install Rust and native Wayland dependencies	2026-09-13T06:53:41.3502183Z Get:103 http://azure.archive.ubuntu.com/ubuntu noble/universe amd64 weston amd64 13.0.0-4build3 [953 kB]
measure	Install Rust and native Wayland dependencies	2026-09-13T06:53:41.7292378Z Fetched 65.5 MB in 7s (9082 kB/s)
measure	Install Rust and native Wayland dependencies	2026-09-13T06:53:41.7536109Z Selecting previously unselected package libaml0t64:amd64.
measure	Install Rust and native Wayland dependencies	2026-09-13T06:53:41.7840659Z (Reading database ... 
measure	Install Rust and native Wayland dependencies	2026-09-13T06:53:41.7841355Z (Reading database ... 5%
measure	Install Rust and native Wayland dependencies	2026-09-13T06:53:41.7841736Z (Reading database ... 10%
measure	Install Rust and native Wayland dependencies	2026-09-13T06:53:41.7842063Z (Reading database ... 15%
measure	Install Rust and native Wayland dependencies	2026-09-13T06:53:41.7842395Z (Reading database ... 20%
measure	Install Rust and native Wayland dependencies	2026-09-13T06:53:41.7842695Z (Reading database ... 25%
measure	Install Rust and native Wayland dependencies	2026-09-13T06:53:41.7842995Z (Reading database ... 30%
measure	Install Rust and native Wayland dependencies	2026-09-13T06:53:41.7843299Z (Reading database ... 35%
measure	Install Rust and native Wayland dependencies	2026-09-13T06:53:41.7843604Z (Reading database ... 40%
measure	Install Rust and native Wayland dependencies	2026-09-13T06:53:41.7843932Z (Reading database ... 45%
measure	Install Rust and native Wayland dependencies	2026-09-13T06:53:41.7844228Z (Reading database ... 50%
measure	Install Rust and native Wayland dependencies	2026-09-13T06:53:41.7900162Z (Reading database ... 55%
measure	Install Rust and native Wayland dependencies	2026-09-13T06:53:41.9202259Z (Reading database ... 60%
measure	Install Rust and native Wayland dependencies	2026-09-13T06:53:42.1108682Z (Reading database ... 65%
measure	Install Rust and native Wayland dependencies	2026-09-13T06:53:42.2795818Z (Reading database ... 70%
measure	Install Rust and native Wayland dependencies	2026-09-13T06:53:42.4592678Z (Reading database ... 75%
measure	Install Rust and native Wayland dependencies	2026-09-13T06:53:42.6365961Z (Reading database ... 80%
measure	Install Rust and native Wayland dependencies	2026-09-13T06:53:42.8065755Z (Reading database ... 85%
measure	Install Rust and native Wayland dependencies	2026-09-13T06:53:42.9790712Z (Reading database ... 90%
measure	Install Rust and native Wayland dependencies	2026-09-13T06:53:43.1250311Z (Reading database ... 95%
measure	Install Rust and native Wayland dependencies	2026-09-13T06:53:43.1250977Z (Reading database ... 100%
measure	Install Rust and native Wayland dependencies	2026-09-13T06:53:43.1251744Z (Reading database ... 201818 files and directories currently installed.)
measure	Install Rust and native Wayland dependencies	2026-09-13T06:53:43.1295867Z Preparing to unpack .../000-libaml0t64_0.3.0-1.1build1_amd64.deb ...
measure	Install Rust and native Wayland dependencies	2026-09-13T06:53:43.1338865Z Unpacking libaml0t64:amd64 (0.3.0-1.1build1) ...
measure	Install Rust and native Wayland dependencies	2026-09-13T06:53:43.1591930Z Selecting previously unselected package libunibreak5:amd64.
measure	Install Rust and native Wayland dependencies	2026-09-13T06:53:43.1715534Z Preparing to unpack .../001-libunibreak5_5.1-2build1_amd64.deb ...
measure	Install Rust and native Wayland dependencies	2026-09-13T06:53:43.1727059Z Unpacking libunibreak5:amd64 (5.1-2build1) ...
measure	Install Rust and native Wayland dependencies	2026-09-13T06:53:43.1971810Z Selecting previously unselected package libass9:amd64.
measure	Install Rust and native Wayland dependencies	2026-09-13T06:53:43.2098375Z Preparing to unpack .../002-libass9_1%3a0.17.1-2build1_amd64.deb ...
measure	Install Rust and native Wayland dependencies	2026-09-13T06:53:43.2110594Z Unpacking libass9:amd64 (1:0.17.1-2build1) ...
measure	Install Rust and native Wayland dependencies	2026-09-13T06:53:43.2346492Z Selecting previously unselected package libasyncns0:amd64.
measure	Install Rust and native Wayland dependencies	2026-09-13T06:53:43.2471144Z Preparing to unpack .../003-libasyncns0_0.8-6build4_amd64.deb ...
measure	Install Rust and native Wayland dependencies	2026-09-13T06:53:43.2481908Z Unpacking libasyncns0:amd64 (0.8-6build4) ...
measure	Install Rust and native Wayland dependencies	2026-09-13T06:53:43.2700389Z Selecting previously unselected package libva2:amd64.
measure	Install Rust and native Wayland dependencies	2026-09-13T06:53:43.2824409Z Preparing to unpack .../004-libva2_2.20.0-2ubuntu0.2_amd64.deb ...
measure	Install Rust and native Wayland dependencies	2026-09-13T06:53:43.2835126Z Unpacking libva2:amd64 (2.20.0-2ubuntu0.2) ...
measure	Install Rust and native Wayland dependencies	2026-09-13T06:53:43.3063714Z Selecting previously unselected package libva-drm2:amd64.
measure	Install Rust and native Wayland dependencies	2026-09-13T06:53:43.3187194Z Preparing to unpack .../005-libva-drm2_2.20.0-2ubuntu0.2_amd64.deb ...
measure	Install Rust and native Wayland dependencies	2026-09-13T06:53:43.3199337Z Unpacking libva-drm2:amd64 (2.20.0-2ubuntu0.2) ...
measure	Install Rust and native Wayland dependencies	2026-09-13T06:53:43.3448698Z Selecting previously unselected package libva-x11-2:amd64.
measure	Install Rust and native Wayland dependencies	2026-09-13T06:53:43.3572162Z Preparing to unpack .../006-libva-x11-2_2.20.0-2ubuntu0.2_amd64.deb ...
measure	Install Rust and native Wayland dependencies	2026-09-13T06:53:43.3582536Z Unpacking libva-x11-2:amd64 (2.20.0-2ubuntu0.2) ...
measure	Install Rust and native Wayland dependencies	2026-09-13T06:53:43.3802302Z Selecting previously unselected package libvdpau1:amd64.
measure	Install Rust and native Wayland dependencies	2026-09-13T06:53:43.3924800Z Preparing to unpack .../007-libvdpau1_1.5-2build1_amd64.deb ...
measure	Install Rust and native Wayland dependencies	2026-09-13T06:53:43.3935413Z Unpacking libvdpau1:amd64 (1.5-2build1) ...
measure	Install Rust and native Wayland dependencies	2026-09-13T06:53:43.4161054Z Selecting previously unselected package libvpl2.
measure	Install Rust and native Wayland dependencies	2026-09-13T06:53:43.4284437Z Preparing to unpack .../008-libvpl2_2023.3.0-1build1_amd64.deb ...
measure	Install Rust and native Wayland dependencies	2026-09-13T06:53:43.4294001Z Unpacking libvpl2 (2023.3.0-1build1) ...
measure	Install Rust and native Wayland dependencies	2026-09-13T06:53:43.4552566Z Selecting previously unselected package ocl-icd-libopencl1:amd64.
measure	Install Rust and native Wayland dependencies	2026-09-13T06:53:43.4675457Z Preparing to unpack .../009-ocl-icd-libopencl1_2.3.2-1build1_amd64.deb ...
measure	Install Rust and native Wayland dependencies	2026-09-13T06:53:43.4685919Z Unpacking ocl-icd-libopencl1:amd64 (2.3.2-1build1) ...
measure	Install Rust and native Wayland dependencies	2026-09-13T06:53:43.4938221Z Selecting previously unselected package libavutil58:amd64.
measure	Install Rust and native Wayland dependencies	2026-09-13T06:53:43.5062296Z Preparing to unpack .../010-libavutil58_7%3a6.1.1-3ubuntu5_amd64.deb ...
measure	Install Rust and native Wayland dependencies	2026-09-13T06:53:43.5074612Z Unpacking libavutil58:amd64 (7:6.1.1-3ubuntu5) ...
measure	Install Rust and native Wayland dependencies	2026-09-13T06:53:43.5332634Z Selecting previously unselected package libcodec2-1.2:amd64.
measure	Install Rust and native Wayland dependencies	2026-09-13T06:53:43.5455934Z Preparing to unpack .../011-libcodec2-1.2_1.2.0-2build1_amd64.deb ...
measure	Install Rust and native Wayland dependencies	2026-09-13T06:53:43.5467678Z Unpacking libcodec2-1.2:amd64 (1.2.0-2build1) ...
measure	Install Rust and native Wayland dependencies	2026-09-13T06:53:43.6204879Z Selecting previously unselected package libdav1d7:amd64.
measure	Install Rust and native Wayland dependencies	2026-09-13T06:53:43.6329067Z Preparing to unpack .../012-libdav1d7_1.4.1-1build1_amd64.deb ...
measure	Install Rust and native Wayland dependencies	2026-09-13T06:53:43.6340138Z Unpacking libdav1d7:amd64 (1.4.1-1build1) ...
measure	Install Rust and native Wayland dependencies	2026-09-13T06:53:43.6629434Z Selecting previously unselected package libgsm1:amd64.
measure	Install Rust and native Wayland dependencies	2026-09-13T06:53:43.6756190Z Preparing to unpack .../013-libgsm1_1.0.22-1build1_amd64.deb ...
measure	Install Rust and native Wayland dependencies	2026-09-13T06:53:43.6770265Z Unpacking libgsm1:amd64 (1.0.22-1build1) ...
measure	Install Rust and native Wayland dependencies	2026-09-13T06:53:43.7002647Z Selecting previously unselected package libhwy1t64:amd64.
measure	Install Rust and native Wayland dependencies	2026-09-13T06:53:43.7127892Z Preparing to unpack .../014-libhwy1t64_1.0.7-8.1build1_amd64.deb ...
measure	Install Rust and native Wayland dependencies	2026-09-13T06:53:43.7139571Z Unpacking libhwy1t64:amd64 (1.0.7-8.1build1) ...
measure	Install Rust and native Wayland dependencies	2026-09-13T06:53:43.7481392Z Selecting previously unselected package libjxl0.7:amd64.
measure	Install Rust and native Wayland dependencies	2026-09-13T06:53:43.7606115Z Preparing to unpack .../015-libjxl0.7_0.7.0-10.2ubuntu6.1_amd64.deb ...
measure	Install Rust and native Wayland dependencies	2026-09-13T06:53:43.7619412Z Unpacking libjxl0.7:amd64 (0.7.0-10.2ubuntu6.1) ...
measure	Install Rust and native Wayland dependencies	2026-09-13T06:53:43.8006250Z Selecting previously unselected package libmp3lame0:amd64.
measure	Install Rust and native Wayland dependencies	2026-09-13T06:53:43.8130764Z Preparing to unpack .../016-libmp3lame0_3.100-6build1_amd64.deb ...
measure	Install Rust and native Wayland dependencies	2026-09-13T06:53:43.8144181Z Unpacking libmp3lame0:amd64 (3.100-6build1) ...
measure	Install Rust and native Wayland dependencies	2026-09-13T06:53:43.8385468Z Selecting previously unselected package libopus0:amd64.
measure	Install Rust and native Wayland dependencies	2026-09-13T06:53:43.8511926Z Preparing to unpack .../017-libopus0_1.4-1build1_amd64.deb ...
measure	Install Rust and native Wayland dependencies	2026-09-13T06:53:43.8525098Z Unpacking libopus0:amd64 (1.4-1build1) ...
measure	Install Rust and native Wayland dependencies	2026-09-13T06:53:43.8771317Z Selecting previously unselected package librav1e0:amd64.
measure	Install Rust and native Wayland dependencies	2026-09-13T06:53:43.8895205Z Preparing to unpack .../018-librav1e0_0.7.1-2_amd64.deb ...
measure	Install Rust and native Wayland dependencies	2026-09-13T06:53:43.8906670Z Unpacking librav1e0:amd64 (0.7.1-2) ...
measure	Install Rust and native Wayland dependencies	2026-09-13T06:53:43.9252573Z Selecting previously unselected package librsvg2-2:amd64.
measure	Install Rust and native Wayland dependencies	2026-09-13T06:53:43.9378212Z Preparing to unpack .../019-librsvg2-2_2.58.0+dfsg-1build1_amd64.deb ...
measure	Install Rust and native Wayland dependencies	2026-09-13T06:53:43.9390107Z Unpacking librsvg2-2:amd64 (2.58.0+dfsg-1build1) ...
measure	Install Rust and native Wayland dependencies	2026-09-13T06:53:43.9876242Z Selecting previously unselected package libshine3:amd64.
measure	Install Rust and native Wayland dependencies	2026-09-13T06:53:44.0002021Z Preparing to unpack .../020-libshine3_3.1.1-2build1_amd64.deb ...
measure	Install Rust and native Wayland dependencies	2026-09-13T06:53:44.0014715Z Unpacking libshine3:amd64 (3.1.1-2build1) ...
measure	Install Rust and native Wayland dependencies	2026-09-13T06:53:44.0286098Z Selecting previously unselected package libspeex1:amd64.
measure	Install Rust and native Wayland dependencies	2026-09-13T06:53:44.0412864Z Preparing to unpack .../021-libspeex1_1.2.1-2ubuntu2.24.04.1_amd64.deb ...
measure	Install Rust and native Wayland dependencies	2026-09-13T06:53:44.0424658Z Unpacking libspeex1:amd64 (1.2.1-2ubuntu2.24.04.1) ...
measure	Install Rust and native Wayland dependencies	2026-09-13T06:53:44.0654572Z Selecting previously unselected package libsvtav1enc1d1:amd64.
measure	Install Rust and native Wayland dependencies	2026-09-13T06:53:44.0782523Z Preparing to unpack .../022-libsvtav1enc1d1_1.7.0+dfsg-2build1_amd64.deb ...
measure	Install Rust and native Wayland dependencies	2026-09-13T06:53:44.0794556Z Unpacking libsvtav1enc1d1:amd64 (1.7.0+dfsg-2build1) ...
measure	Install Rust and native Wayland dependencies	2026-09-13T06:53:44.1327595Z Selecting previously unselected package libsoxr0:amd64.
measure	Install Rust and native Wayland dependencies	2026-09-13T06:53:44.1450594Z Preparing to unpack .../023-libsoxr0_0.1.3-4build3_amd64.deb ...
measure	Install Rust and native Wayland dependencies	2026-09-13T06:53:44.1464292Z Unpacking libsoxr0:amd64 (0.1.3-4build3) ...
measure	Install Rust and native Wayland dependencies	2026-09-13T06:53:44.1700330Z Selecting previously unselected package libswresample4:amd64.
measure	Install Rust and native Wayland dependencies	2026-09-13T06:53:44.1824261Z Preparing to unpack .../024-libswresample4_7%3a6.1.1-3ubuntu5_amd64.deb ...
measure	Install Rust and native Wayland dependencies	2026-09-13T06:53:44.1837326Z Unpacking libswresample4:amd64 (7:6.1.1-3ubuntu5) ...
measure	Install Rust and native Wayland dependencies	2026-09-13T06:53:44.2073159Z Selecting previously unselected package libtheora0:amd64.
measure	Install Rust and native Wayland dependencies	2026-09-13T06:53:44.2195769Z Preparing to unpack .../025-libtheora0_1.1.1+dfsg.1-16.1build3_amd64.deb ...
measure	Install Rust and native Wayland dependencies	2026-09-13T06:53:44.2206999Z Unpacking libtheora0:amd64 (1.1.1+dfsg.1-16.1build3) ...
measure	Install Rust and native Wayland dependencies	2026-09-13T06:53:44.2481882Z Selecting previously unselected package libtwolame0:amd64.
measure	Install Rust and native Wayland dependencies	2026-09-13T06:53:44.2607452Z Preparing to unpack .../026-libtwolame0_0.4.0-2build3_amd64.deb ...
measure	Install Rust and native Wayland dependencies	2026-09-13T06:53:44.2616405Z Unpacking libtwolame0:amd64 (0.4.0-2build3) ...
measure	Install Rust and native Wayland dependencies	2026-09-13T06:53:44.2836021Z Selecting previously unselected package libvorbisenc2:amd64.
measure	Install Rust and native Wayland dependencies	2026-09-13T06:53:44.2960244Z Preparing to unpack .../027-libvorbisenc2_1.3.7-1build3_amd64.deb ...
measure	Install Rust and native Wayland dependencies	2026-09-13T06:53:44.2969046Z Unpacking libvorbisenc2:amd64 (1.3.7-1build3) ...
measure	Install Rust and native Wayland dependencies	2026-09-13T06:53:44.3212752Z Selecting previously unselected package libvpx9:amd64.
measure	Install Rust and native Wayland dependencies	2026-09-13T06:53:44.3337460Z Preparing to unpack .../028-libvpx9_1.14.0-1ubuntu2.3_amd64.deb ...
measure	Install Rust and native Wayland dependencies	2026-09-13T06:53:44.3346160Z Unpacking libvpx9:amd64 (1.14.0-1ubuntu2.3) ...
measure	Install Rust and native Wayland dependencies	2026-09-13T06:53:44.3690978Z Selecting previously unselected package libx264-164:amd64.
measure	Install Rust and native Wayland dependencies	2026-09-13T06:53:44.3814967Z Preparing to unpack .../029-libx264-164_2%3a0.164.3108+git31e19f9-1_amd64.deb ...
measure	Install Rust and native Wayland dependencies	2026-09-13T06:53:44.3826684Z Unpacking libx264-164:amd64 (2:0.164.3108+git31e19f9-1) ...
measure	Install Rust and native Wayland dependencies	2026-09-13T06:53:44.4115710Z Selecting previously unselected package libx265-199:amd64.
measure	Install Rust and native Wayland dependencies	2026-09-13T06:53:44.4239230Z Preparing to unpack .../030-libx265-199_3.5-2build1_amd64.deb ...
measure	Install Rust and native Wayland dependencies	2026-09-13T06:53:44.4248812Z Unpacking libx265-199:amd64 (3.5-2build1) ...
measure	Install Rust and native Wayland dependencies	2026-09-13T06:53:44.4911620Z Selecting previously unselected package libxvidcore4:amd64.
measure	Install Rust and native Wayland dependencies	2026-09-13T06:53:44.5035062Z Preparing to unpack .../031-libxvidcore4_2%3a1.3.7-1build1_amd64.deb ...
measure	Install Rust and native Wayland dependencies	2026-09-13T06:53:44.5044352Z Unpacking libxvidcore4:amd64 (2:1.3.7-1build1) ...
measure	Install Rust and native Wayland dependencies	2026-09-13T06:53:44.5270570Z Selecting previously unselected package libzvbi-common.
measure	Install Rust and native Wayland dependencies	2026-09-13T06:53:44.5394450Z Preparing to unpack .../032-libzvbi-common_0.2.42-2_all.deb ...
measure	Install Rust and native Wayland dependencies	2026-09-13T06:53:44.5405758Z Unpacking libzvbi-common (0.2.42-2) ...
measure	Install Rust and native Wayland dependencies	2026-09-13T06:53:44.6192503Z Selecting previously unselected package libzvbi0t64:amd64.
measure	Install Rust and native Wayland dependencies	2026-09-13T06:53:44.6315367Z Preparing to unpack .../033-libzvbi0t64_0.2.42-2_amd64.deb ...
measure	Install Rust and native Wayland dependencies	2026-09-13T06:53:44.6324954Z Unpacking libzvbi0t64:amd64 (0.2.42-2) ...
measure	Install Rust and native Wayland dependencies	2026-09-13T06:53:44.6569979Z Selecting previously unselected package libavcodec60:amd64.
measure	Install Rust and native Wayland dependencies	2026-09-13T06:53:44.6695355Z Preparing to unpack .../034-libavcodec60_7%3a6.1.1-3ubuntu5_amd64.deb ...
measure	Install Rust and native Wayland dependencies	2026-09-13T06:53:44.6705302Z Unpacking libavcodec60:amd64 (7:6.1.1-3ubuntu5) ...
measure	Install Rust and native Wayland dependencies	2026-09-13T06:53:44.7565221Z Selecting previously unselected package libudfread0:amd64.
measure	Install Rust and native Wayland dependencies	2026-09-13T06:53:44.7689016Z Preparing to unpack .../035-libudfread0_1.1.2-1build1_amd64.deb ...
measure	Install Rust and native Wayland dependencies	2026-09-13T06:53:44.7697838Z Unpacking libudfread0:amd64 (1.1.2-1build1) ...
measure	Install Rust and native Wayland dependencies	2026-09-13T06:53:44.7919444Z Selecting previously unselected package libbluray2:amd64.
measure	Install Rust and native Wayland dependencies	2026-09-13T06:53:44.8045348Z Preparing to unpack .../036-libbluray2_1%3a1.3.4-1build1_amd64.deb ...
measure	Install Rust and native Wayland dependencies	2026-09-13T06:53:44.8053903Z Unpacking libbluray2:amd64 (1:1.3.4-1build1) ...
measure	Install Rust and native Wayland dependencies	2026-09-13T06:53:44.8280332Z Selecting previously unselected package libchromaprint1:amd64.
measure	Install Rust and native Wayland dependencies	2026-09-13T06:53:44.8403585Z Preparing to unpack .../037-libchromaprint1_1.5.1-5_amd64.deb ...
measure	Install Rust and native Wayland dependencies	2026-09-13T06:53:44.8413093Z Unpacking libchromaprint1:amd64 (1.5.1-5) ...
measure	Install Rust and native Wayland dependencies	2026-09-13T06:53:44.8622087Z Selecting previously unselected package libgme0:amd64.
measure	Install Rust and native Wayland dependencies	2026-09-13T06:53:44.8745031Z Preparing to unpack .../038-libgme0_0.6.3-7build1_amd64.deb ...
measure	Install Rust and native Wayland dependencies	2026-09-13T06:53:44.8752852Z Unpacking libgme0:amd64 (0.6.3-7build1) ...
measure	Install Rust and native Wayland dependencies	2026-09-13T06:53:44.8999791Z Selecting previously unselected package libmpg123-0t64:amd64.
measure	Install Rust and native Wayland dependencies	2026-09-13T06:53:44.9123609Z Preparing to unpack .../039-libmpg123-0t64_1.32.5-1ubuntu1.1_amd64.deb ...
measure	Install Rust and native Wayland dependencies	2026-09-13T06:53:44.9132585Z Unpacking libmpg123-0t64:amd64 (1.32.5-1ubuntu1.1) ...
measure	Install Rust and native Wayland dependencies	2026-09-13T06:53:44.9368815Z Selecting previously unselected package libopenmpt0t64:amd64.
measure	Install Rust and native Wayland dependencies	2026-09-13T06:53:44.9493315Z Preparing to unpack .../040-libopenmpt0t64_0.7.3-1.1build3_amd64.deb ...
measure	Install Rust and native Wayland dependencies	2026-09-13T06:53:44.9504247Z Unpacking libopenmpt0t64:amd64 (0.7.3-1.1build3) ...
measure	Install Rust and native Wayland dependencies	2026-09-13T06:53:44.9788684Z Selecting previously unselected package libcjson1:amd64.
measure	Install Rust and native Wayland dependencies	2026-09-13T06:53:44.9913163Z Preparing to unpack .../041-libcjson1_1.7.17-1_amd64.deb ...
measure	Install Rust and native Wayland dependencies	2026-09-13T06:53:44.9923865Z Unpacking libcjson1:amd64 (1.7.17-1) ...
measure	Install Rust and native Wayland dependencies	2026-09-13T06:53:45.0173731Z Selecting previously unselected package libmbedcrypto7t64:amd64.
measure	Install Rust and native Wayland dependencies	2026-09-13T06:53:45.0297795Z Preparing to unpack .../042-libmbedcrypto7t64_2.28.8-1_amd64.deb ...
measure	Install Rust and native Wayland dependencies	2026-09-13T06:53:45.0307152Z Unpacking libmbedcrypto7t64:amd64 (2.28.8-1) ...
measure	Install Rust and native Wayland dependencies	2026-09-13T06:53:45.0542630Z Selecting previously unselected package librist4:amd64.
measure	Install Rust and native Wayland dependencies	2026-09-13T06:53:45.0668010Z Preparing to unpack .../043-librist4_0.2.10+dfsg-2_amd64.deb ...
measure	Install Rust and native Wayland dependencies	2026-09-13T06:53:45.0677848Z Unpacking librist4:amd64 (0.2.10+dfsg-2) ...
measure	Install Rust and native Wayland dependencies	2026-09-13T06:53:45.0889980Z Selecting previously unselected package libsrt1.5-gnutls:amd64.
measure	Install Rust and native Wayland dependencies	2026-09-13T06:53:45.1015393Z Preparing to unpack .../044-libsrt1.5-gnutls_1.5.3-1build2_amd64.deb ...
measure	Install Rust and native Wayland dependencies	2026-09-13T06:53:45.1025579Z Unpacking libsrt1.5-gnutls:amd64 (1.5.3-1build2) ...
measure	Install Rust and native Wayland dependencies	2026-09-13T06:53:45.1281105Z Selecting previously unselected package libssh-gcrypt-4:amd64.
measure	Install Rust and native Wayland dependencies	2026-09-13T06:53:45.1404431Z Preparing to unpack .../045-libssh-gcrypt-4_0.10.6-2ubuntu0.5_amd64.deb ...
measure	Install Rust and native Wayland dependencies	2026-09-13T06:53:45.1412925Z Unpacking libssh-gcrypt-4:amd64 (0.10.6-2ubuntu0.5) ...
measure	Install Rust and native Wayland dependencies	2026-09-13T06:53:45.1651413Z Selecting previously unselected package libavformat60:amd64.
measure	Install Rust and native Wayland dependencies	2026-09-13T06:53:45.1775328Z Preparing to unpack .../046-libavformat60_7%3a6.1.1-3ubuntu5_amd64.deb ...
measure	Install Rust and native Wayland dependencies	2026-09-13T06:53:45.1784807Z Unpacking libavformat60:amd64 (7:6.1.1-3ubuntu5) ...
measure	Install Rust and native Wayland dependencies	2026-09-13T06:53:45.2112925Z Selecting previously unselected package libbs2b0:amd64.
measure	Install Rust and native Wayland dependencies	2026-09-13T06:53:45.2237602Z Preparing to unpack .../047-libbs2b0_3.1.0+dfsg-7build1_amd64.deb ...
measure	Install Rust and native Wayland dependencies	2026-09-13T06:53:45.2247785Z Unpacking libbs2b0:amd64 (3.1.0+dfsg-7build1) ...
measure	Install Rust and native Wayland dependencies	2026-09-13T06:53:45.2475876Z Selecting previously unselected package libflite1:amd64.
measure	Install Rust and native Wayland dependencies	2026-09-13T06:53:45.2600776Z Preparing to unpack .../048-libflite1_2.2-6build3_amd64.deb ...
measure	Install Rust and native Wayland dependencies	2026-09-13T06:53:45.2610204Z Unpacking libflite1:amd64 (2.2-6build3) ...
measure	Install Rust and native Wayland dependencies	2026-09-13T06:53:45.3679940Z Selecting previously unselected package libserd-0-0:amd64.
measure	Install Rust and native Wayland dependencies	2026-09-13T06:53:45.3803342Z Preparing to unpack .../049-libserd-0-0_0.32.2-1_amd64.deb ...
measure	Install Rust and native Wayland dependencies	2026-09-13T06:53:45.3813523Z Unpacking libserd-0-0:amd64 (0.32.2-1) ...
measure	Install Rust and native Wayland dependencies	2026-09-13T06:53:45.4026528Z Selecting previously unselected package libzix-0-0:amd64.
measure	Install Rust and native Wayland dependencies	2026-09-13T06:53:45.4151148Z Preparing to unpack .../050-libzix-0-0_0.4.2-2build1_amd64.deb ...
measure	Install Rust and native Wayland dependencies	2026-09-13T06:53:45.4159851Z Unpacking libzix-0-0:amd64 (0.4.2-2build1) ...
measure	Install Rust and native Wayland dependencies	2026-09-13T06:53:45.4369792Z Selecting previously unselected package libsord-0-0:amd64.
measure	Install Rust and native Wayland dependencies	2026-09-13T06:53:45.4494428Z Preparing to unpack .../051-libsord-0-0_0.16.16-2build1_amd64.deb ...
measure	Install Rust and native Wayland dependencies	2026-09-13T06:53:45.4504130Z Unpacking libsord-0-0:amd64 (0.16.16-2build1) ...
measure	Install Rust and native Wayland dependencies	2026-09-13T06:53:45.4732650Z Selecting previously unselected package libsratom-0-0:amd64.
measure	Install Rust and native Wayland dependencies	2026-09-13T06:53:45.4855990Z Preparing to unpack .../052-libsratom-0-0_0.6.16-1build1_amd64.deb ...
measure	Install Rust and native Wayland dependencies	2026-09-13T06:53:45.4868111Z Unpacking libsratom-0-0:amd64 (0.6.16-1build1) ...
measure	Install Rust and native Wayland dependencies	2026-09-13T06:53:45.5086037Z Selecting previously unselected package liblilv-0-0:amd64.
measure	Install Rust and native Wayland dependencies	2026-09-13T06:53:45.5210202Z Preparing to unpack .../053-liblilv-0-0_0.24.22-1build1_amd64.deb ...
measure	Install Rust and native Wayland dependencies	2026-09-13T06:53:45.5220106Z Unpacking liblilv-0-0:amd64 (0.24.22-1build1) ...
measure	Install Rust and native Wayland dependencies	2026-09-13T06:53:45.5438961Z Selecting previously unselected package libmysofa1:amd64.
measure	Install Rust and native Wayland dependencies	2026-09-13T06:53:45.5563977Z Preparing to unpack .../054-libmysofa1_1.3.2+dfsg-2ubuntu2_amd64.deb ...
measure	Install Rust and native Wayland dependencies	2026-09-13T06:53:45.5575069Z Unpacking libmysofa1:amd64 (1.3.2+dfsg-2ubuntu2) ...
measure	Install Rust and native Wayland dependencies	2026-09-13T06:53:45.5841055Z Selecting previously unselected package libplacebo338:amd64.
measure	Install Rust and native Wayland dependencies	2026-09-13T06:53:45.5987439Z Preparing to unpack .../055-libplacebo338_6.338.2-2build1_amd64.deb ...
measure	Install Rust and native Wayland dependencies	2026-09-13T06:53:45.5997776Z Unpacking libplacebo338:amd64 (6.338.2-2build1) ...
measure	Install Rust and native Wayland dependencies	2026-09-13T06:53:45.6520826Z Selecting previously unselected package libblas3:amd64.
measure	Install Rust and native Wayland dependencies	2026-09-13T06:53:45.6647121Z Preparing to unpack .../056-libblas3_3.12.0-3build1.1_amd64.deb ...
measure	Install Rust and native Wayland dependencies	2026-09-13T06:53:45.6679092Z Unpacking libblas3:amd64 (3.12.0-3build1.1) ...
measure	Install Rust and native Wayland dependencies	2026-09-13T06:53:45.6943519Z Selecting previously unselected package liblapack3:amd64.
measure	Install Rust and native Wayland dependencies	2026-09-13T06:53:45.7071764Z Preparing to unpack .../057-liblapack3_3.12.0-3build1.1_amd64.deb ...
measure	Install Rust and native Wayland dependencies	2026-09-13T06:53:45.7109370Z Unpacking liblapack3:amd64 (3.12.0-3build1.1) ...
measure	Install Rust and native Wayland dependencies	2026-09-13T06:53:45.7589370Z Selecting previously unselected package libflac12t64:amd64.
measure	Install Rust and native Wayland dependencies	2026-09-13T06:53:45.7717306Z Preparing to unpack .../058-libflac12t64_1.4.3+ds-2.1ubuntu2_amd64.deb ...
measure	Install Rust and native Wayland dependencies	2026-09-13T06:53:45.7727485Z Unpacking libflac12t64:amd64 (1.4.3+ds-2.1ubuntu2) ...
measure	Install Rust and native Wayland dependencies	2026-09-13T06:53:45.7953066Z Selecting previously unselected package libsndfile1:amd64.
measure	Install Rust and native Wayland dependencies	2026-09-13T06:53:45.8084796Z Preparing to unpack .../059-libsndfile1_1.2.2-1ubuntu5.24.04.1_amd64.deb ...
measure	Install Rust and native Wayland dependencies	2026-09-13T06:53:45.8094350Z Unpacking libsndfile1:amd64 (1.2.2-1ubuntu5.24.04.1) ...
measure	Install Rust and native Wayland dependencies	2026-09-13T06:53:45.8351385Z Selecting previously unselected package libpulse0:amd64.
measure	Install Rust and native Wayland dependencies	2026-09-13T06:53:45.8475245Z Preparing to unpack .../060-libpulse0_1%3a16.1+dfsg1-2ubuntu10.1_amd64.deb ...
measure	Install Rust and native Wayland dependencies	2026-09-13T06:53:45.8543454Z Unpacking libpulse0:amd64 (1:16.1+dfsg1-2ubuntu10.1) ...
measure	Install Rust and native Wayland dependencies	2026-09-13T06:53:45.8857345Z Selecting previously unselected package libsphinxbase3t64:amd64.
measure	Install Rust and native Wayland dependencies	2026-09-13T06:53:45.8986412Z Preparing to unpack .../061-libsphinxbase3t64_0.8+5prealpha+1-17build2_amd64.deb ...
measure	Install Rust and native Wayland dependencies	2026-09-13T06:53:45.8995242Z Unpacking libsphinxbase3t64:amd64 (0.8+5prealpha+1-17build2) ...
measure	Install Rust and native Wayland dependencies	2026-09-13T06:53:45.9238810Z Selecting previously unselected package libpocketsphinx3:amd64.
measure	Install Rust and native Wayland dependencies	2026-09-13T06:53:45.9369303Z Preparing to unpack .../062-libpocketsphinx3_0.8.0+real5prealpha+1-15ubuntu5_amd64.deb ...
measure	Install Rust and native Wayland dependencies	2026-09-13T06:53:45.9378390Z Unpacking libpocketsphinx3:amd64 (0.8.0+real5prealpha+1-15ubuntu5) ...
measure	Install Rust and native Wayland dependencies	2026-09-13T06:53:45.9632676Z Selecting previously unselected package libpostproc57:amd64.
measure	Install Rust and native Wayland dependencies	2026-09-13T06:53:45.9764395Z Preparing to unpack .../063-libpostproc57_7%3a6.1.1-3ubuntu5_amd64.deb ...
measure	Install Rust and native Wayland dependencies	2026-09-13T06:53:45.9774863Z Unpacking libpostproc57:amd64 (7:6.1.1-3ubuntu5) ...
measure	Install Rust and native Wayland dependencies	2026-09-13T06:53:46.0071341Z Selecting previously unselected package libsamplerate0:amd64.
measure	Install Rust and native Wayland dependencies	2026-09-13T06:53:46.0195851Z Preparing to unpack .../064-libsamplerate0_0.2.2-4build1_amd64.deb ...
measure	Install Rust and native Wayland dependencies	2026-09-13T06:53:46.0206676Z Unpacking libsamplerate0:amd64 (0.2.2-4build1) ...
measure	Install Rust and native Wayland dependencies	2026-09-13T06:53:46.0482154Z Selecting previously unselected package librubberband2:amd64.
measure	Install Rust and native Wayland dependencies	2026-09-13T06:53:46.0610254Z Preparing to unpack .../065-librubberband2_3.3.0+dfsg-2build1_amd64.deb ...
measure	Install Rust and native Wayland dependencies	2026-09-13T06:53:46.0619301Z Unpacking librubberband2:amd64 (3.3.0+dfsg-2build1) ...
measure	Install Rust and native Wayland dependencies	2026-09-13T06:53:46.0855287Z Selecting previously unselected package libswscale7:amd64.
measure	Install Rust and native Wayland dependencies	2026-09-13T06:53:46.0983183Z Preparing to unpack .../066-libswscale7_7%3a6.1.1-3ubuntu5_amd64.deb ...
measure	Install Rust and native Wayland dependencies	2026-09-13T06:53:46.1014314Z Unpacking libswscale7:amd64 (7:6.1.1-3ubuntu5) ...
measure	Install Rust and native Wayland dependencies	2026-09-13T06:53:46.1269744Z Selecting previously unselected package libvidstab1.1:amd64.
measure	Install Rust and native Wayland dependencies	2026-09-13T06:53:46.1399128Z Preparing to unpack .../067-libvidstab1.1_1.1.0-2build1_amd64.deb ...
measure	Install Rust and native Wayland dependencies	2026-09-13T06:53:46.1409294Z Unpacking libvidstab1.1:amd64 (1.1.0-2build1) ...
measure	Install Rust and native Wayland dependencies	2026-09-13T06:53:46.1683831Z Selecting previously unselected package libzimg2:amd64.
measure	Install Rust and native Wayland dependencies	2026-09-13T06:53:46.1844155Z Preparing to unpack .../068-libzimg2_3.0.5+ds1-1build1_amd64.deb ...
measure	Install Rust and native Wayland dependencies	2026-09-13T06:53:46.1853350Z Unpacking libzimg2:amd64 (3.0.5+ds1-1build1) ...
measure	Install Rust and native Wayland dependencies	2026-09-13T06:53:46.2132982Z Selecting previously unselected package libavfilter9:amd64.
measure	Install Rust and native Wayland dependencies	2026-09-13T06:53:46.2260218Z Preparing to unpack .../069-libavfilter9_7%3a6.1.1-3ubuntu5_amd64.deb ...
measure	Install Rust and native Wayland dependencies	2026-09-13T06:53:46.2269115Z Unpacking libavfilter9:amd64 (7:6.1.1-3ubuntu5) ...
measure	Install Rust and native Wayland dependencies	2026-09-13T06:53:46.2947884Z Selecting previously unselected package libbrotli-dev:amd64.
measure	Install Rust and native Wayland dependencies	2026-09-13T06:53:46.3072254Z Preparing to unpack .../070-libbrotli-dev_1.1.0-2build2_amd64.deb ...
measure	Install Rust and native Wayland dependencies	2026-09-13T06:53:46.3084723Z Unpacking libbrotli-dev:amd64 (1.1.0-2build2) ...
measure	Install Rust and native Wayland dependencies	2026-09-13T06:53:46.3432658Z Selecting previously unselected package libbz2-dev:amd64.
measure	Install Rust and native Wayland dependencies	2026-09-13T06:53:46.3558394Z Preparing to unpack .../071-libbz2-dev_1.0.8-5.1ubuntu0.1_amd64.deb ...
measure	Install Rust and native Wayland dependencies	2026-09-13T06:53:46.3567906Z Unpacking libbz2-dev:amd64 (1.0.8-5.1ubuntu0.1) ...
measure	Install Rust and native Wayland dependencies	2026-09-13T06:53:46.3807745Z Selecting previously unselected package libegl-mesa0:amd64.
measure	Install Rust and native Wayland dependencies	2026-09-13T06:53:46.3931446Z Preparing to unpack .../072-libegl-mesa0_25.2.8-0ubuntu0.24.04.2_amd64.deb ...
measure	Install Rust and native Wayland dependencies	2026-09-13T06:53:46.3944208Z Unpacking libegl-mesa0:amd64 (25.2.8-0ubuntu0.24.04.2) ...
measure	Install Rust and native Wayland dependencies	2026-09-13T06:53:46.4188520Z Selecting previously unselected package libpng-dev:amd64.
measure	Install Rust and native Wayland dependencies	2026-09-13T06:53:46.4314622Z Preparing to unpack .../073-libpng-dev_1.6.43-5ubuntu0.6_amd64.deb ...
measure	Install Rust and native Wayland dependencies	2026-09-13T06:53:46.4377556Z Unpacking libpng-dev:amd64 (1.6.43-5ubuntu0.6) ...
measure	Install Rust and native Wayland dependencies	2026-09-13T06:53:46.4723820Z Selecting previously unselected package libfreetype-dev:amd64.
measure	Install Rust and native Wayland dependencies	2026-09-13T06:53:46.4847182Z Preparing to unpack .../074-libfreetype-dev_2.13.2+dfsg-1ubuntu0.1_amd64.deb ...
measure	Install Rust and native Wayland dependencies	2026-09-13T06:53:46.4856225Z Unpacking libfreetype-dev:amd64 (2.13.2+dfsg-1ubuntu0.1) ...
measure	Install Rust and native Wayland dependencies	2026-09-13T06:53:46.5260522Z Selecting previously unselected package uuid-dev:amd64.
measure	Install Rust and native Wayland dependencies	2026-09-13T06:53:46.5383822Z Preparing to unpack .../075-uuid-dev_2.39.3-9ubuntu6.6_amd64.deb ...
measure	Install Rust and native Wayland dependencies	2026-09-13T06:53:46.5391913Z Unpacking uuid-dev:amd64 (2.39.3-9ubuntu6.6) ...
measure	Install Rust and native Wayland dependencies	2026-09-13T06:53:46.5639341Z Selecting previously unselected package libfontconfig-dev:amd64.
measure	Install Rust and native Wayland dependencies	2026-09-13T06:53:46.5763342Z Preparing to unpack .../076-libfontconfig-dev_2.15.0-1.1ubuntu2_amd64.deb ...
measure	Install Rust and native Wayland dependencies	2026-09-13T06:53:46.5773342Z Unpacking libfontconfig-dev:amd64 (2.15.0-1.1ubuntu2) ...
measure	Install Rust and native Wayland dependencies	2026-09-13T06:53:46.6011339Z Selecting previously unselected package libfontconfig1-dev:amd64.
measure	Install Rust and native Wayland dependencies	2026-09-13T06:53:46.6134936Z Preparing to unpack .../077-libfontconfig1-dev_2.15.0-1.1ubuntu2_amd64.deb ...
measure	Install Rust and native Wayland dependencies	2026-09-13T06:53:46.6145468Z Unpacking libfontconfig1-dev:amd64 (2.15.0-1.1ubuntu2) ...
measure	Install Rust and native Wayland dependencies	2026-09-13T06:53:46.6356514Z Selecting previously unselected package libwinpr2-2t64:amd64.
measure	Install Rust and native Wayland dependencies	2026-09-13T06:53:46.6480255Z Preparing to unpack .../078-libwinpr2-2t64_2.11.5+dfsg1-1build2_amd64.deb ...
measure	Install Rust and native Wayland dependencies	2026-09-13T06:53:46.6489411Z Unpacking libwinpr2-2t64:amd64 (2.11.5+dfsg1-1build2) ...
measure	Install Rust and native Wayland dependencies	2026-09-13T06:53:46.6770509Z Selecting previously unselected package libfreerdp2-2t64:amd64.
measure	Install Rust and native Wayland dependencies	2026-09-13T06:53:46.6896153Z Preparing to unpack .../079-libfreerdp2-2t64_2.11.5+dfsg1-1build2_amd64.deb ...
measure	Install Rust and native Wayland dependencies	2026-09-13T06:53:46.6905752Z Unpacking libfreerdp2-2t64:amd64 (2.11.5+dfsg1-1build2) ...
measure	Install Rust and native Wayland dependencies	2026-09-13T06:53:46.7187480Z Selecting previously unselected package libfreerdp-server2-2t64:amd64.
measure	Install Rust and native Wayland dependencies	2026-09-13T06:53:46.7313236Z Preparing to unpack .../080-libfreerdp-server2-2t64_2.11.5+dfsg1-1build2_amd64.deb ...
measure	Install Rust and native Wayland dependencies	2026-09-13T06:53:46.7322220Z Unpacking libfreerdp-server2-2t64:amd64 (2.11.5+dfsg1-1build2) ...
measure	Install Rust and native Wayland dependencies	2026-09-13T06:53:46.7569324Z Selecting previously unselected package liborc-0.4-0t64:amd64.
measure	Install Rust and native Wayland dependencies	2026-09-13T06:53:46.7694576Z Preparing to unpack .../081-liborc-0.4-0t64_1%3a0.4.38-1ubuntu0.1_amd64.deb ...
measure	Install Rust and native Wayland dependencies	2026-09-13T06:53:46.7705263Z Unpacking liborc-0.4-0t64:amd64 (1:0.4.38-1ubuntu0.1) ...
measure	Install Rust and native Wayland dependencies	2026-09-13T06:53:46.7957188Z Selecting previously unselected package libgstreamer-plugins-base1.0-0:amd64.
measure	Install Rust and native Wayland dependencies	2026-09-13T06:53:46.8081829Z Preparing to unpack .../082-libgstreamer-plugins-base1.0-0_1.24.2-1ubuntu0.4_amd64.deb ...
measure	Install Rust and native Wayland dependencies	2026-09-13T06:53:46.8090242Z Unpacking libgstreamer-plugins-base1.0-0:amd64 (1.24.2-1ubuntu0.4) ...
measure	Install Rust and native Wayland dependencies	2026-09-13T06:53:46.8541309Z Selecting previously unselected package libwacom-common.
measure	Install Rust and native Wayland dependencies	2026-09-13T06:53:46.8664869Z Preparing to unpack .../083-libwacom-common_2.10.0-2_all.deb ...
measure	Install Rust and native Wayland dependencies	2026-09-13T06:53:46.8672723Z Unpacking libwacom-common (2.10.0-2) ...
measure	Install Rust and native Wayland dependencies	2026-09-13T06:53:46.9722316Z Selecting previously unselected package libwacom9:amd64.
measure	Install Rust and native Wayland dependencies	2026-09-13T06:53:46.9850477Z Preparing to unpack .../084-libwacom9_2.10.0-2_amd64.deb ...
measure	Install Rust and native Wayland dependencies	2026-09-13T06:53:46.9858957Z Unpacking libwacom9:amd64 (2.10.0-2) ...
measure	Install Rust and native Wayland dependencies	2026-09-13T06:53:47.0062613Z Selecting previously unselected package libinput-bin.
measure	Install Rust and native Wayland dependencies	2026-09-13T06:53:47.0187420Z Preparing to unpack .../085-libinput-bin_1.25.0-1ubuntu3.6_amd64.deb ...
measure	Install Rust and native Wayland dependencies	2026-09-13T06:53:47.0195653Z Unpacking libinput-bin (1.25.0-1ubuntu3.6) ...
measure	Install Rust and native Wayland dependencies	2026-09-13T06:53:47.0480765Z Selecting previously unselected package libmtdev1t64:amd64.
measure	Install Rust and native Wayland dependencies	2026-09-13T06:53:47.0604524Z Preparing to unpack .../086-libmtdev1t64_1.1.6-1.1build1_amd64.deb ...
measure	Install Rust and native Wayland dependencies	2026-09-13T06:53:47.0612803Z Unpacking libmtdev1t64:amd64 (1.1.6-1.1build1) ...
measure	Install Rust and native Wayland dependencies	2026-09-13T06:53:47.0860881Z Selecting previously unselected package libinput10:amd64.
measure	Install Rust and native Wayland dependencies	2026-09-13T06:53:47.0991141Z Preparing to unpack .../087-libinput10_1.25.0-1ubuntu3.6_amd64.deb ...
measure	Install Rust and native Wayland dependencies	2026-09-13T06:53:47.1000227Z Unpacking libinput10:amd64 (1.25.0-1ubuntu3.6) ...
measure	Install Rust and native Wayland dependencies	2026-09-13T06:53:47.1232866Z Selecting previously unselected package libturbojpeg:amd64.
measure	Install Rust and native Wayland dependencies	2026-09-13T06:53:47.1360009Z Preparing to unpack .../088-libturbojpeg_1%3a2.1.5-2ubuntu2_amd64.deb ...
measure	Install Rust and native Wayland dependencies	2026-09-13T06:53:47.1369378Z Unpacking libturbojpeg:amd64 (1:2.1.5-2ubuntu2) ...
measure	Install Rust and native Wayland dependencies	2026-09-13T06:53:47.1605729Z Selecting previously unselected package libneatvnc0:amd64.
measure	Install Rust and native Wayland dependencies	2026-09-13T06:53:47.1731206Z Preparing to unpack .../089-libneatvnc0_0.7.1+dfsg-2build3_amd64.deb ...
measure	Install Rust and native Wayland dependencies	2026-09-13T06:53:47.1741882Z Unpacking libneatvnc0:amd64 (0.7.1+dfsg-2build3) ...
measure	Install Rust and native Wayland dependencies	2026-09-13T06:53:47.1967482Z Selecting previously unselected package libwebrtc-audio-processing1:amd64.
measure	Install Rust and native Wayland dependencies	2026-09-13T06:53:47.2093606Z Preparing to unpack .../090-libwebrtc-audio-processing1_0.3.1-0ubuntu6_amd64.deb ...
measure	Install Rust and native Wayland dependencies	2026-09-13T06:53:47.2102476Z Unpacking libwebrtc-audio-processing1:amd64 (0.3.1-0ubuntu6) ...
measure	Install Rust and native Wayland dependencies	2026-09-13T06:53:47.2332186Z Selecting previously unselected package libspa-0.2-modules:amd64.
measure	Install Rust and native Wayland dependencies	2026-09-13T06:53:47.2456520Z Preparing to unpack .../091-libspa-0.2-modules_1.0.5-1ubuntu3.3_amd64.deb ...
measure	Install Rust and native Wayland dependencies	2026-09-13T06:53:47.2467209Z Unpacking libspa-0.2-modules:amd64 (1.0.5-1ubuntu3.3) ...
measure	Install Rust and native Wayland dependencies	2026-09-13T06:53:47.2793132Z Selecting previously unselected package libpipewire-0.3-0t64:amd64.
measure	Install Rust and native Wayland dependencies	2026-09-13T06:53:47.2919170Z Preparing to unpack .../092-libpipewire-0.3-0t64_1.0.5-1ubuntu3.3_amd64.deb ...
measure	Install Rust and native Wayland dependencies	2026-09-13T06:53:47.2926986Z Unpacking libpipewire-0.3-0t64:amd64 (1.0.5-1ubuntu3.3) ...
measure	Install Rust and native Wayland dependencies	2026-09-13T06:53:47.3172945Z Selecting previously unselected package libseat1:amd64.
measure	Install Rust and native Wayland dependencies	2026-09-13T06:53:47.3299234Z Preparing to unpack .../093-libseat1_0.8.0-1_amd64.deb ...
measure	Install Rust and native Wayland dependencies	2026-09-13T06:53:47.3310644Z Unpacking libseat1:amd64 (0.8.0-1) ...
measure	Install Rust and native Wayland dependencies	2026-09-13T06:53:47.3531607Z Selecting previously unselected package libwayland-server0:amd64.
measure	Install Rust and native Wayland dependencies	2026-09-13T06:53:47.3657217Z Preparing to unpack .../094-libwayland-server0_1.22.0-2.1build1_amd64.deb ...
measure	Install Rust and native Wayland dependencies	2026-09-13T06:53:47.3667053Z Unpacking libwayland-server0:amd64 (1.22.0-2.1build1) ...
measure	Install Rust and native Wayland dependencies	2026-09-13T06:53:47.3896208Z Selecting previously unselected package libegl1:amd64.
measure	Install Rust and native Wayland dependencies	2026-09-13T06:53:47.4021098Z Preparing to unpack .../095-libegl1_1.7.0-1build1_amd64.deb ...
measure	Install Rust and native Wayland dependencies	2026-09-13T06:53:47.4029335Z Unpacking libegl1:amd64 (1.7.0-1build1) ...
measure	Install Rust and native Wayland dependencies	2026-09-13T06:53:47.4253545Z Selecting previously unselected package libgles2:amd64.
measure	Install Rust and native Wayland dependencies	2026-09-13T06:53:47.4379044Z Preparing to unpack .../096-libgles2_1.7.0-1build1_amd64.deb ...
measure	Install Rust and native Wayland dependencies	2026-09-13T06:53:47.4387804Z Unpacking libgles2:amd64 (1.7.0-1build1) ...
measure	Install Rust and native Wayland dependencies	2026-09-13T06:53:47.4611414Z Selecting previously unselected package libxcb-composite0:amd64.
measure	Install Rust and native Wayland dependencies	2026-09-13T06:53:47.4737066Z Preparing to unpack .../097-libxcb-composite0_1.15-1ubuntu2_amd64.deb ...
measure	Install Rust and native Wayland dependencies	2026-09-13T06:53:47.4744586Z Unpacking libxcb-composite0:amd64 (1.15-1ubuntu2) ...
measure	Install Rust and native Wayland dependencies	2026-09-13T06:53:47.4954209Z Selecting previously unselected package libxcb-xkb1:amd64.
measure	Install Rust and native Wayland dependencies	2026-09-13T06:53:47.5078201Z Preparing to unpack .../098-libxcb-xkb1_1.15-1ubuntu2_amd64.deb ...
measure	Install Rust and native Wayland dependencies	2026-09-13T06:53:47.5086868Z Unpacking libxcb-xkb1:amd64 (1.15-1ubuntu2) ...
measure	Install Rust and native Wayland dependencies	2026-09-13T06:53:47.5346685Z Selecting previously unselected package libweston-13-0:amd64.
measure	Install Rust and native Wayland dependencies	2026-09-13T06:53:47.5471170Z Preparing to unpack .../099-libweston-13-0_13.0.0-4build3_amd64.deb ...
measure	Install Rust and native Wayland dependencies	2026-09-13T06:53:47.5480703Z Unpacking libweston-13-0:amd64 (13.0.0-4build3) ...
measure	Install Rust and native Wayland dependencies	2026-09-13T06:53:47.5757163Z Selecting previously unselected package libxkbcommon-x11-0:amd64.
measure	Install Rust and native Wayland dependencies	2026-09-13T06:53:47.5881254Z Preparing to unpack .../100-libxkbcommon-x11-0_1.6.0-1build1_amd64.deb ...
measure	Install Rust and native Wayland dependencies	2026-09-13T06:53:47.5890632Z Unpacking libxkbcommon-x11-0:amd64 (1.6.0-1build1) ...
measure	Install Rust and native Wayland dependencies	2026-09-13T06:53:47.6099506Z Selecting previously unselected package weston.
measure	Install Rust and native Wayland dependencies	2026-09-13T06:53:47.6222343Z Preparing to unpack .../101-weston_13.0.0-4build3_amd64.deb ...
measure	Install Rust and native Wayland dependencies	2026-09-13T06:53:47.6231883Z Unpacking weston (13.0.0-4build3) ...
measure	Install Rust and native Wayland dependencies	2026-09-13T06:53:47.6948673Z Setting up libgme0:amd64 (0.6.3-7build1) ...
measure	Install Rust and native Wayland dependencies	2026-09-13T06:53:47.6973199Z Setting up libchromaprint1:amd64 (1.5.1-5) ...
measure	Install Rust and native Wayland dependencies	2026-09-13T06:53:47.6995809Z Setting up libssh-gcrypt-4:amd64 (0.10.6-2ubuntu0.5) ...
measure	Install Rust and native Wayland dependencies	2026-09-13T06:53:47.7038287Z Setting up libhwy1t64:amd64 (1.0.7-8.1build1) ...
measure	Install Rust and native Wayland dependencies	2026-09-13T06:53:47.7042342Z Setting up libudfread0:amd64 (1.1.2-1build1) ...
measure	Install Rust and native Wayland dependencies	2026-09-13T06:53:47.7065267Z Setting up libwayland-server0:amd64 (1.22.0-2.1build1) ...
measure	Install Rust and native Wayland dependencies	2026-09-13T06:53:47.7085935Z Setting up libspeex1:amd64 (1.2.1-2ubuntu2.24.04.1) ...
measure	Install Rust and native Wayland dependencies	2026-09-13T06:53:47.7106280Z Setting up libshine3:amd64 (3.1.1-2build1) ...
measure	Install Rust and native Wayland dependencies	2026-09-13T06:53:47.7134427Z Setting up libvpl2 (2023.3.0-1build1) ...
measure	Install Rust and native Wayland dependencies	2026-09-13T06:53:47.7155739Z Setting up libx264-164:amd64 (2:0.164.3108+git31e19f9-1) ...
measure	Install Rust and native Wayland dependencies	2026-09-13T06:53:47.7179991Z Setting up libtwolame0:amd64 (0.4.0-2build3) ...
measure	Install Rust and native Wayland dependencies	2026-09-13T06:53:47.7207688Z Setting up libmbedcrypto7t64:amd64 (2.28.8-1) ...
measure	Install Rust and native Wayland dependencies	2026-09-13T06:53:47.7228416Z Setting up libgsm1:amd64 (1.0.22-1build1) ...
measure	Install Rust and native Wayland dependencies	2026-09-13T06:53:47.7253680Z Setting up libaml0t64:amd64 (0.3.0-1.1build1) ...
measure	Install Rust and native Wayland dependencies	2026-09-13T06:53:47.7278004Z Setting up libsoxr0:amd64 (0.1.3-4build3) ...
measure	Install Rust and native Wayland dependencies	2026-09-13T06:53:47.7300265Z Setting up libzix-0-0:amd64 (0.4.2-2build1) ...
measure	Install Rust and native Wayland dependencies	2026-09-13T06:53:47.7325259Z Setting up libcodec2-1.2:amd64 (1.2.0-2build1) ...
measure	Install Rust and native Wayland dependencies	2026-09-13T06:53:47.7351043Z Setting up libwinpr2-2t64:amd64 (2.11.5+dfsg1-1build2) ...
measure	Install Rust and native Wayland dependencies	2026-09-13T06:53:47.7391738Z Setting up libpng-dev:amd64 (1.6.43-5ubuntu0.6) ...
measure	Install Rust and native Wayland dependencies	2026-09-13T06:53:47.7415380Z Setting up libmysofa1:amd64 (1.3.2+dfsg-2ubuntu2) ...
measure	Install Rust and native Wayland dependencies	2026-09-13T06:53:47.7438047Z Setting up libwebrtc-audio-processing1:amd64 (0.3.1-0ubuntu6) ...
measure	Install Rust and native Wayland dependencies	2026-09-13T06:53:47.7465265Z Setting up libsvtav1enc1d1:amd64 (1.7.0+dfsg-2build1) ...
measure	Install Rust and native Wayland dependencies	2026-09-13T06:53:47.7486732Z Setting up libmpg123-0t64:amd64 (1.32.5-1ubuntu1.1) ...
measure	Install Rust and native Wayland dependencies	2026-09-13T06:53:47.7540060Z Setting up libcjson1:amd64 (1.7.17-1) ...
measure	Install Rust and native Wayland dependencies	2026-09-13T06:53:47.7564717Z Setting up libxvidcore4:amd64 (2:1.3.7-1build1) ...
measure	Install Rust and native Wayland dependencies	2026-09-13T06:53:47.7587994Z Setting up librav1e0:amd64 (0.7.1-2) ...
measure	Install Rust and native Wayland dependencies	2026-09-13T06:53:47.7609059Z Setting up liborc-0.4-0t64:amd64 (1:0.4.38-1ubuntu0.1) ...
measure	Install Rust and native Wayland dependencies	2026-09-13T06:53:47.7631867Z Setting up libxcb-xkb1:amd64 (1.15-1ubuntu2) ...
measure	Install Rust and native Wayland dependencies	2026-09-13T06:53:47.7658349Z Setting up librist4:amd64 (0.2.10+dfsg-2) ...
measure	Install Rust and native Wayland dependencies	2026-09-13T06:53:47.7683343Z Setting up librsvg2-2:amd64 (2.58.0+dfsg-1build1) ...
measure	Install Rust and native Wayland dependencies	2026-09-13T06:53:47.7710282Z Setting up libblas3:amd64 (3.12.0-3build1.1) ...
measure	Install Rust and native Wayland dependencies	2026-09-13T06:53:47.7773544Z update-alternatives: using /usr/lib/x86_64-linux-gnu/blas/libblas.so.3 to provide /usr/lib/x86_64-linux-gnu/libblas.so.3 (libblas.so.3-x86_64-linux-gnu) in auto mode
measure	Install Rust and native Wayland dependencies	2026-09-13T06:53:47.7790978Z Setting up libegl-mesa0:amd64 (25.2.8-0ubuntu0.24.04.2) ...
measure	Install Rust and native Wayland dependencies	2026-09-13T06:53:47.7821167Z Setting up libplacebo338:amd64 (6.338.2-2build1) ...
measure	Install Rust and native Wayland dependencies	2026-09-13T06:53:47.7846406Z Setting up libgles2:amd64 (1.7.0-1build1) ...
measure	Install Rust and native Wayland dependencies	2026-09-13T06:53:47.7868288Z Setting up libva2:amd64 (2.20.0-2ubuntu0.2) ...
measure	Install Rust and native Wayland dependencies	2026-09-13T06:53:47.7891753Z Setting up libspa-0.2-modules:amd64 (1.0.5-1ubuntu3.3) ...
measure	Install Rust and native Wayland dependencies	2026-09-13T06:53:47.7915742Z Setting up uuid-dev:amd64 (2.39.3-9ubuntu6.6) ...
measure	Install Rust and native Wayland dependencies	2026-09-13T06:53:47.7938136Z Setting up libopus0:amd64 (1.4-1build1) ...
measure	Install Rust and native Wayland dependencies	2026-09-13T06:53:47.7961576Z Setting up libxkbcommon-x11-0:amd64 (1.6.0-1build1) ...
measure	Install Rust and native Wayland dependencies	2026-09-13T06:53:47.7986309Z Setting up libunibreak5:amd64 (5.1-2build1) ...
measure	Install Rust and native Wayland dependencies	2026-09-13T06:53:47.8009176Z Setting up libjxl0.7:amd64 (0.7.0-10.2ubuntu6.1) ...
measure	Install Rust and native Wayland dependencies	2026-09-13T06:53:47.8035957Z Setting up libx265-199:amd64 (3.5-2build1) ...
measure	Install Rust and native Wayland dependencies	2026-09-13T06:53:47.8059868Z Setting up libturbojpeg:amd64 (1:2.1.5-2ubuntu2) ...
measure	Install Rust and native Wayland dependencies	2026-09-13T06:53:47.8083124Z Setting up libvidstab1.1:amd64 (1.1.0-2build1) ...
measure	Install Rust and native Wayland dependencies	2026-09-13T06:53:47.8107648Z Setting up libvpx9:amd64 (1.14.0-1ubuntu2.3) ...
measure	Install Rust and native Wayland dependencies	2026-09-13T06:53:47.8132162Z Setting up libsrt1.5-gnutls:amd64 (1.5.3-1build2) ...
measure	Install Rust and native Wayland dependencies	2026-09-13T06:53:47.8155306Z Setting up libxcb-composite0:amd64 (1.15-1ubuntu2) ...
measure	Install Rust and native Wayland dependencies	2026-09-13T06:53:47.8180800Z Setting up libflite1:amd64 (2.2-6build3) ...
measure	Install Rust and native Wayland dependencies	2026-09-13T06:53:47.8203769Z Setting up libdav1d7:amd64 (1.4.1-1build1) ...
measure	Install Rust and native Wayland dependencies	2026-09-13T06:53:47.8225706Z Setting up libmtdev1t64:amd64 (1.1.6-1.1build1) ...
measure	Install Rust and native Wayland dependencies	2026-09-13T06:53:47.8255478Z Setting up libva-drm2:amd64 (2.20.0-2ubuntu0.2) ...
measure	Install Rust and native Wayland dependencies	2026-09-13T06:53:47.8276388Z Setting up ocl-icd-libopencl1:amd64 (2.3.2-1build1) ...
measure	Install Rust and native Wayland dependencies	2026-09-13T06:53:47.8306315Z Setting up libasyncns0:amd64 (0.8-6build4) ...
measure	Install Rust and native Wayland dependencies	2026-09-13T06:53:47.8328242Z Setting up libvdpau1:amd64 (1.5-2build1) ...
measure	Install Rust and native Wayland dependencies	2026-09-13T06:53:47.8357639Z Setting up libbs2b0:amd64 (3.1.0+dfsg-7build1) ...
measure	Install Rust and native Wayland dependencies	2026-09-13T06:53:47.8381574Z Setting up libtheora0:amd64 (1.1.1+dfsg.1-16.1build3) ...
measure	Install Rust and native Wayland dependencies	2026-09-13T06:53:47.8402024Z Setting up libegl1:amd64 (1.7.0-1build1) ...
measure	Install Rust and native Wayland dependencies	2026-09-13T06:53:47.8424176Z Setting up libfreerdp2-2t64:amd64 (2.11.5+dfsg1-1build2) ...
measure	Install Rust and native Wayland dependencies	2026-09-13T06:53:47.8457036Z Setting up libzimg2:amd64 (3.0.5+ds1-1build1) ...
measure	Install Rust and native Wayland dependencies	2026-09-13T06:53:47.8482373Z Setting up libflac12t64:amd64 (1.4.3+ds-2.1ubuntu2) ...
measure	Install Rust and native Wayland dependencies	2026-09-13T06:53:47.8505853Z Setting up libseat1:amd64 (0.8.0-1) ...
measure	Install Rust and native Wayland dependencies	2026-09-13T06:53:47.8526721Z Setting up libbluray2:amd64 (1:1.3.4-1build1) ...
measure	Install Rust and native Wayland dependencies	2026-09-13T06:53:47.8551618Z Setting up libsamplerate0:amd64 (0.2.2-4build1) ...
measure	Install Rust and native Wayland dependencies	2026-09-13T06:53:47.8577060Z Setting up libva-x11-2:amd64 (2.20.0-2ubuntu0.2) ...
measure	Install Rust and native Wayland dependencies	2026-09-13T06:53:47.8639813Z Setting up libpipewire-0.3-0t64:amd64 (1.0.5-1ubuntu3.3) ...
measure	Install Rust and native Wayland dependencies	2026-09-13T06:53:47.8664438Z Setting up libopenmpt0t64:amd64 (0.7.3-1.1build3) ...
measure	Install Rust and native Wayland dependencies	2026-09-13T06:53:47.8689071Z Setting up libbrotli-dev:amd64 (1.1.0-2build2) ...
measure	Install Rust and native Wayland dependencies	2026-09-13T06:53:47.8711239Z Setting up libzvbi-common (0.2.42-2) ...
measure	Install Rust and native Wayland dependencies	2026-09-13T06:53:47.8733308Z Setting up libmp3lame0:amd64 (3.100-6build1) ...
measure	Install Rust and native Wayland dependencies	2026-09-13T06:53:47.8757434Z Setting up libvorbisenc2:amd64 (1.3.7-1build3) ...
measure	Install Rust and native Wayland dependencies	2026-09-13T06:53:47.8781403Z Setting up libserd-0-0:amd64 (0.32.2-1) ...
measure	Install Rust and native Wayland dependencies	2026-09-13T06:53:47.8806663Z Setting up libwacom-common (2.10.0-2) ...
measure	Install Rust and native Wayland dependencies	2026-09-13T06:53:47.8829607Z Setting up libbz2-dev:amd64 (1.0.8-5.1ubuntu0.1) ...
measure	Install Rust and native Wayland dependencies	2026-09-13T06:53:47.8852749Z Setting up liblapack3:amd64 (3.12.0-3build1.1) ...
measure	Install Rust and native Wayland dependencies	2026-09-13T06:53:47.8918660Z update-alternatives: using /usr/lib/x86_64-linux-gnu/lapack/liblapack.so.3 to provide /usr/lib/x86_64-linux-gnu/liblapack.so.3 (liblapack.so.3-x86_64-linux-gnu) in auto mode
measure	Install Rust and native Wayland dependencies	2026-09-13T06:53:47.8937643Z Setting up libzvbi0t64:amd64 (0.2.42-2) ...
measure	Install Rust and native Wayland dependencies	2026-09-13T06:53:47.8962459Z Setting up libwacom9:amd64 (2.10.0-2) ...
measure	Install Rust and native Wayland dependencies	2026-09-13T06:53:47.8987679Z Setting up libgstreamer-plugins-base1.0-0:amd64 (1.24.2-1ubuntu0.4) ...
measure	Install Rust and native Wayland dependencies	2026-09-13T06:53:47.9015686Z Setting up libavutil58:amd64 (7:6.1.1-3ubuntu5) ...
measure	Install Rust and native Wayland dependencies	2026-09-13T06:53:47.9039722Z Setting up libinput-bin (1.25.0-1ubuntu3.6) ...
measure	Install Rust and native Wayland dependencies	2026-09-13T06:53:47.9065252Z Setting up libfreetype-dev:amd64 (2.13.2+dfsg-1ubuntu0.1) ...
measure	Install Rust and native Wayland dependencies	2026-09-13T06:53:47.9089378Z Setting up libass9:amd64 (1:0.17.1-2build1) ...
measure	Install Rust and native Wayland dependencies	2026-09-13T06:53:47.9111414Z Setting up libswresample4:amd64 (7:6.1.1-3ubuntu5) ...
measure	Install Rust and native Wayland dependencies	2026-09-13T06:53:47.9133553Z Setting up libfreerdp-server2-2t64:amd64 (2.11.5+dfsg1-1build2) ...
measure	Install Rust and native Wayland dependencies	2026-09-13T06:53:47.9153971Z Setting up libavcodec60:amd64 (7:6.1.1-3ubuntu5) ...
measure	Install Rust and native Wayland dependencies	2026-09-13T06:53:47.9291553Z Setting up librubberband2:amd64 (3.3.0+dfsg-2build1) ...
measure	Install Rust and native Wayland dependencies	2026-09-13T06:53:47.9315180Z Setting up libsord-0-0:amd64 (0.16.16-2build1) ...
measure	Install Rust and native Wayland dependencies	2026-09-13T06:53:47.9345356Z Setting up libpostproc57:amd64 (7:6.1.1-3ubuntu5) ...
measure	Install Rust and native Wayland dependencies	2026-09-13T06:53:47.9368650Z Setting up libsratom-0-0:amd64 (0.6.16-1build1) ...
measure	Install Rust and native Wayland dependencies	2026-09-13T06:53:47.9390784Z Setting up libsndfile1:amd64 (1.2.2-1ubuntu5.24.04.1) ...
measure	Install Rust and native Wayland dependencies	2026-09-13T06:53:47.9413617Z Setting up liblilv-0-0:amd64 (0.24.22-1build1) ...
measure	Install Rust and native Wayland dependencies	2026-09-13T06:53:47.9435347Z Setting up libswscale7:amd64 (7:6.1.1-3ubuntu5) ...
measure	Install Rust and native Wayland dependencies	2026-09-13T06:53:47.9463130Z Setting up libinput10:amd64 (1.25.0-1ubuntu3.6) ...
measure	Install Rust and native Wayland dependencies	2026-09-13T06:53:47.9491577Z Setting up libpulse0:amd64 (1:16.1+dfsg1-2ubuntu10.1) ...
measure	Install Rust and native Wayland dependencies	2026-09-13T06:53:47.9569205Z Setting up libfontconfig-dev:amd64 (2.15.0-1.1ubuntu2) ...
measure	Install Rust and native Wayland dependencies	2026-09-13T06:53:47.9595648Z Setting up libavformat60:amd64 (7:6.1.1-3ubuntu5) ...
measure	Install Rust and native Wayland dependencies	2026-09-13T06:53:47.9622156Z Setting up libsphinxbase3t64:amd64 (0.8+5prealpha+1-17build2) ...
measure	Install Rust and native Wayland dependencies	2026-09-13T06:53:47.9646385Z Setting up libfontconfig1-dev:amd64 (2.15.0-1.1ubuntu2) ...
measure	Install Rust and native Wayland dependencies	2026-09-13T06:53:47.9666430Z Setting up libpocketsphinx3:amd64 (0.8.0+real5prealpha+1-15ubuntu5) ...
measure	Install Rust and native Wayland dependencies	2026-09-13T06:53:47.9714287Z Setting up libavfilter9:amd64 (7:6.1.1-3ubuntu5) ...
measure	Install Rust and native Wayland dependencies	2026-09-13T06:53:47.9735868Z Setting up libneatvnc0:amd64 (0.7.1+dfsg-2build3) ...
measure	Install Rust and native Wayland dependencies	2026-09-13T06:53:47.9758641Z Setting up libweston-13-0:amd64 (13.0.0-4build3) ...
measure	Install Rust and native Wayland dependencies	2026-09-13T06:53:47.9781395Z Setting up weston (13.0.0-4build3) ...
measure	Install Rust and native Wayland dependencies	2026-09-13T06:53:47.9814845Z Processing triggers for man-db (2.12.0-4build2) ...
measure	Install Rust and native Wayland dependencies	2026-09-13T06:53:47.9837202Z Not building database; man-db/auto-update is not 'true'.
measure	Install Rust and native Wayland dependencies	2026-09-13T06:53:47.9853853Z Processing triggers for udev (255.4-1ubuntu8.17) ...
measure	Install Rust and native Wayland dependencies	2026-09-13T06:53:48.4675890Z Processing triggers for libc-bin (2.39-0ubuntu8.8) ...
measure	Install Rust and native Wayland dependencies	2026-09-13T06:53:49.1430032Z 
measure	Install Rust and native Wayland dependencies	2026-09-13T06:53:49.1430729Z Running kernel seems to be up-to-date.
measure	Install Rust and native Wayland dependencies	2026-09-13T06:53:49.1431117Z 
measure	Install Rust and native Wayland dependencies	2026-09-13T06:53:49.1431285Z No services need to be restarted.
measure	Install Rust and native Wayland dependencies	2026-09-13T06:53:49.1431572Z 
measure	Install Rust and native Wayland dependencies	2026-09-13T06:53:49.1431752Z No containers need to be restarted.
measure	Install Rust and native Wayland dependencies	2026-09-13T06:53:49.1432047Z 
measure	Install Rust and native Wayland dependencies	2026-09-13T06:53:49.1432248Z No user sessions are running outdated binaries.
measure	Install Rust and native Wayland dependencies	2026-09-13T06:53:49.1432605Z 
measure	Install Rust and native Wayland dependencies	2026-09-13T06:53:49.1432926Z No VM guests are running outdated hypervisor (qemu) binaries on this host.
measure	Validate measurement harness	﻿2026-09-13T06:53:50.1189967Z ##[group]Run python3 -B -m unittest discover -s scripts -p 'test_compare_*.py'
measure	Validate measurement harness	2026-09-13T06:53:50.1190556Z [36;1mpython3 -B -m unittest discover -s scripts -p 'test_compare_*.py'[0m
measure	Validate measurement harness	2026-09-13T06:53:50.1228772Z shell: /usr/bin/bash -e {0}
measure	Validate measurement harness	2026-09-13T06:53:50.1229036Z env:
measure	Validate measurement harness	2026-09-13T06:53:50.1229229Z   CARGO_INCREMENTAL: 0
measure	Validate measurement harness	2026-09-13T06:53:50.1229466Z   CARGO_PROFILE_RELEASE_DEBUG: 0
measure	Validate measurement harness	2026-09-13T06:53:50.1229749Z   BEFORE_REF: 24782c344714727be4f8981cd0d1d10f047aa9f4
measure	Validate measurement harness	2026-09-13T06:53:50.1230059Z   AFTER_REF: f0040ad
measure	Validate measurement harness	2026-09-13T06:53:50.1230260Z   SCREEN: primary
measure	Validate measurement harness	2026-09-13T06:53:50.1230462Z ##[endgroup]
measure	Validate measurement harness	2026-09-13T06:53:50.6182114Z .......................
measure	Validate measurement harness	2026-09-13T06:53:50.6182628Z ----------------------------------------------------------------------
measure	Validate measurement harness	2026-09-13T06:53:50.6183114Z Ran 23 tests in 0.369s
measure	Validate measurement harness	2026-09-13T06:53:50.6183285Z 
measure	Validate measurement harness	2026-09-13T06:53:50.6183384Z OK
measure	Build both exact revisions sequentially with the same toolchain	﻿2026-09-13T06:53:50.6371203Z ##[group]Run evidence_directory="$RUNNER_TEMP/kokuban-paired-evidence"
measure	Build both exact revisions sequentially with the same toolchain	2026-09-13T06:53:50.6371757Z [36;1mevidence_directory="$RUNNER_TEMP/kokuban-paired-evidence"[0m
measure	Build both exact revisions sequentially with the same toolchain	2026-09-13T06:53:50.6372247Z [36;1mmkdir -p "$evidence_directory" "$RUNNER_TEMP/kokuban-paired-binaries"[0m
measure	Build both exact revisions sequentially with the same toolchain	2026-09-13T06:53:50.6372742Z [36;1mgit rev-parse HEAD > "$evidence_directory/harness-revision.txt"[0m
measure	Build both exact revisions sequentially with the same toolchain	2026-09-13T06:53:50.6373376Z [36;1mgit rev-parse --verify --end-of-options "${BEFORE_REF}^{commit}" > "$evidence_directory/before-revision.txt"[0m
measure	Build both exact revisions sequentially with the same toolchain	2026-09-13T06:53:50.6374145Z [36;1mgit rev-parse --verify --end-of-options "${AFTER_REF}^{commit}" > "$evidence_directory/after-revision.txt"[0m
measure	Build both exact revisions sequentially with the same toolchain	2026-09-13T06:53:50.6374783Z [36;1mrustc --version --verbose > "$evidence_directory/rustc.txt"[0m
measure	Build both exact revisions sequentially with the same toolchain	2026-09-13T06:53:50.6375175Z [36;1mlscpu > "$evidence_directory/cpu.txt"[0m
measure	Build both exact revisions sequentially with the same toolchain	2026-09-13T06:53:50.6375500Z [36;1muname -a > "$evidence_directory/kernel.txt"[0m
measure	Build both exact revisions sequentially with the same toolchain	2026-09-13T06:53:50.6375910Z [36;1mdpkg-query -W weston fonts-dejavu-core fonts-noto-color-emoji \[0m
measure	Build both exact revisions sequentially with the same toolchain	2026-09-13T06:53:50.6376515Z [36;1m  libfontconfig1 libfreetype6 libxkbcommon-x11-0 > "$evidence_directory/system-packages.txt"[0m
measure	Build both exact revisions sequentially with the same toolchain	2026-09-13T06:53:50.6377297Z [36;1mfor label in before after; do[0m
measure	Build both exact revisions sequentially with the same toolchain	2026-09-13T06:53:50.6377652Z [36;1m  revision="$(cat "$evidence_directory/$label-revision.txt")"[0m
measure	Build both exact revisions sequentially with the same toolchain	2026-09-13T06:53:50.6378109Z [36;1m  source_directory="$RUNNER_TEMP/kokuban-paired-source-$label"[0m
measure	Build both exact revisions sequentially with the same toolchain	2026-09-13T06:53:50.6378552Z [36;1m  mkdir "$source_directory" "$evidence_directory/$label-build"[0m
measure	Build both exact revisions sequentially with the same toolchain	2026-09-13T06:53:50.6378969Z [36;1m  git archive "$revision" | tar -x -C "$source_directory"[0m
measure	Build both exact revisions sequentially with the same toolchain	2026-09-13T06:53:50.6379405Z [36;1m  # Archives preserve old mtimes: isolate targets so Cargo cannot[0m
measure	Build both exact revisions sequentially with the same toolchain	2026-09-13T06:53:50.6379895Z [36;1m  # reuse the other revision's root binary as an apparently fresh build.[0m
measure	Build both exact revisions sequentially with the same toolchain	2026-09-13T06:53:50.6380440Z [36;1m  cargo build --release --locked --manifest-path "$source_directory/Cargo.toml" \[0m
measure	Build both exact revisions sequentially with the same toolchain	2026-09-13T06:53:50.6380950Z [36;1m    --target-dir "$RUNNER_TEMP/kokuban-paired-build-$label"[0m
measure	Build both exact revisions sequentially with the same toolchain	2026-09-13T06:53:50.6381561Z [36;1m  cp "$RUNNER_TEMP/kokuban-paired-build-$label/release/kokuban" "$RUNNER_TEMP/kokuban-paired-binaries/$label"[0m
measure	Build both exact revisions sequentially with the same toolchain	2026-09-13T06:53:50.6382302Z [36;1m  cp "$source_directory/Cargo.toml" "$source_directory/Cargo.lock" "$evidence_directory/$label-build/"[0m
measure	Build both exact revisions sequentially with the same toolchain	2026-09-13T06:53:50.6383058Z [36;1m  cargo tree --locked --manifest-path "$source_directory/Cargo.toml" > "$evidence_directory/$label-build/cargo-tree.txt"[0m
measure	Build both exact revisions sequentially with the same toolchain	2026-09-13T06:53:50.6383891Z [36;1m  sha256sum "$RUNNER_TEMP/kokuban-paired-binaries/$label" > "$evidence_directory/$label-build/binary-sha256.txt"[0m
measure	Build both exact revisions sequentially with the same toolchain	2026-09-13T06:53:50.6384591Z [36;1mdone[0m
measure	Build both exact revisions sequentially with the same toolchain	2026-09-13T06:53:50.6420886Z shell: /usr/bin/bash --noprofile --norc -e -o pipefail {0}
measure	Build both exact revisions sequentially with the same toolchain	2026-09-13T06:53:50.6421222Z env:
measure	Build both exact revisions sequentially with the same toolchain	2026-09-13T06:53:50.6421409Z   CARGO_INCREMENTAL: 0
measure	Build both exact revisions sequentially with the same toolchain	2026-09-13T06:53:50.6421639Z   CARGO_PROFILE_RELEASE_DEBUG: 0
measure	Build both exact revisions sequentially with the same toolchain	2026-09-13T06:53:50.6421921Z   BEFORE_REF: 24782c344714727be4f8981cd0d1d10f047aa9f4
measure	Build both exact revisions sequentially with the same toolchain	2026-09-13T06:53:50.6422229Z   AFTER_REF: f0040ad
measure	Build both exact revisions sequentially with the same toolchain	2026-09-13T06:53:50.6422442Z   SCREEN: primary
measure	Build both exact revisions sequentially with the same toolchain	2026-09-13T06:53:50.6422638Z ##[endgroup]
measure	Build both exact revisions sequentially with the same toolchain	2026-09-13T06:53:50.8103146Z     Updating crates.io index
measure	Build both exact revisions sequentially with the same toolchain	2026-09-13T06:53:51.3096118Z  Downloading crates ...
measure	Build both exact revisions sequentially with the same toolchain	2026-09-13T06:53:51.3422895Z   Downloaded cfg_aliases v0.2.1
measure	Build both exact revisions sequentially with the same toolchain	2026-09-13T06:53:51.3437042Z   Downloaded cursor-icon v1.2.0
measure	Build both exact revisions sequentially with the same toolchain	2026-09-13T06:53:51.3498996Z   Downloaded gethostname v1.1.0
measure	Build both exact revisions sequentially with the same toolchain	2026-09-13T06:53:51.3516281Z   Downloaded adler2 v2.0.1
measure	Build both exact revisions sequentially with the same toolchain	2026-09-13T06:53:51.3542327Z   Downloaded xcursor v0.3.11
measure	Build both exact revisions sequentially with the same toolchain	2026-09-13T06:53:51.3556566Z   Downloaded unicode-bidi-mirroring v0.4.0
measure	Build both exact revisions sequentially with the same toolchain	2026-09-13T06:53:51.3572879Z   Downloaded unicode-properties v0.1.4
measure	Build both exact revisions sequentially with the same toolchain	2026-09-13T06:53:51.3597074Z   Downloaded serde_derive v1.0.228
measure	Build both exact revisions sequentially with the same toolchain	2026-09-13T06:53:51.3631494Z   Downloaded serde_core v1.0.228
measure	Build both exact revisions sequentially with the same toolchain	2026-09-13T06:53:51.3662927Z   Downloaded memmap2 v0.9.11
measure	Build both exact revisions sequentially with the same toolchain	2026-09-13T06:53:51.3685676Z   Downloaded aho-corasick v1.1.4
measure	Build both exact revisions sequentially with the same toolchain	2026-09-13T06:53:51.3744094Z   Downloaded semver v1.0.27
measure	Build both exact revisions sequentially with the same toolchain	2026-09-13T06:53:51.3775993Z   Downloaded utf8parse v0.2.2
measure	Build both exact revisions sequentially with the same toolchain	2026-09-13T06:53:51.3793255Z   Downloaded thiserror-impl v1.0.69
measure	Build both exact revisions sequentially with the same toolchain	2026-09-13T06:53:51.3816806Z   Downloaded walkdir v2.5.0
measure	Build both exact revisions sequentially with the same toolchain	2026-09-13T06:53:51.3845290Z   Downloaded pathfinder_geometry v0.5.1
measure	Build both exact revisions sequentially with the same toolchain	2026-09-13T06:53:51.3864421Z   Downloaded yeslogic-fontconfig-sys v6.0.0
measure	Build both exact revisions sequentially with the same toolchain	2026-09-13T06:53:51.3879351Z   Downloaded wayland-sys v0.31.11
measure	Build both exact revisions sequentially with the same toolchain	2026-09-13T06:53:51.3897638Z   Downloaded downcast-rs v1.2.1
measure	Build both exact revisions sequentially with the same toolchain	2026-09-13T06:53:51.3916689Z   Downloaded wayland-client v0.31.15
measure	Build both exact revisions sequentially with the same toolchain	2026-09-13T06:53:51.3941780Z   Downloaded xkbcommon-dl v0.4.2
measure	Build both exact revisions sequentially with the same toolchain	2026-09-13T06:53:51.3958145Z   Downloaded version_check v0.9.5
measure	Build both exact revisions sequentially with the same toolchain	2026-09-13T06:53:51.3976789Z   Downloaded jobserver v0.1.35
measure	Build both exact revisions sequentially with the same toolchain	2026-09-13T06:53:51.4001108Z   Downloaded wayland-protocols-wlr v0.3.12
measure	Build both exact revisions sequentially with the same toolchain	2026-09-13T06:53:51.4028255Z   Downloaded simd-adler32 v0.3.8
measure	Build both exact revisions sequentially with the same toolchain	2026-09-13T06:53:51.4053181Z   Downloaded tiny-xlib v0.2.5
measure	Build both exact revisions sequentially with the same toolchain	2026-09-13T06:53:51.4076848Z   Downloaded wl-clipboard-rs v0.9.3
measure	Build both exact revisions sequentially with the same toolchain	2026-09-13T06:53:51.4105655Z   Downloaded proc-macro2 v1.0.106
measure	Build both exact revisions sequentially with the same toolchain	2026-09-13T06:53:51.4139575Z   Downloaded parking_lot_core v0.9.12
measure	Build both exact revisions sequentially with the same toolchain	2026-09-13T06:53:51.4166437Z   Downloaded arboard v3.6.1
measure	Build both exact revisions sequentially with the same toolchain	2026-09-13T06:53:51.4200288Z   Downloaded unicode-script v0.5.8
measure	Build both exact revisions sequentially with the same toolchain	2026-09-13T06:53:51.4224998Z   Downloaded bytemuck v1.25.2
measure	Build both exact revisions sequentially with the same toolchain	2026-09-13T06:53:51.4261481Z   Downloaded thiserror v2.0.18
measure	Build both exact revisions sequentially with the same toolchain	2026-09-13T06:53:51.4332691Z   Downloaded unicode-segmentation v1.13.3
measure	Build both exact revisions sequentially with the same toolchain	2026-09-13T06:53:51.4366147Z   Downloaded tiny-skia-path v0.11.4
measure	Build both exact revisions sequentially with the same toolchain	2026-09-13T06:53:51.4390102Z   Downloaded wayland-backend v0.3.17
measure	Build both exact revisions sequentially with the same toolchain	2026-09-13T06:53:51.4432904Z   Downloaded wayland-protocols-plasma v0.3.12
measure	Build both exact revisions sequentially with the same toolchain	2026-09-13T06:53:51.4482295Z   Downloaded x11-dl v2.21.0
measure	Build both exact revisions sequentially with the same toolchain	2026-09-13T06:53:51.4518797Z   Downloaded flate2 v1.1.9
measure	Build both exact revisions sequentially with the same toolchain	2026-09-13T06:53:51.4571738Z   Downloaded regex v1.12.3
measure	Build both exact revisions sequentially with the same toolchain	2026-09-13T06:53:51.4629778Z   Downloaded xkeysym v0.2.1
measure	Build both exact revisions sequentially with the same toolchain	2026-09-13T06:53:51.4665620Z   Downloaded x11rb v0.13.2
measure	Build both exact revisions sequentially with the same toolchain	2026-09-13T06:53:51.4757260Z   Downloaded png v0.17.16
measure	Build both exact revisions sequentially with the same toolchain	2026-09-13T06:53:51.4802031Z   Downloaded hashbrown v0.15.5
measure	Build both exact revisions sequentially with the same toolchain	2026-09-13T06:53:51.4858831Z   Downloaded libm v0.2.16
measure	Build both exact revisions sequentially with the same toolchain	2026-09-13T06:53:51.4978252Z   Downloaded winnow v1.0.0
measure	Build both exact revisions sequentially with the same toolchain	2026-09-13T06:53:51.5081302Z   Downloaded wayland-protocols v0.32.13
measure	Build both exact revisions sequentially with the same toolchain	2026-09-13T06:53:51.5172889Z   Downloaded indexmap v2.13.0
measure	Build both exact revisions sequentially with the same toolchain	2026-09-13T06:53:51.5219550Z   Downloaded softbuffer v0.4.8
measure	Build both exact revisions sequentially with the same toolchain	2026-09-13T06:53:51.5256616Z   Downloaded quick-xml v0.41.0
measure	Build both exact revisions sequentially with the same toolchain	2026-09-13T06:53:51.5318354Z   Downloaded cc v1.2.57
measure	Build both exact revisions sequentially with the same toolchain	2026-09-13T06:53:51.5352438Z   Downloaded ttf-parser v0.25.1
measure	Build both exact revisions sequentially with the same toolchain	2026-09-13T06:53:51.5452714Z   Downloaded tiny-skia v0.11.4
measure	Build both exact revisions sequentially with the same toolchain	2026-09-13T06:53:51.5596542Z   Downloaded calloop v0.13.0
measure	Build both exact revisions sequentially with the same toolchain	2026-09-13T06:53:51.5638067Z   Downloaded rustybuzz v0.20.1
measure	Build both exact revisions sequentially with the same toolchain	2026-09-13T06:53:51.5738109Z   Downloaded base64 v0.22.1
measure	Build both exact revisions sequentially with the same toolchain	2026-09-13T06:53:51.5779724Z   Downloaded serde v1.0.228
measure	Build both exact revisions sequentially with the same toolchain	2026-09-13T06:53:51.5818025Z   Downloaded zerocopy v0.8.56
measure	Build both exact revisions sequentially with the same toolchain	2026-09-13T06:53:51.6037332Z   Downloaded syn v2.0.117
measure	Build both exact revisions sequentially with the same toolchain	2026-09-13T06:53:51.6145374Z   Downloaded unicode-width v0.2.2
measure	Build both exact revisions sequentially with the same toolchain	2026-09-13T06:53:51.6205610Z   Downloaded rustix v0.38.44
measure	Build both exact revisions sequentially with the same toolchain	2026-09-13T06:53:51.6471279Z   Downloaded regex-syntax v0.8.10
measure	Build both exact revisions sequentially with the same toolchain	2026-09-13T06:53:51.6539995Z   Downloaded rustix v1.1.4
measure	Build both exact revisions sequentially with the same toolchain	2026-09-13T06:53:51.6816697Z   Downloaded nix v0.29.0
measure	Build both exact revisions sequentially with the same toolchain	2026-09-13T06:53:51.6932321Z   Downloaded tracing v0.1.44
measure	Build both exact revisions sequentially with the same toolchain	2026-09-13T06:53:51.7091160Z   Downloaded nom v8.0.0
measure	Build both exact revisions sequentially with the same toolchain	2026-09-13T06:53:51.7147520Z   Downloaded hashbrown v0.16.1
measure	Build both exact revisions sequentially with the same toolchain	2026-09-13T06:53:51.7201765Z   Downloaded miniz_oxide v0.8.9
measure	Build both exact revisions sequentially with the same toolchain	2026-09-13T06:53:51.7229343Z   Downloaded x11rb-protocol v0.13.2
measure	Build both exact revisions sequentially with the same toolchain	2026-09-13T06:53:51.7357399Z   Downloaded font-kit v0.14.3
measure	Build both exact revisions sequentially with the same toolchain	2026-09-13T06:53:51.7401108Z   Downloaded sctk-adwaita v0.10.1
measure	Build both exact revisions sequentially with the same toolchain	2026-09-13T06:53:51.7427031Z   Downloaded memchr v2.8.0
measure	Build both exact revisions sequentially with the same toolchain	2026-09-13T06:53:51.7483541Z   Downloaded unicode-ident v1.0.24
measure	Build both exact revisions sequentially with the same toolchain	2026-09-13T06:53:51.7513107Z   Downloaded tracing-core v0.1.36
measure	Build both exact revisions sequentially with the same toolchain	2026-09-13T06:53:51.7541895Z   Downloaded winit v0.30.13
measure	Build both exact revisions sequentially with the same toolchain	2026-09-13T06:53:51.7755705Z   Downloaded regex-automata v0.4.14
measure	Build both exact revisions sequentially with the same toolchain	2026-09-13T06:53:51.7894003Z   Downloaded smallvec v1.15.2
measure	Build both exact revisions sequentially with the same toolchain	2026-09-13T06:53:51.7909577Z   Downloaded log v0.4.29
measure	Build both exact revisions sequentially with the same toolchain	2026-09-13T06:53:51.7935282Z   Downloaded parking_lot v0.12.5
measure	Build both exact revisions sequentially with the same toolchain	2026-09-13T06:53:51.7961578Z   Downloaded once_cell v1.21.4
measure	Build both exact revisions sequentially with the same toolchain	2026-09-13T06:53:51.7988552Z   Downloaded jiff v0.2.23
measure	Build both exact revisions sequentially with the same toolchain	2026-09-13T06:53:51.8153177Z   Downloaded arrayvec v0.7.8
measure	Build both exact revisions sequentially with the same toolchain	2026-09-13T06:53:51.8176579Z   Downloaded polling v3.11.0
measure	Build both exact revisions sequentially with the same toolchain	2026-09-13T06:53:51.8207980Z   Downloaded wayland-scanner v0.31.11
measure	Build both exact revisions sequentially with the same toolchain	2026-09-13T06:53:51.8230029Z   Downloaded toml_writer v1.0.7+spec-1.1.0
measure	Build both exact revisions sequentially with the same toolchain	2026-09-13T06:53:51.8244850Z   Downloaded petgraph v0.8.3
measure	Build both exact revisions sequentially with the same toolchain	2026-09-13T06:53:51.8455973Z   Downloaded libc v0.2.183
measure	Build both exact revisions sequentially with the same toolchain	2026-09-13T06:53:51.8849735Z   Downloaded foldhash v0.1.5
measure	Build both exact revisions sequentially with the same toolchain	2026-09-13T06:53:51.8862952Z   Downloaded bitflags v2.11.0
measure	Build both exact revisions sequentially with the same toolchain	2026-09-13T06:53:51.8907796Z   Downloaded raw-window-handle v0.6.2
measure	Build both exact revisions sequentially with the same toolchain	2026-09-13T06:53:51.8926486Z   Downloaded bitflags v1.3.2
measure	Build both exact revisions sequentially with the same toolchain	2026-09-13T06:53:51.8960333Z   Downloaded shlex v1.3.0
measure	Build both exact revisions sequentially with the same toolchain	2026-09-13T06:53:51.8973660Z   Downloaded toml v1.0.7+spec-1.1.0
measure	Build both exact revisions sequentially with the same toolchain	2026-09-13T06:53:51.9014948Z   Downloaded slab v0.4.12
measure	Build both exact revisions sequentially with the same toolchain	2026-09-13T06:53:51.9028240Z   Downloaded lock_api v0.4.14
measure	Build both exact revisions sequentially with the same toolchain	2026-09-13T06:53:51.9041598Z   Downloaded getrandom v0.3.4
measure	Build both exact revisions sequentially with the same toolchain	2026-09-13T06:53:51.9076602Z   Downloaded fixedbitset v0.5.7
measure	Build both exact revisions sequentially with the same toolchain	2026-09-13T06:53:51.9095786Z   Downloaded cfg-if v1.0.4
measure	Build both exact revisions sequentially with the same toolchain	2026-09-13T06:53:51.9110959Z   Downloaded pathfinder_simd v0.5.5
measure	Build both exact revisions sequentially with the same toolchain	2026-09-13T06:53:51.9132929Z   Downloaded arrayref v0.3.9
measure	Build both exact revisions sequentially with the same toolchain	2026-09-13T06:53:51.9148667Z   Downloaded find-msvc-tools v0.1.9
measure	Build both exact revisions sequentially with the same toolchain	2026-09-13T06:53:51.9168287Z   Downloaded fastrand v2.5.0
measure	Build both exact revisions sequentially with the same toolchain	2026-09-13T06:53:51.9190154Z   Downloaded byteorder v1.5.0
measure	Build both exact revisions sequentially with the same toolchain	2026-09-13T06:53:51.9208044Z   Downloaded as-raw-xcb-connection v1.0.1
measure	Build both exact revisions sequentially with the same toolchain	2026-09-13T06:53:51.9216965Z   Downloaded wayland-csd-frame v0.3.0
measure	Build both exact revisions sequentially with the same toolchain	2026-09-13T06:53:51.9227630Z   Downloaded tree_magic_mini v3.2.2
measure	Build both exact revisions sequentially with the same toolchain	2026-09-13T06:53:51.9246762Z   Downloaded scoped-tls v1.0.1
measure	Build both exact revisions sequentially with the same toolchain	2026-09-13T06:53:51.9257975Z   Downloaded dirs v6.0.0
measure	Build both exact revisions sequentially with the same toolchain	2026-09-13T06:53:51.9272040Z   Downloaded wayland-cursor v0.31.14
measure	Build both exact revisions sequentially with the same toolchain	2026-09-13T06:53:51.9282300Z   Downloaded unicode-ccc v0.4.0
measure	Build both exact revisions sequentially with the same toolchain	2026-09-13T06:53:51.9292336Z   Downloaded option-ext v0.2.0
measure	Build both exact revisions sequentially with the same toolchain	2026-09-13T06:53:51.9301716Z   Downloaded is_terminal_polyfill v1.70.2
measure	Build both exact revisions sequentially with the same toolchain	2026-09-13T06:53:51.9311929Z   Downloaded owned_ttf_parser v0.25.1
measure	Build both exact revisions sequentially with the same toolchain	2026-09-13T06:53:51.9323935Z   Downloaded toml_datetime v1.0.1+spec-1.1.0
measure	Build both exact revisions sequentially with the same toolchain	2026-09-13T06:53:51.9337667Z   Downloaded pin-project-lite v0.2.17
measure	Build both exact revisions sequentially with the same toolchain	2026-09-13T06:53:51.9397088Z   Downloaded float-ord v0.3.2
measure	Build both exact revisions sequentially with the same toolchain	2026-09-13T06:53:51.9407872Z   Downloaded scopeguard v1.2.0
measure	Build both exact revisions sequentially with the same toolchain	2026-09-13T06:53:51.9421147Z   Downloaded percent-encoding v2.3.2
measure	Build both exact revisions sequentially with the same toolchain	2026-09-13T06:53:51.9430450Z   Downloaded lazy_static v1.5.0
measure	Build both exact revisions sequentially with the same toolchain	2026-09-13T06:53:51.9449528Z   Downloaded toml_parser v1.0.10+spec-1.1.0
measure	Build both exact revisions sequentially with the same toolchain	2026-09-13T06:53:51.9473016Z   Downloaded same-file v1.0.6
measure	Build both exact revisions sequentially with the same toolchain	2026-09-13T06:53:51.9488260Z   Downloaded rustc_version v0.4.1
measure	Build both exact revisions sequentially with the same toolchain	2026-09-13T06:53:51.9502181Z   Downloaded os_pipe v1.2.3
measure	Build both exact revisions sequentially with the same toolchain	2026-09-13T06:53:51.9517217Z   Downloaded libloading v0.8.9
measure	Build both exact revisions sequentially with the same toolchain	2026-09-13T06:53:51.9542261Z   Downloaded fdeflate v0.3.7
measure	Build both exact revisions sequentially with the same toolchain	2026-09-13T06:53:51.9559746Z   Downloaded dpi v0.1.2
measure	Build both exact revisions sequentially with the same toolchain	2026-09-13T06:53:51.9571387Z   Downloaded ctor v0.10.1
measure	Build both exact revisions sequentially with the same toolchain	2026-09-13T06:53:51.9585480Z   Downloaded crc32fast v1.5.0
measure	Build both exact revisions sequentially with the same toolchain	2026-09-13T06:53:51.9604792Z   Downloaded anstyle-parse v0.2.7
measure	Build both exact revisions sequentially with the same toolchain	2026-09-13T06:53:51.9621664Z   Downloaded ahash v0.8.12
measure	Build both exact revisions sequentially with the same toolchain	2026-09-13T06:53:51.9646558Z   Downloaded thiserror-impl v2.0.18
measure	Build both exact revisions sequentially with the same toolchain	2026-09-13T06:53:51.9662671Z   Downloaded linux-raw-sys v0.4.15
measure	Build both exact revisions sequentially with the same toolchain	2026-09-13T06:53:52.0113538Z   Downloaded thiserror v1.0.69
measure	Build both exact revisions sequentially with the same toolchain	2026-09-13T06:53:52.0171866Z   Downloaded strict-num v0.1.1
measure	Build both exact revisions sequentially with the same toolchain	2026-09-13T06:53:52.0183829Z   Downloaded smol_str v0.2.2
measure	Build both exact revisions sequentially with the same toolchain	2026-09-13T06:53:52.0198885Z   Downloaded smithay-client-toolkit v0.19.2
measure	Build both exact revisions sequentially with the same toolchain	2026-09-13T06:53:52.0264541Z   Downloaded env_logger v0.11.9
measure	Build both exact revisions sequentially with the same toolchain	2026-09-13T06:53:52.0287409Z   Downloaded anstyle v1.0.14
measure	Build both exact revisions sequentially with the same toolchain	2026-09-13T06:53:52.0303251Z   Downloaded anstream v0.6.21
measure	Build both exact revisions sequentially with the same toolchain	2026-09-13T06:53:52.0323911Z   Downloaded ab_glyph v0.2.32
measure	Build both exact revisions sequentially with the same toolchain	2026-09-13T06:53:52.0341697Z   Downloaded serde_spanned v1.0.4
measure	Build both exact revisions sequentially with the same toolchain	2026-09-13T06:53:52.0353158Z   Downloaded quote v1.0.45
measure	Build both exact revisions sequentially with the same toolchain	2026-09-13T06:53:52.0383910Z   Downloaded pkg-config v0.3.32
measure	Build both exact revisions sequentially with the same toolchain	2026-09-13T06:53:52.0400460Z   Downloaded errno v0.3.14
measure	Build both exact revisions sequentially with the same toolchain	2026-09-13T06:53:52.0417510Z   Downloaded dtor v0.8.1
measure	Build both exact revisions sequentially with the same toolchain	2026-09-13T06:53:52.0430138Z   Downloaded dlib v0.5.3
measure	Build both exact revisions sequentially with the same toolchain	2026-09-13T06:53:52.0441249Z   Downloaded dirs-sys v0.5.0
measure	Build both exact revisions sequentially with the same toolchain	2026-09-13T06:53:52.0453617Z   Downloaded core_maths v0.1.1
measure	Build both exact revisions sequentially with the same toolchain	2026-09-13T06:53:52.0462262Z   Downloaded colorchoice v1.0.5
measure	Build both exact revisions sequentially with the same toolchain	2026-09-13T06:53:52.0472367Z   Downloaded ab_glyph_rasterizer v0.1.10
measure	Build both exact revisions sequentially with the same toolchain	2026-09-13T06:53:52.0484223Z   Downloaded equivalent v1.0.2
measure	Build both exact revisions sequentially with the same toolchain	2026-09-13T06:53:52.0495023Z   Downloaded env_filter v1.0.0
measure	Build both exact revisions sequentially with the same toolchain	2026-09-13T06:53:52.0509006Z   Downloaded calloop-wayland-source v0.3.0
measure	Build both exact revisions sequentially with the same toolchain	2026-09-13T06:53:52.0522086Z   Downloaded anstyle-query v1.1.5
measure	Build both exact revisions sequentially with the same toolchain	2026-09-13T06:53:52.0628008Z   Downloaded linux-raw-sys v0.12.1
measure	Build both exact revisions sequentially with the same toolchain	2026-09-13T06:53:52.1305854Z   Downloaded freetype-sys v0.20.1
measure	Build both exact revisions sequentially with the same toolchain	2026-09-13T06:53:52.2729562Z    Compiling cfg-if v1.0.4
measure	Build both exact revisions sequentially with the same toolchain	2026-09-13T06:53:52.2730391Z    Compiling pkg-config v0.3.32
measure	Build both exact revisions sequentially with the same toolchain	2026-09-13T06:53:52.2760899Z    Compiling proc-macro2 v1.0.106
measure	Build both exact revisions sequentially with the same toolchain	2026-09-13T06:53:52.2761406Z    Compiling bitflags v2.11.0
measure	Build both exact revisions sequentially with the same toolchain	2026-09-13T06:53:52.3105423Z    Compiling log v0.4.29
measure	Build both exact revisions sequentially with the same toolchain	2026-09-13T06:53:52.4697468Z    Compiling unicode-ident v1.0.24
measure	Build both exact revisions sequentially with the same toolchain	2026-09-13T06:53:52.5318061Z    Compiling quote v1.0.45
measure	Build both exact revisions sequentially with the same toolchain	2026-09-13T06:53:52.6318067Z    Compiling shlex v1.3.0
measure	Build both exact revisions sequentially with the same toolchain	2026-09-13T06:53:52.6808003Z    Compiling find-msvc-tools v0.1.9
measure	Build both exact revisions sequentially with the same toolchain	2026-09-13T06:53:52.7358407Z    Compiling libloading v0.8.9
measure	Build both exact revisions sequentially with the same toolchain	2026-09-13T06:53:52.7537945Z    Compiling once_cell v1.21.4
measure	Build both exact revisions sequentially with the same toolchain	2026-09-13T06:53:52.8488192Z    Compiling cc v1.2.57
measure	Build both exact revisions sequentially with the same toolchain	2026-09-13T06:53:52.9317893Z    Compiling libc v0.2.183
measure	Build both exact revisions sequentially with the same toolchain	2026-09-13T06:53:53.0918473Z    Compiling rustix v1.1.4
measure	Build both exact revisions sequentially with the same toolchain	2026-09-13T06:53:53.1228340Z    Compiling linux-raw-sys v0.12.1
measure	Build both exact revisions sequentially with the same toolchain	2026-09-13T06:53:53.3788541Z    Compiling dlib v0.5.3
measure	Build both exact revisions sequentially with the same toolchain	2026-09-13T06:53:53.4308318Z    Compiling smallvec v1.15.2
measure	Build both exact revisions sequentially with the same toolchain	2026-09-13T06:53:53.6268156Z    Compiling wayland-sys v0.31.11
measure	Build both exact revisions sequentially with the same toolchain	2026-09-13T06:53:54.2237883Z    Compiling wayland-backend v0.3.17
measure	Build both exact revisions sequentially with the same toolchain	2026-09-13T06:53:54.3271229Z    Compiling memchr v2.8.0
measure	Build both exact revisions sequentially with the same toolchain	2026-09-13T06:53:54.3327986Z    Compiling downcast-rs v1.2.1
measure	Build both exact revisions sequentially with the same toolchain	2026-09-13T06:53:54.3707616Z    Compiling scoped-tls v1.0.1
measure	Build both exact revisions sequentially with the same toolchain	2026-09-13T06:53:54.4238365Z    Compiling syn v2.0.117
measure	Build both exact revisions sequentially with the same toolchain	2026-09-13T06:53:54.7628503Z    Compiling wayland-client v0.31.15
measure	Build both exact revisions sequentially with the same toolchain	2026-09-13T06:53:54.8378472Z    Compiling quick-xml v0.41.0
measure	Build both exact revisions sequentially with the same toolchain	2026-09-13T06:53:55.8008149Z    Compiling wayland-scanner v0.31.11
measure	Build both exact revisions sequentially with the same toolchain	2026-09-13T06:53:56.2838060Z    Compiling libm v0.2.16
measure	Build both exact revisions sequentially with the same toolchain	2026-09-13T06:53:56.8798449Z    Compiling thiserror v1.0.69
measure	Build both exact revisions sequentially with the same toolchain	2026-09-13T06:53:57.0358528Z    Compiling rustix v0.38.44
measure	Build both exact revisions sequentially with the same toolchain	2026-09-13T06:53:57.3038820Z    Compiling thiserror-impl v1.0.69
measure	Build both exact revisions sequentially with the same toolchain	2026-09-13T06:53:57.4348400Z    Compiling semver v1.0.27
measure	Build both exact revisions sequentially with the same toolchain	2026-09-13T06:53:57.6718090Z    Compiling core_maths v0.1.1
measure	Build both exact revisions sequentially with the same toolchain	2026-09-13T06:53:57.7278578Z    Compiling cfg_aliases v0.2.1
measure	Build both exact revisions sequentially with the same toolchain	2026-09-13T06:53:57.7697941Z    Compiling bytemuck v1.25.2
measure	Build both exact revisions sequentially with the same toolchain	2026-09-13T06:53:58.0108130Z    Compiling linux-raw-sys v0.4.15
measure	Build both exact revisions sequentially with the same toolchain	2026-09-13T06:53:58.3368278Z    Compiling serde_core v1.0.228
measure	Build both exact revisions sequentially with the same toolchain	2026-09-13T06:53:58.5108461Z    Compiling ttf-parser v0.25.1
measure	Build both exact revisions sequentially with the same toolchain	2026-09-13T06:53:58.7237837Z    Compiling rustc_version v0.4.1
measure	Build both exact revisions sequentially with the same toolchain	2026-09-13T06:53:58.9388072Z    Compiling slab v0.4.12
measure	Build both exact revisions sequentially with the same toolchain	2026-09-13T06:54:02.7318024Z    Compiling polling v3.11.0
measure	Build both exact revisions sequentially with the same toolchain	2026-09-13T06:54:03.0866597Z    Compiling foldhash v0.1.5
measure	Build both exact revisions sequentially with the same toolchain	2026-09-13T06:54:03.2518553Z    Compiling equivalent v1.0.2
measure	Build both exact revisions sequentially with the same toolchain	2026-09-13T06:54:03.2867981Z    Compiling hashbrown v0.16.1
measure	Build both exact revisions sequentially with the same toolchain	2026-09-13T06:54:03.9768250Z    Compiling as-raw-xcb-connection v1.0.1
measure	Build both exact revisions sequentially with the same toolchain	2026-09-13T06:54:04.0162901Z    Compiling indexmap v2.13.0
measure	Build both exact revisions sequentially with the same toolchain	2026-09-13T06:54:04.8288481Z    Compiling wayland-protocols v0.32.13
measure	Build both exact revisions sequentially with the same toolchain	2026-09-13T06:54:04.8568045Z    Compiling hashbrown v0.15.5
measure	Build both exact revisions sequentially with the same toolchain	2026-09-13T06:54:05.0178070Z    Compiling calloop v0.13.0
measure	Build both exact revisions sequentially with the same toolchain	2026-09-13T06:54:05.5228569Z    Compiling gethostname v1.1.0
measure	Build both exact revisions sequentially with the same toolchain	2026-09-13T06:54:05.5798430Z    Compiling pathfinder_simd v0.5.5
measure	Build both exact revisions sequentially with the same toolchain	2026-09-13T06:54:06.1597924Z    Compiling aho-corasick v1.1.4
measure	Build both exact revisions sequentially with the same toolchain	2026-09-13T06:54:08.2711827Z    Compiling memmap2 v0.9.11
measure	Build both exact revisions sequentially with the same toolchain	2026-09-13T06:54:08.5068064Z    Compiling freetype-sys v0.20.1
measure	Build both exact revisions sequentially with the same toolchain	2026-09-13T06:54:08.5368917Z    Compiling yeslogic-fontconfig-sys v6.0.0
measure	Build both exact revisions sequentially with the same toolchain	2026-09-13T06:54:08.6328546Z    Compiling x11rb-protocol v0.13.2
measure	Build both exact revisions sequentially with the same toolchain	2026-09-13T06:54:08.6357688Z    Compiling crc32fast v1.5.0
measure	Build both exact revisions sequentially with the same toolchain	2026-09-13T06:54:08.7588116Z    Compiling tracing-core v0.1.36
measure	Build both exact revisions sequentially with the same toolchain	2026-09-13T06:54:09.5628314Z    Compiling smithay-client-toolkit v0.19.2
measure	Build both exact revisions sequentially with the same toolchain	2026-09-13T06:54:09.6308555Z    Compiling xkeysym v0.2.1
measure	Build both exact revisions sequentially with the same toolchain	2026-09-13T06:54:12.1588299Z    Compiling wayland-protocols-wlr v0.3.12
measure	Build both exact revisions sequentially with the same toolchain	2026-09-13T06:54:13.0380760Z    Compiling regex-syntax v0.8.10
measure	Build both exact revisions sequentially with the same toolchain	2026-09-13T06:54:17.1658712Z    Compiling strict-num v0.1.1
measure	Build both exact revisions sequentially with the same toolchain	2026-09-13T06:54:17.2532309Z    Compiling xcursor v0.3.11
measure	Build both exact revisions sequentially with the same toolchain	2026-09-13T06:54:18.2347971Z    Compiling simd-adler32 v0.3.8
measure	Build both exact revisions sequentially with the same toolchain	2026-09-13T06:54:18.4918230Z    Compiling zerocopy v0.8.56
measure	Build both exact revisions sequentially with the same toolchain	2026-09-13T06:54:18.7158174Z    Compiling thiserror v2.0.18
measure	Build both exact revisions sequentially with the same toolchain	2026-09-13T06:54:18.9198271Z    Compiling getrandom v0.3.4
measure	Build both exact revisions sequentially with the same toolchain	2026-09-13T06:54:19.0987251Z    Compiling parking_lot_core v0.9.12
measure	Build both exact revisions sequentially with the same toolchain	2026-09-13T06:54:19.2068287Z    Compiling pin-project-lite v0.2.17
measure	Build both exact revisions sequentially with the same toolchain	2026-09-13T06:54:19.2538062Z    Compiling version_check v0.9.5
measure	Build both exact revisions sequentially with the same toolchain	2026-09-13T06:54:19.4848279Z    Compiling cursor-icon v1.2.0
measure	Build both exact revisions sequentially with the same toolchain	2026-09-13T06:54:19.5706793Z    Compiling arrayref v0.3.9
measure	Build both exact revisions sequentially with the same toolchain	2026-09-13T06:54:19.6088504Z    Compiling fixedbitset v0.5.7
measure	Build both exact revisions sequentially with the same toolchain	2026-09-13T06:54:20.0638192Z    Compiling petgraph v0.8.3
measure	Build both exact revisions sequentially with the same toolchain	2026-09-13T06:54:20.2438840Z    Compiling tiny-skia-path v0.11.4
measure	Build both exact revisions sequentially with the same toolchain	2026-09-13T06:54:21.8988066Z    Compiling x11rb v0.13.2
measure	Build both exact revisions sequentially with the same toolchain	2026-09-13T06:54:22.3488530Z    Compiling wayland-csd-frame v0.3.0
measure	Build both exact revisions sequentially with the same toolchain	2026-09-13T06:54:22.7448394Z    Compiling ahash v0.8.12
measure	Build both exact revisions sequentially with the same toolchain	2026-09-13T06:54:22.8419296Z    Compiling tracing v0.1.44
measure	Build both exact revisions sequentially with the same toolchain	2026-09-13T06:54:23.1318115Z    Compiling wayland-cursor v0.31.14
measure	Build both exact revisions sequentially with the same toolchain	2026-09-13T06:54:23.8828195Z    Compiling regex-automata v0.4.14
measure	Build both exact revisions sequentially with the same toolchain	2026-09-13T06:54:25.4868163Z    Compiling calloop-wayland-source v0.3.0
measure	Build both exact revisions sequentially with the same toolchain	2026-09-13T06:54:25.5637983Z    Compiling owned_ttf_parser v0.25.1
measure	Build both exact revisions sequentially with the same toolchain	2026-09-13T06:54:25.8668097Z    Compiling thiserror-impl v2.0.18
measure	Build both exact revisions sequentially with the same toolchain	2026-09-13T06:54:27.0358702Z    Compiling nom v8.0.0
measure	Build both exact revisions sequentially with the same toolchain	2026-09-13T06:54:27.3909228Z    Compiling tiny-xlib v0.2.5
measure	Build both exact revisions sequentially with the same toolchain	2026-09-13T06:54:27.5248226Z    Compiling x11-dl v2.21.0
measure	Build both exact revisions sequentially with the same toolchain	2026-09-13T06:54:27.6338390Z    Compiling utf8parse v0.2.2
measure	Build both exact revisions sequentially with the same toolchain	2026-09-13T06:54:27.6808012Z    Compiling scopeguard v1.2.0
measure	Build both exact revisions sequentially with the same toolchain	2026-09-13T06:54:27.7318578Z    Compiling option-ext v0.2.0
measure	Build both exact revisions sequentially with the same toolchain	2026-09-13T06:54:27.7717869Z    Compiling ab_glyph_rasterizer v0.1.10
measure	Build both exact revisions sequentially with the same toolchain	2026-09-13T06:54:27.9818414Z    Compiling arrayvec v0.7.8
measure	Build both exact revisions sequentially with the same toolchain	2026-09-13T06:54:28.1594825Z    Compiling adler2 v2.0.1
measure	Build both exact revisions sequentially with the same toolchain	2026-09-13T06:54:28.2528068Z    Compiling miniz_oxide v0.8.9
measure	Build both exact revisions sequentially with the same toolchain	2026-09-13T06:54:29.9408473Z    Compiling tiny-skia v0.11.4
measure	Build both exact revisions sequentially with the same toolchain	2026-09-13T06:54:30.5708069Z    Compiling tree_magic_mini v3.2.2
measure	Build both exact revisions sequentially with the same toolchain	2026-09-13T06:54:33.3588417Z    Compiling ab_glyph v0.2.32
measure	Build both exact revisions sequentially with the same toolchain	2026-09-13T06:54:34.5858069Z    Compiling dirs-sys v0.5.0
measure	Build both exact revisions sequentially with the same toolchain	2026-09-13T06:54:35.0577881Z    Compiling lock_api v0.4.14
measure	Build both exact revisions sequentially with the same toolchain	2026-09-13T06:54:35.2558546Z    Compiling anstyle-parse v0.2.7
measure	Build both exact revisions sequentially with the same toolchain	2026-09-13T06:54:35.7288290Z    Compiling regex v1.12.3
measure	Build both exact revisions sequentially with the same toolchain	2026-09-13T06:54:37.8738033Z    Compiling nix v0.29.0
measure	Build both exact revisions sequentially with the same toolchain	2026-09-13T06:54:38.1298532Z    Compiling winit v0.30.13
measure	Build both exact revisions sequentially with the same toolchain	2026-09-13T06:54:38.3678117Z    Compiling os_pipe v1.2.3
measure	Build both exact revisions sequentially with the same toolchain	2026-09-13T06:54:38.4628449Z    Compiling anstyle v1.0.14
measure	Build both exact revisions sequentially with the same toolchain	2026-09-13T06:54:38.6738187Z    Compiling ctor v0.10.1
measure	Build both exact revisions sequentially with the same toolchain	2026-09-13T06:54:38.7158056Z    Compiling winnow v1.0.0
measure	Build both exact revisions sequentially with the same toolchain	2026-09-13T06:54:39.1228078Z    Compiling same-file v1.0.6
measure	Build both exact revisions sequentially with the same toolchain	2026-09-13T06:54:39.2158240Z    Compiling colorchoice v1.0.5
measure	Build both exact revisions sequentially with the same toolchain	2026-09-13T06:54:39.2488167Z    Compiling is_terminal_polyfill v1.70.2
measure	Build both exact revisions sequentially with the same toolchain	2026-09-13T06:54:39.2658108Z    Compiling anstyle-query v1.1.5
measure	Build both exact revisions sequentially with the same toolchain	2026-09-13T06:54:39.2918212Z    Compiling serde v1.0.228
measure	Build both exact revisions sequentially with the same toolchain	2026-09-13T06:54:39.3307563Z    Compiling percent-encoding v2.3.2
measure	Build both exact revisions sequentially with the same toolchain	2026-09-13T06:54:39.4578388Z    Compiling raw-window-handle v0.6.2
measure	Build both exact revisions sequentially with the same toolchain	2026-09-13T06:54:39.5207869Z    Compiling font-kit v0.14.3
measure	Build both exact revisions sequentially with the same toolchain	2026-09-13T06:54:39.6298134Z    Compiling anstream v0.6.21
measure	Build both exact revisions sequentially with the same toolchain	2026-09-13T06:54:39.6988151Z    Compiling walkdir v2.5.0
measure	Build both exact revisions sequentially with the same toolchain	2026-09-13T06:54:40.0988519Z    Compiling toml_parser v1.0.10+spec-1.1.0
measure	Build both exact revisions sequentially with the same toolchain	2026-09-13T06:54:40.9918625Z    Compiling wl-clipboard-rs v0.9.3
measure	Build both exact revisions sequentially with the same toolchain	2026-09-13T06:54:41.6297902Z    Compiling parking_lot v0.12.5
measure	Build both exact revisions sequentially with the same toolchain	2026-09-13T06:54:41.6778096Z    Compiling pathfinder_geometry v0.5.1
measure	Build both exact revisions sequentially with the same toolchain	2026-09-13T06:54:41.8978530Z    Compiling flate2 v1.1.9
measure	Build both exact revisions sequentially with the same toolchain	2026-09-13T06:54:42.4208366Z    Compiling sctk-adwaita v0.10.1
measure	Build both exact revisions sequentially with the same toolchain	2026-09-13T06:54:42.5732350Z    Compiling env_filter v1.0.0
measure	Build both exact revisions sequentially with the same toolchain	2026-09-13T06:54:44.3877981Z    Compiling dirs v6.0.0
measure	Build both exact revisions sequentially with the same toolchain	2026-09-13T06:54:44.7938692Z    Compiling fdeflate v0.3.7
measure	Build both exact revisions sequentially with the same toolchain	2026-09-13T06:54:45.7648728Z    Compiling wayland-protocols-plasma v0.3.12
measure	Build both exact revisions sequentially with the same toolchain	2026-09-13T06:54:47.0716285Z    Compiling xkbcommon-dl v0.4.2
measure	Build both exact revisions sequentially with the same toolchain	2026-09-13T06:54:47.3838494Z    Compiling serde_spanned v1.0.4
measure	Build both exact revisions sequentially with the same toolchain	2026-09-13T06:54:47.4788245Z    Compiling toml_datetime v1.0.1+spec-1.1.0
measure	Build both exact revisions sequentially with the same toolchain	2026-09-13T06:54:47.8638295Z    Compiling serde_derive v1.0.228
measure	Build both exact revisions sequentially with the same toolchain	2026-09-13T06:54:48.1368394Z    Compiling unicode-script v0.5.8
measure	Build both exact revisions sequentially with the same toolchain	2026-09-13T06:54:48.6468075Z    Compiling unicode-properties v0.1.4
measure	Build both exact revisions sequentially with the same toolchain	2026-09-13T06:54:48.7908047Z    Compiling float-ord v0.3.2
measure	Build both exact revisions sequentially with the same toolchain	2026-09-13T06:54:48.8438270Z    Compiling bitflags v1.3.2
measure	Build both exact revisions sequentially with the same toolchain	2026-09-13T06:54:48.8838233Z    Compiling unicode-bidi-mirroring v0.4.0
measure	Build both exact revisions sequentially with the same toolchain	2026-09-13T06:54:48.9494874Z    Compiling jiff v0.2.23
measure	Build both exact revisions sequentially with the same toolchain	2026-09-13T06:54:51.0438334Z    Compiling smol_str v0.2.2
measure	Build both exact revisions sequentially with the same toolchain	2026-09-13T06:54:51.2878107Z    Compiling unicode-ccc v0.4.0
measure	Build both exact revisions sequentially with the same toolchain	2026-09-13T06:54:51.4107979Z    Compiling dpi v0.1.2
measure	Build both exact revisions sequentially with the same toolchain	2026-09-13T06:54:51.5608100Z    Compiling fastrand v2.5.0
measure	Build both exact revisions sequentially with the same toolchain	2026-09-13T06:54:51.7076198Z    Compiling toml_writer v1.0.7+spec-1.1.0
measure	Build both exact revisions sequentially with the same toolchain	2026-09-13T06:54:51.8068177Z    Compiling lazy_static v1.5.0
measure	Build both exact revisions sequentially with the same toolchain	2026-09-13T06:54:51.8478069Z    Compiling byteorder v1.5.0
measure	Build both exact revisions sequentially with the same toolchain	2026-09-13T06:54:51.9238036Z    Compiling toml v1.0.7+spec-1.1.0
measure	Build both exact revisions sequentially with the same toolchain	2026-09-13T06:54:54.7440848Z    Compiling env_logger v0.11.9
measure	Build both exact revisions sequentially with the same toolchain	2026-09-13T06:54:55.8638085Z    Compiling softbuffer v0.4.8
measure	Build both exact revisions sequentially with the same toolchain	2026-09-13T06:54:57.0388065Z    Compiling rustybuzz v0.20.1
measure	Build both exact revisions sequentially with the same toolchain	2026-09-13T06:54:57.9238354Z    Compiling png v0.17.16
measure	Build both exact revisions sequentially with the same toolchain	2026-09-13T06:55:00.5778695Z    Compiling arboard v3.6.1
measure	Build both exact revisions sequentially with the same toolchain	2026-09-13T06:55:03.6458090Z    Compiling base64 v0.22.1
measure	Build both exact revisions sequentially with the same toolchain	2026-09-13T06:55:04.1268561Z    Compiling unicode-width v0.2.2
measure	Build both exact revisions sequentially with the same toolchain	2026-09-13T06:55:04.2898895Z    Compiling unicode-segmentation v1.13.3
measure	Build both exact revisions sequentially with the same toolchain	2026-09-13T06:55:08.4772670Z    Compiling kokuban v0.2.0 (/home/runner/work/_temp/kokuban-paired-source-before)
measure	Build both exact revisions sequentially with the same toolchain	2026-09-13T06:55:09.7999144Z warning: fields `descent` and `font` are never read
measure	Build both exact revisions sequentially with the same toolchain	2026-09-13T06:55:09.7999944Z   --> src/glyph_atlas.rs:89:9
measure	Build both exact revisions sequentially with the same toolchain	2026-09-13T06:55:09.8000452Z    |
measure	Build both exact revisions sequentially with the same toolchain	2026-09-13T06:55:09.8000883Z 75 | pub struct GlyphAtlas {
measure	Build both exact revisions sequentially with the same toolchain	2026-09-13T06:55:09.8001566Z    |            ---------- fields in this struct
measure	Build both exact revisions sequentially with the same toolchain	2026-09-13T06:55:09.8002173Z ...
measure	Build both exact revisions sequentially with the same toolchain	2026-09-13T06:55:09.8002574Z 89 |     pub descent: f32,
measure	Build both exact revisions sequentially with the same toolchain	2026-09-13T06:55:09.8003069Z    |         ^^^^^^^
measure	Build both exact revisions sequentially with the same toolchain	2026-09-13T06:55:09.8003457Z 90 |     font: Font,
measure	Build both exact revisions sequentially with the same toolchain	2026-09-13T06:55:09.8003823Z    |     ^^^^
measure	Build both exact revisions sequentially with the same toolchain	2026-09-13T06:55:09.8004146Z    |
measure	Build both exact revisions sequentially with the same toolchain	2026-09-13T06:55:09.8004630Z    = note: `#[warn(dead_code)]` (part of `#[warn(unused)]`) on by default
measure	Build both exact revisions sequentially with the same toolchain	2026-09-13T06:55:09.8005126Z 
measure	Build both exact revisions sequentially with the same toolchain	2026-09-13T06:55:09.8005350Z warning: method `clear_and_resize` is never used
measure	Build both exact revisions sequentially with the same toolchain	2026-09-13T06:55:09.8006202Z    --> src/glyph_atlas.rs:225:12
measure	Build both exact revisions sequentially with the same toolchain	2026-09-13T06:55:09.8006645Z     |
measure	Build both exact revisions sequentially with the same toolchain	2026-09-13T06:55:09.8011391Z 107 | impl GlyphAtlas {
measure	Build both exact revisions sequentially with the same toolchain	2026-09-13T06:55:09.8011891Z     | --------------- method in this implementation
measure	Build both exact revisions sequentially with the same toolchain	2026-09-13T06:55:09.8012416Z ...
measure	Build both exact revisions sequentially with the same toolchain	2026-09-13T06:55:09.8013064Z 225 |     pub fn clear_and_resize(&mut self, new_font_size: f32) -> Result<(), GlyphAtlasError> {
measure	Build both exact revisions sequentially with the same toolchain	2026-09-13T06:55:09.8013877Z     |            ^^^^^^^^^^^^^^^^
measure	Build both exact revisions sequentially with the same toolchain	2026-09-13T06:55:09.8014153Z 
measure	Build both exact revisions sequentially with the same toolchain	2026-09-13T06:55:09.8014327Z warning: field `blinking` is never read
measure	Build both exact revisions sequentially with the same toolchain	2026-09-13T06:55:09.8014790Z    --> src/grid/mod.rs:118:9
measure	Build both exact revisions sequentially with the same toolchain	2026-09-13T06:55:09.8015170Z     |
measure	Build both exact revisions sequentially with the same toolchain	2026-09-13T06:55:09.8015407Z 116 | pub struct CursorStyle {
measure	Build both exact revisions sequentially with the same toolchain	2026-09-13T06:55:09.8015692Z     |            ----------- field in this struct
measure	Build both exact revisions sequentially with the same toolchain	2026-09-13T06:55:09.8015996Z 117 |     pub shape: CursorShape,
measure	Build both exact revisions sequentially with the same toolchain	2026-09-13T06:55:09.8016248Z 118 |     pub blinking: bool,
measure	Build both exact revisions sequentially with the same toolchain	2026-09-13T06:55:09.8016473Z     |         ^^^^^^^^
measure	Build both exact revisions sequentially with the same toolchain	2026-09-13T06:55:09.8016671Z     |
measure	Build both exact revisions sequentially with the same toolchain	2026-09-13T06:55:09.8017534Z     = note: `CursorStyle` has derived impls for the traits `Clone` and `Debug`, but these are intentionally ignored during dead code analysis
measure	Build both exact revisions sequentially with the same toolchain	2026-09-13T06:55:09.8018411Z 
measure	Build both exact revisions sequentially with the same toolchain	2026-09-13T06:55:09.8018822Z warning: methods `title_revision`, `scrollback_cell`, `clear_dirty`, and `is_any_dirty` are never used
measure	Build both exact revisions sequentially with the same toolchain	2026-09-13T06:55:09.8022697Z     --> src/grid/mod.rs:365:19
measure	Build both exact revisions sequentially with the same toolchain	2026-09-13T06:55:09.8024119Z      |
measure	Build both exact revisions sequentially with the same toolchain	2026-09-13T06:55:09.8024769Z  228 | impl Grid {
measure	Build both exact revisions sequentially with the same toolchain	2026-09-13T06:55:09.8025454Z      | --------- methods in this implementation
measure	Build both exact revisions sequentially with the same toolchain	2026-09-13T06:55:09.8025914Z ...
measure	Build both exact revisions sequentially with the same toolchain	2026-09-13T06:55:09.8026385Z  365 |     pub(crate) fn title_revision(&self) -> u64 { self.title_revision }
measure	Build both exact revisions sequentially with the same toolchain	2026-09-13T06:55:09.8027237Z      |                   ^^^^^^^^^^^^^^
measure	Build both exact revisions sequentially with the same toolchain	2026-09-13T06:55:09.8027647Z ...
measure	Build both exact revisions sequentially with the same toolchain	2026-09-13T06:55:09.8028100Z  391 |     pub fn scrollback_cell(&self, row: usize, col: usize) -> char {
measure	Build both exact revisions sequentially with the same toolchain	2026-09-13T06:55:09.8028707Z      |            ^^^^^^^^^^^^^^^
measure	Build both exact revisions sequentially with the same toolchain	2026-09-13T06:55:09.8029082Z ...
measure	Build both exact revisions sequentially with the same toolchain	2026-09-13T06:55:09.8029588Z 1505 |     pub fn clear_dirty(&mut self) { for d in &mut self.dirty { *d = false; } }
measure	Build both exact revisions sequentially with the same toolchain	2026-09-13T06:55:09.8030000Z      |            ^^^^^^^^^^^
measure	Build both exact revisions sequentially with the same toolchain	2026-09-13T06:55:09.8030345Z 1506 |     pub fn is_any_dirty(&self) -> bool { self.dirty.iter().any(|&d| d) }
measure	Build both exact revisions sequentially with the same toolchain	2026-09-13T06:55:09.8030698Z      |            ^^^^^^^^^^^^
measure	Build both exact revisions sequentially with the same toolchain	2026-09-13T06:55:09.8030838Z 
measure	Build both exact revisions sequentially with the same toolchain	2026-09-13T06:55:09.8030938Z warning: method `text` is never used
measure	Build both exact revisions sequentially with the same toolchain	2026-09-13T06:55:09.8031199Z   --> src/grid/cell.rs:48:12
measure	Build both exact revisions sequentially with the same toolchain	2026-09-13T06:55:09.8031421Z    |
measure	Build both exact revisions sequentially with the same toolchain	2026-09-13T06:55:09.8031591Z 47 | impl Cell {
measure	Build both exact revisions sequentially with the same toolchain	2026-09-13T06:55:09.8031811Z    | --------- method in this implementation
measure	Build both exact revisions sequentially with the same toolchain	2026-09-13T06:55:09.8032103Z 48 |     pub fn text(&self) -> Cow<'_, str> {
measure	Build both exact revisions sequentially with the same toolchain	2026-09-13T06:55:09.8032368Z    |            ^^^^
measure	Build both exact revisions sequentially with the same toolchain	2026-09-13T06:55:09.8032493Z 
measure	Build both exact revisions sequentially with the same toolchain	2026-09-13T06:55:09.8032593Z warning: field `kind` is never read
measure	Build both exact revisions sequentially with the same toolchain	2026-09-13T06:55:09.8032850Z   --> src/grid/marks.rs:11:9
measure	Build both exact revisions sequentially with the same toolchain	2026-09-13T06:55:09.8033069Z    |
measure	Build both exact revisions sequentially with the same toolchain	2026-09-13T06:55:09.8033266Z 10 | pub struct PromptMark {
measure	Build both exact revisions sequentially with the same toolchain	2026-09-13T06:55:09.8033518Z    |            ---------- field in this struct
measure	Build both exact revisions sequentially with the same toolchain	2026-09-13T06:55:09.8033804Z 11 |     pub kind: PromptMarkKind,
measure	Build both exact revisions sequentially with the same toolchain	2026-09-13T06:55:09.8034043Z    |         ^^^^
measure	Build both exact revisions sequentially with the same toolchain	2026-09-13T06:55:09.8034225Z    |
measure	Build both exact revisions sequentially with the same toolchain	2026-09-13T06:55:09.8034710Z    = note: `PromptMark` has derived impls for the traits `Clone` and `Debug`, but these are intentionally ignored during dead code analysis
measure	Build both exact revisions sequentially with the same toolchain	2026-09-13T06:55:09.8035200Z 
measure	Build both exact revisions sequentially with the same toolchain	2026-09-13T06:55:09.8035468Z warning: methods `prev_prompt`, `next_prompt`, `visible_prompt_rows`, and `is_empty` are never used
measure	Build both exact revisions sequentially with the same toolchain	2026-09-13T06:55:09.8035931Z   --> src/grid/marks.rs:34:12
measure	Build both exact revisions sequentially with the same toolchain	2026-09-13T06:55:09.8036147Z    |
measure	Build both exact revisions sequentially with the same toolchain	2026-09-13T06:55:09.8036318Z 20 | impl MarkIndex {
measure	Build both exact revisions sequentially with the same toolchain	2026-09-13T06:55:09.8036558Z    | -------------- methods in this implementation
measure	Build both exact revisions sequentially with the same toolchain	2026-09-13T06:55:09.8036827Z ...
measure	Build both exact revisions sequentially with the same toolchain	2026-09-13T06:55:09.8037251Z 34 |     pub fn prev_prompt(&self, current_row: usize) -> Option<usize> {
measure	Build both exact revisions sequentially with the same toolchain	2026-09-13T06:55:09.8037704Z    |            ^^^^^^^^^^^
measure	Build both exact revisions sequentially with the same toolchain	2026-09-13T06:55:09.8038083Z ...
measure	Build both exact revisions sequentially with the same toolchain	2026-09-13T06:55:09.8038536Z 48 |     pub fn next_prompt(&self, current_row: usize) -> Option<usize> {
measure	Build both exact revisions sequentially with the same toolchain	2026-09-13T06:55:09.8039333Z    |            ^^^^^^^^^^^
measure	Build both exact revisions sequentially with the same toolchain	2026-09-13T06:55:09.8039610Z ...
measure	Build both exact revisions sequentially with the same toolchain	2026-09-13T06:55:09.8039795Z 58 |     pub fn visible_prompt_rows(
measure	Build both exact revisions sequentially with the same toolchain	2026-09-13T06:55:09.8040037Z    |            ^^^^^^^^^^^^^^^^^^^
measure	Build both exact revisions sequentially with the same toolchain	2026-09-13T06:55:09.8040255Z ...
measure	Build both exact revisions sequentially with the same toolchain	2026-09-13T06:55:09.8040440Z 79 |     pub fn is_empty(&self) -> bool {
measure	Build both exact revisions sequentially with the same toolchain	2026-09-13T06:55:09.8040685Z    |            ^^^^^^^^
measure	Build both exact revisions sequentially with the same toolchain	2026-09-13T06:55:09.8040819Z 
measure	Build both exact revisions sequentially with the same toolchain	2026-09-13T06:55:09.8040935Z warning: struct `KeyBind` is never constructed
measure	Build both exact revisions sequentially with the same toolchain	2026-09-13T06:55:09.8041226Z   --> src/input/keybind.rs:15:12
measure	Build both exact revisions sequentially with the same toolchain	2026-09-13T06:55:09.8041461Z    |
measure	Build both exact revisions sequentially with the same toolchain	2026-09-13T06:55:09.8041634Z 15 | pub struct KeyBind {
measure	Build both exact revisions sequentially with the same toolchain	2026-09-13T06:55:09.8041843Z    |            ^^^^^^^
measure	Build both exact revisions sequentially with the same toolchain	2026-09-13T06:55:09.8041967Z 
measure	Build both exact revisions sequentially with the same toolchain	2026-09-13T06:55:09.8042070Z warning: enum `PaneAction` is never used
measure	Build both exact revisions sequentially with the same toolchain	2026-09-13T06:55:09.8042334Z   --> src/input/keybind.rs:21:10
measure	Build both exact revisions sequentially with the same toolchain	2026-09-13T06:55:09.8042555Z    |
measure	Build both exact revisions sequentially with the same toolchain	2026-09-13T06:55:09.8042727Z 21 | pub enum PaneAction {
measure	Build both exact revisions sequentially with the same toolchain	2026-09-13T06:55:09.8042938Z    |          ^^^^^^^^^^
measure	Build both exact revisions sequentially with the same toolchain	2026-09-13T06:55:09.8043066Z 
measure	Build both exact revisions sequentially with the same toolchain	2026-09-13T06:55:09.8043197Z warning: struct `KeybindMap` is never constructed
measure	Build both exact revisions sequentially with the same toolchain	2026-09-13T06:55:09.8043488Z   --> src/input/keybind.rs:40:12
measure	Build both exact revisions sequentially with the same toolchain	2026-09-13T06:55:09.8043714Z    |
measure	Build both exact revisions sequentially with the same toolchain	2026-09-13T06:55:09.8043890Z 40 | pub struct KeybindMap {
measure	Build both exact revisions sequentially with the same toolchain	2026-09-13T06:55:09.8044108Z    |            ^^^^^^^^^^
measure	Build both exact revisions sequentially with the same toolchain	2026-09-13T06:55:09.8044236Z 
measure	Build both exact revisions sequentially with the same toolchain	2026-09-13T06:55:09.8044411Z warning: associated items `from_config` and `lookup` are never used
measure	Build both exact revisions sequentially with the same toolchain	2026-09-13T06:55:09.8044898Z   --> src/input/keybind.rs:45:12
measure	Build both exact revisions sequentially with the same toolchain	2026-09-13T06:55:09.8045118Z    |
measure	Build both exact revisions sequentially with the same toolchain	2026-09-13T06:55:09.8045291Z 44 | impl KeybindMap {
measure	Build both exact revisions sequentially with the same toolchain	2026-09-13T06:55:09.8045554Z    | --------------- associated items in this implementation
measure	Build both exact revisions sequentially with the same toolchain	2026-09-13T06:55:09.8045967Z 45 |     pub fn from_config(config: &KeybindConfig) -> Self {
measure	Build both exact revisions sequentially with the same toolchain	2026-09-13T06:55:09.8046274Z    |            ^^^^^^^^^^^
measure	Build both exact revisions sequentially with the same toolchain	2026-09-13T06:55:09.8046476Z ...
measure	Build both exact revisions sequentially with the same toolchain	2026-09-13T06:55:09.8046796Z 74 |     pub fn lookup(&self, key_code: u16, modifiers: KeyModifiers) -> Option<PaneAction> {
measure	Build both exact revisions sequentially with the same toolchain	2026-09-13T06:55:09.8047421Z    |            ^^^^^^
measure	Build both exact revisions sequentially with the same toolchain	2026-09-13T06:55:09.8047554Z 
measure	Build both exact revisions sequentially with the same toolchain	2026-09-13T06:55:09.8047674Z warning: function `parse_keybind` is never used
measure	Build both exact revisions sequentially with the same toolchain	2026-09-13T06:55:09.8048012Z   --> src/input/keybind.rs:84:4
measure	Build both exact revisions sequentially with the same toolchain	2026-09-13T06:55:09.8048242Z    |
measure	Build both exact revisions sequentially with the same toolchain	2026-09-13T06:55:09.8048450Z 84 | fn parse_keybind(s: &str) -> Option<KeyBind> {
measure	Build both exact revisions sequentially with the same toolchain	2026-09-13T06:55:09.8048735Z    |    ^^^^^^^^^^^^^
measure	Build both exact revisions sequentially with the same toolchain	2026-09-13T06:55:09.8048861Z 
measure	Build both exact revisions sequentially with the same toolchain	2026-09-13T06:55:09.8048978Z warning: function `key_name_to_code` is never used
measure	Build both exact revisions sequentially with the same toolchain	2026-09-13T06:55:09.8049288Z    --> src/input/keybind.rs:103:4
measure	Build both exact revisions sequentially with the same toolchain	2026-09-13T06:55:09.8049522Z     |
measure	Build both exact revisions sequentially with the same toolchain	2026-09-13T06:55:09.8049738Z 103 | fn key_name_to_code(name: &str) -> Option<u16> {
measure	Build both exact revisions sequentially with the same toolchain	2026-09-13T06:55:09.8050026Z     |    ^^^^^^^^^^^^^^^^
measure	Build both exact revisions sequentially with the same toolchain	2026-09-13T06:55:09.8050155Z 
measure	Build both exact revisions sequentially with the same toolchain	2026-09-13T06:55:09.8050264Z warning: type alias `PaneId` is never used
measure	Build both exact revisions sequentially with the same toolchain	2026-09-13T06:55:09.8050538Z  --> src/layout.rs:5:10
measure	Build both exact revisions sequentially with the same toolchain	2026-09-13T06:55:09.8050738Z   |
measure	Build both exact revisions sequentially with the same toolchain	2026-09-13T06:55:09.8050911Z 5 | pub type PaneId = u64;
measure	Build both exact revisions sequentially with the same toolchain	2026-09-13T06:55:09.8051124Z   |          ^^^^^^
measure	Build both exact revisions sequentially with the same toolchain	2026-09-13T06:55:09.8051238Z 
measure	Build both exact revisions sequentially with the same toolchain	2026-09-13T06:55:09.8051352Z warning: constant `DIVIDER_THICKNESS` is never used
measure	Build both exact revisions sequentially with the same toolchain	2026-09-13T06:55:09.8051646Z  --> src/layout.rs:7:11
measure	Build both exact revisions sequentially with the same toolchain	2026-09-13T06:55:09.8051847Z   |
measure	Build both exact revisions sequentially with the same toolchain	2026-09-13T06:55:09.8052082Z 7 | pub const DIVIDER_THICKNESS: f32 = 6.0;
measure	Build both exact revisions sequentially with the same toolchain	2026-09-13T06:55:09.8052341Z   |           ^^^^^^^^^^^^^^^^^
measure	Build both exact revisions sequentially with the same toolchain	2026-09-13T06:55:09.8052485Z 
measure	Build both exact revisions sequentially with the same toolchain	2026-09-13T06:55:09.8052592Z warning: enum `SplitDirection` is never used
measure	Build both exact revisions sequentially with the same toolchain	2026-09-13T06:55:09.8052871Z   --> src/layout.rs:10:10
measure	Build both exact revisions sequentially with the same toolchain	2026-09-13T06:55:09.8053082Z    |
measure	Build both exact revisions sequentially with the same toolchain	2026-09-13T06:55:09.8053259Z 10 | pub enum SplitDirection {
measure	Build both exact revisions sequentially with the same toolchain	2026-09-13T06:55:09.8053494Z    |          ^^^^^^^^^^^^^^
measure	Build both exact revisions sequentially with the same toolchain	2026-09-13T06:55:09.8053650Z 
measure	Build both exact revisions sequentially with the same toolchain	2026-09-13T06:55:09.8053765Z warning: struct `PixelRect` is never constructed
measure	Build both exact revisions sequentially with the same toolchain	2026-09-13T06:55:09.8054104Z   --> src/layout.rs:16:12
measure	Build both exact revisions sequentially with the same toolchain	2026-09-13T06:55:09.8054316Z    |
measure	Build both exact revisions sequentially with the same toolchain	2026-09-13T06:55:09.8054491Z 16 | pub struct PixelRect {
measure	Build both exact revisions sequentially with the same toolchain	2026-09-13T06:55:09.8054706Z    |            ^^^^^^^^^
measure	Build both exact revisions sequentially with the same toolchain	2026-09-13T06:55:09.8054831Z 
measure	Build both exact revisions sequentially with the same toolchain	2026-09-13T06:55:09.8055021Z warning: associated items `ZERO`, `split`, and `contains` are never used
measure	Build both exact revisions sequentially with the same toolchain	2026-09-13T06:55:09.8055517Z   --> src/layout.rs:24:15
measure	Build both exact revisions sequentially with the same toolchain	2026-09-13T06:55:09.8055716Z    |
measure	Build both exact revisions sequentially with the same toolchain	2026-09-13T06:55:09.8055885Z 23 | impl PixelRect {
measure	Build both exact revisions sequentially with the same toolchain	2026-09-13T06:55:09.8056139Z    | -------------- associated items in this implementation
measure	Build both exact revisions sequentially with the same toolchain	2026-09-13T06:55:09.8056452Z 24 |     pub const ZERO: Self = Self {
measure	Build both exact revisions sequentially with the same toolchain	2026-09-13T06:55:09.8056696Z    |               ^^^^
measure	Build both exact revisions sequentially with the same toolchain	2026-09-13T06:55:09.8057040Z ...
measure	Build both exact revisions sequentially with the same toolchain	2026-09-13T06:55:09.8057385Z 31 |     pub fn split(self, direction: SplitDirection, ratio: f32) -> (PixelRect, PixelRect) {
measure	Build both exact revisions sequentially with the same toolchain	2026-09-13T06:55:09.8057805Z    |            ^^^^^
measure	Build both exact revisions sequentially with the same toolchain	2026-09-13T06:55:09.8058013Z ...
measure	Build both exact revisions sequentially with the same toolchain	2026-09-13T06:55:09.8058223Z 69 |     pub fn contains(&self, x: f32, y: f32) -> bool {
measure	Build both exact revisions sequentially with the same toolchain	2026-09-13T06:55:09.8058511Z    |            ^^^^^^^^
measure	Build both exact revisions sequentially with the same toolchain	2026-09-13T06:55:09.8058643Z 
measure	Build both exact revisions sequentially with the same toolchain	2026-09-13T06:55:09.8058761Z warning: struct `DividerInfo` is never constructed
measure	Build both exact revisions sequentially with the same toolchain	2026-09-13T06:55:09.8059054Z   --> src/layout.rs:75:12
measure	Build both exact revisions sequentially with the same toolchain	2026-09-13T06:55:09.8059257Z    |
measure	Build both exact revisions sequentially with the same toolchain	2026-09-13T06:55:09.8059440Z 75 | pub struct DividerInfo {
measure	Build both exact revisions sequentially with the same toolchain	2026-09-13T06:55:09.8059667Z    |            ^^^^^^^^^^^
measure	Build both exact revisions sequentially with the same toolchain	2026-09-13T06:55:09.8059811Z 
measure	Build both exact revisions sequentially with the same toolchain	2026-09-13T06:55:09.8059935Z warning: function `compute_layout` is never used
measure	Build both exact revisions sequentially with the same toolchain	2026-09-13T06:55:09.8060218Z   --> src/layout.rs:84:8
measure	Build both exact revisions sequentially with the same toolchain	2026-09-13T06:55:09.8060418Z    |
measure	Build both exact revisions sequentially with the same toolchain	2026-09-13T06:55:09.8060592Z 84 | pub fn compute_layout(
measure	Build both exact revisions sequentially with the same toolchain	2026-09-13T06:55:09.8060804Z    |        ^^^^^^^^^^^^^^
measure	Build both exact revisions sequentially with the same toolchain	2026-09-13T06:55:09.8060939Z 
measure	Build both exact revisions sequentially with the same toolchain	2026-09-13T06:55:09.8061049Z warning: function `node_contains` is never used
measure	Build both exact revisions sequentially with the same toolchain	2026-09-13T06:55:09.8061476Z    --> src/layout.rs:131:4
measure	Build both exact revisions sequentially with the same toolchain	2026-09-13T06:55:09.8061681Z     |
measure	Build both exact revisions sequentially with the same toolchain	2026-09-13T06:55:09.8061919Z 131 | fn node_contains(node: &PaneNode, id: PaneId) -> bool {
measure	Build both exact revisions sequentially with the same toolchain	2026-09-13T06:55:09.8062224Z     |    ^^^^^^^^^^^^^
measure	Build both exact revisions sequentially with the same toolchain	2026-09-13T06:55:09.8062356Z 
measure	Build both exact revisions sequentially with the same toolchain	2026-09-13T06:55:09.8062457Z warning: enum `PaneNode` is never used
measure	Build both exact revisions sequentially with the same toolchain	2026-09-13T06:55:09.8062715Z  --> src/layout/tree.rs:3:10
measure	Build both exact revisions sequentially with the same toolchain	2026-09-13T06:55:09.8062926Z   |
measure	Build both exact revisions sequentially with the same toolchain	2026-09-13T06:55:09.8063095Z 3 | pub enum PaneNode {
measure	Build both exact revisions sequentially with the same toolchain	2026-09-13T06:55:09.8063297Z   |          ^^^^^^^^
measure	Build both exact revisions sequentially with the same toolchain	2026-09-13T06:55:09.8063419Z 
measure	Build both exact revisions sequentially with the same toolchain	2026-09-13T06:55:09.8063807Z warning: associated items `split_leaf`, `remove_leaf`, `adjust_ratio`, `contains`, `collect_leaf_ids`, and `is_single_leaf` are never used
measure	Build both exact revisions sequentially with the same toolchain	2026-09-13T06:55:09.8064387Z    --> src/layout/tree.rs:16:12
measure	Build both exact revisions sequentially with the same toolchain	2026-09-13T06:55:09.8064611Z     |
measure	Build both exact revisions sequentially with the same toolchain	2026-09-13T06:55:09.8064785Z  13 | impl PaneNode {
measure	Build both exact revisions sequentially with the same toolchain	2026-09-13T06:55:09.8065032Z     | ------------- associated items in this implementation
measure	Build both exact revisions sequentially with the same toolchain	2026-09-13T06:55:09.8065328Z ...
measure	Build both exact revisions sequentially with the same toolchain	2026-09-13T06:55:09.8065508Z  16 |     pub fn split_leaf(
measure	Build both exact revisions sequentially with the same toolchain	2026-09-13T06:55:09.8065721Z     |            ^^^^^^^^^^
measure	Build both exact revisions sequentially with the same toolchain	2026-09-13T06:55:09.8065924Z ...
measure	Build both exact revisions sequentially with the same toolchain	2026-09-13T06:55:09.8066167Z  44 |     pub fn remove_leaf(&mut self, target_id: PaneId) -> bool {
measure	Build both exact revisions sequentially with the same toolchain	2026-09-13T06:55:09.8066489Z     |            ^^^^^^^^^^^
measure	Build both exact revisions sequentially with the same toolchain	2026-09-13T06:55:09.8066691Z ...
measure	Build both exact revisions sequentially with the same toolchain	2026-09-13T06:55:09.8067091Z  72 |     pub fn adjust_ratio(&mut self, target_id: PaneId, delta: f32) -> bool {
measure	Build both exact revisions sequentially with the same toolchain	2026-09-13T06:55:09.8067459Z     |            ^^^^^^^^^^^^
measure	Build both exact revisions sequentially with the same toolchain	2026-09-13T06:55:09.8067666Z ...
measure	Build both exact revisions sequentially with the same toolchain	2026-09-13T06:55:09.8067901Z 104 |     pub fn contains(node: &PaneNode, id: PaneId) -> bool {
measure	Build both exact revisions sequentially with the same toolchain	2026-09-13T06:55:09.8068223Z     |            ^^^^^^^^
measure	Build both exact revisions sequentially with the same toolchain	2026-09-13T06:55:09.8068418Z ...
measure	Build both exact revisions sequentially with the same toolchain	2026-09-13T06:55:09.8068650Z 113 |     pub fn collect_leaf_ids(&self, out: &mut Vec<PaneId>) {
measure	Build both exact revisions sequentially with the same toolchain	2026-09-13T06:55:09.8068966Z     |            ^^^^^^^^^^^^^^^^
measure	Build both exact revisions sequentially with the same toolchain	2026-09-13T06:55:09.8069184Z ...
measure	Build both exact revisions sequentially with the same toolchain	2026-09-13T06:55:09.8069378Z 123 |     pub fn is_single_leaf(&self) -> bool {
measure	Build both exact revisions sequentially with the same toolchain	2026-09-13T06:55:09.8069648Z     |            ^^^^^^^^^^^^^^
measure	Build both exact revisions sequentially with the same toolchain	2026-09-13T06:55:09.8069800Z 
measure	Build both exact revisions sequentially with the same toolchain	2026-09-13T06:55:09.8069891Z warning: enum `Action` is never used
measure	Build both exact revisions sequentially with the same toolchain	2026-09-13T06:55:09.8070141Z  --> src/parser/mod.rs:6:10
measure	Build both exact revisions sequentially with the same toolchain	2026-09-13T06:55:09.8070347Z   |
measure	Build both exact revisions sequentially with the same toolchain	2026-09-13T06:55:09.8070519Z 6 | pub enum Action {
measure	Build both exact revisions sequentially with the same toolchain	2026-09-13T06:55:09.8070716Z   |          ^^^^^^
measure	Build both exact revisions sequentially with the same toolchain	2026-09-13T06:55:09.8070828Z 
measure	Build both exact revisions sequentially with the same toolchain	2026-09-13T06:55:09.8070921Z warning: method `feed` is never used
measure	Build both exact revisions sequentially with the same toolchain	2026-09-13T06:55:09.8071178Z    --> src/parser/ansi.rs:113:12
measure	Build both exact revisions sequentially with the same toolchain	2026-09-13T06:55:09.8071397Z     |
measure	Build both exact revisions sequentially with the same toolchain	2026-09-13T06:55:09.8071565Z  77 | impl Parser {
measure	Build both exact revisions sequentially with the same toolchain	2026-09-13T06:55:09.8071783Z     | ----------- method in this implementation
measure	Build both exact revisions sequentially with the same toolchain	2026-09-13T06:55:09.8072179Z ...
measure	Build both exact revisions sequentially with the same toolchain	2026-09-13T06:55:09.8072405Z 113 |     pub fn feed(&mut self, input: &[u8], grid: &mut Grid) {
measure	Build both exact revisions sequentially with the same toolchain	2026-09-13T06:55:09.8072702Z     |            ^^^^
measure	Build both exact revisions sequentially with the same toolchain	2026-09-13T06:55:09.8072824Z 
measure	Build both exact revisions sequentially with the same toolchain	2026-09-13T06:55:09.8072958Z warning: methods `master_fd` and `resize` are never used
measure	Build both exact revisions sequentially with the same toolchain	2026-09-13T06:55:09.8073274Z    --> src/pty/unix.rs:178:12
measure	Build both exact revisions sequentially with the same toolchain	2026-09-13T06:55:09.8073487Z     |
measure	Build both exact revisions sequentially with the same toolchain	2026-09-13T06:55:09.8073661Z  35 | impl Pty {
measure	Build both exact revisions sequentially with the same toolchain	2026-09-13T06:55:09.8073871Z     | -------- methods in this implementation
measure	Build both exact revisions sequentially with the same toolchain	2026-09-13T06:55:09.8074125Z ...
measure	Build both exact revisions sequentially with the same toolchain	2026-09-13T06:55:09.8074313Z 178 |     pub fn master_fd(&self) -> RawFd {
measure	Build both exact revisions sequentially with the same toolchain	2026-09-13T06:55:09.8074568Z     |            ^^^^^^^^^
measure	Build both exact revisions sequentially with the same toolchain	2026-09-13T06:55:09.8074765Z ...
measure	Build both exact revisions sequentially with the same toolchain	2026-09-13T06:55:09.8078443Z 243 |     pub fn resize(&self, cols: u16, rows: u16) -> std::io::Result<()> {
measure	Build both exact revisions sequentially with the same toolchain	2026-09-13T06:55:09.8078853Z     |            ^^^^^^
measure	Build both exact revisions sequentially with the same toolchain	2026-09-13T06:55:09.8078997Z 
measure	Build both exact revisions sequentially with the same toolchain	2026-09-13T06:55:09.8079147Z warning: struct `PaneRenderData` is never constructed
measure	Build both exact revisions sequentially with the same toolchain	2026-09-13T06:55:09.8079478Z  --> src/render_scene.rs:5:12
measure	Build both exact revisions sequentially with the same toolchain	2026-09-13T06:55:09.8079715Z   |
measure	Build both exact revisions sequentially with the same toolchain	2026-09-13T06:55:09.8079908Z 5 | pub struct PaneRenderData<'a> {
measure	Build both exact revisions sequentially with the same toolchain	2026-09-13T06:55:09.8080161Z   |            ^^^^^^^^^^^^^^
measure	Build both exact revisions sequentially with the same toolchain	2026-09-13T06:55:09.8080303Z 
measure	Build both exact revisions sequentially with the same toolchain	2026-09-13T06:55:09.8080465Z warning: struct `ConfirmOverlayInfo` is never constructed
measure	Build both exact revisions sequentially with the same toolchain	2026-09-13T06:55:09.8080792Z   --> src/render_scene.rs:16:12
measure	Build both exact revisions sequentially with the same toolchain	2026-09-13T06:55:09.8081014Z    |
measure	Build both exact revisions sequentially with the same toolchain	2026-09-13T06:55:09.8081204Z 16 | pub struct ConfirmOverlayInfo {
measure	Build both exact revisions sequentially with the same toolchain	2026-09-13T06:55:09.8081650Z    |            ^^^^^^^^^^^^^^^^^^
measure	Build both exact revisions sequentially with the same toolchain	2026-09-13T06:55:09.8081807Z 
measure	Build both exact revisions sequentially with the same toolchain	2026-09-13T06:55:09.8081937Z warning: struct `ChromeColors` is never constructed
measure	Build both exact revisions sequentially with the same toolchain	2026-09-13T06:55:09.8082247Z   --> src/render_scene.rs:23:12
measure	Build both exact revisions sequentially with the same toolchain	2026-09-13T06:55:09.8082475Z    |
measure	Build both exact revisions sequentially with the same toolchain	2026-09-13T06:55:09.8082665Z 23 | pub struct ChromeColors {
measure	Build both exact revisions sequentially with the same toolchain	2026-09-13T06:55:09.8082899Z    |            ^^^^^^^^^^^^
measure	Build both exact revisions sequentially with the same toolchain	2026-09-13T06:55:09.8083037Z 
measure	Build both exact revisions sequentially with the same toolchain	2026-09-13T06:55:09.8083184Z warning: methods `contains` and `get_text` are never used
measure	Build both exact revisions sequentially with the same toolchain	2026-09-13T06:55:09.8083509Z    --> src/selection.rs:85:12
measure	Build both exact revisions sequentially with the same toolchain	2026-09-13T06:55:09.8083748Z     |
measure	Build both exact revisions sequentially with the same toolchain	2026-09-13T06:55:09.8083933Z  32 | impl SelectionState {
measure	Build both exact revisions sequentially with the same toolchain	2026-09-13T06:55:09.8084211Z     | ------------------- methods in this implementation
measure	Build both exact revisions sequentially with the same toolchain	2026-09-13T06:55:09.8084501Z ...
measure	Build both exact revisions sequentially with the same toolchain	2026-09-13T06:55:09.8084677Z  85 |     pub fn contains(
measure	Build both exact revisions sequentially with the same toolchain	2026-09-13T06:55:09.8084890Z     |            ^^^^^^^^
measure	Build both exact revisions sequentially with the same toolchain	2026-09-13T06:55:09.8085088Z ...
measure	Build both exact revisions sequentially with the same toolchain	2026-09-13T06:55:09.8085304Z 145 |     pub fn get_text(&self, grid: &Grid) -> String {
measure	Build both exact revisions sequentially with the same toolchain	2026-09-13T06:55:09.8085601Z     |            ^^^^^^^^
measure	Build both exact revisions sequentially with the same toolchain	2026-09-13T06:55:09.8085729Z 
measure	Build both exact revisions sequentially with the same toolchain	2026-09-13T06:55:09.8085899Z warning: variant `UnexpectedProtocolEvent` is never constructed
measure	Build both exact revisions sequentially with the same toolchain	2026-09-13T06:55:09.8086253Z   --> src/terminal_reader.rs:53:5
measure	Build both exact revisions sequentially with the same toolchain	2026-09-13T06:55:09.8086481Z    |
measure	Build both exact revisions sequentially with the same toolchain	2026-09-13T06:55:09.8086665Z 45 | pub(crate) enum ReaderExit {
measure	Build both exact revisions sequentially with the same toolchain	2026-09-13T06:55:09.8087139Z    |                 ---------- variant in this enum
measure	Build both exact revisions sequentially with the same toolchain	2026-09-13T06:55:09.8087410Z ...
measure	Build both exact revisions sequentially with the same toolchain	2026-09-13T06:55:09.8087596Z 53 |     UnexpectedProtocolEvent,
measure	Build both exact revisions sequentially with the same toolchain	2026-09-13T06:55:09.8087833Z    |     ^^^^^^^^^^^^^^^^^^^^^^^
measure	Build both exact revisions sequentially with the same toolchain	2026-09-13T06:55:09.8088052Z    |
measure	Build both exact revisions sequentially with the same toolchain	2026-09-13T06:55:09.8088491Z    = note: `ReaderExit` has a derived impl for the trait `Debug`, but this is intentionally ignored during dead code analysis
measure	Build both exact revisions sequentially with the same toolchain	2026-09-13T06:55:09.8088931Z 
measure	Build both exact revisions sequentially with the same toolchain	2026-09-13T06:55:09.8089138Z warning: associated functions `spawn_text` and `spawn_with_io` are never used
measure	Build both exact revisions sequentially with the same toolchain	2026-09-13T06:55:09.8089532Z    --> src/terminal_reader.rs:64:19
measure	Build both exact revisions sequentially with the same toolchain	2026-09-13T06:55:09.8089775Z     |
measure	Build both exact revisions sequentially with the same toolchain	2026-09-13T06:55:09.8089963Z  63 | impl TerminalReader {
measure	Build both exact revisions sequentially with the same toolchain	2026-09-13T06:55:09.8090271Z     | ------------------- associated functions in this implementation
measure	Build both exact revisions sequentially with the same toolchain	2026-09-13T06:55:09.8090612Z  64 |     pub(crate) fn spawn_text<U, X>(
measure	Build both exact revisions sequentially with the same toolchain	2026-09-13T06:55:09.8090870Z     |                   ^^^^^^^^^^
measure	Build both exact revisions sequentially with the same toolchain	2026-09-13T06:55:09.8091102Z ...
measure	Build both exact revisions sequentially with the same toolchain	2026-09-13T06:55:09.8091279Z 111 |     fn spawn_with_io<I, U, X>(
measure	Build both exact revisions sequentially with the same toolchain	2026-09-13T06:55:09.8091518Z     |        ^^^^^^^^^^^^^
measure	Build both exact revisions sequentially with the same toolchain	2026-09-13T06:55:09.8091655Z 
measure	Build both exact revisions sequentially with the same toolchain	2026-09-13T06:55:09.8091765Z warning: struct `Vertex` is never constructed
measure	Build both exact revisions sequentially with the same toolchain	2026-09-13T06:55:09.8092049Z   --> src/renderer/mod.rs:21:12
measure	Build both exact revisions sequentially with the same toolchain	2026-09-13T06:55:09.8092412Z    |
measure	Build both exact revisions sequentially with the same toolchain	2026-09-13T06:55:09.8092588Z 21 | pub struct Vertex {
measure	Build both exact revisions sequentially with the same toolchain	2026-09-13T06:55:09.8092797Z    |            ^^^^^^
measure	Build both exact revisions sequentially with the same toolchain	2026-09-13T06:55:09.8092917Z 
measure	Build both exact revisions sequentially with the same toolchain	2026-09-13T06:55:09.8093037Z warning: associated function `new` is never used
measure	Build both exact revisions sequentially with the same toolchain	2026-09-13T06:55:09.8093326Z   --> src/renderer/mod.rs:29:12
measure	Build both exact revisions sequentially with the same toolchain	2026-09-13T06:55:09.8093541Z    |
measure	Build both exact revisions sequentially with the same toolchain	2026-09-13T06:55:09.8093704Z 28 | impl Vertex {
measure	Build both exact revisions sequentially with the same toolchain	2026-09-13T06:55:09.8093955Z    | ----------- associated function in this implementation
measure	Build both exact revisions sequentially with the same toolchain	2026-09-13T06:55:09.8094345Z 29 |     pub fn new(x: f32, y: f32, u: f32, v: f32, fg: u32, bg: u32) -> Self {
measure	Build both exact revisions sequentially with the same toolchain	2026-09-13T06:55:09.8094674Z    |            ^^^
measure	Build both exact revisions sequentially with the same toolchain	2026-09-13T06:55:09.8094792Z 
measure	Build both exact revisions sequentially with the same toolchain	2026-09-13T06:55:09.8094916Z warning: function `box_drawing_lines` is never used
measure	Build both exact revisions sequentially with the same toolchain	2026-09-13T06:55:09.8095229Z  --> src/renderer/box_drawing.rs:4:8
measure	Build both exact revisions sequentially with the same toolchain	2026-09-13T06:55:09.8095467Z   |
measure	Build both exact revisions sequentially with the same toolchain	2026-09-13T06:55:09.8095782Z 4 | pub fn box_drawing_lines(c: char, w: f32, h: f32) -> Option<Vec<(f32, f32, f32, f32)>> {
measure	Build both exact revisions sequentially with the same toolchain	2026-09-13T06:55:09.8096175Z   |        ^^^^^^^^^^^^^^^^^
measure	Build both exact revisions sequentially with the same toolchain	2026-09-13T06:55:09.8096326Z 
measure	Build both exact revisions sequentially with the same toolchain	2026-09-13T06:55:09.8096439Z warning: function `is_box_drawing` is never used
measure	Build both exact revisions sequentially with the same toolchain	2026-09-13T06:55:09.8096735Z    --> src/renderer/box_drawing.rs:124:8
measure	Build both exact revisions sequentially with the same toolchain	2026-09-13T06:55:09.8097109Z     |
measure	Build both exact revisions sequentially with the same toolchain	2026-09-13T06:55:09.8097315Z 124 | pub fn is_box_drawing(c: char) -> bool {
measure	Build both exact revisions sequentially with the same toolchain	2026-09-13T06:55:09.8097581Z     |        ^^^^^^^^^^^^^^
measure	Build both exact revisions sequentially with the same toolchain	2026-09-13T06:55:09.8097733Z 
measure	Build both exact revisions sequentially with the same toolchain	2026-09-13T06:55:09.8097845Z warning: function `is_braille` is never used
measure	Build both exact revisions sequentially with the same toolchain	2026-09-13T06:55:09.8098255Z  --> src/renderer/braille.rs:2:8
measure	Build both exact revisions sequentially with the same toolchain	2026-09-13T06:55:09.8098482Z   |
measure	Build both exact revisions sequentially with the same toolchain	2026-09-13T06:55:09.8098667Z 2 | pub fn is_braille(c: char) -> bool {
measure	Build both exact revisions sequentially with the same toolchain	2026-09-13T06:55:09.8098920Z   |        ^^^^^^^^^^
measure	Build both exact revisions sequentially with the same toolchain	2026-09-13T06:55:09.8099040Z 
measure	Build both exact revisions sequentially with the same toolchain	2026-09-13T06:55:09.8099152Z warning: function `braille_dots` is never used
measure	Build both exact revisions sequentially with the same toolchain	2026-09-13T06:55:09.8099437Z   --> src/renderer/braille.rs:12:8
measure	Build both exact revisions sequentially with the same toolchain	2026-09-13T06:55:09.8099668Z    |
measure	Build both exact revisions sequentially with the same toolchain	2026-09-13T06:55:09.8099879Z 12 | pub fn braille_dots(c: char) -> Vec<(u8, u8)> {
measure	Build both exact revisions sequentially with the same toolchain	2026-09-13T06:55:09.8100166Z    |        ^^^^^^^^^^^^
measure	Build both exact revisions sequentially with the same toolchain	2026-09-13T06:55:09.8100307Z 
measure	Build both exact revisions sequentially with the same toolchain	2026-09-13T06:55:09.8100434Z warning: variant `Unsupported` is never constructed
measure	Build both exact revisions sequentially with the same toolchain	2026-09-13T06:55:09.8100749Z   --> src/renderer/image_animation.rs:20:5
measure	Build both exact revisions sequentially with the same toolchain	2026-09-13T06:55:09.8101004Z    |
measure	Build both exact revisions sequentially with the same toolchain	2026-09-13T06:55:09.8101184Z 19 | pub enum AnimationError {
measure	Build both exact revisions sequentially with the same toolchain	2026-09-13T06:55:09.8101438Z    |          -------------- variant in this enum
measure	Build both exact revisions sequentially with the same toolchain	2026-09-13T06:55:09.8101707Z 20 |     Unsupported,
measure	Build both exact revisions sequentially with the same toolchain	2026-09-13T06:55:09.8101909Z    |     ^^^^^^^^^^^
measure	Build both exact revisions sequentially with the same toolchain	2026-09-13T06:55:09.8102095Z    |
measure	Build both exact revisions sequentially with the same toolchain	2026-09-13T06:55:09.8102589Z    = note: `AnimationError` has derived impls for the traits `Debug` and `Clone`, but these are intentionally ignored during dead code analysis
measure	Build both exact revisions sequentially with the same toolchain	2026-09-13T06:55:09.8103099Z 
measure	Build both exact revisions sequentially with the same toolchain	2026-09-13T06:55:18.6587423Z warning: `kokuban` (bin "kokuban") generated 39 warnings
measure	Build both exact revisions sequentially with the same toolchain	2026-09-13T06:55:19.1070650Z     Finished `release` profile [optimized] target(s) in 1m 27s
measure	Build both exact revisions sequentially with the same toolchain	2026-09-13T06:55:19.1071436Z    Compiling cfg-if v1.0.4
measure	Build both exact revisions sequentially with the same toolchain	2026-09-13T06:55:19.1071793Z    Compiling pkg-config v0.3.32
measure	Build both exact revisions sequentially with the same toolchain	2026-09-13T06:55:19.1083107Z    Compiling proc-macro2 v1.0.106
measure	Build both exact revisions sequentially with the same toolchain	2026-09-13T06:55:19.1093355Z    Compiling bitflags v2.11.0
measure	Build both exact revisions sequentially with the same toolchain	2026-09-13T06:55:19.1394609Z    Compiling log v0.4.29
measure	Build both exact revisions sequentially with the same toolchain	2026-09-13T06:55:19.3358267Z    Compiling quote v1.0.45
measure	Build both exact revisions sequentially with the same toolchain	2026-09-13T06:55:19.3907968Z    Compiling unicode-ident v1.0.24
measure	Build both exact revisions sequentially with the same toolchain	2026-09-13T06:55:19.4540058Z    Compiling find-msvc-tools v0.1.9
measure	Build both exact revisions sequentially with the same toolchain	2026-09-13T06:55:19.4737755Z    Compiling shlex v1.3.0
measure	Build both exact revisions sequentially with the same toolchain	2026-09-13T06:55:19.5767974Z    Compiling cc v1.2.57
measure	Build both exact revisions sequentially with the same toolchain	2026-09-13T06:55:19.5878452Z    Compiling libloading v0.8.9
measure	Build both exact revisions sequentially with the same toolchain	2026-09-13T06:55:19.6248547Z    Compiling libc v0.2.183
measure	Build both exact revisions sequentially with the same toolchain	2026-09-13T06:55:19.7455903Z    Compiling once_cell v1.21.4
measure	Build both exact revisions sequentially with the same toolchain	2026-09-13T06:55:19.9598335Z    Compiling rustix v1.1.4
measure	Build both exact revisions sequentially with the same toolchain	2026-09-13T06:55:20.0407694Z    Compiling linux-raw-sys v0.12.1
measure	Build both exact revisions sequentially with the same toolchain	2026-09-13T06:55:20.2378085Z    Compiling dlib v0.5.3
measure	Build both exact revisions sequentially with the same toolchain	2026-09-13T06:55:20.2878696Z    Compiling smallvec v1.15.2
measure	Build both exact revisions sequentially with the same toolchain	2026-09-13T06:55:20.4878236Z    Compiling wayland-sys v0.31.11
measure	Build both exact revisions sequentially with the same toolchain	2026-09-13T06:55:20.9648314Z    Compiling wayland-backend v0.3.17
measure	Build both exact revisions sequentially with the same toolchain	2026-09-13T06:55:21.0698165Z    Compiling memchr v2.8.0
measure	Build both exact revisions sequentially with the same toolchain	2026-09-13T06:55:21.1628501Z    Compiling scoped-tls v1.0.1
measure	Build both exact revisions sequentially with the same toolchain	2026-09-13T06:55:21.2078567Z    Compiling downcast-rs v1.2.1
measure	Build both exact revisions sequentially with the same toolchain	2026-09-13T06:55:21.2508014Z    Compiling syn v2.0.117
measure	Build both exact revisions sequentially with the same toolchain	2026-09-13T06:55:21.6298538Z    Compiling quick-xml v0.41.0
measure	Build both exact revisions sequentially with the same toolchain	2026-09-13T06:55:21.6678436Z    Compiling wayland-client v0.31.15
measure	Build both exact revisions sequentially with the same toolchain	2026-09-13T06:55:22.5408586Z    Compiling wayland-scanner v0.31.11
measure	Build both exact revisions sequentially with the same toolchain	2026-09-13T06:55:23.0208009Z    Compiling libm v0.2.16
measure	Build both exact revisions sequentially with the same toolchain	2026-09-13T06:55:23.6358147Z    Compiling thiserror v1.0.69
measure	Build both exact revisions sequentially with the same toolchain	2026-09-13T06:55:23.7767994Z    Compiling rustix v0.38.44
measure	Build both exact revisions sequentially with the same toolchain	2026-09-13T06:55:24.0303145Z    Compiling thiserror-impl v1.0.69
measure	Build both exact revisions sequentially with the same toolchain	2026-09-13T06:55:24.1128736Z    Compiling serde_core v1.0.228
measure	Build both exact revisions sequentially with the same toolchain	2026-09-13T06:55:24.2678051Z    Compiling core_maths v0.1.1
measure	Build both exact revisions sequentially with the same toolchain	2026-09-13T06:55:24.3218392Z    Compiling semver v1.0.27
measure	Build both exact revisions sequentially with the same toolchain	2026-09-13T06:55:24.5558261Z    Compiling linux-raw-sys v0.4.15
measure	Build both exact revisions sequentially with the same toolchain	2026-09-13T06:55:24.8848189Z    Compiling cfg_aliases v0.2.1
measure	Build both exact revisions sequentially with the same toolchain	2026-09-13T06:55:24.9068342Z    Compiling bytemuck v1.25.2
measure	Build both exact revisions sequentially with the same toolchain	2026-09-13T06:55:25.1338057Z    Compiling rustc_version v0.4.1
measure	Build both exact revisions sequentially with the same toolchain	2026-09-13T06:55:25.3438023Z    Compiling ttf-parser v0.25.1
measure	Build both exact revisions sequentially with the same toolchain	2026-09-13T06:55:25.3778360Z    Compiling hashbrown v0.16.1
measure	Build both exact revisions sequentially with the same toolchain	2026-09-13T06:55:29.5910994Z    Compiling polling v3.11.0
measure	Build both exact revisions sequentially with the same toolchain	2026-09-13T06:55:29.9118345Z    Compiling equivalent v1.0.2
measure	Build both exact revisions sequentially with the same toolchain	2026-09-13T06:55:29.9438569Z    Compiling foldhash v0.1.5
measure	Build both exact revisions sequentially with the same toolchain	2026-09-13T06:55:30.0988112Z    Compiling as-raw-xcb-connection v1.0.1
measure	Build both exact revisions sequentially with the same toolchain	2026-09-13T06:55:30.1357984Z    Compiling slab v0.4.12
measure	Build both exact revisions sequentially with the same toolchain	2026-09-13T06:55:30.2698159Z    Compiling calloop v0.13.0
measure	Build both exact revisions sequentially with the same toolchain	2026-09-13T06:55:31.3858434Z    Compiling wayland-protocols v0.32.13
measure	Build both exact revisions sequentially with the same toolchain	2026-09-13T06:55:31.4678522Z    Compiling hashbrown v0.15.5
measure	Build both exact revisions sequentially with the same toolchain	2026-09-13T06:55:31.6187927Z    Compiling indexmap v2.13.0
measure	Build both exact revisions sequentially with the same toolchain	2026-09-13T06:55:32.1338121Z    Compiling gethostname v1.1.0
measure	Build both exact revisions sequentially with the same toolchain	2026-09-13T06:55:32.4578091Z    Compiling pathfinder_simd v0.5.5
measure	Build both exact revisions sequentially with the same toolchain	2026-09-13T06:55:32.5365608Z    Compiling aho-corasick v1.1.4
measure	Build both exact revisions sequentially with the same toolchain	2026-09-13T06:55:34.7997339Z    Compiling memmap2 v0.9.11
measure	Build both exact revisions sequentially with the same toolchain	2026-09-13T06:55:35.0478300Z    Compiling freetype-sys v0.20.1
measure	Build both exact revisions sequentially with the same toolchain	2026-09-13T06:55:35.1644086Z    Compiling yeslogic-fontconfig-sys v6.0.0
measure	Build both exact revisions sequentially with the same toolchain	2026-09-13T06:55:35.2568001Z    Compiling strict-num v0.1.1
measure	Build both exact revisions sequentially with the same toolchain	2026-09-13T06:55:35.3408053Z    Compiling simd-adler32 v0.3.8
measure	Build both exact revisions sequentially with the same toolchain	2026-09-13T06:55:35.3878212Z    Compiling smithay-client-toolkit v0.19.2
measure	Build both exact revisions sequentially with the same toolchain	2026-09-13T06:55:35.4628368Z    Compiling xkeysym v0.2.1
measure	Build both exact revisions sequentially with the same toolchain	2026-09-13T06:55:35.5938028Z    Compiling pin-project-lite v0.2.17
measure	Build both exact revisions sequentially with the same toolchain	2026-09-13T06:55:35.6338090Z    Compiling getrandom v0.3.4
measure	Build both exact revisions sequentially with the same toolchain	2026-09-13T06:55:35.7818087Z    Compiling zerocopy v0.8.56
measure	Build both exact revisions sequentially with the same toolchain	2026-09-13T06:55:35.9908390Z    Compiling regex-syntax v0.8.10
measure	Build both exact revisions sequentially with the same toolchain	2026-09-13T06:55:38.0908105Z    Compiling wayland-protocols-wlr v0.3.12
measure	Build both exact revisions sequentially with the same toolchain	2026-09-13T06:55:39.2878189Z    Compiling crc32fast v1.5.0
measure	Build both exact revisions sequentially with the same toolchain	2026-09-13T06:55:39.4063825Z    Compiling x11rb-protocol v0.13.2
measure	Build both exact revisions sequentially with the same toolchain	2026-09-13T06:55:42.9238572Z    Compiling cursor-icon v1.2.0
measure	Build both exact revisions sequentially with the same toolchain	2026-09-13T06:55:42.9818374Z    Compiling arrayref v0.3.9
measure	Build both exact revisions sequentially with the same toolchain	2026-09-13T06:55:43.0007453Z    Compiling xcursor v0.3.11
measure	Build both exact revisions sequentially with the same toolchain	2026-09-13T06:55:43.0138053Z    Compiling fixedbitset v0.5.7
measure	Build both exact revisions sequentially with the same toolchain	2026-09-13T06:55:43.4888523Z    Compiling tracing-core v0.1.36
measure	Build both exact revisions sequentially with the same toolchain	2026-09-13T06:55:43.9498434Z    Compiling thiserror v2.0.18
measure	Build both exact revisions sequentially with the same toolchain	2026-09-13T06:55:44.1338127Z    Compiling version_check v0.9.5
measure	Build both exact revisions sequentially with the same toolchain	2026-09-13T06:55:44.2608444Z    Compiling parking_lot_core v0.9.12
measure	Build both exact revisions sequentially with the same toolchain	2026-09-13T06:55:44.3520266Z    Compiling ahash v0.8.12
measure	Build both exact revisions sequentially with the same toolchain	2026-09-13T06:55:44.4148089Z    Compiling tracing v0.1.44
measure	Build both exact revisions sequentially with the same toolchain	2026-09-13T06:55:44.4390125Z    Compiling petgraph v0.8.3
measure	Build both exact revisions sequentially with the same toolchain	2026-09-13T06:55:44.6148015Z    Compiling wayland-cursor v0.31.14
measure	Build both exact revisions sequentially with the same toolchain	2026-09-13T06:55:45.3737907Z    Compiling tiny-skia-path v0.11.4
measure	Build both exact revisions sequentially with the same toolchain	2026-09-13T06:55:46.6868060Z    Compiling wayland-csd-frame v0.3.0
measure	Build both exact revisions sequentially with the same toolchain	2026-09-13T06:55:46.9868114Z    Compiling regex-automata v0.4.14
measure	Build both exact revisions sequentially with the same toolchain	2026-09-13T06:55:47.0828486Z    Compiling calloop-wayland-source v0.3.0
measure	Build both exact revisions sequentially with the same toolchain	2026-09-13T06:55:47.1727946Z    Compiling owned_ttf_parser v0.25.1
measure	Build both exact revisions sequentially with the same toolchain	2026-09-13T06:55:47.5348205Z    Compiling thiserror-impl v2.0.18
measure	Build both exact revisions sequentially with the same toolchain	2026-09-13T06:55:48.6128111Z    Compiling nom v8.0.0
measure	Build both exact revisions sequentially with the same toolchain	2026-09-13T06:55:52.0408666Z    Compiling x11rb v0.13.2
measure	Build both exact revisions sequentially with the same toolchain	2026-09-13T06:55:53.5408571Z    Compiling x11-dl v2.21.0
measure	Build both exact revisions sequentially with the same toolchain	2026-09-13T06:55:53.6558410Z    Compiling tiny-xlib v0.2.5
measure	Build both exact revisions sequentially with the same toolchain	2026-09-13T06:55:53.7748053Z    Compiling arrayvec v0.7.8
measure	Build both exact revisions sequentially with the same toolchain	2026-09-13T06:55:53.9468519Z    Compiling adler2 v2.0.1
measure	Build both exact revisions sequentially with the same toolchain	2026-09-13T06:55:54.0418036Z    Compiling scopeguard v1.2.0
measure	Build both exact revisions sequentially with the same toolchain	2026-09-13T06:55:54.0858079Z    Compiling ab_glyph_rasterizer v0.1.10
measure	Build both exact revisions sequentially with the same toolchain	2026-09-13T06:55:54.2813417Z    Compiling utf8parse v0.2.2
measure	Build both exact revisions sequentially with the same toolchain	2026-09-13T06:55:54.3318301Z    Compiling option-ext v0.2.0
measure	Build both exact revisions sequentially with the same toolchain	2026-09-13T06:55:54.3708229Z    Compiling dirs-sys v0.5.0
measure	Build both exact revisions sequentially with the same toolchain	2026-09-13T06:55:54.8358133Z    Compiling anstyle-parse v0.2.7
measure	Build both exact revisions sequentially with the same toolchain	2026-09-13T06:55:54.9758064Z    Compiling ab_glyph v0.2.32
measure	Build both exact revisions sequentially with the same toolchain	2026-09-13T06:55:55.3947883Z    Compiling lock_api v0.4.14
measure	Build both exact revisions sequentially with the same toolchain	2026-09-13T06:55:55.5908102Z    Compiling miniz_oxide v0.8.9
measure	Build both exact revisions sequentially with the same toolchain	2026-09-13T06:55:56.2068133Z    Compiling tiny-skia v0.11.4
measure	Build both exact revisions sequentially with the same toolchain	2026-09-13T06:55:57.3507855Z    Compiling tree_magic_mini v3.2.2
measure	Build both exact revisions sequentially with the same toolchain	2026-09-13T06:55:59.9567928Z    Compiling regex v1.12.3
measure	Build both exact revisions sequentially with the same toolchain	2026-09-13T06:56:02.7798100Z    Compiling nix v0.29.0
measure	Build both exact revisions sequentially with the same toolchain	2026-09-13T06:56:03.0388693Z    Compiling winit v0.30.13
measure	Build both exact revisions sequentially with the same toolchain	2026-09-13T06:56:03.2546135Z    Compiling os_pipe v1.2.3
measure	Build both exact revisions sequentially with the same toolchain	2026-09-13T06:56:03.2730705Z    Compiling same-file v1.0.6
measure	Build both exact revisions sequentially with the same toolchain	2026-09-13T06:56:03.3538190Z    Compiling colorchoice v1.0.5
measure	Build both exact revisions sequentially with the same toolchain	2026-09-13T06:56:03.3696872Z    Compiling is_terminal_polyfill v1.70.2
measure	Build both exact revisions sequentially with the same toolchain	2026-09-13T06:56:03.4018156Z    Compiling anstyle v1.0.14
measure	Build both exact revisions sequentially with the same toolchain	2026-09-13T06:56:03.4076059Z    Compiling ctor v0.10.1
measure	Build both exact revisions sequentially with the same toolchain	2026-09-13T06:56:03.4418567Z    Compiling percent-encoding v2.3.2
measure	Build both exact revisions sequentially with the same toolchain	2026-09-13T06:56:03.6205356Z    Compiling serde v1.0.228
measure	Build both exact revisions sequentially with the same toolchain	2026-09-13T06:56:03.6358077Z    Compiling winnow v1.0.0
measure	Build both exact revisions sequentially with the same toolchain	2026-09-13T06:56:03.7698578Z    Compiling anstyle-query v1.1.5
measure	Build both exact revisions sequentially with the same toolchain	2026-09-13T06:56:03.8188089Z    Compiling raw-window-handle v0.6.2
measure	Build both exact revisions sequentially with the same toolchain	2026-09-13T06:56:04.0448265Z    Compiling font-kit v0.14.3
measure	Build both exact revisions sequentially with the same toolchain	2026-09-13T06:56:04.0677911Z    Compiling toml_parser v1.0.10+spec-1.1.0
measure	Build both exact revisions sequentially with the same toolchain	2026-09-13T06:56:04.1308220Z    Compiling anstream v0.6.21
measure	Build both exact revisions sequentially with the same toolchain	2026-09-13T06:56:05.1008081Z    Compiling walkdir v2.5.0
measure	Build both exact revisions sequentially with the same toolchain	2026-09-13T06:56:05.5968731Z    Compiling wl-clipboard-rs v0.9.3
measure	Build both exact revisions sequentially with the same toolchain	2026-09-13T06:56:05.9166183Z    Compiling parking_lot v0.12.5
measure	Build both exact revisions sequentially with the same toolchain	2026-09-13T06:56:06.5369153Z    Compiling flate2 v1.1.9
measure	Build both exact revisions sequentially with the same toolchain	2026-09-13T06:56:06.8510702Z    Compiling pathfinder_geometry v0.5.1
measure	Build both exact revisions sequentially with the same toolchain	2026-09-13T06:56:07.0533351Z    Compiling sctk-adwaita v0.10.1
measure	Build both exact revisions sequentially with the same toolchain	2026-09-13T06:56:07.0726339Z    Compiling env_filter v1.0.0
measure	Build both exact revisions sequentially with the same toolchain	2026-09-13T06:56:08.9669343Z    Compiling dirs v6.0.0
measure	Build both exact revisions sequentially with the same toolchain	2026-09-13T06:56:09.3653309Z    Compiling wayland-protocols-plasma v0.3.12
measure	Build both exact revisions sequentially with the same toolchain	2026-09-13T06:56:11.6558088Z    Compiling xkbcommon-dl v0.4.2
measure	Build both exact revisions sequentially with the same toolchain	2026-09-13T06:56:12.7218007Z    Compiling fdeflate v0.3.7
measure	Build both exact revisions sequentially with the same toolchain	2026-09-13T06:56:13.6848169Z    Compiling toml_datetime v1.0.1+spec-1.1.0
measure	Build both exact revisions sequentially with the same toolchain	2026-09-13T06:56:14.0628013Z    Compiling serde_spanned v1.0.4
measure	Build both exact revisions sequentially with the same toolchain	2026-09-13T06:56:14.1424057Z    Compiling serde_derive v1.0.228
measure	Build both exact revisions sequentially with the same toolchain	2026-09-13T06:56:16.0508123Z    Compiling toml_writer v1.0.7+spec-1.1.0
measure	Build both exact revisions sequentially with the same toolchain	2026-09-13T06:56:16.2539434Z    Compiling unicode-bidi-mirroring v0.4.0
measure	Build both exact revisions sequentially with the same toolchain	2026-09-13T06:56:16.3238100Z    Compiling float-ord v0.3.2
measure	Build both exact revisions sequentially with the same toolchain	2026-09-13T06:56:16.3678249Z    Compiling unicode-properties v0.1.4
measure	Build both exact revisions sequentially with the same toolchain	2026-09-13T06:56:16.5158401Z    Compiling unicode-script v0.5.8
measure	Build both exact revisions sequentially with the same toolchain	2026-09-13T06:56:17.0298118Z    Compiling fastrand v2.5.0
measure	Build both exact revisions sequentially with the same toolchain	2026-09-13T06:56:17.1298048Z    Compiling bitflags v1.3.2
measure	Build both exact revisions sequentially with the same toolchain	2026-09-13T06:56:17.1637156Z    Compiling byteorder v1.5.0
measure	Build both exact revisions sequentially with the same toolchain	2026-09-13T06:56:17.2398470Z    Compiling unicode-ccc v0.4.0
measure	Build both exact revisions sequentially with the same toolchain	2026-09-13T06:56:17.3585214Z    Compiling smol_str v0.2.2
measure	Build both exact revisions sequentially with the same toolchain	2026-09-13T06:56:17.3668040Z    Compiling dpi v0.1.2
measure	Build both exact revisions sequentially with the same toolchain	2026-09-13T06:56:17.5108030Z    Compiling lazy_static v1.5.0
measure	Build both exact revisions sequentially with the same toolchain	2026-09-13T06:56:17.5518125Z    Compiling jiff v0.2.23
measure	Build both exact revisions sequentially with the same toolchain	2026-09-13T06:56:19.6978082Z    Compiling rustybuzz v0.20.1
measure	Build both exact revisions sequentially with the same toolchain	2026-09-13T06:56:20.2774838Z    Compiling softbuffer v0.4.8
measure	Build both exact revisions sequentially with the same toolchain	2026-09-13T06:56:21.4387855Z    Compiling env_logger v0.11.9
measure	Build both exact revisions sequentially with the same toolchain	2026-09-13T06:56:22.5178105Z    Compiling png v0.17.16
measure	Build both exact revisions sequentially with the same toolchain	2026-09-13T06:56:25.8458459Z    Compiling toml v1.0.7+spec-1.1.0
measure	Build both exact revisions sequentially with the same toolchain	2026-09-13T06:56:29.0448029Z    Compiling arboard v3.6.1
measure	Build both exact revisions sequentially with the same toolchain	2026-09-13T06:56:31.0488306Z    Compiling unicode-segmentation v1.13.3
measure	Build both exact revisions sequentially with the same toolchain	2026-09-13T06:56:31.6979711Z    Compiling unicode-width v0.2.2
measure	Build both exact revisions sequentially with the same toolchain	2026-09-13T06:56:31.8988060Z    Compiling base64 v0.22.1
measure	Build both exact revisions sequentially with the same toolchain	2026-09-13T06:56:34.2024699Z    Compiling kokuban v0.2.0 (/home/runner/work/_temp/kokuban-paired-source-after)
measure	Build both exact revisions sequentially with the same toolchain	2026-09-13T06:56:35.4672328Z warning: fields `descent` and `font` are never read
measure	Build both exact revisions sequentially with the same toolchain	2026-09-13T06:56:35.4673292Z   --> src/glyph_atlas.rs:89:9
measure	Build both exact revisions sequentially with the same toolchain	2026-09-13T06:56:35.4674152Z    |
measure	Build both exact revisions sequentially with the same toolchain	2026-09-13T06:56:35.4674694Z 75 | pub struct GlyphAtlas {
measure	Build both exact revisions sequentially with the same toolchain	2026-09-13T06:56:35.4675367Z    |            ---------- fields in this struct
measure	Build both exact revisions sequentially with the same toolchain	2026-09-13T06:56:35.4676137Z ...
measure	Build both exact revisions sequentially with the same toolchain	2026-09-13T06:56:35.4677302Z 89 |     pub descent: f32,
measure	Build both exact revisions sequentially with the same toolchain	2026-09-13T06:56:35.4677740Z    |         ^^^^^^^
measure	Build both exact revisions sequentially with the same toolchain	2026-09-13T06:56:35.4678060Z 90 |     font: Font,
measure	Build both exact revisions sequentially with the same toolchain	2026-09-13T06:56:35.4678438Z    |     ^^^^
measure	Build both exact revisions sequentially with the same toolchain	2026-09-13T06:56:35.4678798Z    |
measure	Build both exact revisions sequentially with the same toolchain	2026-09-13T06:56:35.4679303Z    = note: `#[warn(dead_code)]` (part of `#[warn(unused)]`) on by default
measure	Build both exact revisions sequentially with the same toolchain	2026-09-13T06:56:35.4679857Z 
measure	Build both exact revisions sequentially with the same toolchain	2026-09-13T06:56:35.4680101Z warning: method `clear_and_resize` is never used
measure	Build both exact revisions sequentially with the same toolchain	2026-09-13T06:56:35.4680710Z    --> src/glyph_atlas.rs:225:12
measure	Build both exact revisions sequentially with the same toolchain	2026-09-13T06:56:35.4681155Z     |
measure	Build both exact revisions sequentially with the same toolchain	2026-09-13T06:56:35.4681493Z 107 | impl GlyphAtlas {
measure	Build both exact revisions sequentially with the same toolchain	2026-09-13T06:56:35.4681975Z     | --------------- method in this implementation
measure	Build both exact revisions sequentially with the same toolchain	2026-09-13T06:56:35.4682483Z ...
measure	Build both exact revisions sequentially with the same toolchain	2026-09-13T06:56:35.4683138Z 225 |     pub fn clear_and_resize(&mut self, new_font_size: f32) -> Result<(), GlyphAtlasError> {
measure	Build both exact revisions sequentially with the same toolchain	2026-09-13T06:56:35.4684022Z     |            ^^^^^^^^^^^^^^^^
measure	Build both exact revisions sequentially with the same toolchain	2026-09-13T06:56:35.4684339Z 
measure	Build both exact revisions sequentially with the same toolchain	2026-09-13T06:56:35.4684513Z warning: field `blinking` is never read
measure	Build both exact revisions sequentially with the same toolchain	2026-09-13T06:56:35.4685239Z    --> src/grid/mod.rs:120:9
measure	Build both exact revisions sequentially with the same toolchain	2026-09-13T06:56:35.4685605Z     |
measure	Build both exact revisions sequentially with the same toolchain	2026-09-13T06:56:35.4685913Z 118 | pub struct CursorStyle {
measure	Build both exact revisions sequentially with the same toolchain	2026-09-13T06:56:35.4686335Z     |            ----------- field in this struct
measure	Build both exact revisions sequentially with the same toolchain	2026-09-13T06:56:35.4686808Z 119 |     pub shape: CursorShape,
measure	Build both exact revisions sequentially with the same toolchain	2026-09-13T06:56:35.4687469Z 120 |     pub blinking: bool,
measure	Build both exact revisions sequentially with the same toolchain	2026-09-13T06:56:35.4687872Z     |         ^^^^^^^^
measure	Build both exact revisions sequentially with the same toolchain	2026-09-13T06:56:35.4688202Z     |
measure	Build both exact revisions sequentially with the same toolchain	2026-09-13T06:56:35.4689057Z     = note: `CursorStyle` has derived impls for the traits `Clone` and `Debug`, but these are intentionally ignored during dead code analysis
measure	Build both exact revisions sequentially with the same toolchain	2026-09-13T06:56:35.4689936Z 
measure	Build both exact revisions sequentially with the same toolchain	2026-09-13T06:56:35.4690433Z warning: methods `title_revision`, `scrollback_cell`, `clear_dirty`, and `is_any_dirty` are never used
measure	Build both exact revisions sequentially with the same toolchain	2026-09-13T06:56:35.4691249Z     --> src/grid/mod.rs:367:19
measure	Build both exact revisions sequentially with the same toolchain	2026-09-13T06:56:35.4691620Z      |
measure	Build both exact revisions sequentially with the same toolchain	2026-09-13T06:56:35.4691902Z  230 | impl Grid {
measure	Build both exact revisions sequentially with the same toolchain	2026-09-13T06:56:35.4692276Z      | --------- methods in this implementation
measure	Build both exact revisions sequentially with the same toolchain	2026-09-13T06:56:35.4692717Z ...
measure	Build both exact revisions sequentially with the same toolchain	2026-09-13T06:56:35.4693185Z  367 |     pub(crate) fn title_revision(&self) -> u64 { self.title_revision }
measure	Build both exact revisions sequentially with the same toolchain	2026-09-13T06:56:35.4693551Z      |                   ^^^^^^^^^^^^^^
measure	Build both exact revisions sequentially with the same toolchain	2026-09-13T06:56:35.4693794Z ...
measure	Build both exact revisions sequentially with the same toolchain	2026-09-13T06:56:35.4694067Z  393 |     pub fn scrollback_cell(&self, row: usize, col: usize) -> char {
measure	Build both exact revisions sequentially with the same toolchain	2026-09-13T06:56:35.4694422Z      |            ^^^^^^^^^^^^^^^
measure	Build both exact revisions sequentially with the same toolchain	2026-09-13T06:56:35.4694639Z ...
measure	Build both exact revisions sequentially with the same toolchain	2026-09-13T06:56:35.4694927Z 1507 |     pub fn clear_dirty(&mut self) { for d in &mut self.dirty { *d = false; } }
measure	Build both exact revisions sequentially with the same toolchain	2026-09-13T06:56:35.4695300Z      |            ^^^^^^^^^^^
measure	Build both exact revisions sequentially with the same toolchain	2026-09-13T06:56:35.4695626Z 1508 |     pub fn is_any_dirty(&self) -> bool { self.dirty.iter().any(|&d| d) }
measure	Build both exact revisions sequentially with the same toolchain	2026-09-13T06:56:35.4695979Z      |            ^^^^^^^^^^^^
measure	Build both exact revisions sequentially with the same toolchain	2026-09-13T06:56:35.4696124Z 
measure	Build both exact revisions sequentially with the same toolchain	2026-09-13T06:56:35.4696216Z warning: method `text` is never used
measure	Build both exact revisions sequentially with the same toolchain	2026-09-13T06:56:35.4696474Z   --> src/grid/cell.rs:48:12
measure	Build both exact revisions sequentially with the same toolchain	2026-09-13T06:56:35.4696690Z    |
measure	Build both exact revisions sequentially with the same toolchain	2026-09-13T06:56:35.4696858Z 47 | impl Cell {
measure	Build both exact revisions sequentially with the same toolchain	2026-09-13T06:56:35.4707837Z    | --------- method in this implementation
measure	Build both exact revisions sequentially with the same toolchain	2026-09-13T06:56:35.4708470Z 48 |     pub fn text(&self) -> Cow<'_, str> {
measure	Build both exact revisions sequentially with the same toolchain	2026-09-13T06:56:35.4708932Z    |            ^^^^
measure	Build both exact revisions sequentially with the same toolchain	2026-09-13T06:56:35.4709148Z 
measure	Build both exact revisions sequentially with the same toolchain	2026-09-13T06:56:35.4709306Z warning: field `kind` is never read
measure	Build both exact revisions sequentially with the same toolchain	2026-09-13T06:56:35.4709745Z   --> src/grid/marks.rs:11:9
measure	Build both exact revisions sequentially with the same toolchain	2026-09-13T06:56:35.4710078Z    |
measure	Build both exact revisions sequentially with the same toolchain	2026-09-13T06:56:35.4710273Z 10 | pub struct PromptMark {
measure	Build both exact revisions sequentially with the same toolchain	2026-09-13T06:56:35.4710545Z    |            ---------- field in this struct
measure	Build both exact revisions sequentially with the same toolchain	2026-09-13T06:56:35.4710840Z 11 |     pub kind: PromptMarkKind,
measure	Build both exact revisions sequentially with the same toolchain	2026-09-13T06:56:35.4711090Z    |         ^^^^
measure	Build both exact revisions sequentially with the same toolchain	2026-09-13T06:56:35.4711513Z    |
measure	Build both exact revisions sequentially with the same toolchain	2026-09-13T06:56:35.4712006Z    = note: `PromptMark` has derived impls for the traits `Clone` and `Debug`, but these are intentionally ignored during dead code analysis
measure	Build both exact revisions sequentially with the same toolchain	2026-09-13T06:56:35.4712499Z 
measure	Build both exact revisions sequentially with the same toolchain	2026-09-13T06:56:35.4712771Z warning: methods `prev_prompt`, `next_prompt`, `visible_prompt_rows`, and `is_empty` are never used
measure	Build both exact revisions sequentially with the same toolchain	2026-09-13T06:56:35.4713231Z   --> src/grid/marks.rs:34:12
measure	Build both exact revisions sequentially with the same toolchain	2026-09-13T06:56:35.4713461Z    |
measure	Build both exact revisions sequentially with the same toolchain	2026-09-13T06:56:35.4713643Z 20 | impl MarkIndex {
measure	Build both exact revisions sequentially with the same toolchain	2026-09-13T06:56:35.4713894Z    | -------------- methods in this implementation
measure	Build both exact revisions sequentially with the same toolchain	2026-09-13T06:56:35.4714170Z ...
measure	Build both exact revisions sequentially with the same toolchain	2026-09-13T06:56:35.4714438Z 34 |     pub fn prev_prompt(&self, current_row: usize) -> Option<usize> {
measure	Build both exact revisions sequentially with the same toolchain	2026-09-13T06:56:35.4714789Z    |            ^^^^^^^^^^^
measure	Build both exact revisions sequentially with the same toolchain	2026-09-13T06:56:35.4715006Z ...
measure	Build both exact revisions sequentially with the same toolchain	2026-09-13T06:56:35.4715266Z 48 |     pub fn next_prompt(&self, current_row: usize) -> Option<usize> {
measure	Build both exact revisions sequentially with the same toolchain	2026-09-13T06:56:35.4715603Z    |            ^^^^^^^^^^^
measure	Build both exact revisions sequentially with the same toolchain	2026-09-13T06:56:35.4715803Z ...
measure	Build both exact revisions sequentially with the same toolchain	2026-09-13T06:56:35.4715989Z 58 |     pub fn visible_prompt_rows(
measure	Build both exact revisions sequentially with the same toolchain	2026-09-13T06:56:35.4716237Z    |            ^^^^^^^^^^^^^^^^^^^
measure	Build both exact revisions sequentially with the same toolchain	2026-09-13T06:56:35.4716465Z ...
measure	Build both exact revisions sequentially with the same toolchain	2026-09-13T06:56:35.4716660Z 79 |     pub fn is_empty(&self) -> bool {
measure	Build both exact revisions sequentially with the same toolchain	2026-09-13T06:56:35.4717231Z    |            ^^^^^^^^
measure	Build both exact revisions sequentially with the same toolchain	2026-09-13T06:56:35.4717440Z 
measure	Build both exact revisions sequentially with the same toolchain	2026-09-13T06:56:35.4717567Z warning: struct `KeyBind` is never constructed
measure	Build both exact revisions sequentially with the same toolchain	2026-09-13T06:56:35.4717874Z   --> src/input/keybind.rs:15:12
measure	Build both exact revisions sequentially with the same toolchain	2026-09-13T06:56:35.4718280Z    |
measure	Build both exact revisions sequentially with the same toolchain	2026-09-13T06:56:35.4718458Z 15 | pub struct KeyBind {
measure	Build both exact revisions sequentially with the same toolchain	2026-09-13T06:56:35.4718669Z    |            ^^^^^^^
measure	Build both exact revisions sequentially with the same toolchain	2026-09-13T06:56:35.4718797Z 
measure	Build both exact revisions sequentially with the same toolchain	2026-09-13T06:56:35.4718898Z warning: enum `PaneAction` is never used
measure	Build both exact revisions sequentially with the same toolchain	2026-09-13T06:56:35.4719168Z   --> src/input/keybind.rs:21:10
measure	Build both exact revisions sequentially with the same toolchain	2026-09-13T06:56:35.4719391Z    |
measure	Build both exact revisions sequentially with the same toolchain	2026-09-13T06:56:35.4719573Z 21 | pub enum PaneAction {
measure	Build both exact revisions sequentially with the same toolchain	2026-09-13T06:56:35.4719790Z    |          ^^^^^^^^^^
measure	Build both exact revisions sequentially with the same toolchain	2026-09-13T06:56:35.4719916Z 
measure	Build both exact revisions sequentially with the same toolchain	2026-09-13T06:56:35.4720042Z warning: struct `KeybindMap` is never constructed
measure	Build both exact revisions sequentially with the same toolchain	2026-09-13T06:56:35.4720352Z   --> src/input/keybind.rs:40:12
measure	Build both exact revisions sequentially with the same toolchain	2026-09-13T06:56:35.4720586Z    |
measure	Build both exact revisions sequentially with the same toolchain	2026-09-13T06:56:35.4720765Z 40 | pub struct KeybindMap {
measure	Build both exact revisions sequentially with the same toolchain	2026-09-13T06:56:35.4720989Z    |            ^^^^^^^^^^
measure	Build both exact revisions sequentially with the same toolchain	2026-09-13T06:56:35.4721119Z 
measure	Build both exact revisions sequentially with the same toolchain	2026-09-13T06:56:35.4721288Z warning: associated items `from_config` and `lookup` are never used
measure	Build both exact revisions sequentially with the same toolchain	2026-09-13T06:56:35.4721645Z   --> src/input/keybind.rs:45:12
measure	Build both exact revisions sequentially with the same toolchain	2026-09-13T06:56:35.4721867Z    |
measure	Build both exact revisions sequentially with the same toolchain	2026-09-13T06:56:35.4722040Z 44 | impl KeybindMap {
measure	Build both exact revisions sequentially with the same toolchain	2026-09-13T06:56:35.4722310Z    | --------------- associated items in this implementation
measure	Build both exact revisions sequentially with the same toolchain	2026-09-13T06:56:35.4722677Z 45 |     pub fn from_config(config: &KeybindConfig) -> Self {
measure	Build both exact revisions sequentially with the same toolchain	2026-09-13T06:56:35.4722982Z    |            ^^^^^^^^^^^
measure	Build both exact revisions sequentially with the same toolchain	2026-09-13T06:56:35.4723182Z ...
measure	Build both exact revisions sequentially with the same toolchain	2026-09-13T06:56:35.4723498Z 74 |     pub fn lookup(&self, key_code: u16, modifiers: KeyModifiers) -> Option<PaneAction> {
measure	Build both exact revisions sequentially with the same toolchain	2026-09-13T06:56:35.4723916Z    |            ^^^^^^
measure	Build both exact revisions sequentially with the same toolchain	2026-09-13T06:56:35.4724043Z 
measure	Build both exact revisions sequentially with the same toolchain	2026-09-13T06:56:35.4724158Z warning: function `parse_keybind` is never used
measure	Build both exact revisions sequentially with the same toolchain	2026-09-13T06:56:35.4724461Z   --> src/input/keybind.rs:84:4
measure	Build both exact revisions sequentially with the same toolchain	2026-09-13T06:56:35.4724686Z    |
measure	Build both exact revisions sequentially with the same toolchain	2026-09-13T06:56:35.4724900Z 84 | fn parse_keybind(s: &str) -> Option<KeyBind> {
measure	Build both exact revisions sequentially with the same toolchain	2026-09-13T06:56:35.4725182Z    |    ^^^^^^^^^^^^^
measure	Build both exact revisions sequentially with the same toolchain	2026-09-13T06:56:35.4725301Z 
measure	Build both exact revisions sequentially with the same toolchain	2026-09-13T06:56:35.4725422Z warning: function `key_name_to_code` is never used
measure	Build both exact revisions sequentially with the same toolchain	2026-09-13T06:56:35.4725720Z    --> src/input/keybind.rs:103:4
measure	Build both exact revisions sequentially with the same toolchain	2026-09-13T06:56:35.4725951Z     |
measure	Build both exact revisions sequentially with the same toolchain	2026-09-13T06:56:35.4726175Z 103 | fn key_name_to_code(name: &str) -> Option<u16> {
measure	Build both exact revisions sequentially with the same toolchain	2026-09-13T06:56:35.4726462Z     |    ^^^^^^^^^^^^^^^^
measure	Build both exact revisions sequentially with the same toolchain	2026-09-13T06:56:35.4726596Z 
measure	Build both exact revisions sequentially with the same toolchain	2026-09-13T06:56:35.4726748Z warning: type alias `PaneId` is never used
measure	Build both exact revisions sequentially with the same toolchain	2026-09-13T06:56:35.4727301Z  --> src/layout.rs:5:10
measure	Build both exact revisions sequentially with the same toolchain	2026-09-13T06:56:35.4727515Z   |
measure	Build both exact revisions sequentially with the same toolchain	2026-09-13T06:56:35.4727692Z 5 | pub type PaneId = u64;
measure	Build both exact revisions sequentially with the same toolchain	2026-09-13T06:56:35.4727909Z   |          ^^^^^^
measure	Build both exact revisions sequentially with the same toolchain	2026-09-13T06:56:35.4728027Z 
measure	Build both exact revisions sequentially with the same toolchain	2026-09-13T06:56:35.4728145Z warning: constant `DIVIDER_THICKNESS` is never used
measure	Build both exact revisions sequentially with the same toolchain	2026-09-13T06:56:35.4728437Z  --> src/layout.rs:7:11
measure	Build both exact revisions sequentially with the same toolchain	2026-09-13T06:56:35.4728781Z   |
measure	Build both exact revisions sequentially with the same toolchain	2026-09-13T06:56:35.4728974Z 7 | pub const DIVIDER_THICKNESS: f32 = 6.0;
measure	Build both exact revisions sequentially with the same toolchain	2026-09-13T06:56:35.4729244Z   |           ^^^^^^^^^^^^^^^^^
measure	Build both exact revisions sequentially with the same toolchain	2026-09-13T06:56:35.4729383Z 
measure	Build both exact revisions sequentially with the same toolchain	2026-09-13T06:56:35.4729501Z warning: enum `SplitDirection` is never used
measure	Build both exact revisions sequentially with the same toolchain	2026-09-13T06:56:35.4729783Z   --> src/layout.rs:10:10
measure	Build both exact revisions sequentially with the same toolchain	2026-09-13T06:56:35.4729987Z    |
measure	Build both exact revisions sequentially with the same toolchain	2026-09-13T06:56:35.4730174Z 10 | pub enum SplitDirection {
measure	Build both exact revisions sequentially with the same toolchain	2026-09-13T06:56:35.4730412Z    |          ^^^^^^^^^^^^^^
measure	Build both exact revisions sequentially with the same toolchain	2026-09-13T06:56:35.4730553Z 
measure	Build both exact revisions sequentially with the same toolchain	2026-09-13T06:56:35.4730670Z warning: struct `PixelRect` is never constructed
measure	Build both exact revisions sequentially with the same toolchain	2026-09-13T06:56:35.4730956Z   --> src/layout.rs:16:12
measure	Build both exact revisions sequentially with the same toolchain	2026-09-13T06:56:35.4731159Z    |
measure	Build both exact revisions sequentially with the same toolchain	2026-09-13T06:56:35.4731350Z 16 | pub struct PixelRect {
measure	Build both exact revisions sequentially with the same toolchain	2026-09-13T06:56:35.4731565Z    |            ^^^^^^^^^
measure	Build both exact revisions sequentially with the same toolchain	2026-09-13T06:56:35.4731690Z 
measure	Build both exact revisions sequentially with the same toolchain	2026-09-13T06:56:35.4731880Z warning: associated items `ZERO`, `split`, and `contains` are never used
measure	Build both exact revisions sequentially with the same toolchain	2026-09-13T06:56:35.4732239Z   --> src/layout.rs:24:15
measure	Build both exact revisions sequentially with the same toolchain	2026-09-13T06:56:35.4732440Z    |
measure	Build both exact revisions sequentially with the same toolchain	2026-09-13T06:56:35.4732610Z 23 | impl PixelRect {
measure	Build both exact revisions sequentially with the same toolchain	2026-09-13T06:56:35.4732874Z    | -------------- associated items in this implementation
measure	Build both exact revisions sequentially with the same toolchain	2026-09-13T06:56:35.4733190Z 24 |     pub const ZERO: Self = Self {
measure	Build both exact revisions sequentially with the same toolchain	2026-09-13T06:56:35.4733435Z    |               ^^^^
measure	Build both exact revisions sequentially with the same toolchain	2026-09-13T06:56:35.4733625Z ...
measure	Build both exact revisions sequentially with the same toolchain	2026-09-13T06:56:35.4733972Z 31 |     pub fn split(self, direction: SplitDirection, ratio: f32) -> (PixelRect, PixelRect) {
measure	Build both exact revisions sequentially with the same toolchain	2026-09-13T06:56:35.4734382Z    |            ^^^^^
measure	Build both exact revisions sequentially with the same toolchain	2026-09-13T06:56:35.4734694Z ...
measure	Build both exact revisions sequentially with the same toolchain	2026-09-13T06:56:35.4734903Z 69 |     pub fn contains(&self, x: f32, y: f32) -> bool {
measure	Build both exact revisions sequentially with the same toolchain	2026-09-13T06:56:35.4735196Z    |            ^^^^^^^^
measure	Build both exact revisions sequentially with the same toolchain	2026-09-13T06:56:35.4735321Z 
measure	Build both exact revisions sequentially with the same toolchain	2026-09-13T06:56:35.4735444Z warning: struct `DividerInfo` is never constructed
measure	Build both exact revisions sequentially with the same toolchain	2026-09-13T06:56:35.4735736Z   --> src/layout.rs:75:12
measure	Build both exact revisions sequentially with the same toolchain	2026-09-13T06:56:35.4735936Z    |
measure	Build both exact revisions sequentially with the same toolchain	2026-09-13T06:56:35.4736116Z 75 | pub struct DividerInfo {
measure	Build both exact revisions sequentially with the same toolchain	2026-09-13T06:56:35.4736339Z    |            ^^^^^^^^^^^
measure	Build both exact revisions sequentially with the same toolchain	2026-09-13T06:56:35.4736475Z 
measure	Build both exact revisions sequentially with the same toolchain	2026-09-13T06:56:35.4736593Z warning: function `compute_layout` is never used
measure	Build both exact revisions sequentially with the same toolchain	2026-09-13T06:56:35.4736885Z   --> src/layout.rs:84:8
measure	Build both exact revisions sequentially with the same toolchain	2026-09-13T06:56:35.4737316Z    |
measure	Build both exact revisions sequentially with the same toolchain	2026-09-13T06:56:35.4737492Z 84 | pub fn compute_layout(
measure	Build both exact revisions sequentially with the same toolchain	2026-09-13T06:56:35.4737704Z    |        ^^^^^^^^^^^^^^
measure	Build both exact revisions sequentially with the same toolchain	2026-09-13T06:56:35.4737836Z 
measure	Build both exact revisions sequentially with the same toolchain	2026-09-13T06:56:35.4737952Z warning: function `node_contains` is never used
measure	Build both exact revisions sequentially with the same toolchain	2026-09-13T06:56:35.4738241Z    --> src/layout.rs:131:4
measure	Build both exact revisions sequentially with the same toolchain	2026-09-13T06:56:35.4738445Z     |
measure	Build both exact revisions sequentially with the same toolchain	2026-09-13T06:56:35.4738688Z 131 | fn node_contains(node: &PaneNode, id: PaneId) -> bool {
measure	Build both exact revisions sequentially with the same toolchain	2026-09-13T06:56:35.4738996Z     |    ^^^^^^^^^^^^^
measure	Build both exact revisions sequentially with the same toolchain	2026-09-13T06:56:35.4739121Z 
measure	Build both exact revisions sequentially with the same toolchain	2026-09-13T06:56:35.4739223Z warning: enum `PaneNode` is never used
measure	Build both exact revisions sequentially with the same toolchain	2026-09-13T06:56:35.4739482Z  --> src/layout/tree.rs:3:10
measure	Build both exact revisions sequentially with the same toolchain	2026-09-13T06:56:35.4739693Z   |
measure	Build both exact revisions sequentially with the same toolchain	2026-09-13T06:56:35.4739862Z 3 | pub enum PaneNode {
measure	Build both exact revisions sequentially with the same toolchain	2026-09-13T06:56:35.4740070Z   |          ^^^^^^^^
measure	Build both exact revisions sequentially with the same toolchain	2026-09-13T06:56:35.4740194Z 
measure	Build both exact revisions sequentially with the same toolchain	2026-09-13T06:56:35.4740598Z warning: associated items `split_leaf`, `remove_leaf`, `adjust_ratio`, `contains`, `collect_leaf_ids`, and `is_single_leaf` are never used
measure	Build both exact revisions sequentially with the same toolchain	2026-09-13T06:56:35.4741180Z    --> src/layout/tree.rs:16:12
measure	Build both exact revisions sequentially with the same toolchain	2026-09-13T06:56:35.4741409Z     |
measure	Build both exact revisions sequentially with the same toolchain	2026-09-13T06:56:35.4741589Z  13 | impl PaneNode {
measure	Build both exact revisions sequentially with the same toolchain	2026-09-13T06:56:35.4741845Z     | ------------- associated items in this implementation
measure	Build both exact revisions sequentially with the same toolchain	2026-09-13T06:56:35.4742145Z ...
measure	Build both exact revisions sequentially with the same toolchain	2026-09-13T06:56:35.4742324Z  16 |     pub fn split_leaf(
measure	Build both exact revisions sequentially with the same toolchain	2026-09-13T06:56:35.4742550Z     |            ^^^^^^^^^^
measure	Build both exact revisions sequentially with the same toolchain	2026-09-13T06:56:35.4742757Z ...
measure	Build both exact revisions sequentially with the same toolchain	2026-09-13T06:56:35.4742999Z  44 |     pub fn remove_leaf(&mut self, target_id: PaneId) -> bool {
measure	Build both exact revisions sequentially with the same toolchain	2026-09-13T06:56:35.4743323Z     |            ^^^^^^^^^^^
measure	Build both exact revisions sequentially with the same toolchain	2026-09-13T06:56:35.4743532Z ...
measure	Build both exact revisions sequentially with the same toolchain	2026-09-13T06:56:35.4743809Z  72 |     pub fn adjust_ratio(&mut self, target_id: PaneId, delta: f32) -> bool {
measure	Build both exact revisions sequentially with the same toolchain	2026-09-13T06:56:35.4744178Z     |            ^^^^^^^^^^^^
measure	Build both exact revisions sequentially with the same toolchain	2026-09-13T06:56:35.4744387Z ...
measure	Build both exact revisions sequentially with the same toolchain	2026-09-13T06:56:35.4744626Z 104 |     pub fn contains(node: &PaneNode, id: PaneId) -> bool {
measure	Build both exact revisions sequentially with the same toolchain	2026-09-13T06:56:35.4744947Z     |            ^^^^^^^^
measure	Build both exact revisions sequentially with the same toolchain	2026-09-13T06:56:35.4745143Z ...
measure	Build both exact revisions sequentially with the same toolchain	2026-09-13T06:56:35.4745504Z 113 |     pub fn collect_leaf_ids(&self, out: &mut Vec<PaneId>) {
measure	Build both exact revisions sequentially with the same toolchain	2026-09-13T06:56:35.4745820Z     |            ^^^^^^^^^^^^^^^^
measure	Build both exact revisions sequentially with the same toolchain	2026-09-13T06:56:35.4746033Z ...
measure	Build both exact revisions sequentially with the same toolchain	2026-09-13T06:56:35.4746229Z 123 |     pub fn is_single_leaf(&self) -> bool {
measure	Build both exact revisions sequentially with the same toolchain	2026-09-13T06:56:35.4746500Z     |            ^^^^^^^^^^^^^^
measure	Build both exact revisions sequentially with the same toolchain	2026-09-13T06:56:35.4746647Z 
measure	Build both exact revisions sequentially with the same toolchain	2026-09-13T06:56:35.4746744Z warning: enum `Action` is never used
measure	Build both exact revisions sequentially with the same toolchain	2026-09-13T06:56:35.4747233Z  --> src/parser/mod.rs:6:10
measure	Build both exact revisions sequentially with the same toolchain	2026-09-13T06:56:35.4747446Z   |
measure	Build both exact revisions sequentially with the same toolchain	2026-09-13T06:56:35.4747611Z 6 | pub enum Action {
measure	Build both exact revisions sequentially with the same toolchain	2026-09-13T06:56:35.4747809Z   |          ^^^^^^
measure	Build both exact revisions sequentially with the same toolchain	2026-09-13T06:56:35.4747921Z 
measure	Build both exact revisions sequentially with the same toolchain	2026-09-13T06:56:35.4748017Z warning: method `feed` is never used
measure	Build both exact revisions sequentially with the same toolchain	2026-09-13T06:56:35.4748274Z    --> src/parser/ansi.rs:113:12
measure	Build both exact revisions sequentially with the same toolchain	2026-09-13T06:56:35.4748496Z     |
measure	Build both exact revisions sequentially with the same toolchain	2026-09-13T06:56:35.4748664Z  77 | impl Parser {
measure	Build both exact revisions sequentially with the same toolchain	2026-09-13T06:56:35.4748886Z     | ----------- method in this implementation
measure	Build both exact revisions sequentially with the same toolchain	2026-09-13T06:56:35.4749150Z ...
measure	Build both exact revisions sequentially with the same toolchain	2026-09-13T06:56:35.4749382Z 113 |     pub fn feed(&mut self, input: &[u8], grid: &mut Grid) {
measure	Build both exact revisions sequentially with the same toolchain	2026-09-13T06:56:35.4749691Z     |            ^^^^
measure	Build both exact revisions sequentially with the same toolchain	2026-09-13T06:56:35.4749808Z 
measure	Build both exact revisions sequentially with the same toolchain	2026-09-13T06:56:35.4749946Z warning: methods `master_fd` and `resize` are never used
measure	Build both exact revisions sequentially with the same toolchain	2026-09-13T06:56:35.4750255Z    --> src/pty/unix.rs:178:12
measure	Build both exact revisions sequentially with the same toolchain	2026-09-13T06:56:35.4750469Z     |
measure	Build both exact revisions sequentially with the same toolchain	2026-09-13T06:56:35.4750636Z  35 | impl Pty {
measure	Build both exact revisions sequentially with the same toolchain	2026-09-13T06:56:35.4750852Z     | -------- methods in this implementation
measure	Build both exact revisions sequentially with the same toolchain	2026-09-13T06:56:35.4751245Z ...
measure	Build both exact revisions sequentially with the same toolchain	2026-09-13T06:56:35.4751439Z 178 |     pub fn master_fd(&self) -> RawFd {
measure	Build both exact revisions sequentially with the same toolchain	2026-09-13T06:56:35.4751699Z     |            ^^^^^^^^^
measure	Build both exact revisions sequentially with the same toolchain	2026-09-13T06:56:35.4751899Z ...
measure	Build both exact revisions sequentially with the same toolchain	2026-09-13T06:56:35.4752239Z 243 |     pub fn resize(&self, cols: u16, rows: u16) -> std::io::Result<()> {
measure	Build both exact revisions sequentially with the same toolchain	2026-09-13T06:56:35.4752590Z     |            ^^^^^^
measure	Build both exact revisions sequentially with the same toolchain	2026-09-13T06:56:35.4752716Z 
measure	Build both exact revisions sequentially with the same toolchain	2026-09-13T06:56:35.4752851Z warning: struct `PaneRenderData` is never constructed
measure	Build both exact revisions sequentially with the same toolchain	2026-09-13T06:56:35.4753158Z  --> src/render_scene.rs:5:12
measure	Build both exact revisions sequentially with the same toolchain	2026-09-13T06:56:35.4753377Z   |
measure	Build both exact revisions sequentially with the same toolchain	2026-09-13T06:56:35.4753558Z 5 | pub struct PaneRenderData<'a> {
measure	Build both exact revisions sequentially with the same toolchain	2026-09-13T06:56:35.4753812Z   |            ^^^^^^^^^^^^^^
measure	Build both exact revisions sequentially with the same toolchain	2026-09-13T06:56:35.4753959Z 
measure	Build both exact revisions sequentially with the same toolchain	2026-09-13T06:56:35.4754102Z warning: struct `ConfirmOverlayInfo` is never constructed
measure	Build both exact revisions sequentially with the same toolchain	2026-09-13T06:56:35.4754425Z   --> src/render_scene.rs:16:12
measure	Build both exact revisions sequentially with the same toolchain	2026-09-13T06:56:35.4754643Z    |
measure	Build both exact revisions sequentially with the same toolchain	2026-09-13T06:56:35.4754836Z 16 | pub struct ConfirmOverlayInfo {
measure	Build both exact revisions sequentially with the same toolchain	2026-09-13T06:56:35.4755088Z    |            ^^^^^^^^^^^^^^^^^^
measure	Build both exact revisions sequentially with the same toolchain	2026-09-13T06:56:35.4755243Z 
measure	Build both exact revisions sequentially with the same toolchain	2026-09-13T06:56:35.4755368Z warning: struct `ChromeColors` is never constructed
measure	Build both exact revisions sequentially with the same toolchain	2026-09-13T06:56:35.4755666Z   --> src/render_scene.rs:23:12
measure	Build both exact revisions sequentially with the same toolchain	2026-09-13T06:56:35.4755882Z    |
measure	Build both exact revisions sequentially with the same toolchain	2026-09-13T06:56:35.4756063Z 23 | pub struct ChromeColors {
measure	Build both exact revisions sequentially with the same toolchain	2026-09-13T06:56:35.4756288Z    |            ^^^^^^^^^^^^
measure	Build both exact revisions sequentially with the same toolchain	2026-09-13T06:56:35.4756428Z 
measure	Build both exact revisions sequentially with the same toolchain	2026-09-13T06:56:35.4756562Z warning: methods `contains` and `get_text` are never used
measure	Build both exact revisions sequentially with the same toolchain	2026-09-13T06:56:35.4757120Z    --> src/selection.rs:85:12
measure	Build both exact revisions sequentially with the same toolchain	2026-09-13T06:56:35.4757391Z     |
measure	Build both exact revisions sequentially with the same toolchain	2026-09-13T06:56:35.4757579Z  32 | impl SelectionState {
measure	Build both exact revisions sequentially with the same toolchain	2026-09-13T06:56:35.4757848Z     | ------------------- methods in this implementation
measure	Build both exact revisions sequentially with the same toolchain	2026-09-13T06:56:35.4758123Z ...
measure	Build both exact revisions sequentially with the same toolchain	2026-09-13T06:56:35.4758293Z  85 |     pub fn contains(
measure	Build both exact revisions sequentially with the same toolchain	2026-09-13T06:56:35.4758503Z     |            ^^^^^^^^
measure	Build both exact revisions sequentially with the same toolchain	2026-09-13T06:56:35.4758697Z ...
measure	Build both exact revisions sequentially with the same toolchain	2026-09-13T06:56:35.4758908Z 145 |     pub fn get_text(&self, grid: &Grid) -> String {
measure	Build both exact revisions sequentially with the same toolchain	2026-09-13T06:56:35.4759194Z     |            ^^^^^^^^
measure	Build both exact revisions sequentially with the same toolchain	2026-09-13T06:56:35.4759324Z 
measure	Build both exact revisions sequentially with the same toolchain	2026-09-13T06:56:35.4759492Z warning: variant `UnexpectedProtocolEvent` is never constructed
measure	Build both exact revisions sequentially with the same toolchain	2026-09-13T06:56:35.4759839Z   --> src/terminal_reader.rs:53:5
measure	Build both exact revisions sequentially with the same toolchain	2026-09-13T06:56:35.4760076Z    |
measure	Build both exact revisions sequentially with the same toolchain	2026-09-13T06:56:35.4760254Z 45 | pub(crate) enum ReaderExit {
measure	Build both exact revisions sequentially with the same toolchain	2026-09-13T06:56:35.4760512Z    |                 ---------- variant in this enum
measure	Build both exact revisions sequentially with the same toolchain	2026-09-13T06:56:35.4760775Z ...
measure	Build both exact revisions sequentially with the same toolchain	2026-09-13T06:56:35.4760955Z 53 |     UnexpectedProtocolEvent,
measure	Build both exact revisions sequentially with the same toolchain	2026-09-13T06:56:35.4761192Z    |     ^^^^^^^^^^^^^^^^^^^^^^^
measure	Build both exact revisions sequentially with the same toolchain	2026-09-13T06:56:35.4761403Z    |
measure	Build both exact revisions sequentially with the same toolchain	2026-09-13T06:56:35.4761832Z    = note: `ReaderExit` has a derived impl for the trait `Debug`, but this is intentionally ignored during dead code analysis
measure	Build both exact revisions sequentially with the same toolchain	2026-09-13T06:56:35.4762414Z 
measure	Build both exact revisions sequentially with the same toolchain	2026-09-13T06:56:35.4762618Z warning: associated functions `spawn_text` and `spawn_with_io` are never used
measure	Build both exact revisions sequentially with the same toolchain	2026-09-13T06:56:35.4763010Z    --> src/terminal_reader.rs:64:19
measure	Build both exact revisions sequentially with the same toolchain	2026-09-13T06:56:35.4763248Z     |
measure	Build both exact revisions sequentially with the same toolchain	2026-09-13T06:56:35.4763428Z  63 | impl TerminalReader {
measure	Build both exact revisions sequentially with the same toolchain	2026-09-13T06:56:35.4763719Z     | ------------------- associated functions in this implementation
measure	Build both exact revisions sequentially with the same toolchain	2026-09-13T06:56:35.4764074Z  64 |     pub(crate) fn spawn_text<U, X>(
measure	Build both exact revisions sequentially with the same toolchain	2026-09-13T06:56:35.4764331Z     |                   ^^^^^^^^^^
measure	Build both exact revisions sequentially with the same toolchain	2026-09-13T06:56:35.4764589Z ...
measure	Build both exact revisions sequentially with the same toolchain	2026-09-13T06:56:35.4764764Z 111 |     fn spawn_with_io<I, U, X>(
measure	Build both exact revisions sequentially with the same toolchain	2026-09-13T06:56:35.4765000Z     |        ^^^^^^^^^^^^^
measure	Build both exact revisions sequentially with the same toolchain	2026-09-13T06:56:35.4765135Z 
measure	Build both exact revisions sequentially with the same toolchain	2026-09-13T06:56:35.4765246Z warning: struct `Vertex` is never constructed
measure	Build both exact revisions sequentially with the same toolchain	2026-09-13T06:56:35.4765524Z   --> src/renderer/mod.rs:21:12
measure	Build both exact revisions sequentially with the same toolchain	2026-09-13T06:56:35.4765750Z    |
measure	Build both exact revisions sequentially with the same toolchain	2026-09-13T06:56:35.4765922Z 21 | pub struct Vertex {
measure	Build both exact revisions sequentially with the same toolchain	2026-09-13T06:56:35.4766135Z    |            ^^^^^^
measure	Build both exact revisions sequentially with the same toolchain	2026-09-13T06:56:35.4766255Z 
measure	Build both exact revisions sequentially with the same toolchain	2026-09-13T06:56:35.4766377Z warning: associated function `new` is never used
measure	Build both exact revisions sequentially with the same toolchain	2026-09-13T06:56:35.4766667Z   --> src/renderer/mod.rs:29:12
measure	Build both exact revisions sequentially with the same toolchain	2026-09-13T06:56:35.4767097Z    |
measure	Build both exact revisions sequentially with the same toolchain	2026-09-13T06:56:35.4767302Z 28 | impl Vertex {
measure	Build both exact revisions sequentially with the same toolchain	2026-09-13T06:56:35.4767548Z    | ----------- associated function in this implementation
measure	Build both exact revisions sequentially with the same toolchain	2026-09-13T06:56:35.4767939Z 29 |     pub fn new(x: f32, y: f32, u: f32, v: f32, fg: u32, bg: u32) -> Self {
measure	Build both exact revisions sequentially with the same toolchain	2026-09-13T06:56:35.4768406Z    |            ^^^
measure	Build both exact revisions sequentially with the same toolchain	2026-09-13T06:56:35.4768526Z 
measure	Build both exact revisions sequentially with the same toolchain	2026-09-13T06:56:35.4768648Z warning: function `box_drawing_lines` is never used
measure	Build both exact revisions sequentially with the same toolchain	2026-09-13T06:56:35.4768950Z  --> src/renderer/box_drawing.rs:4:8
measure	Build both exact revisions sequentially with the same toolchain	2026-09-13T06:56:35.4769185Z   |
measure	Build both exact revisions sequentially with the same toolchain	2026-09-13T06:56:35.4769494Z 4 | pub fn box_drawing_lines(c: char, w: f32, h: f32) -> Option<Vec<(f32, f32, f32, f32)>> {
measure	Build both exact revisions sequentially with the same toolchain	2026-09-13T06:56:35.4769888Z   |        ^^^^^^^^^^^^^^^^^
measure	Build both exact revisions sequentially with the same toolchain	2026-09-13T06:56:35.4770031Z 
measure	Build both exact revisions sequentially with the same toolchain	2026-09-13T06:56:35.4770142Z warning: function `is_box_drawing` is never used
measure	Build both exact revisions sequentially with the same toolchain	2026-09-13T06:56:35.4770442Z    --> src/renderer/box_drawing.rs:124:8
measure	Build both exact revisions sequentially with the same toolchain	2026-09-13T06:56:35.4770686Z     |
measure	Build both exact revisions sequentially with the same toolchain	2026-09-13T06:56:35.4770888Z 124 | pub fn is_box_drawing(c: char) -> bool {
measure	Build both exact revisions sequentially with the same toolchain	2026-09-13T06:56:35.4771154Z     |        ^^^^^^^^^^^^^^
measure	Build both exact revisions sequentially with the same toolchain	2026-09-13T06:56:35.4771290Z 
measure	Build both exact revisions sequentially with the same toolchain	2026-09-13T06:56:35.4771401Z warning: function `is_braille` is never used
measure	Build both exact revisions sequentially with the same toolchain	2026-09-13T06:56:35.4771678Z  --> src/renderer/braille.rs:2:8
measure	Build both exact revisions sequentially with the same toolchain	2026-09-13T06:56:35.4771909Z   |
measure	Build both exact revisions sequentially with the same toolchain	2026-09-13T06:56:35.4772095Z 2 | pub fn is_braille(c: char) -> bool {
measure	Build both exact revisions sequentially with the same toolchain	2026-09-13T06:56:35.4772339Z   |        ^^^^^^^^^^
measure	Build both exact revisions sequentially with the same toolchain	2026-09-13T06:56:35.4772463Z 
measure	Build both exact revisions sequentially with the same toolchain	2026-09-13T06:56:35.4772570Z warning: function `braille_dots` is never used
measure	Build both exact revisions sequentially with the same toolchain	2026-09-13T06:56:35.4772854Z   --> src/renderer/braille.rs:12:8
measure	Build both exact revisions sequentially with the same toolchain	2026-09-13T06:56:35.4773085Z    |
measure	Build both exact revisions sequentially with the same toolchain	2026-09-13T06:56:35.4773294Z 12 | pub fn braille_dots(c: char) -> Vec<(u8, u8)> {
measure	Build both exact revisions sequentially with the same toolchain	2026-09-13T06:56:35.4773577Z    |        ^^^^^^^^^^^^
measure	Build both exact revisions sequentially with the same toolchain	2026-09-13T06:56:35.4773711Z 
measure	Build both exact revisions sequentially with the same toolchain	2026-09-13T06:56:35.4773837Z warning: variant `Unsupported` is never constructed
measure	Build both exact revisions sequentially with the same toolchain	2026-09-13T06:56:35.4774162Z   --> src/renderer/image_animation.rs:20:5
measure	Build both exact revisions sequentially with the same toolchain	2026-09-13T06:56:35.4774411Z    |
measure	Build both exact revisions sequentially with the same toolchain	2026-09-13T06:56:35.4774591Z 19 | pub enum AnimationError {
measure	Build both exact revisions sequentially with the same toolchain	2026-09-13T06:56:35.4774843Z    |          -------------- variant in this enum
measure	Build both exact revisions sequentially with the same toolchain	2026-09-13T06:56:35.4775113Z 20 |     Unsupported,
measure	Build both exact revisions sequentially with the same toolchain	2026-09-13T06:56:35.4775308Z    |     ^^^^^^^^^^^
measure	Build both exact revisions sequentially with the same toolchain	2026-09-13T06:56:35.4775490Z    |
measure	Build both exact revisions sequentially with the same toolchain	2026-09-13T06:56:35.4775986Z    = note: `AnimationError` has derived impls for the traits `Debug` and `Clone`, but these are intentionally ignored during dead code analysis
measure	Build both exact revisions sequentially with the same toolchain	2026-09-13T06:56:35.4776495Z 
measure	Build both exact revisions sequentially with the same toolchain	2026-09-13T06:56:44.3547408Z warning: `kokuban` (bin "kokuban") generated 39 warnings
measure	Build both exact revisions sequentially with the same toolchain	2026-09-13T06:56:44.3548147Z     Finished `release` profile [optimized] target(s) in 1m 25s
measure	Measure five alternating pairs in one native Wayland session	﻿2026-09-13T06:56:44.5177312Z ##[group]Run evidence_directory="$RUNNER_TEMP/kokuban-paired-evidence"
measure	Measure five alternating pairs in one native Wayland session	2026-09-13T06:56:44.5177942Z [36;1mevidence_directory="$RUNNER_TEMP/kokuban-paired-evidence"[0m
measure	Measure five alternating pairs in one native Wayland session	2026-09-13T06:56:44.5178323Z [36;1mexport XDG_RUNTIME_DIR[0m
measure	Measure five alternating pairs in one native Wayland session	2026-09-13T06:56:44.5178771Z [36;1mXDG_RUNTIME_DIR="$(mktemp -d)"[0m
measure	Measure five alternating pairs in one native Wayland session	2026-09-13T06:56:44.5179122Z [36;1mexport WAYLAND_DISPLAY=wayland-kokuban-paired[0m
measure	Measure five alternating pairs in one native Wayland session	2026-09-13T06:56:44.5179463Z [36;1munset DISPLAY WAYLAND_SOCKET[0m
measure	Measure five alternating pairs in one native Wayland session	2026-09-13T06:56:44.5179810Z [36;1mweston --backend=headless-backend.so --use-pixman \[0m
measure	Measure five alternating pairs in one native Wayland session	2026-09-13T06:56:44.5180272Z [36;1m  --socket="$WAYLAND_DISPLAY" --idle-time=0 --width=1280 --height=900 \[0m
measure	Measure five alternating pairs in one native Wayland session	2026-09-13T06:56:44.5180714Z [36;1m  --log="$evidence_directory/weston.log" &[0m
measure	Measure five alternating pairs in one native Wayland session	2026-09-13T06:56:44.5181016Z [36;1mweston_pid=$![0m
measure	Measure five alternating pairs in one native Wayland session	2026-09-13T06:56:44.5181406Z [36;1mtrap 'kill "$weston_pid" 2>/dev/null || true; wait "$weston_pid" 2>/dev/null || true' EXIT[0m
measure	Measure five alternating pairs in one native Wayland session	2026-09-13T06:56:44.5181850Z [36;1mfor _attempt in {1..100}; do[0m
measure	Measure five alternating pairs in one native Wayland session	2026-09-13T06:56:44.5182208Z [36;1m  test ! -S "$XDG_RUNTIME_DIR/$WAYLAND_DISPLAY" || break[0m
measure	Measure five alternating pairs in one native Wayland session	2026-09-13T06:56:44.5182539Z [36;1m  kill -0 "$weston_pid"[0m
measure	Measure five alternating pairs in one native Wayland session	2026-09-13T06:56:44.5182778Z [36;1m  sleep 0.1[0m
measure	Measure five alternating pairs in one native Wayland session	2026-09-13T06:56:44.5182980Z [36;1mdone[0m
measure	Measure five alternating pairs in one native Wayland session	2026-09-13T06:56:44.5183215Z [36;1mtest -S "$XDG_RUNTIME_DIR/$WAYLAND_DISPLAY"[0m
measure	Measure five alternating pairs in one native Wayland session	2026-09-13T06:56:44.5183661Z [36;1mbenchmark_cpu="$(python3 -c 'import os; print(min(os.sched_getaffinity(0)))')"[0m
measure	Measure five alternating pairs in one native Wayland session	2026-09-13T06:56:44.5184178Z [36;1mtimeout --kill-after=10s 20m taskset -c "$benchmark_cpu" \[0m
measure	Measure five alternating pairs in one native Wayland session	2026-09-13T06:56:44.5184592Z [36;1m  python3 scripts/compare-kokuban-revisions.py \[0m
measure	Measure five alternating pairs in one native Wayland session	2026-09-13T06:56:44.5185006Z [36;1m    --before "$RUNNER_TEMP/kokuban-paired-binaries/before" \[0m
measure	Measure five alternating pairs in one native Wayland session	2026-09-13T06:56:44.5185426Z [36;1m    --after "$RUNNER_TEMP/kokuban-paired-binaries/after" \[0m
measure	Measure five alternating pairs in one native Wayland session	2026-09-13T06:56:44.5185866Z [36;1m    --before-ref "$(cat "$evidence_directory/before-revision.txt")" \[0m
measure	Measure five alternating pairs in one native Wayland session	2026-09-13T06:56:44.5186364Z [36;1m    --after-ref "$(cat "$evidence_directory/after-revision.txt")" \[0m
measure	Measure five alternating pairs in one native Wayland session	2026-09-13T06:56:44.5186810Z [36;1m    --artifacts-dir "$evidence_directory/measurements" \[0m
measure	Measure five alternating pairs in one native Wayland session	2026-09-13T06:56:44.5187513Z [36;1m    --backend wayland --screen "$SCREEN" --samples 5 --bytes 33554432 \[0m
measure	Measure five alternating pairs in one native Wayland session	2026-09-13T06:56:44.5187939Z [36;1m    --timeout 120 --environment-note \[0m
measure	Measure five alternating pairs in one native Wayland session	2026-09-13T06:56:44.5188683Z [36;1m    "GitHub ubuntu-24.04 runner; Weston headless pixman; both binaries on CPU $benchmark_cpu; DSR processing only, no physical display or GPU comparison"[0m
measure	Measure five alternating pairs in one native Wayland session	2026-09-13T06:56:44.5225659Z shell: /usr/bin/bash --noprofile --norc -e -o pipefail {0}
measure	Measure five alternating pairs in one native Wayland session	2026-09-13T06:56:44.5226114Z env:
measure	Measure five alternating pairs in one native Wayland session	2026-09-13T06:56:44.5226311Z   CARGO_INCREMENTAL: 0
measure	Measure five alternating pairs in one native Wayland session	2026-09-13T06:56:44.5226539Z   CARGO_PROFILE_RELEASE_DEBUG: 0
measure	Measure five alternating pairs in one native Wayland session	2026-09-13T06:56:44.5226823Z   BEFORE_REF: 24782c344714727be4f8981cd0d1d10f047aa9f4
measure	Measure five alternating pairs in one native Wayland session	2026-09-13T06:56:44.5227385Z   AFTER_REF: f0040ad
measure	Measure five alternating pairs in one native Wayland session	2026-09-13T06:56:44.5227592Z   SCREEN: primary
measure	Measure five alternating pairs in one native Wayland session	2026-09-13T06:56:44.5227791Z ##[endgroup]
measure	Measure five alternating pairs in one native Wayland session	2026-09-13T06:56:44.9679842Z pair 1/5: before (24782c344714727be4f8981cd0d1d10f047aa9f4)
measure	Measure five alternating pairs in one native Wayland session	2026-09-13T06:56:45.1290340Z could not load cursor 'dnd-move'
measure	Measure five alternating pairs in one native Wayland session	2026-09-13T06:56:45.1290882Z could not load cursor 'dnd-copy'
measure	Measure five alternating pairs in one native Wayland session	2026-09-13T06:56:45.1291222Z could not load cursor 'dnd-none'
measure	Measure five alternating pairs in one native Wayland session	2026-09-13T06:56:45.1291503Z could not load cursor 'dnd-move'
measure	Measure five alternating pairs in one native Wayland session	2026-09-13T06:56:45.1291803Z could not load cursor 'dnd-copy'
measure	Measure five alternating pairs in one native Wayland session	2026-09-13T06:56:45.1292062Z could not load cursor 'dnd-none'
measure	Measure five alternating pairs in one native Wayland session	2026-09-13T06:57:00.6997782Z pair 1/5: after (f0040ad66cbb49d76b387bbe0539c014bc801d28)
measure	Measure five alternating pairs in one native Wayland session	2026-09-13T06:57:08.8046580Z pair 2/5: after (f0040ad66cbb49d76b387bbe0539c014bc801d28)
measure	Measure five alternating pairs in one native Wayland session	2026-09-13T06:57:16.9891021Z pair 2/5: before (24782c344714727be4f8981cd0d1d10f047aa9f4)
measure	Measure five alternating pairs in one native Wayland session	2026-09-13T06:57:32.5525462Z pair 3/5: before (24782c344714727be4f8981cd0d1d10f047aa9f4)
measure	Measure five alternating pairs in one native Wayland session	2026-09-13T06:57:48.5239584Z pair 3/5: after (f0040ad66cbb49d76b387bbe0539c014bc801d28)
measure	Measure five alternating pairs in one native Wayland session	2026-09-13T06:57:56.7133236Z pair 4/5: after (f0040ad66cbb49d76b387bbe0539c014bc801d28)
measure	Measure five alternating pairs in one native Wayland session	2026-09-13T06:58:04.9342558Z pair 4/5: before (24782c344714727be4f8981cd0d1d10f047aa9f4)
measure	Measure five alternating pairs in one native Wayland session	2026-09-13T06:58:20.5178700Z pair 5/5: before (24782c344714727be4f8981cd0d1d10f047aa9f4)
measure	Measure five alternating pairs in one native Wayland session	2026-09-13T06:58:36.6991355Z pair 5/5: after (f0040ad66cbb49d76b387bbe0539c014bc801d28)
measure	Measure five alternating pairs in one native Wayland session	2026-09-13T06:58:45.0080145Z {
measure	Measure five alternating pairs in one native Wayland session	2026-09-13T06:58:45.0082771Z   "report": "/home/runner/work/_temp/kokuban-paired-evidence/measurements/report.json",
measure	Measure five alternating pairs in one native Wayland session	2026-09-13T06:58:45.0083896Z   "status": "passed",
measure	Measure five alternating pairs in one native Wayland session	2026-09-13T06:58:45.0084204Z   "comparability": {
measure	Measure five alternating pairs in one native Wayland session	2026-09-13T06:58:45.0084536Z     "geometry_and_history_checks_passed": true,
measure	Measure five alternating pairs in one native Wayland session	2026-09-13T06:58:45.0084950Z     "reasons": [],
measure	Measure five alternating pairs in one native Wayland session	2026-09-13T06:58:45.0085294Z     "geometries_rows_cols_pixels": [
measure	Measure five alternating pairs in one native Wayland session	2026-09-13T06:58:45.0085609Z       [
measure	Measure five alternating pairs in one native Wayland session	2026-09-13T06:58:45.0085828Z         24,
measure	Measure five alternating pairs in one native Wayland session	2026-09-13T06:58:45.0086049Z         80,
measure	Measure five alternating pairs in one native Wayland session	2026-09-13T06:58:45.0086270Z         720,
measure	Measure five alternating pairs in one native Wayland session	2026-09-13T06:58:45.0086496Z         408
measure	Measure five alternating pairs in one native Wayland session	2026-09-13T06:58:45.0086713Z       ]
measure	Measure five alternating pairs in one native Wayland session	2026-09-13T06:58:45.0087163Z     ],
measure	Measure five alternating pairs in one native Wayland session	2026-09-13T06:58:45.0087427Z     "rendering_equivalence_verified": false,
measure	Measure five alternating pairs in one native Wayland session	2026-09-13T06:58:45.0087798Z     "rendering_limitations": [
measure	Measure five alternating pairs in one native Wayland session	2026-09-13T06:58:45.0088289Z       "DSR validates the final marker reply, not workload text or rendered pixels",
measure	Measure five alternating pairs in one native Wayland session	2026-09-13T06:58:45.0089109Z       "Unicode grapheme and font fallback fidelity must be checked separately from this throughput workload",
measure	Measure five alternating pairs in one native Wayland session	2026-09-13T06:58:45.0089954Z       "Installed fallback fonts can differ between terminals and affect rendered output"
measure	Measure five alternating pairs in one native Wayland session	2026-09-13T06:58:45.0090488Z     ],
measure	Measure five alternating pairs in one native Wayland session	2026-09-13T06:58:45.0090712Z     "ranking": null,
measure	Measure five alternating pairs in one native Wayland session	2026-09-13T06:58:45.0091238Z     "scope": "PTY processing throughput and DSR RTT; no presentation latency or terminal ranking",
measure	Measure five alternating pairs in one native Wayland session	2026-09-13T06:58:45.0091850Z     "paired_inputs_validated": true
measure	Measure five alternating pairs in one native Wayland session	2026-09-13T06:58:45.0092164Z   }
measure	Measure five alternating pairs in one native Wayland session	2026-09-13T06:58:45.0092371Z }
measure	Upload reports, configurations, logs and build provenance	﻿2026-09-13T06:58:45.0273323Z Node 20 is being deprecated. This workflow is running with Node 24 by default. If you need to temporarily use Node 20, you can set the ACTIONS_ALLOW_USE_UNSECURE_NODE_VERSION=true environment variable. For more information see: https://github.blog/changelog/2025-09-19-deprecation-of-node-20-on-github-actions-runners/
measure	Upload reports, configurations, logs and build provenance	2026-09-13T06:58:45.0275328Z ##[group]Run actions/upload-artifact@ea165f8d65b6e75b540449e92b4886f43607fa02
measure	Upload reports, configurations, logs and build provenance	2026-09-13T06:58:45.0275726Z with:
measure	Upload reports, configurations, logs and build provenance	2026-09-13T06:58:45.0275971Z   name: linux-paired-revision-measurements
measure	Upload reports, configurations, logs and build provenance	2026-09-13T06:58:45.0276550Z   path: /home/runner/work/_temp/kokuban-paired-evidence
measure	Upload reports, configurations, logs and build provenance	!/home/runner/work/_temp/kokuban-paired-evidence/**/*.bin
measure	Upload reports, configurations, logs and build provenance	
measure	Upload reports, configurations, logs and build provenance	2026-09-13T06:58:45.0277439Z   if-no-files-found: ignore
measure	Upload reports, configurations, logs and build provenance	2026-09-13T06:58:45.0277682Z   retention-days: 7
measure	Upload reports, configurations, logs and build provenance	2026-09-13T06:58:45.0277890Z   compression-level: 6
measure	Upload reports, configurations, logs and build provenance	2026-09-13T06:58:45.0278100Z   overwrite: false
measure	Upload reports, configurations, logs and build provenance	2026-09-13T06:58:45.0278306Z   include-hidden-files: false
measure	Upload reports, configurations, logs and build provenance	2026-09-13T06:58:45.0278531Z env:
measure	Upload reports, configurations, logs and build provenance	2026-09-13T06:58:45.0278706Z   CARGO_INCREMENTAL: 0
measure	Upload reports, configurations, logs and build provenance	2026-09-13T06:58:45.0278970Z   CARGO_PROFILE_RELEASE_DEBUG: 0
measure	Upload reports, configurations, logs and build provenance	2026-09-13T06:58:45.0279248Z   BEFORE_REF: 24782c344714727be4f8981cd0d1d10f047aa9f4
measure	Upload reports, configurations, logs and build provenance	2026-09-13T06:58:45.0279541Z   AFTER_REF: f0040ad
measure	Upload reports, configurations, logs and build provenance	2026-09-13T06:58:45.0279740Z   SCREEN: primary
measure	Upload reports, configurations, logs and build provenance	2026-09-13T06:58:45.0279927Z ##[endgroup]
measure	Upload reports, configurations, logs and build provenance	2026-09-13T06:58:45.2036912Z (node:10389) [DEP0040] DeprecationWarning: The `punycode` module is deprecated. Please use a userland alternative instead.
measure	Upload reports, configurations, logs and build provenance	2026-09-13T06:58:45.2039285Z (Use `node --trace-deprecation ...` to show where the warning was created)
measure	Upload reports, configurations, logs and build provenance	2026-09-13T06:58:45.2375744Z With the provided path, there will be 87 files uploaded
measure	Upload reports, configurations, logs and build provenance	2026-09-13T06:58:45.2380860Z Artifact name is valid!
measure	Upload reports, configurations, logs and build provenance	2026-09-13T06:58:45.2381917Z Root directory input is valid!
measure	Upload reports, configurations, logs and build provenance	2026-09-13T06:58:45.6051325Z Beginning upload of artifact content to blob storage
measure	Upload reports, configurations, logs and build provenance	2026-09-13T06:58:45.7095528Z (node:10389) [DEP0169] DeprecationWarning: `url.parse()` behavior is not standardized and prone to errors that have security implications. Use the WHATWG URL API instead. CVEs are not issued for `url.parse()` vulnerabilities.
measure	Upload reports, configurations, logs and build provenance	2026-09-13T06:58:46.0793681Z Uploaded bytes 97852
measure	Upload reports, configurations, logs and build provenance	2026-09-13T06:58:46.1511390Z Finished uploading artifact content to blob storage!
measure	Upload reports, configurations, logs and build provenance	2026-09-13T06:58:46.1512354Z SHA256 digest of uploaded artifact zip is 239c3b1c9e764b19dd2ecf8e90f13679d4b8ed663cb86c86aeb22b451c08e2c7
measure	Upload reports, configurations, logs and build provenance	2026-09-13T06:58:46.1514075Z Finalizing artifact upload
measure	Upload reports, configurations, logs and build provenance	2026-09-13T06:58:46.3841901Z Artifact linux-paired-revision-measurements.zip successfully finalized. Artifact ID 10313428670
measure	Upload reports, configurations, logs and build provenance	2026-09-13T06:58:46.3844085Z Artifact linux-paired-revision-measurements has been successfully uploaded! Final size is 97852 bytes. Artifact ID is 10313428670
measure	Upload reports, configurations, logs and build provenance	2026-09-13T06:58:46.3850405Z Artifact download URL: https://github.com/guicybercode/kokuban.rs/actions/runs/34743854765/artifacts/10313428670
measure	Post Check out measurement harness and revision history	﻿2026-09-13T06:58:46.4076212Z Post job cleanup.
measure	Post Check out measurement harness and revision history	2026-09-13T06:58:46.4956422Z [command]/usr/bin/git version
measure	Post Check out measurement harness and revision history	2026-09-13T06:58:46.5009073Z git version 2.55.0
measure	Post Check out measurement harness and revision history	2026-09-13T06:58:46.5061447Z Temporarily overriding HOME='/home/runner/work/_temp/a3e47ea3-962a-4b71-9c63-569458482885' before making global git config changes
measure	Post Check out measurement harness and revision history	2026-09-13T06:58:46.5062949Z Adding repository directory to the temporary git global config as a safe directory
measure	Post Check out measurement harness and revision history	2026-09-13T06:58:46.5067487Z [command]/usr/bin/git config --global --add safe.directory /home/runner/work/kokuban.rs/kokuban.rs
measure	Post Check out measurement harness and revision history	2026-09-13T06:58:46.5106073Z Removing SSH command configuration
measure	Post Check out measurement harness and revision history	2026-09-13T06:58:46.5113864Z [command]/usr/bin/git config --local --name-only --get-regexp core\.sshCommand
measure	Post Check out measurement harness and revision history	2026-09-13T06:58:46.5153140Z [command]/usr/bin/git submodule foreach --recursive sh -c "git config --local --name-only --get-regexp 'core\.sshCommand' && git config --local --unset-all 'core.sshCommand' || :"
measure	Post Check out measurement harness and revision history	2026-09-13T06:58:46.5406698Z Removing HTTP extra header
measure	Post Check out measurement harness and revision history	2026-09-13T06:58:46.5412922Z [command]/usr/bin/git config --local --name-only --get-regexp http\.https\:\/\/github\.com\/\.extraheader
measure	Post Check out measurement harness and revision history	2026-09-13T06:58:46.5456559Z [command]/usr/bin/git submodule foreach --recursive sh -c "git config --local --name-only --get-regexp 'http\.https\:\/\/github\.com\/\.extraheader' && git config --local --unset-all 'http.https://github.com/.extraheader' || :"
measure	Post Check out measurement harness and revision history	2026-09-13T06:58:46.5726509Z Removing includeIf entries pointing to credentials config files
measure	Post Check out measurement harness and revision history	2026-09-13T06:58:46.5734462Z [command]/usr/bin/git config --local --name-only --get-regexp ^includeIf\.gitdir:
measure	Post Check out measurement harness and revision history	2026-09-13T06:58:46.5770992Z includeif.gitdir:/home/runner/work/kokuban.rs/kokuban.rs/.git.path
measure	Post Check out measurement harness and revision history	2026-09-13T06:58:46.5772192Z includeif.gitdir:/home/runner/work/kokuban.rs/kokuban.rs/.git/worktrees/*.path
measure	Post Check out measurement harness and revision history	2026-09-13T06:58:46.5773308Z includeif.gitdir:/github/workspace/.git.path
measure	Post Check out measurement harness and revision history	2026-09-13T06:58:46.5774098Z includeif.gitdir:/github/workspace/.git/worktrees/*.path
measure	Post Check out measurement harness and revision history	2026-09-13T06:58:46.5783259Z [command]/usr/bin/git config --local --get-all includeif.gitdir:/home/runner/work/kokuban.rs/kokuban.rs/.git.path
measure	Post Check out measurement harness and revision history	2026-09-13T06:58:46.5812430Z /home/runner/work/_temp/git-credentials-61818fe6-f009-4063-85a7-45ee4d48d275.config
measure	Post Check out measurement harness and revision history	2026-09-13T06:58:46.5824926Z [command]/usr/bin/git config --local --unset includeif.gitdir:/home/runner/work/kokuban.rs/kokuban.rs/.git.path \/home\/runner\/work\/_temp\/git\-credentials\-61818fe6\-f009\-4063\-85a7\-45ee4d48d275\.config
measure	Post Check out measurement harness and revision history	2026-09-13T06:58:46.5873420Z [command]/usr/bin/git config --local --get-all includeif.gitdir:/home/runner/work/kokuban.rs/kokuban.rs/.git/worktrees/*.path
measure	Post Check out measurement harness and revision history	2026-09-13T06:58:46.5905814Z /home/runner/work/_temp/git-credentials-61818fe6-f009-4063-85a7-45ee4d48d275.config
measure	Post Check out measurement harness and revision history	2026-09-13T06:58:46.5916614Z [command]/usr/bin/git config --local --unset includeif.gitdir:/home/runner/work/kokuban.rs/kokuban.rs/.git/worktrees/*.path \/home\/runner\/work\/_temp\/git\-credentials\-61818fe6\-f009\-4063\-85a7\-45ee4d48d275\.config
measure	Post Check out measurement harness and revision history	2026-09-13T06:58:46.5960450Z [command]/usr/bin/git config --local --get-all includeif.gitdir:/github/workspace/.git.path
measure	Post Check out measurement harness and revision history	2026-09-13T06:58:46.6000916Z /github/runner_temp/git-credentials-61818fe6-f009-4063-85a7-45ee4d48d275.config
measure	Post Check out measurement harness and revision history	2026-09-13T06:58:46.6024641Z [command]/usr/bin/git config --local --unset includeif.gitdir:/github/workspace/.git.path \/github\/runner_temp\/git\-credentials\-61818fe6\-f009\-4063\-85a7\-45ee4d48d275\.config
measure	Post Check out measurement harness and revision history	2026-09-13T06:58:46.6064872Z [command]/usr/bin/git config --local --get-all includeif.gitdir:/github/workspace/.git/worktrees/*.path
measure	Post Check out measurement harness and revision history	2026-09-13T06:58:46.6095718Z /github/runner_temp/git-credentials-61818fe6-f009-4063-85a7-45ee4d48d275.config
measure	Post Check out measurement harness and revision history	2026-09-13T06:58:46.6104029Z [command]/usr/bin/git config --local --unset includeif.gitdir:/github/workspace/.git/worktrees/*.path \/github\/runner_temp\/git\-credentials\-61818fe6\-f009\-4063\-85a7\-45ee4d48d275\.config
measure	Post Check out measurement harness and revision history	2026-09-13T06:58:46.6147285Z [command]/usr/bin/git submodule foreach --recursive git config --local --show-origin --name-only --get-regexp remote.origin.url
measure	Post Check out measurement harness and revision history	2026-09-13T06:58:46.6398640Z Removing credentials config '/home/runner/work/_temp/git-credentials-61818fe6-f009-4063-85a7-45ee4d48d275.config'
measure	Complete job	﻿2026-09-13T06:58:46.6542876Z Cleaning up orphan processes
measure	Complete job	2026-09-13T06:58:46.6897301Z ##[warning]Node.js 20 is deprecated. The following actions target Node.js 20 but are being forced to run on Node.js 24: actions/upload-artifact@ea165f8d65b6e75b540449e92b4886f43607fa02. For more information see: https://github.blog/changelog/2025-09-19-deprecation-of-node-20-on-github-actions-runners/
