compare	Set up job	﻿2026-09-13T07:54:24.0817958Z Current runner version: '2.337.0'
compare	Set up job	2026-09-13T07:54:24.0854957Z ##[group]Runner Image Provisioner
compare	Set up job	2026-09-13T07:54:24.0856389Z Hosted Compute Agent
compare	Set up job	2026-09-13T07:54:24.0857364Z Version: 20260828.587
compare	Set up job	2026-09-13T07:54:24.0858494Z Commit: abac92662cab4cc7352de4f9f9d2e2419aad9c29
compare	Set up job	2026-09-13T07:54:24.0859825Z Build Date: 2026-08-28T16:44:25Z
compare	Set up job	2026-09-13T07:54:24.0861035Z Worker ID: {9fee62d1-514e-48f9-b310-b57a698be5fd}
compare	Set up job	2026-09-13T07:54:24.0862520Z Azure Region: eastus
compare	Set up job	2026-09-13T07:54:24.0863527Z ##[endgroup]
compare	Set up job	2026-09-13T07:54:24.0865805Z ##[group]Operating System
compare	Set up job	2026-09-13T07:54:24.0866905Z Ubuntu
compare	Set up job	2026-09-13T07:54:24.0867851Z 24.04.5
compare	Set up job	2026-09-13T07:54:24.0868690Z LTS
compare	Set up job	2026-09-13T07:54:24.0869491Z ##[endgroup]
compare	Set up job	2026-09-13T07:54:24.0870541Z ##[group]Runner Image
compare	Set up job	2026-09-13T07:54:24.0871610Z Image: ubuntu-24.04
compare	Set up job	2026-09-13T07:54:24.0873345Z Version: 20260907.300.1
compare	Set up job	2026-09-13T07:54:24.0875283Z Included Software: https://github.com/actions/runner-images/blob/ubuntu24/20260907.300/images/ubuntu/Ubuntu2404-Readme.md
compare	Set up job	2026-09-13T07:54:24.0878254Z Image Release: https://github.com/actions/runner-images/releases/tag/ubuntu24%2F20260907.300
compare	Set up job	2026-09-13T07:54:24.0879981Z ##[endgroup]
compare	Set up job	2026-09-13T07:54:24.0882205Z ##[group]GITHUB_TOKEN Permissions
compare	Set up job	2026-09-13T07:54:24.0885193Z Contents: read
compare	Set up job	2026-09-13T07:54:24.0886251Z Metadata: read
compare	Set up job	2026-09-13T07:54:24.0887191Z ##[endgroup]
compare	Set up job	2026-09-13T07:54:24.0890284Z Secret source: Actions
compare	Set up job	2026-09-13T07:54:24.0891888Z Cache mode: write
compare	Set up job	2026-09-13T07:54:24.0893726Z Prepare workflow directory
compare	Set up job	2026-09-13T07:54:24.1636876Z Prepare all required actions
compare	Set up job	2026-09-13T07:54:24.1688043Z Getting action download info
compare	Set up job	2026-09-13T07:54:24.3322597Z Download action repository 'actions/checkout@3d3c42e5aac5ba805825da76410c181273ba90b1' (SHA:3d3c42e5aac5ba805825da76410c181273ba90b1)
compare	Set up job	2026-09-13T07:54:24.4491334Z Download action repository 'actions/upload-artifact@ea165f8d65b6e75b540449e92b4886f43607fa02' (SHA:ea165f8d65b6e75b540449e92b4886f43607fa02)
compare	Set up job	2026-09-13T07:54:24.6554821Z Complete job name: compare
compare	Check out harness and source history	﻿2026-09-13T07:54:24.7267568Z ##[group]Run actions/checkout@3d3c42e5aac5ba805825da76410c181273ba90b1
compare	Check out harness and source history	2026-09-13T07:54:24.7268672Z with:
compare	Check out harness and source history	2026-09-13T07:54:24.7269100Z   fetch-depth: 0
compare	Check out harness and source history	2026-09-13T07:54:24.7269571Z   repository: guicybercode/kokuban.rs
compare	Check out harness and source history	2026-09-13T07:54:24.7273887Z   token: ***
compare	Check out harness and source history	2026-09-13T07:54:24.7274327Z   ssh-strict: true
compare	Check out harness and source history	2026-09-13T07:54:24.7274761Z   ssh-user: git
compare	Check out harness and source history	2026-09-13T07:54:24.7275192Z   persist-credentials: true
compare	Check out harness and source history	2026-09-13T07:54:24.7275675Z   clean: true
compare	Check out harness and source history	2026-09-13T07:54:24.7276110Z   sparse-checkout-cone-mode: true
compare	Check out harness and source history	2026-09-13T07:54:24.7276627Z   fetch-tags: false
compare	Check out harness and source history	2026-09-13T07:54:24.7277063Z   show-progress: true
compare	Check out harness and source history	2026-09-13T07:54:24.7277510Z   lfs: false
compare	Check out harness and source history	2026-09-13T07:54:24.7277913Z   submodules: false
compare	Check out harness and source history	2026-09-13T07:54:24.7278358Z   set-safe-directory: true
compare	Check out harness and source history	2026-09-13T07:54:24.7278858Z   allow-unsafe-pr-checkout: false
compare	Check out harness and source history	2026-09-13T07:54:24.7279631Z env:
compare	Check out harness and source history	2026-09-13T07:54:24.7280120Z   SOURCE_REF: d54f801e9dec41a6eb4f159397e45939c367531d
compare	Check out harness and source history	2026-09-13T07:54:24.7280731Z ##[endgroup]
compare	Check out harness and source history	2026-09-13T07:54:24.8318094Z Syncing repository: guicybercode/kokuban.rs
compare	Check out harness and source history	2026-09-13T07:54:24.8320157Z ##[group]Getting Git version info
compare	Check out harness and source history	2026-09-13T07:54:24.8320957Z Working directory is '/home/runner/work/kokuban.rs/kokuban.rs'
compare	Check out harness and source history	2026-09-13T07:54:24.8322412Z [command]/usr/bin/git version
compare	Check out harness and source history	2026-09-13T07:54:24.8402848Z git version 2.55.0
compare	Check out harness and source history	2026-09-13T07:54:24.8431282Z ##[endgroup]
compare	Check out harness and source history	2026-09-13T07:54:24.8446223Z Temporarily overriding HOME='/home/runner/work/_temp/6600ae14-ec00-40e4-b7b3-d2c6d3b36523' before making global git config changes
compare	Check out harness and source history	2026-09-13T07:54:24.8448246Z Adding repository directory to the temporary git global config as a safe directory
compare	Check out harness and source history	2026-09-13T07:54:24.8452555Z [command]/usr/bin/git config --global --add safe.directory /home/runner/work/kokuban.rs/kokuban.rs
compare	Check out harness and source history	2026-09-13T07:54:24.8505894Z Deleting the contents of '/home/runner/work/kokuban.rs/kokuban.rs'
compare	Check out harness and source history	2026-09-13T07:54:24.8509636Z ##[group]Determining repository object format
compare	Check out harness and source history	2026-09-13T07:54:24.8511693Z ##[endgroup]
compare	Check out harness and source history	2026-09-13T07:54:24.8512614Z ##[group]Initializing the repository
compare	Check out harness and source history	2026-09-13T07:54:24.8518003Z [command]/usr/bin/git init /home/runner/work/kokuban.rs/kokuban.rs
compare	Check out harness and source history	2026-09-13T07:54:24.8631518Z hint: Using 'master' as the name for the initial branch. This default branch name
compare	Check out harness and source history	2026-09-13T07:54:24.8633693Z hint: will change to "main" in Git 3.0. To configure the initial branch name
compare	Check out harness and source history	2026-09-13T07:54:24.8635372Z hint: to use in all of your new repositories, which will suppress this warning,
compare	Check out harness and source history	2026-09-13T07:54:24.8636844Z hint: call:
compare	Check out harness and source history	2026-09-13T07:54:24.8637443Z hint:
compare	Check out harness and source history	2026-09-13T07:54:24.8643339Z hint: 	git config --global init.defaultBranch <name>
compare	Check out harness and source history	2026-09-13T07:54:24.8644482Z hint:
compare	Check out harness and source history	2026-09-13T07:54:24.8645451Z hint: Names commonly chosen instead of 'master' are 'main', 'trunk' and
compare	Check out harness and source history	2026-09-13T07:54:24.8647005Z hint: 'development'. The just-created branch can be renamed via this command:
compare	Check out harness and source history	2026-09-13T07:54:24.8647848Z hint:
compare	Check out harness and source history	2026-09-13T07:54:24.8648273Z hint: 	git branch -m <name>
compare	Check out harness and source history	2026-09-13T07:54:24.8648749Z hint:
compare	Check out harness and source history	2026-09-13T07:54:24.8649810Z hint: Disable this message with "git config set advice.defaultBranchName false"
compare	Check out harness and source history	2026-09-13T07:54:24.8650904Z Initialized empty Git repository in /home/runner/work/kokuban.rs/kokuban.rs/.git/
compare	Check out harness and source history	2026-09-13T07:54:24.8655242Z [command]/usr/bin/git remote add origin https://github.com/guicybercode/kokuban.rs
compare	Check out harness and source history	2026-09-13T07:54:24.8714734Z ##[endgroup]
compare	Check out harness and source history	2026-09-13T07:54:24.8716085Z ##[group]Disabling automatic garbage collection
compare	Check out harness and source history	2026-09-13T07:54:24.8719388Z [command]/usr/bin/git config --local gc.auto 0
compare	Check out harness and source history	2026-09-13T07:54:24.8754900Z ##[endgroup]
compare	Check out harness and source history	2026-09-13T07:54:24.8756752Z ##[group]Setting up auth
compare	Check out harness and source history	2026-09-13T07:54:24.8757811Z Removing SSH command configuration
compare	Check out harness and source history	2026-09-13T07:54:24.8763004Z [command]/usr/bin/git config --local --name-only --get-regexp core\.sshCommand
compare	Check out harness and source history	2026-09-13T07:54:24.8799630Z [command]/usr/bin/git submodule foreach --recursive sh -c "git config --local --name-only --get-regexp 'core\.sshCommand' && git config --local --unset-all 'core.sshCommand' || :"
compare	Check out harness and source history	2026-09-13T07:54:24.9193524Z Removing HTTP extra header
compare	Check out harness and source history	2026-09-13T07:54:24.9202769Z [command]/usr/bin/git config --local --name-only --get-regexp http\.https\:\/\/github\.com\/\.extraheader
compare	Check out harness and source history	2026-09-13T07:54:24.9231212Z [command]/usr/bin/git submodule foreach --recursive sh -c "git config --local --name-only --get-regexp 'http\.https\:\/\/github\.com\/\.extraheader' && git config --local --unset-all 'http.https://github.com/.extraheader' || :"
compare	Check out harness and source history	2026-09-13T07:54:24.9461128Z Removing includeIf entries pointing to credentials config files
compare	Check out harness and source history	2026-09-13T07:54:24.9466642Z [command]/usr/bin/git config --local --name-only --get-regexp ^includeIf\.gitdir:
compare	Check out harness and source history	2026-09-13T07:54:24.9501179Z [command]/usr/bin/git submodule foreach --recursive git config --local --show-origin --name-only --get-regexp remote.origin.url
compare	Check out harness and source history	2026-09-13T07:54:24.9739981Z [command]/usr/bin/git config --file /home/runner/work/_temp/git-credentials-1ab23017-63f9-4f7b-8244-6e3edd8840c2.config http.https://github.com/.extraheader AUTHORIZATION: basic ***
compare	Check out harness and source history	2026-09-13T07:54:24.9780367Z [command]/usr/bin/git config --local includeIf.gitdir:/home/runner/work/kokuban.rs/kokuban.rs/.git.path /home/runner/work/_temp/git-credentials-1ab23017-63f9-4f7b-8244-6e3edd8840c2.config
compare	Check out harness and source history	2026-09-13T07:54:24.9813832Z [command]/usr/bin/git config --local includeIf.gitdir:/home/runner/work/kokuban.rs/kokuban.rs/.git/worktrees/*.path /home/runner/work/_temp/git-credentials-1ab23017-63f9-4f7b-8244-6e3edd8840c2.config
compare	Check out harness and source history	2026-09-13T07:54:24.9852781Z [command]/usr/bin/git config --local includeIf.gitdir:/github/workspace/.git.path /github/runner_temp/git-credentials-1ab23017-63f9-4f7b-8244-6e3edd8840c2.config
compare	Check out harness and source history	2026-09-13T07:54:24.9886345Z [command]/usr/bin/git config --local includeIf.gitdir:/github/workspace/.git/worktrees/*.path /github/runner_temp/git-credentials-1ab23017-63f9-4f7b-8244-6e3edd8840c2.config
compare	Check out harness and source history	2026-09-13T07:54:24.9916938Z ##[endgroup]
compare	Check out harness and source history	2026-09-13T07:54:24.9918153Z ##[group]Fetching the repository
compare	Check out harness and source history	2026-09-13T07:54:24.9923460Z [command]/usr/bin/git -c protocol.version=2 fetch --no-tags --prune --no-recurse-submodules origin +refs/heads/*:refs/remotes/origin/* +refs/tags/*:refs/tags/*
compare	Check out harness and source history	2026-09-13T07:54:25.6918441Z From https://github.com/guicybercode/kokuban.rs
compare	Check out harness and source history	2026-09-13T07:54:25.6921075Z  * [new branch]      build/linux-core-check  -> origin/build/linux-core-check
compare	Check out harness and source history	2026-09-13T07:54:25.6923878Z  * [new branch]      build/linux-glyph-atlas -> origin/build/linux-glyph-atlas
compare	Check out harness and source history	2026-09-13T07:54:25.6926310Z  * [new branch]      ci/macos-linux-core     -> origin/ci/macos-linux-core
compare	Check out harness and source history	2026-09-13T07:54:25.6928746Z  * [new branch]      codex/android-native    -> origin/codex/android-native
compare	Check out harness and source history	2026-09-13T07:54:25.6931207Z  * [new branch]      codex/linux-animation   -> origin/codex/linux-animation
compare	Check out harness and source history	2026-09-13T07:54:25.6933776Z  * [new branch]      codex/linux-clipboard   -> origin/codex/linux-clipboard
compare	Check out harness and source history	2026-09-13T07:54:25.6935452Z  * [new branch]      codex/linux-graphics    -> origin/codex/linux-graphics
compare	Check out harness and source history	2026-09-13T07:54:25.6937090Z  * [new branch]      codex/linux-video       -> origin/codex/linux-video
compare	Check out harness and source history	2026-09-13T07:54:25.6938788Z  * [new branch]      codex/omarchy-live-theme -> origin/codex/omarchy-live-theme
compare	Check out harness and source history	2026-09-13T07:54:25.6941094Z  * [new branch]      codex/terminal-compatibility -> origin/codex/terminal-compatibility
compare	Check out harness and source history	2026-09-13T07:54:25.6944748Z  * [new branch]      cursor/add-brand-image-readme-6117 -> origin/cursor/add-brand-image-readme-6117
compare	Check out harness and source history	2026-09-13T07:54:25.6947298Z  * [new branch]      cursor/product-readme-9228 -> origin/cursor/product-readme-9228
compare	Check out harness and source history	2026-09-13T07:54:25.6949725Z  * [new branch]      cursor/setup-dev-environment-1e59 -> origin/cursor/setup-dev-environment-1e59
compare	Check out harness and source history	2026-09-13T07:54:25.6952552Z  * [new branch]      feat/alternate-scroll-mode -> origin/feat/alternate-scroll-mode
compare	Check out harness and source history	2026-09-13T07:54:25.6954991Z  * [new branch]      feat/application-cursor-keys -> origin/feat/application-cursor-keys
compare	Check out harness and source history	2026-09-13T07:54:25.6957319Z  * [new branch]      feat/decawm-auto-wrap   -> origin/feat/decawm-auto-wrap
compare	Check out harness and source history	2026-09-13T07:54:25.6959636Z  * [new branch]      feat/linux-focus-reporting -> origin/feat/linux-focus-reporting
compare	Check out harness and source history	2026-09-13T07:54:25.6962497Z  * [new branch]      feat/linux-glyph-first-frame -> origin/feat/linux-glyph-first-frame
compare	Check out harness and source history	2026-09-13T07:54:25.6965464Z  * [new branch]      feat/linux-grid-rendering -> origin/feat/linux-grid-rendering
compare	Check out harness and source history	2026-09-13T07:54:25.6967725Z  * [new branch]      feat/linux-ime-commit   -> origin/feat/linux-ime-commit
compare	Check out harness and source history	2026-09-13T07:54:25.6970405Z  * [new branch]      feat/linux-ime-cursor-area -> origin/feat/linux-ime-cursor-area
compare	Check out harness and source history	2026-09-13T07:54:25.6973703Z  * [new branch]      feat/linux-ime-preedit  -> origin/feat/linux-ime-preedit
compare	Check out harness and source history	2026-09-13T07:54:25.6976377Z  * [new branch]      feat/linux-keyboard-input -> origin/feat/linux-keyboard-input
compare	Check out harness and source history	2026-09-13T07:54:25.6980298Z  * [new branch]      feat/linux-mouse-buttons -> origin/feat/linux-mouse-buttons
compare	Check out harness and source history	2026-09-13T07:54:25.6985396Z  * [new branch]      feat/linux-mouse-motion -> origin/feat/linux-mouse-motion
compare	Check out harness and source history	2026-09-13T07:54:25.6988466Z  * [new branch]      feat/linux-mouse-wheel  -> origin/feat/linux-mouse-wheel
compare	Check out harness and source history	2026-09-13T07:54:25.6991090Z  * [new branch]      feat/linux-osc-window-title -> origin/feat/linux-osc-window-title
compare	Check out harness and source history	2026-09-13T07:54:25.6994759Z  * [new branch]      feat/linux-scrollback-shortcuts -> origin/feat/linux-scrollback-shortcuts
compare	Check out harness and source history	2026-09-13T07:54:25.6997810Z  * [new branch]      feat/linux-terminal-resize -> origin/feat/linux-terminal-resize
compare	Check out harness and source history	2026-09-13T07:54:25.7000593Z  * [new branch]      feat/linux-terminal-session -> origin/feat/linux-terminal-session
compare	Check out harness and source history	2026-09-13T07:54:25.7003655Z  * [new branch]      feat/linux-terminal-writer -> origin/feat/linux-terminal-writer
compare	Check out harness and source history	2026-09-13T07:54:25.7006406Z  * [new branch]      feat/linux-window-bootstrap -> origin/feat/linux-window-bootstrap
compare	Check out harness and source history	2026-09-13T07:54:25.7009096Z  * [new branch]      feat/macos-osc-window-title -> origin/feat/macos-osc-window-title
compare	Check out harness and source history	2026-09-13T07:54:25.7011796Z  * [new branch]      feat/modified-terminal-keys -> origin/feat/modified-terminal-keys
compare	Check out harness and source history	2026-09-13T07:54:25.7015390Z  * [new branch]      feat/portable-a8-compositor -> origin/feat/portable-a8-compositor
compare	Check out harness and source history	2026-09-13T07:54:25.7018527Z  * [new branch]      feat/portable-terminal-reader -> origin/feat/portable-terminal-reader
compare	Check out harness and source history	2026-09-13T07:54:25.7021863Z  * [new branch]      feat/terminal-insert-key -> origin/feat/terminal-insert-key
compare	Check out harness and source history	2026-09-13T07:54:25.7025815Z  * [new branch]      fix/atomic-image-store-replacement -> origin/fix/atomic-image-store-replacement
compare	Check out harness and source history	2026-09-13T07:54:25.7029022Z  * [new branch]      fix/cancellable-pty-responses -> origin/fix/cancellable-pty-responses
compare	Check out harness and source history	2026-09-13T07:54:25.7032701Z  * [new branch]      fix/consume-csi-private-markers -> origin/fix/consume-csi-private-markers
compare	Check out harness and source history	2026-09-13T07:54:25.7035675Z  * [new branch]      fix/control-string-bounds -> origin/fix/control-string-bounds
compare	Check out harness and source history	2026-09-13T07:54:25.7038184Z  * [new branch]      fix/csi-3j-scrollback   -> origin/fix/csi-3j-scrollback
compare	Check out harness and source history	2026-09-13T07:54:25.7040479Z  * [new branch]      fix/csi-parser-bounds   -> origin/fix/csi-parser-bounds
compare	Check out harness and source history	2026-09-13T07:54:25.7043668Z  * [new branch]      fix/fallible-glyph-atlas -> origin/fix/fallible-glyph-atlas
compare	Check out harness and source history	2026-09-13T07:54:25.7046617Z  * [new branch]      fix/graphics-config-gates -> origin/fix/graphics-config-gates
compare	Check out harness and source history	2026-09-13T07:54:25.7049466Z  * [new branch]      fix/graphics-parser-capabilities -> origin/fix/graphics-parser-capabilities
compare	Check out harness and source history	2026-09-13T07:54:25.7052726Z  * [new branch]      fix/grid-resize-cursor-bounds -> origin/fix/grid-resize-cursor-bounds
compare	Check out harness and source history	2026-09-13T07:54:25.7055824Z  * [new branch]      fix/image-screen-buffer-lifecycle -> origin/fix/image-screen-buffer-lifecycle
compare	Check out harness and source history	2026-09-13T07:54:25.7058755Z  * [new branch]      fix/kitty-c1-placement-mode -> origin/fix/kitty-c1-placement-mode
compare	Check out harness and source history	2026-09-13T07:54:25.7061349Z  * [new branch]      fix/kitty-chunk-assembly -> origin/fix/kitty-chunk-assembly
compare	Check out harness and source history	2026-09-13T07:54:25.7064238Z  * [new branch]      fix/kitty-chunk-size-limit -> origin/fix/kitty-chunk-size-limit
compare	Check out harness and source history	2026-09-13T07:54:25.7066734Z  * [new branch]      fix/kitty-cursor-advance -> origin/fix/kitty-cursor-advance
compare	Check out harness and source history	2026-09-13T07:54:25.7069750Z  * [new branch]      fix/kitty-delete-selector-parsing -> origin/fix/kitty-delete-selector-parsing
compare	Check out harness and source history	2026-09-13T07:54:25.7073849Z  * [new branch]      fix/kitty-file-transfer-policy -> origin/fix/kitty-file-transfer-policy
compare	Check out harness and source history	2026-09-13T07:54:25.7077004Z  * [new branch]      fix/kitty-graphics-event-order -> origin/fix/kitty-graphics-event-order
compare	Check out harness and source history	2026-09-13T07:54:25.7080773Z  * [new branch]      fix/kitty-image-number-semantics -> origin/fix/kitty-image-number-semantics
compare	Check out harness and source history	2026-09-13T07:54:25.7084119Z  * [new branch]      fix/kitty-inline-cursor-motion -> origin/fix/kitty-inline-cursor-motion
compare	Check out harness and source history	2026-09-13T07:54:25.7086978Z  * [new branch]      fix/kitty-inline-pixel-offsets -> origin/fix/kitty-inline-pixel-offsets
compare	Check out harness and source history	2026-09-13T07:54:25.7089877Z  * [new branch]      fix/kitty-native-auto-size -> origin/fix/kitty-native-auto-size
compare	Check out harness and source history	2026-09-13T07:54:25.7093032Z  * [new branch]      fix/kitty-pane-scoped-image-ids -> origin/fix/kitty-pane-scoped-image-ids
compare	Check out harness and source history	2026-09-13T07:54:25.7095794Z  * [new branch]      fix/kitty-png-transmission -> origin/fix/kitty-png-transmission
compare	Check out harness and source history	2026-09-13T07:54:25.7099152Z  * [new branch]      fix/kitty-query-preserves-images -> origin/fix/kitty-query-preserves-images
compare	Check out harness and source history	2026-09-13T07:54:25.7102359Z  * [new branch]      fix/kitty-query-validation -> origin/fix/kitty-query-validation
compare	Check out harness and source history	2026-09-13T07:54:25.7105262Z  * [new branch]      fix/kitty-retransmission-placements -> origin/fix/kitty-retransmission-placements
compare	Check out harness and source history	2026-09-13T07:54:25.7108144Z  * [new branch]      fix/kitty-safe-hard-delete -> origin/fix/kitty-safe-hard-delete
compare	Check out harness and source history	2026-09-13T07:54:25.7111255Z  * [new branch]      fix/kitty-single-axis-aspect-ratio -> origin/fix/kitty-single-axis-aspect-ratio
compare	Check out harness and source history	2026-09-13T07:54:25.7114744Z  * [new branch]      fix/kitty-zlib-limits   -> origin/fix/kitty-zlib-limits
compare	Check out harness and source history	2026-09-13T07:54:25.7117500Z  * [new branch]      fix/linux-pointer-device-routing -> origin/fix/linux-pointer-device-routing
compare	Check out harness and source history	2026-09-13T07:54:25.7121041Z  * [new branch]      fix/linux-underline-rendering -> origin/fix/linux-underline-rendering
compare	Check out harness and source history	2026-09-13T07:54:25.7124213Z  * [new branch]      fix/lossless-terminal-input-headroom -> origin/fix/lossless-terminal-input-headroom
compare	Check out harness and source history	2026-09-13T07:54:25.7127758Z  * [new branch]      fix/macos-exact-keybind-modifiers -> origin/fix/macos-exact-keybind-modifiers
compare	Check out harness and source history	2026-09-13T07:54:25.7130817Z  * [new branch]      fix/macos-exact-scrollback-modifiers -> origin/fix/macos-exact-scrollback-modifiers
compare	Check out harness and source history	2026-09-13T07:54:25.7133734Z  * [new branch]      fix/macos-focus-reporting -> origin/fix/macos-focus-reporting
compare	Check out harness and source history	2026-09-13T07:54:25.7136307Z  * [new branch]      fix/macos-graphics-metric-race -> origin/fix/macos-graphics-metric-race
compare	Check out harness and source history	2026-09-13T07:54:25.7138969Z  * [new branch]      fix/macos-option-meta-text -> origin/fix/macos-option-meta-text
compare	Check out harness and source history	2026-09-13T07:54:25.7141575Z  * [new branch]      fix/macos-pane-focus-reporting -> origin/fix/macos-pane-focus-reporting
compare	Check out harness and source history	2026-09-13T07:54:25.7144576Z  * [new branch]      fix/macos-paste-preflight -> origin/fix/macos-paste-preflight
compare	Check out harness and source history	2026-09-13T07:54:25.7147146Z  * [new branch]      fix/macos-queued-pty-writes -> origin/fix/macos-queued-pty-writes
compare	Check out harness and source history	2026-09-13T07:54:25.7150136Z  * [new branch]      fix/macos-scroll-deltas -> origin/fix/macos-scroll-deltas
compare	Check out harness and source history	2026-09-13T07:54:25.7153211Z  * [new branch]      fix/macos-transactional-pane-resize -> origin/fix/macos-transactional-pane-resize
compare	Check out harness and source history	2026-09-13T07:54:25.7155998Z  * [new branch]      fix/macos-wheel-modifiers -> origin/fix/macos-wheel-modifiers
compare	Check out harness and source history	2026-09-13T07:54:25.7158554Z  * [new branch]      fix/portable-pty-lifecycle -> origin/fix/portable-pty-lifecycle
compare	Check out harness and source history	2026-09-13T07:54:25.7161011Z  * [new branch]      fix/preserve-pending-wrap -> origin/fix/preserve-pending-wrap
compare	Check out harness and source history	2026-09-13T07:54:25.7163734Z  * [new branch]      fix/preserve-terminal-content -> origin/fix/preserve-terminal-content
compare	Check out harness and source history	2026-09-13T07:54:25.7166403Z  * [new branch]      fix/pty-child-failure-cleanup -> origin/fix/pty-child-failure-cleanup
compare	Check out harness and source history	2026-09-13T07:54:25.7168902Z  * [new branch]      fix/pty-child-stage-write -> origin/fix/pty-child-stage-write
compare	Check out harness and source history	2026-09-13T07:54:25.7171382Z  * [new branch]      fix/pty-child-startup-deadline -> origin/fix/pty-child-startup-deadline
compare	Check out harness and source history	2026-09-13T07:54:25.7174296Z  * [new branch]      fix/pty-graphics-environment -> origin/fix/pty-graphics-environment
compare	Check out harness and source history	2026-09-13T07:54:25.7176879Z  * [new branch]      fix/pty-resize-eintr    -> origin/fix/pty-resize-eintr
compare	Check out harness and source history	2026-09-13T07:54:25.7178927Z  * [new branch]      fix/pty-write-errno     -> origin/fix/pty-write-errno
compare	Check out harness and source history	2026-09-13T07:54:25.7181134Z  * [new branch]      fix/serialized-pty-output -> origin/fix/serialized-pty-output
compare	Check out harness and source history	2026-09-13T07:54:25.7183532Z  * [new branch]      fix/sgr-colon-truecolor -> origin/fix/sgr-colon-truecolor
compare	Check out harness and source history	2026-09-13T07:54:25.7185747Z  * [new branch]      fix/sgr-conceal-rendering -> origin/fix/sgr-conceal-rendering
compare	Check out harness and source history	2026-09-13T07:54:25.7187982Z  * [new branch]      fix/sgr-faint-rendering -> origin/fix/sgr-faint-rendering
compare	Check out harness and source history	2026-09-13T07:54:25.7190244Z  * [new branch]      fix/sixel-event-ordering -> origin/fix/sixel-event-ordering
compare	Check out harness and source history	2026-09-13T07:54:25.7192841Z  * [new branch]      fix/sixel-resource-limits -> origin/fix/sixel-resource-limits
compare	Check out harness and source history	2026-09-13T07:54:25.7195350Z  * [new branch]      fix/terminal-input-byte-budget -> origin/fix/terminal-input-byte-budget
compare	Check out harness and source history	2026-09-13T07:54:25.7198144Z  * [new branch]      fix/terminal-pixel-report-overflow -> origin/fix/terminal-pixel-report-overflow
compare	Check out harness and source history	2026-09-13T07:54:25.7200680Z  * [new branch]      fix/utf8-control-strings -> origin/fix/utf8-control-strings
compare	Check out harness and source history	2026-09-13T07:54:25.7203055Z  * [new branch]      fix/xterm-color-cube    -> origin/fix/xterm-color-cube
compare	Check out harness and source history	2026-09-13T07:54:25.7204899Z  * [new branch]      main                    -> origin/main
compare	Check out harness and source history	2026-09-13T07:54:25.7206696Z  * [new branch]      perf/compact-history    -> origin/perf/compact-history
compare	Check out harness and source history	2026-09-13T07:54:25.7208802Z  * [new branch]      perf/damage-band-filter -> origin/perf/damage-band-filter
compare	Check out harness and source history	2026-09-13T07:54:25.7211152Z  * [new branch]      perf/frame-benchmark-controls -> origin/perf/frame-benchmark-controls
compare	Check out harness and source history	2026-09-13T07:54:25.7213773Z  * [new branch]      perf/frame-repaint-control -> origin/perf/frame-repaint-control
compare	Check out harness and source history	2026-09-13T07:54:25.7216006Z  * [new branch]      perf/glyph-color-entry  -> origin/perf/glyph-color-entry
compare	Check out harness and source history	2026-09-13T07:54:25.7218336Z  * [new branch]      perf/inline-grapheme    -> origin/perf/inline-grapheme
compare	Check out harness and source history	2026-09-13T07:54:25.7220459Z  * [new branch]      perf/input-frame-latency -> origin/perf/input-frame-latency
compare	Check out harness and source history	2026-09-13T07:54:25.7222786Z  * [new branch]      perf/input-frame-xlib   -> origin/perf/input-frame-xlib
compare	Check out harness and source history	2026-09-13T07:54:25.7224877Z  * [new branch]      perf/mixed-utf8-spans   -> origin/perf/mixed-utf8-spans
compare	Check out harness and source history	2026-09-13T07:54:25.7226902Z  * [new branch]      perf/packed-alpha       -> origin/perf/packed-alpha
compare	Check out harness and source history	2026-09-13T07:54:25.7228946Z  * [new branch]      perf/remove-grid-dirty  -> origin/perf/remove-grid-dirty
compare	Check out harness and source history	2026-09-13T07:54:25.7231093Z  * [new branch]      perf/utf8-staging-arrays -> origin/perf/utf8-staging-arrays
compare	Check out harness and source history	2026-09-13T07:54:25.7233629Z  * [new branch]      refactor/64-bit-image-store-ids -> origin/refactor/64-bit-image-store-ids
compare	Check out harness and source history	2026-09-13T07:54:25.7236551Z  * [new branch]      refactor/integer-glyph-atlas-coordinates -> origin/refactor/integer-glyph-atlas-coordinates
compare	Check out harness and source history	2026-09-13T07:54:25.7239579Z  * [new branch]      refactor/portable-graphics-types -> origin/refactor/portable-graphics-types
compare	Check out harness and source history	2026-09-13T07:54:25.7242612Z  * [new branch]      refactor/portable-pane-layout -> origin/refactor/portable-pane-layout
compare	Check out harness and source history	2026-09-13T07:54:25.7245256Z  * [new branch]      refactor/portable-render-scene -> origin/refactor/portable-render-scene
compare	Check out harness and source history	2026-09-13T07:54:25.7247923Z  * [new branch]      refactor/portable-selection-state -> origin/refactor/portable-selection-state
compare	Check out harness and source history	2026-09-13T07:54:25.7250683Z  * [new branch]      refactor/portable-terminal-colors -> origin/refactor/portable-terminal-colors
compare	Check out harness and source history	2026-09-13T07:54:25.7253712Z  * [new branch]      refactor/portable-terminal-decoder -> origin/refactor/portable-terminal-decoder
compare	Check out harness and source history	2026-09-13T07:54:25.7256189Z  * [new branch]      refactor/pty-readiness  -> origin/refactor/pty-readiness
compare	Check out harness and source history	2026-09-13T07:54:25.7258630Z  * [new branch]      refactor/shared-window-title-policy -> origin/refactor/shared-window-title-policy
compare	Check out harness and source history	2026-09-13T07:54:25.7260912Z  * [new branch]      upgrade                 -> origin/upgrade
compare	Check out harness and source history	2026-09-13T07:54:25.7262876Z  * [new tag]         v0.1                    -> v0.1
compare	Check out harness and source history	2026-09-13T07:54:25.7264269Z  * [new tag]         v0.2                    -> v0.2
compare	Check out harness and source history	2026-09-13T07:54:25.7267556Z [command]/usr/bin/git branch --list --remote origin/main
compare	Check out harness and source history	2026-09-13T07:54:25.7268967Z   origin/main
compare	Check out harness and source history	2026-09-13T07:54:25.7271282Z [command]/usr/bin/git rev-parse refs/remotes/origin/main
compare	Check out harness and source history	2026-09-13T07:54:25.7273047Z d54f801e9dec41a6eb4f159397e45939c367531d
compare	Check out harness and source history	2026-09-13T07:54:25.7276052Z ##[endgroup]
compare	Check out harness and source history	2026-09-13T07:54:25.7277581Z ##[group]Determining the checkout info
compare	Check out harness and source history	2026-09-13T07:54:25.7279326Z ##[endgroup]
compare	Check out harness and source history	2026-09-13T07:54:25.7280390Z [command]/usr/bin/git sparse-checkout disable
compare	Check out harness and source history	2026-09-13T07:54:25.7283853Z [command]/usr/bin/git config --local --unset-all extensions.worktreeConfig
compare	Check out harness and source history	2026-09-13T07:54:25.7287398Z ##[group]Checking out the ref
compare	Check out harness and source history	2026-09-13T07:54:25.7289056Z [command]/usr/bin/git checkout --progress --force -B main refs/remotes/origin/main
compare	Check out harness and source history	2026-09-13T07:54:25.8182514Z Switched to a new branch 'main'
compare	Check out harness and source history	2026-09-13T07:54:25.8188559Z branch 'main' set up to track 'origin/main'.
compare	Check out harness and source history	2026-09-13T07:54:25.8202408Z ##[endgroup]
compare	Check out harness and source history	2026-09-13T07:54:25.8253357Z [command]/usr/bin/git log -1 --format=%H
compare	Check out harness and source history	2026-09-13T07:54:25.8283146Z d54f801e9dec41a6eb4f159397e45939c367531d
compare	Install fixed Rust toolchain and validate harness	﻿2026-09-13T07:54:25.8614713Z ##[group]Run rustup toolchain install 1.94.1 --profile minimal
compare	Install fixed Rust toolchain and validate harness	2026-09-13T07:54:25.8616662Z [36;1mrustup toolchain install 1.94.1 --profile minimal[0m
compare	Install fixed Rust toolchain and validate harness	2026-09-13T07:54:25.8618192Z [36;1mrustup default 1.94.1[0m
compare	Install fixed Rust toolchain and validate harness	2026-09-13T07:54:25.8619740Z [36;1mpython3 -B -m unittest discover -s scripts -p 'test_compare_*.py'[0m
compare	Install fixed Rust toolchain and validate harness	2026-09-13T07:54:25.8665304Z shell: /usr/bin/bash --noprofile --norc -e -o pipefail {0}
compare	Install fixed Rust toolchain and validate harness	2026-09-13T07:54:25.8666771Z env:
compare	Install fixed Rust toolchain and validate harness	2026-09-13T07:54:25.8667783Z   SOURCE_REF: d54f801e9dec41a6eb4f159397e45939c367531d
compare	Install fixed Rust toolchain and validate harness	2026-09-13T07:54:25.8669125Z ##[endgroup]
compare	Install fixed Rust toolchain and validate harness	2026-09-13T07:54:25.9272372Z info: syncing channel updates for 1.94.1-x86_64-unknown-linux-gnu
compare	Install fixed Rust toolchain and validate harness	2026-09-13T07:54:26.0449239Z info: latest update on 2026-03-26 for version 1.94.1 (e408947bf 2026-03-25)
compare	Install fixed Rust toolchain and validate harness	2026-09-13T07:54:26.0451144Z info: downloading 3 components
compare	Install fixed Rust toolchain and validate harness	2026-09-13T07:54:33.3305737Z 
compare	Install fixed Rust toolchain and validate harness	2026-09-13T07:54:33.3378018Z   1.94.1-x86_64-unknown-linux-gnu installed - rustc 1.94.1 (e408947bf 2026-03-25)
compare	Install fixed Rust toolchain and validate harness	2026-09-13T07:54:33.3379456Z 
compare	Install fixed Rust toolchain and validate harness	2026-09-13T07:54:33.3459538Z info: using existing install for 1.94.1-x86_64-unknown-linux-gnu
compare	Install fixed Rust toolchain and validate harness	2026-09-13T07:54:33.3466063Z info: default toolchain set to 1.94.1-x86_64-unknown-linux-gnu
compare	Install fixed Rust toolchain and validate harness	2026-09-13T07:54:33.3466430Z 
compare	Install fixed Rust toolchain and validate harness	2026-09-13T07:54:33.3535497Z   1.94.1-x86_64-unknown-linux-gnu unchanged - rustc 1.94.1 (e408947bf 2026-03-25)
compare	Install fixed Rust toolchain and validate harness	2026-09-13T07:54:33.3535968Z 
compare	Install fixed Rust toolchain and validate harness	2026-09-13T07:54:34.7334737Z ....................................................
compare	Install fixed Rust toolchain and validate harness	2026-09-13T07:54:34.7335767Z ----------------------------------------------------------------------
compare	Install fixed Rust toolchain and validate harness	2026-09-13T07:54:34.7336509Z Ran 52 tests in 1.195s
compare	Install fixed Rust toolchain and validate harness	2026-09-13T07:54:34.7336819Z 
compare	Install fixed Rust toolchain and validate harness	2026-09-13T07:54:34.7336985Z OK
compare	Resolve source and official Ubuntu image	﻿2026-09-13T07:54:34.7521005Z ##[group]Run evidence_directory="$RUNNER_TEMP/kokuban-four-terminal-evidence"
compare	Resolve source and official Ubuntu image	2026-09-13T07:54:34.7521713Z [36;1mevidence_directory="$RUNNER_TEMP/kokuban-four-terminal-evidence"[0m
compare	Resolve source and official Ubuntu image	2026-09-13T07:54:34.7522625Z [36;1msource_directory="$RUNNER_TEMP/kokuban-comparison-source"[0m
compare	Resolve source and official Ubuntu image	2026-09-13T07:54:34.7523125Z [36;1mmkdir -p "$evidence_directory" "$source_directory"[0m
compare	Resolve source and official Ubuntu image	2026-09-13T07:54:34.7523622Z [36;1mgit rev-parse HEAD > "$evidence_directory/harness-revision.txt"[0m
compare	Resolve source and official Ubuntu image	2026-09-13T07:54:34.7524234Z [36;1mrevision="$(git rev-parse --verify --end-of-options "${SOURCE_REF}^{commit}")"[0m
compare	Resolve source and official Ubuntu image	2026-09-13T07:54:34.7524834Z [36;1mprintf '%s\n' "$revision" > "$evidence_directory/source-revision.txt"[0m
compare	Resolve source and official Ubuntu image	2026-09-13T07:54:34.7525347Z [36;1mgit archive "$revision" | tar -x -C "$source_directory"[0m
compare	Resolve source and official Ubuntu image	2026-09-13T07:54:34.7525793Z [36;1mdocker pull --platform linux/amd64 ubuntu:26.04[0m
compare	Resolve source and official Ubuntu image	2026-09-13T07:54:34.7526405Z [36;1mdocker image inspect ubuntu:26.04 --format '{{index .RepoDigests 0}}' > "$evidence_directory/image-reference.txt"[0m
compare	Resolve source and official Ubuntu image	2026-09-13T07:54:34.7527169Z [36;1mdocker image inspect ubuntu:26.04 > "$evidence_directory/container-image.json"[0m
compare	Resolve source and official Ubuntu image	2026-09-13T07:54:34.7565476Z shell: /usr/bin/bash --noprofile --norc -e -o pipefail {0}
compare	Resolve source and official Ubuntu image	2026-09-13T07:54:34.7565875Z env:
compare	Resolve source and official Ubuntu image	2026-09-13T07:54:34.7566175Z   SOURCE_REF: d54f801e9dec41a6eb4f159397e45939c367531d
compare	Resolve source and official Ubuntu image	2026-09-13T07:54:34.7566527Z ##[endgroup]
compare	Resolve source and official Ubuntu image	2026-09-13T07:54:35.3515026Z 26.04: Pulling from library/ubuntu
compare	Resolve source and official Ubuntu image	2026-09-13T07:54:36.0954005Z 08f5f5b2a2b0: Pulling fs layer
compare	Resolve source and official Ubuntu image	2026-09-13T07:54:36.0954952Z 6a7c4f6d8c38: Pulling fs layer
compare	Resolve source and official Ubuntu image	2026-09-13T07:54:36.1918121Z 6a7c4f6d8c38: Verifying Checksum
compare	Resolve source and official Ubuntu image	2026-09-13T07:54:36.1918555Z 6a7c4f6d8c38: Download complete
compare	Resolve source and official Ubuntu image	2026-09-13T07:54:36.3353058Z 08f5f5b2a2b0: Verifying Checksum
compare	Resolve source and official Ubuntu image	2026-09-13T07:54:36.3353693Z 08f5f5b2a2b0: Download complete
compare	Resolve source and official Ubuntu image	2026-09-13T07:54:38.8747148Z 08f5f5b2a2b0: Pull complete
compare	Resolve source and official Ubuntu image	2026-09-13T07:54:40.1594043Z 6a7c4f6d8c38: Pull complete
compare	Resolve source and official Ubuntu image	2026-09-13T07:54:40.1638660Z Digest: sha256:513c074113a871b51a8d16ab445c88779d6452d937a164fb5cc479f32668a41d
compare	Resolve source and official Ubuntu image	2026-09-13T07:54:40.1655336Z Status: Downloaded newer image for ubuntu:26.04
compare	Resolve source and official Ubuntu image	2026-09-13T07:54:40.1665656Z docker.io/library/ubuntu:26.04
compare	Build, verify native launch, calibrate cells and compare processing	﻿2026-09-13T07:54:40.2031593Z ##[group]Run evidence_directory="$RUNNER_TEMP/kokuban-four-terminal-evidence"
compare	Build, verify native launch, calibrate cells and compare processing	2026-09-13T07:54:40.2032650Z [36;1mevidence_directory="$RUNNER_TEMP/kokuban-four-terminal-evidence"[0m
compare	Build, verify native launch, calibrate cells and compare processing	2026-09-13T07:54:40.2033169Z [36;1mimage_reference="$(cat "$evidence_directory/image-reference.txt")"[0m
compare	Build, verify native launch, calibrate cells and compare processing	2026-09-13T07:54:40.2033678Z [36;1mtoolchain_directory="$(dirname "$(dirname "$(rustup which cargo)")")"[0m
compare	Build, verify native launch, calibrate cells and compare processing	2026-09-13T07:54:40.2034212Z [36;1mcontainer_name="kokuban-four-terminal-$GITHUB_RUN_ID-$GITHUB_RUN_ATTEMPT"[0m
compare	Build, verify native launch, calibrate cells and compare processing	2026-09-13T07:54:40.2034750Z [36;1mtrap 'docker rm --force "$container_name" >/dev/null 2>&1 || true' EXIT[0m
compare	Build, verify native launch, calibrate cells and compare processing	2026-09-13T07:54:40.2035257Z [36;1mtimeout --kill-after=10s 30m docker run --rm --init --interactive \[0m
compare	Build, verify native launch, calibrate cells and compare processing	2026-09-13T07:54:40.2035704Z [36;1m  --name "$container_name" --platform linux/amd64 \[0m
compare	Build, verify native launch, calibrate cells and compare processing	2026-09-13T07:54:40.2036140Z [36;1m  --mount "type=bind,src=$toolchain_directory,dst=/opt/rust,readonly" \[0m
compare	Build, verify native launch, calibrate cells and compare processing	2026-09-13T07:54:40.2036945Z [36;1m  --mount "type=bind,src=$RUNNER_TEMP/kokuban-comparison-source,dst=/source,readonly" \[0m
compare	Build, verify native launch, calibrate cells and compare processing	2026-09-13T07:54:40.2037541Z [36;1m  --mount "type=bind,src=$GITHUB_WORKSPACE/scripts,dst=/harness,readonly" \[0m
compare	Build, verify native launch, calibrate cells and compare processing	2026-09-13T07:54:40.2038010Z [36;1m  --mount "type=bind,src=$evidence_directory,dst=/evidence" \[0m
compare	Build, verify native launch, calibrate cells and compare processing	2026-09-13T07:54:40.2038444Z [36;1m  --workdir /source "$image_reference" bash -seu <<'CONTAINER'[0m
compare	Build, verify native launch, calibrate cells and compare processing	2026-09-13T07:54:40.2038793Z [36;1mset -o pipefail[0m
compare	Build, verify native launch, calibrate cells and compare processing	2026-09-13T07:54:40.2039049Z [36;1mexport DEBIAN_FRONTEND=noninteractive[0m
compare	Build, verify native launch, calibrate cells and compare processing	2026-09-13T07:54:40.2039334Z [36;1mapt-get update[0m
compare	Build, verify native launch, calibrate cells and compare processing	2026-09-13T07:54:40.2039607Z [36;1mapt-get install --yes --no-install-recommends \[0m
compare	Build, verify native launch, calibrate cells and compare processing	2026-09-13T07:54:40.2040049Z [36;1m  alacritty ca-certificates build-essential dbus-daemon fontconfig \[0m
compare	Build, verify native launch, calibrate cells and compare processing	2026-09-13T07:54:40.2040577Z [36;1m  fonts-dejavu-core fonts-noto-cjk fonts-noto-color-emoji ghostty kitty \[0m
compare	Build, verify native launch, calibrate cells and compare processing	2026-09-13T07:54:40.2041093Z [36;1m  libegl-mesa0 libgl1-mesa-dri libglx-mesa0 libfontconfig1-dev \[0m
compare	Build, verify native launch, calibrate cells and compare processing	2026-09-13T07:54:40.2041631Z [36;1m  libfreetype6-dev libxkbcommon-x11-0 pkg-config python3 util-linux weston xdotool[0m
compare	Build, verify native launch, calibrate cells and compare processing	2026-09-13T07:54:40.2042464Z [36;1mexport PATH="/opt/rust/bin:$PATH"[0m
compare	Build, verify native launch, calibrate cells and compare processing	2026-09-13T07:54:40.2042775Z [36;1mexport CARGO_HOME=/build/cargo-home[0m
compare	Build, verify native launch, calibrate cells and compare processing	2026-09-13T07:54:40.2043079Z [36;1mexport CARGO_TARGET_DIR=/build/target[0m
compare	Build, verify native launch, calibrate cells and compare processing	2026-09-13T07:54:40.2043442Z [36;1mexport CARGO_INCREMENTAL=0 CARGO_PROFILE_RELEASE_DEBUG=0[0m
compare	Build, verify native launch, calibrate cells and compare processing	2026-09-13T07:54:40.2043780Z [36;1mmkdir -p /build[0m
compare	Build, verify native launch, calibrate cells and compare processing	2026-09-13T07:54:40.2044048Z [36;1mrustc --version --verbose > /evidence/rustc.txt[0m
compare	Build, verify native launch, calibrate cells and compare processing	2026-09-13T07:54:40.2044367Z [36;1mcargo build --release --locked[0m
compare	Build, verify native launch, calibrate cells and compare processing	2026-09-13T07:54:40.2044758Z [36;1mcargo test --release --locked --all-targets > /evidence/rust-tests.txt 2>&1[0m
compare	Build, verify native launch, calibrate cells and compare processing	2026-09-13T07:54:40.2045214Z [36;1mcargo tree --locked > /evidence/cargo-tree.txt[0m
compare	Build, verify native launch, calibrate cells and compare processing	2026-09-13T07:54:40.2045539Z [36;1mcp Cargo.toml Cargo.lock /evidence/[0m
compare	Build, verify native launch, calibrate cells and compare processing	2026-09-13T07:54:40.2045966Z [36;1msha256sum /build/target/release/kokuban > /evidence/kokuban-binary-sha256.txt[0m
compare	Build, verify native launch, calibrate cells and compare processing	2026-09-13T07:54:40.2046510Z [36;1mdpkg-query -W alacritty ghostty kitty weston fonts-dejavu-core \[0m
compare	Build, verify native launch, calibrate cells and compare processing	2026-09-13T07:54:40.2047028Z [36;1m  fonts-noto-cjk fonts-noto-color-emoji libfontconfig1 libfreetype6 \[0m
compare	Build, verify native launch, calibrate cells and compare processing	2026-09-13T07:54:40.2047558Z [36;1m  libegl-mesa0 libgl1-mesa-dri libglx-mesa0 > /evidence/system-packages.txt[0m
compare	Build, verify native launch, calibrate cells and compare processing	2026-09-13T07:54:40.2048026Z [36;1mdpkg-query -W > /evidence/all-system-packages.txt[0m
compare	Build, verify native launch, calibrate cells and compare processing	2026-09-13T07:54:40.2048496Z [36;1mfc-match -s 'DejaVu Sans Mono' -f '%{family}|%{file}\n' > /evidence/font-fallbacks.txt[0m
compare	Build, verify native launch, calibrate cells and compare processing	2026-09-13T07:54:40.2048991Z [36;1mfc-match -s 'DejaVu Sans Mono' -f '%{file}\n' | sort -u | \[0m
compare	Build, verify native launch, calibrate cells and compare processing	2026-09-13T07:54:40.2049519Z [36;1m  while IFS= read -r font_file; do sha256sum "$font_file"; done > /evidence/font-files-sha256.txt[0m
compare	Build, verify native launch, calibrate cells and compare processing	2026-09-13T07:54:40.2049998Z [36;1mlscpu > /evidence/cpu.txt[0m
compare	Build, verify native launch, calibrate cells and compare processing	2026-09-13T07:54:40.2050265Z [36;1mexport XDG_RUNTIME_DIR[0m
compare	Build, verify native launch, calibrate cells and compare processing	2026-09-13T07:54:40.2050523Z [36;1mXDG_RUNTIME_DIR="$(mktemp -d)"[0m
compare	Build, verify native launch, calibrate cells and compare processing	2026-09-13T07:54:40.2050855Z [36;1mexport WAYLAND_DISPLAY=wayland-kokuban-comparison[0m
compare	Build, verify native launch, calibrate cells and compare processing	2026-09-13T07:54:40.2051450Z [36;1mexport LIBGL_ALWAYS_SOFTWARE=1 GALLIUM_DRIVER=llvmpipe[0m
compare	Build, verify native launch, calibrate cells and compare processing	2026-09-13T07:54:40.2051794Z [36;1munset DISPLAY WAYLAND_SOCKET[0m
compare	Build, verify native launch, calibrate cells and compare processing	2026-09-13T07:54:40.2052398Z [36;1mweston --backend=headless --renderer=pixman --no-config \[0m
compare	Build, verify native launch, calibrate cells and compare processing	2026-09-13T07:54:40.2052873Z [36;1m  --socket="$WAYLAND_DISPLAY" --idle-time=0 --width=1280 --height=900 \[0m
compare	Build, verify native launch, calibrate cells and compare processing	2026-09-13T07:54:40.2053277Z [36;1m  --log=/evidence/weston.log &[0m
compare	Build, verify native launch, calibrate cells and compare processing	2026-09-13T07:54:40.2053540Z [36;1mweston_pid=$![0m
compare	Build, verify native launch, calibrate cells and compare processing	2026-09-13T07:54:40.2053921Z [36;1mtrap 'kill "$weston_pid" 2>/dev/null || true; wait "$weston_pid" 2>/dev/null || true' EXIT[0m
compare	Build, verify native launch, calibrate cells and compare processing	2026-09-13T07:54:40.2054348Z [36;1mfor _attempt in {1..100}; do[0m
compare	Build, verify native launch, calibrate cells and compare processing	2026-09-13T07:54:40.2054665Z [36;1m  test ! -S "$XDG_RUNTIME_DIR/$WAYLAND_DISPLAY" || break[0m
compare	Build, verify native launch, calibrate cells and compare processing	2026-09-13T07:54:40.2054992Z [36;1m  kill -0 "$weston_pid"[0m
compare	Build, verify native launch, calibrate cells and compare processing	2026-09-13T07:54:40.2055371Z [36;1m  sleep 0.1[0m
compare	Build, verify native launch, calibrate cells and compare processing	2026-09-13T07:54:40.2055571Z [36;1mdone[0m
compare	Build, verify native launch, calibrate cells and compare processing	2026-09-13T07:54:40.2055799Z [36;1mtest -S "$XDG_RUNTIME_DIR/$WAYLAND_DISPLAY"[0m
compare	Build, verify native launch, calibrate cells and compare processing	2026-09-13T07:54:40.2056238Z [36;1mtimeout --kill-after=5s 60s python3 /harness/linux-launch-smoke.py \[0m
compare	Build, verify native launch, calibrate cells and compare processing	2026-09-13T07:54:40.2056791Z [36;1m  /build/target/release/kokuban --backend wayland > /evidence/native-launch.txt 2>&1[0m
compare	Build, verify native launch, calibrate cells and compare processing	2026-09-13T07:54:40.2057290Z [36;1mtimeout --kill-after=10s 20m dbus-run-session -- \[0m
compare	Build, verify native launch, calibrate cells and compare processing	2026-09-13T07:54:40.2057684Z [36;1m  python3 /harness/compare-terminal-performance.py \[0m
compare	Build, verify native launch, calibrate cells and compare processing	2026-09-13T07:54:40.2058050Z [36;1m    --kokuban /build/target/release/kokuban \[0m
compare	Build, verify native launch, calibrate cells and compare processing	2026-09-13T07:54:40.2058427Z [36;1m    --output-dir /evidence/measurements --backend wayland \[0m
compare	Build, verify native launch, calibrate cells and compare processing	2026-09-13T07:54:40.2058868Z [36;1m    --screen alternate --samples 5 --bytes 33554432 --timeout 180 \[0m
compare	Build, verify native launch, calibrate cells and compare processing	2026-09-13T07:54:40.2059273Z [36;1m    --match-cell-size --environment-note \[0m
compare	Build, verify native launch, calibrate cells and compare processing	2026-09-13T07:54:40.2060187Z [36;1m    'Official Ubuntu26.04 container on GitHub hosted x86_64; Weston headless pixman; Mesa llvmpipe; full runner CPU affinity; fonts include real CJK/emoji fallback; processing/DSR only, not physical Omarchy/GPU performance'[0m
compare	Build, verify native launch, calibrate cells and compare processing	2026-09-13T07:54:40.2061079Z [36;1mCONTAINER[0m
compare	Build, verify native launch, calibrate cells and compare processing	2026-09-13T07:54:40.2097185Z shell: /usr/bin/bash --noprofile --norc -e -o pipefail {0}
compare	Build, verify native launch, calibrate cells and compare processing	2026-09-13T07:54:40.2097524Z env:
compare	Build, verify native launch, calibrate cells and compare processing	2026-09-13T07:54:40.2097766Z   SOURCE_REF: d54f801e9dec41a6eb4f159397e45939c367531d
compare	Build, verify native launch, calibrate cells and compare processing	2026-09-13T07:54:40.2098064Z ##[endgroup]
compare	Build, verify native launch, calibrate cells and compare processing	2026-09-13T07:54:40.5741695Z Get:1 http://security.ubuntu.com/ubuntu resolute-security InRelease [137 kB]
compare	Build, verify native launch, calibrate cells and compare processing	2026-09-13T07:54:40.6585566Z Get:2 http://security.ubuntu.com/ubuntu resolute-security/multiverse amd64 Packages [13.6 kB]
compare	Build, verify native launch, calibrate cells and compare processing	2026-09-13T07:54:40.6755745Z Get:3 http://archive.ubuntu.com/ubuntu resolute InRelease [136 kB]
compare	Build, verify native launch, calibrate cells and compare processing	2026-09-13T07:54:40.6789115Z Get:4 http://security.ubuntu.com/ubuntu resolute-security/restricted amd64 Packages [493 kB]
compare	Build, verify native launch, calibrate cells and compare processing	2026-09-13T07:54:40.7213812Z Get:5 http://security.ubuntu.com/ubuntu resolute-security/universe amd64 Packages [212 kB]
compare	Build, verify native launch, calibrate cells and compare processing	2026-09-13T07:54:40.7344778Z Get:6 http://security.ubuntu.com/ubuntu resolute-security/main amd64 Packages [579 kB]
compare	Build, verify native launch, calibrate cells and compare processing	2026-09-13T07:54:41.1844371Z Get:7 http://archive.ubuntu.com/ubuntu resolute-updates InRelease [137 kB]
compare	Build, verify native launch, calibrate cells and compare processing	2026-09-13T07:54:41.4237102Z Get:8 http://archive.ubuntu.com/ubuntu resolute-backports InRelease [137 kB]
compare	Build, verify native launch, calibrate cells and compare processing	2026-09-13T07:54:41.5834129Z Get:9 http://archive.ubuntu.com/ubuntu resolute/universe amd64 Packages [20.1 MB]
compare	Build, verify native launch, calibrate cells and compare processing	2026-09-13T07:54:42.7525245Z Get:10 http://archive.ubuntu.com/ubuntu resolute/restricted amd64 Packages [189 kB]
compare	Build, verify native launch, calibrate cells and compare processing	2026-09-13T07:54:42.7534359Z Get:11 http://archive.ubuntu.com/ubuntu resolute/main amd64 Packages [1874 kB]
compare	Build, verify native launch, calibrate cells and compare processing	2026-09-13T07:54:42.8137104Z Get:12 http://archive.ubuntu.com/ubuntu resolute/multiverse amd64 Packages [352 kB]
compare	Build, verify native launch, calibrate cells and compare processing	2026-09-13T07:54:42.8164693Z Get:13 http://archive.ubuntu.com/ubuntu resolute-updates/main amd64 Packages [745 kB]
compare	Build, verify native launch, calibrate cells and compare processing	2026-09-13T07:54:42.8228689Z Get:14 http://archive.ubuntu.com/ubuntu resolute-updates/universe amd64 Packages [359 kB]
compare	Build, verify native launch, calibrate cells and compare processing	2026-09-13T07:54:42.8256166Z Get:15 http://archive.ubuntu.com/ubuntu resolute-updates/restricted amd64 Packages [505 kB]
compare	Build, verify native launch, calibrate cells and compare processing	2026-09-13T07:54:42.8296107Z Get:16 http://archive.ubuntu.com/ubuntu resolute-updates/multiverse amd64 Packages [14.6 kB]
compare	Build, verify native launch, calibrate cells and compare processing	2026-09-13T07:54:42.8649406Z Get:17 http://archive.ubuntu.com/ubuntu resolute-backports/universe amd64 Packages [3306 B]
compare	Build, verify native launch, calibrate cells and compare processing	2026-09-13T07:54:43.4907836Z Fetched 26.0 MB in 3s (8553 kB/s)
compare	Build, verify native launch, calibrate cells and compare processing	2026-09-13T07:54:44.0842934Z Reading package lists...
compare	Build, verify native launch, calibrate cells and compare processing	2026-09-13T07:54:44.6810545Z Reading package lists...
compare	Build, verify native launch, calibrate cells and compare processing	2026-09-13T07:54:44.8170968Z Building dependency tree...
compare	Build, verify native launch, calibrate cells and compare processing	2026-09-13T07:54:44.8171433Z Reading state information...
compare	Build, verify native launch, calibrate cells and compare processing	2026-09-13T07:54:44.8417623Z util-linux is already the newest version (2.41.3-3ubuntu2.2).
compare	Build, verify native launch, calibrate cells and compare processing	2026-09-13T07:54:44.9084693Z Solving dependencies...
compare	Build, verify native launch, calibrate cells and compare processing	2026-09-13T07:54:44.9886721Z The following additional packages will be installed:
compare	Build, verify native launch, calibrate cells and compare processing	2026-09-13T07:54:44.9889261Z   adwaita-icon-theme binutils binutils-common binutils-x86-64-linux-gnu
compare	Build, verify native launch, calibrate cells and compare processing	2026-09-13T07:54:44.9891628Z   bubblewrap bzip2 cpp cpp-15 cpp-15-x86-64-linux-gnu cpp-x86-64-linux-gnu
compare	Build, verify native launch, calibrate cells and compare processing	2026-09-13T07:54:44.9893450Z   dbus dbus-bin dbus-session-bus-common dbus-system-bus-common
compare	Build, verify native launch, calibrate cells and compare processing	2026-09-13T07:54:44.9894503Z   dbus-user-session dconf-gsettings-backend dconf-service dpkg-dev
compare	Build, verify native launch, calibrate cells and compare processing	2026-09-13T07:54:44.9895433Z   fontconfig-config fonts-dejavu-mono g++ g++-15 g++-15-x86-64-linux-gnu
compare	Build, verify native launch, calibrate cells and compare processing	2026-09-13T07:54:44.9896233Z   g++-x86-64-linux-gnu gcc gcc-15 gcc-15-base gcc-15-x86-64-linux-gnu
compare	Build, verify native launch, calibrate cells and compare processing	2026-09-13T07:54:44.9896953Z   gcc-x86-64-linux-gnu glycin-loaders glycin-thumbnailers
compare	Build, verify native launch, calibrate cells and compare processing	2026-09-13T07:54:44.9897586Z   gtk-update-icon-cache hicolor-icon-theme iso-codes kitty-shell-integration
compare	Build, verify native launch, calibrate cells and compare processing	2026-09-13T07:54:44.9898418Z   kitty-terminfo libadwaita-1-0 libaml0t64 libaom3 libapparmor1 libappstream5
compare	Build, verify native launch, calibrate cells and compare processing	2026-09-13T07:54:44.9899292Z   libasan8 libasound2-data libasound2t64 libass9 libatomic1 libavahi-client3
compare	Build, verify native launch, calibrate cells and compare processing	2026-09-13T07:54:44.9900004Z   libavahi-common-data libavahi-common3 libavcodec62 libavfilter11
compare	Build, verify native launch, calibrate cells and compare processing	2026-09-13T07:54:44.9900612Z   libavformat62 libavutil60 libbinutils libbluray3 libbrotli-dev libbrotli1
compare	Build, verify native launch, calibrate cells and compare processing	2026-09-13T07:54:44.9901227Z   libbs2b0 libbz2-dev libc-bin libc-dev-bin libc-gconv-modules-extra libc6
compare	Build, verify native launch, calibrate cells and compare processing	2026-09-13T07:54:44.9901862Z   libc6-dev libcairo-gobject2 libcairo-script-interpreter2 libcairo2 libcap2
compare	Build, verify native launch, calibrate cells and compare processing	2026-09-13T07:54:44.9902880Z   libcap2-bin libcc1-0 libchromaprint1 libcjson1 libcodec2-1.2 libcolord2
compare	Build, verify native launch, calibrate cells and compare processing	2026-09-13T07:54:44.9903623Z   libcrypt-dev libctf-nobfd0 libctf0 libcups2t64 libcurl3t64-gnutls libdatrie1
compare	Build, verify native launch, calibrate cells and compare processing	2026-09-13T07:54:44.9904329Z   libdav1d7 libdbus-1-3 libdconf1 libdeflate0 libdisplay-info3 libdpkg-perl
compare	Build, verify native launch, calibrate cells and compare processing	2026-09-13T07:54:44.9904970Z   libdrm-amdgpu1 libdrm-common libdrm-intel1 libdrm2 libdvdnav4 libdvdread8t64
compare	Build, verify native launch, calibrate cells and compare processing	2026-09-13T07:54:44.9905554Z   libedit2 libegl1 libelf1t64 libepoxy0 libevdev2 libexpat1 libexpat1-dev
compare	Build, verify native launch, calibrate cells and compare processing	2026-09-13T07:54:44.9906025Z   libffi8 libfftw3-double3 libfftw3-single3 libflac14 libflite1
compare	Build, verify native launch, calibrate cells and compare processing	2026-09-13T07:54:44.9906493Z   libfontconfig-dev libfontconfig1 libfreerdp-server3-3 libfreerdp3-3
compare	Build, verify native launch, calibrate cells and compare processing	2026-09-13T07:54:44.9907005Z   libfreetype6 libfribidi0 libfyaml0 libgbm1 libgcc-15-dev libgdbm-compat4t64
compare	Build, verify native launch, calibrate cells and compare processing	2026-09-13T07:54:44.9907509Z   libgdbm6t64 libgdk-pixbuf-2.0-0 libgdk-pixbuf2.0-common libgl1 libgles2
compare	Build, verify native launch, calibrate cells and compare processing	2026-09-13T07:54:44.9907994Z   libglib2.0-0t64 libglvnd0 libglx0 libglycin-2-0 libgme0 libgnutls30t64
compare	Build, verify native launch, calibrate cells and compare processing	2026-09-13T07:54:44.9908436Z   libgomp1 libgprofng0 libgraphene-1.0-0 libgraphite2-3 libgsm1
compare	Build, verify native launch, calibrate cells and compare processing	2026-09-13T07:54:44.9908886Z   libgssapi-krb5-2 libgstreamer-gl1.0-0 libgstreamer-plugins-base1.0-0
compare	Build, verify native launch, calibrate cells and compare processing	2026-09-13T07:54:44.9909397Z   libgstreamer-plugins-extra1.0-0 libgstreamer1.0-0 libgtk-4-1 libgtk-4-common
compare	Build, verify native launch, calibrate cells and compare processing	2026-09-13T07:54:44.9909913Z   libgtk4-layer-shell0 libgudev-1.0-0 libharfbuzz-subset0 libharfbuzz0b
compare	Build, verify native launch, calibrate cells and compare processing	2026-09-13T07:54:44.9910407Z   libheif-plugin-aomdec libheif1 libhogweed6t64 libhwasan0 libhwy1t64 libicu78
compare	Build, verify native launch, calibrate cells and compare processing	2026-09-13T07:54:44.9910901Z   libidn2-0 libinput-bin libinput10 libisl23 libitm1 libjansson4 libjbig0
compare	Build, verify native launch, calibrate cells and compare processing	2026-09-13T07:54:44.9911377Z   libjpeg-turbo8 libjpeg8 libjson-c5 libjxl0.11 libk5crypto3 libkeyutils1
compare	Build, verify native launch, calibrate cells and compare processing	2026-09-13T07:54:44.9911846Z   libkrb5-3 libkrb5support0 liblcms2-2 libldap-common libldap2 liblerc4
compare	Build, verify native launch, calibrate cells and compare processing	2026-09-13T07:54:44.9912506Z   liblilv-0-0 libllvm21 liblsan0 liblzo2-2 libmbedcrypto16 libmp3lame0 libmpc3
compare	Build, verify native launch, calibrate cells and compare processing	2026-09-13T07:54:44.9913657Z   libmpfr6 libmpg123-0t64 libmtdev1t64 libmysofa1 libneatvnc0 libnettle8t64
compare	Build, verify native launch, calibrate cells and compare processing	2026-09-13T07:54:44.9914288Z   libnghttp2-14 libnorm1t64 libnuma1 libogg0 libopenjp2-7 libopenmpt0t64
compare	Build, verify native launch, calibrate cells and compare processing	2026-09-13T07:54:44.9914755Z   libopus0 liborc-0.4-0t64 libp11-kit0 libpam-systemd libpango-1.0-0
compare	Build, verify native launch, calibrate cells and compare processing	2026-09-13T07:54:44.9915412Z   libpangocairo-1.0-0 libpangoft2-1.0-0 libpciaccess0 libperl5.40
compare	Build, verify native launch, calibrate cells and compare processing	2026-09-13T07:54:44.9915872Z   libpgm-5.3-0t64 libpipewire-0.3-0t64 libpixman-1-0 libpkgconf7 libplacebo360
compare	Build, verify native launch, calibrate cells and compare processing	2026-09-13T07:54:44.9916348Z   libpng-dev libpng16-16t64 libpsl5t64 libpython3-stdlib libpython3.14
compare	Build, verify native launch, calibrate cells and compare processing	2026-09-13T07:54:44.9916802Z   libpython3.14-minimal libpython3.14-stdlib libquadmath0 librabbitmq4
compare	Build, verify native launch, calibrate cells and compare processing	2026-09-13T07:54:44.9920713Z   librav1e0.8 libreadline8t64 librist4 librsvg2-2 librtmp1 librubberband3
compare	Build, verify native launch, calibrate cells and compare processing	2026-09-13T07:54:44.9923510Z   libsamplerate0 libsasl2-2 libsasl2-modules-db libseat1 libsensors-config
compare	Build, verify native launch, calibrate cells and compare processing	2026-09-13T07:54:44.9924037Z   libsensors5 libserd-0-0 libsframe3 libsharpyuv0 libshine3 libsnappy1v5
compare	Build, verify native launch, calibrate cells and compare processing	2026-09-13T07:54:44.9924816Z   libsndfile1 libsodium23 libsord-0-0 libsoxr0 libspa-0.2-modules libspeex1
compare	Build, verify native launch, calibrate cells and compare processing	2026-09-13T07:54:44.9925304Z   libsqlite3-0 libsratom-0-0 libsrt1.5-gnutls libssh-4 libssh2-1t64
compare	Build, verify native launch, calibrate cells and compare processing	2026-09-13T07:54:44.9925800Z   libstdc++-15-dev libstemmer0d libsvtav1enc2 libswresample6 libswscale9
compare	Build, verify native launch, calibrate cells and compare processing	2026-09-13T07:54:44.9926611Z   libsystemd-shared libtasn1-6 libthai-data libthai0 libtheoradec2
compare	Build, verify native launch, calibrate cells and compare processing	2026-09-13T07:54:44.9927070Z   libtheoraenc2 libtiff6 libtsan2 libturbojpeg0 libtwolame0 libubsan1
compare	Build, verify native launch, calibrate cells and compare processing	2026-09-13T07:54:44.9927525Z   libudfread3 libunibreak6 libunistring5 libva-drm2 libva-x11-2 libva2
compare	Build, verify native launch, calibrate cells and compare processing	2026-09-13T07:54:44.9927996Z   libvdpau1 libvidstab1.1 libvorbis0a libvorbisenc2 libvorbisfile3 libvpl2
compare	Build, verify native launch, calibrate cells and compare processing	2026-09-13T07:54:44.9928694Z   libvpx12 libvulkan1 libwacom-common libwacom9 libwayland-client0
compare	Build, verify native launch, calibrate cells and compare processing	2026-09-13T07:54:44.9929238Z   libwayland-cursor0 libwayland-egl1 libwayland-server0 libwebp7 libwebpmux3
compare	Build, verify native launch, calibrate cells and compare processing	2026-09-13T07:54:44.9929958Z   libwebrtc-audio-processing-1-3 libweston-14-0 libwinpr3-3 libx11-6
compare	Build, verify native launch, calibrate cells and compare processing	2026-09-13T07:54:44.9930454Z   libx11-data libx11-xcb1 libx264-165 libx265-215 libxau6 libxcb-composite0
compare	Build, verify native launch, calibrate cells and compare processing	2026-09-13T07:54:44.9930928Z   libxcb-dri3-0 libxcb-glx0 libxcb-present0 libxcb-randr0 libxcb-render0
compare	Build, verify native launch, calibrate cells and compare processing	2026-09-13T07:54:44.9931711Z   libxcb-shm0 libxcb-sync1 libxcb-xfixes0 libxcb-xkb1 libxcb1 libxcursor1
compare	Build, verify native launch, calibrate cells and compare processing	2026-09-13T07:54:44.9932497Z   libxdamage1 libxdmcp6 libxdo3 libxext6 libxfixes3 libxi6 libxinerama1
compare	Build, verify native launch, calibrate cells and compare processing	2026-09-13T07:54:44.9933190Z   libxkbcommon0 libxkbfile1 libxml2-16 libxmlb2 libxrandr2 libxrender1
compare	Build, verify native launch, calibrate cells and compare processing	2026-09-13T07:54:44.9933733Z   libxshmfence1 libxtst6 libxvidcore4 libxxf86vm1 libzimg2 libzix-0-0 libzmq5
compare	Build, verify native launch, calibrate cells and compare processing	2026-09-13T07:54:44.9934246Z   libzvbi-common libzvbi0t64 linux-libc-dev lto-disabled-list make media-types
compare	Build, verify native launch, calibrate cells and compare processing	2026-09-13T07:54:44.9934760Z   mesa-libgallium ncurses-term netbase ocl-icd-libopencl1 openssl patch perl
compare	Build, verify native launch, calibrate cells and compare processing	2026-09-13T07:54:44.9935535Z   perl-base perl-modules-5.40 pkgconf pkgconf-bin python3-minimal python3.14
compare	Build, verify native launch, calibrate cells and compare processing	2026-09-13T07:54:44.9936049Z   python3.14-minimal readline-common rpcsvc-proto shared-mime-info systemd
compare	Build, verify native launch, calibrate cells and compare processing	2026-09-13T07:54:44.9936701Z   systemd-sysv tzdata uuid-dev x11-common xkb-data xz-utils zlib1g-dev
compare	Build, verify native launch, calibrate cells and compare processing	2026-09-13T07:54:44.9937221Z Suggested packages:
compare	Build, verify native launch, calibrate cells and compare processing	2026-09-13T07:54:44.9937569Z   adwaita-icon-theme-legacy binutils-doc gprofng-gui binutils-gold bzip2-doc
compare	Build, verify native launch, calibrate cells and compare processing	2026-09-13T07:54:44.9938178Z   cpp-doc gcc-15-locales cpp-15-doc debian-keyring debian-tag2upload-keyring
compare	Build, verify native launch, calibrate cells and compare processing	2026-09-13T07:54:44.9938861Z   fonts-noto-cjk-extra g++-multilib g++-15-multilib gcc-15-doc gcc-multilib
compare	Build, verify native launch, calibrate cells and compare processing	2026-09-13T07:54:44.9939316Z   manpages-dev autoconf automake libtool flex bison gdb gcc-doc
compare	Build, verify native launch, calibrate cells and compare processing	2026-09-13T07:54:44.9939717Z   gcc-15-multilib gdb-x86-64-linux-gnu libheif-plugin-x265
compare	Build, verify native launch, calibrate cells and compare processing	2026-09-13T07:54:44.9940402Z   | libheif-plugin-kvazaar isoquery imagemagick alsa-utils libasound2-plugins
compare	Build, verify native launch, calibrate cells and compare processing	2026-09-13T07:54:44.9940926Z   libcuda1 libnvcuvid1 libnvidia-encode1 libbluray-bdj libc-devtools glibc-doc
compare	Build, verify native launch, calibrate cells and compare processing	2026-09-13T07:54:44.9941426Z   colord cups-common sq | sqop | rsop | gosop | pgpainless-cli | gpg-sq
compare	Build, verify native launch, calibrate cells and compare processing	2026-09-13T07:54:44.9942210Z   | gnupg git bzr libdvdcss2 libfftw3-bin libfftw3-dev freerdp-x11
compare	Build, verify native launch, calibrate cells and compare processing	2026-09-13T07:54:44.9942657Z   freetype2-doc gdbm-l10n low-memory-monitor gnutls-bin krb5-doc krb5-user
compare	Build, verify native launch, calibrate cells and compare processing	2026-09-13T07:54:44.9943140Z   libvisual-0.4-plugins gstreamer1.0-tools gvfs libheif-plugin-libde265
compare	Build, verify native launch, calibrate cells and compare processing	2026-09-13T07:54:44.9943615Z   libheif-plugin-x265 libheif-plugin-ffmpegdec libheif-plugin-jpegdec
compare	Build, verify native launch, calibrate cells and compare processing	2026-09-13T07:54:44.9944082Z   libheif-plugin-jpegenc libheif-plugin-j2kdec libheif-plugin-j2kenc
compare	Build, verify native launch, calibrate cells and compare processing	2026-09-13T07:54:44.9944701Z   libheif-plugin-kvazaar libheif-plugin-rav1e libheif-plugin-svtenc
compare	Build, verify native launch, calibrate cells and compare processing	2026-09-13T07:54:44.9945355Z   liblcms2-utils opus-tools libcryptsetup12 libtss2-esys-3.0.2-0t64
compare	Build, verify native launch, calibrate cells and compare processing	2026-09-13T07:54:44.9945801Z   libtss2-mu-4.0.1-0t64 libtss2-rc0t64 pciutils pipewire librsvg2-bin
compare	Build, verify native launch, calibrate cells and compare processing	2026-09-13T07:54:44.9946240Z   lm-sensors serdi sordi speex libstdc++-15-doc libarchive13t64 libbpf1
compare	Build, verify native launch, calibrate cells and compare processing	2026-09-13T07:54:44.9946973Z   libdw1t64 libfido2-1 libpwquality1 libqrencode4 libwacom-bin make-doc
compare	Build, verify native launch, calibrate cells and compare processing	2026-09-13T07:54:44.9947631Z   opencl-icd ed diffutils-doc perl-doc libterm-readline-gnu-perl
compare	Build, verify native launch, calibrate cells and compare processing	2026-09-13T07:54:44.9948184Z   | libterm-readline-perl-perl libtap-harness-archive-perl python3-doc
compare	Build, verify native launch, calibrate cells and compare processing	2026-09-13T07:54:44.9948792Z   python3-tk python3-venv python3.14-venv python3.14-doc binfmt-support
compare	Build, verify native launch, calibrate cells and compare processing	2026-09-13T07:54:44.9949268Z   readline-doc systemd-container systemd-homed systemd-userdbd systemd-boot
compare	Build, verify native launch, calibrate cells and compare processing	2026-09-13T07:54:44.9949714Z   systemd-repart libtss2-tcti-device0 polkitd wayland-utils
compare	Build, verify native launch, calibrate cells and compare processing	2026-09-13T07:54:44.9950043Z Recommended packages:
compare	Build, verify native launch, calibrate cells and compare processing	2026-09-13T07:54:44.9950375Z   librsvg2-common fakeroot gnupg | sq | sqop | rsop | gosop | pgpainless-cli
compare	Build, verify native launch, calibrate cells and compare processing	2026-09-13T07:54:44.9950813Z   | gpg-sq libalgorithm-merge-perl libheif-plugin-aomenc
compare	Build, verify native launch, calibrate cells and compare processing	2026-09-13T07:54:44.9951231Z   | libheif-plugin-rav1e | libheif-plugin-svtenc kitty-doc libcanberra0
compare	Build, verify native launch, calibrate cells and compare processing	2026-09-13T07:54:44.9951713Z   alsa-ucm-conf alsa-topology-conf libaacs0 bzip2-doc manpages manpages-dev
compare	Build, verify native launch, calibrate cells and compare processing	2026-09-13T07:54:44.9952362Z   libpam-cap libfile-fcntllock-perl liblocale-gettext-perl libglib2.0-data
compare	Build, verify native launch, calibrate cells and compare processing	2026-09-13T07:54:44.9952846Z   xdg-user-dirs gstreamer1.0-gl gstreamer1.0-plugins-base libgtk-4-bin
compare	Build, verify native launch, calibrate cells and compare processing	2026-09-13T07:54:44.9953311Z   ibus-gtk4 libheif-plugin-aomenc krb5-locales libpipewire-0.3-common
compare	Build, verify native launch, calibrate cells and compare processing	2026-09-13T07:54:44.9953777Z   libpng-tools publicsuffix libsasl2-modules libkmod2 mesa-vulkan-drivers
compare	Build, verify native launch, calibrate cells and compare processing	2026-09-13T07:54:44.9954245Z   | vulkan-icd linux-sysctl-defaults systemd-timesyncd | time-daemon
compare	Build, verify native launch, calibrate cells and compare processing	2026-09-13T07:54:44.9954674Z   systemd-resolved systemd-cryptsetup libnss-systemd xwayland
compare	Build, verify native launch, calibrate cells and compare processing	2026-09-13T07:54:45.4744897Z The following NEW packages will be installed:
compare	Build, verify native launch, calibrate cells and compare processing	2026-09-13T07:54:45.4745722Z   adwaita-icon-theme alacritty binutils binutils-common
compare	Build, verify native launch, calibrate cells and compare processing	2026-09-13T07:54:45.4746255Z   binutils-x86-64-linux-gnu bubblewrap build-essential bzip2 ca-certificates
compare	Build, verify native launch, calibrate cells and compare processing	2026-09-13T07:54:45.4746832Z   cpp cpp-15 cpp-15-x86-64-linux-gnu cpp-x86-64-linux-gnu dbus dbus-bin
compare	Build, verify native launch, calibrate cells and compare processing	2026-09-13T07:54:45.4747401Z   dbus-daemon dbus-session-bus-common dbus-system-bus-common dbus-user-session
compare	Build, verify native launch, calibrate cells and compare processing	2026-09-13T07:54:45.4748047Z   dconf-gsettings-backend dconf-service dpkg-dev fontconfig fontconfig-config
compare	Build, verify native launch, calibrate cells and compare processing	2026-09-13T07:54:45.4748661Z   fonts-dejavu-core fonts-dejavu-mono fonts-noto-cjk fonts-noto-color-emoji
compare	Build, verify native launch, calibrate cells and compare processing	2026-09-13T07:54:45.4749213Z   g++ g++-15 g++-15-x86-64-linux-gnu g++-x86-64-linux-gnu gcc gcc-15
compare	Build, verify native launch, calibrate cells and compare processing	2026-09-13T07:54:45.4749836Z   gcc-15-base gcc-15-x86-64-linux-gnu gcc-x86-64-linux-gnu ghostty
compare	Build, verify native launch, calibrate cells and compare processing	2026-09-13T07:54:45.4750381Z   glycin-loaders glycin-thumbnailers gtk-update-icon-cache hicolor-icon-theme
compare	Build, verify native launch, calibrate cells and compare processing	2026-09-13T07:54:45.4750958Z   iso-codes kitty kitty-shell-integration kitty-terminfo libadwaita-1-0
compare	Build, verify native launch, calibrate cells and compare processing	2026-09-13T07:54:45.4751499Z   libaml0t64 libaom3 libapparmor1 libappstream5 libasan8 libasound2-data
compare	Build, verify native launch, calibrate cells and compare processing	2026-09-13T07:54:45.4752540Z   libasound2t64 libass9 libatomic1 libavahi-client3 libavahi-common-data
compare	Build, verify native launch, calibrate cells and compare processing	2026-09-13T07:54:45.4753836Z   libavahi-common3 libavcodec62 libavfilter11 libavformat62 libavutil60
compare	Build, verify native launch, calibrate cells and compare processing	2026-09-13T07:54:45.4755062Z   libbinutils libbluray3 libbrotli-dev libbrotli1 libbs2b0 libbz2-dev
compare	Build, verify native launch, calibrate cells and compare processing	2026-09-13T07:54:45.4756199Z   libc-dev-bin libc6-dev libcairo-gobject2 libcairo-script-interpreter2
compare	Build, verify native launch, calibrate cells and compare processing	2026-09-13T07:54:45.4757532Z   libcairo2 libcap2 libcap2-bin libcc1-0 libchromaprint1 libcjson1
compare	Build, verify native launch, calibrate cells and compare processing	2026-09-13T07:54:45.4758604Z   libcodec2-1.2 libcolord2 libcrypt-dev libctf-nobfd0 libctf0 libcups2t64
compare	Build, verify native launch, calibrate cells and compare processing	2026-09-13T07:54:45.4759518Z   libcurl3t64-gnutls libdatrie1 libdav1d7 libdbus-1-3 libdconf1 libdeflate0
compare	Build, verify native launch, calibrate cells and compare processing	2026-09-13T07:54:45.4760433Z   libdisplay-info3 libdpkg-perl libdrm-amdgpu1 libdrm-common libdrm-intel1
compare	Build, verify native launch, calibrate cells and compare processing	2026-09-13T07:54:45.4761330Z   libdrm2 libdvdnav4 libdvdread8t64 libedit2 libegl-mesa0 libegl1 libelf1t64
compare	Build, verify native launch, calibrate cells and compare processing	2026-09-13T07:54:45.4762412Z   libepoxy0 libevdev2 libexpat1 libexpat1-dev libffi8 libfftw3-double3
compare	Build, verify native launch, calibrate cells and compare processing	2026-09-13T07:54:45.4763238Z   libfftw3-single3 libflac14 libflite1 libfontconfig-dev libfontconfig1
compare	Build, verify native launch, calibrate cells and compare processing	2026-09-13T07:54:45.4764078Z   libfontconfig1-dev libfreerdp-server3-3 libfreerdp3-3 libfreetype-dev
compare	Build, verify native launch, calibrate cells and compare processing	2026-09-13T07:54:45.4764952Z   libfreetype6 libfribidi0 libfyaml0 libgbm1 libgcc-15-dev libgdbm-compat4t64
compare	Build, verify native launch, calibrate cells and compare processing	2026-09-13T07:54:45.4765718Z   libgdbm6t64 libgdk-pixbuf-2.0-0 libgdk-pixbuf2.0-common libgl1
compare	Build, verify native launch, calibrate cells and compare processing	2026-09-13T07:54:45.4766202Z   libgl1-mesa-dri libgles2 libglib2.0-0t64 libglvnd0 libglx-mesa0 libglx0
compare	Build, verify native launch, calibrate cells and compare processing	2026-09-13T07:54:45.4766732Z   libglycin-2-0 libgme0 libgnutls30t64 libgomp1 libgprofng0 libgraphene-1.0-0
compare	Build, verify native launch, calibrate cells and compare processing	2026-09-13T07:54:45.4767213Z   libgraphite2-3 libgsm1 libgssapi-krb5-2 libgstreamer-gl1.0-0
compare	Build, verify native launch, calibrate cells and compare processing	2026-09-13T07:54:45.4767650Z   libgstreamer-plugins-base1.0-0 libgstreamer-plugins-extra1.0-0
compare	Build, verify native launch, calibrate cells and compare processing	2026-09-13T07:54:45.4768475Z   libgstreamer1.0-0 libgtk-4-1 libgtk-4-common libgtk4-layer-shell0
compare	Build, verify native launch, calibrate cells and compare processing	2026-09-13T07:54:45.4769460Z   libgudev-1.0-0 libharfbuzz-subset0 libharfbuzz0b libheif-plugin-aomdec
compare	Build, verify native launch, calibrate cells and compare processing	2026-09-13T07:54:45.4770117Z   libheif1 libhogweed6t64 libhwasan0 libhwy1t64 libicu78 libidn2-0
compare	Build, verify native launch, calibrate cells and compare processing	2026-09-13T07:54:45.4770600Z   libinput-bin libinput10 libisl23 libitm1 libjansson4 libjbig0 libjpeg-turbo8
compare	Build, verify native launch, calibrate cells and compare processing	2026-09-13T07:54:45.4771084Z   libjpeg8 libjson-c5 libjxl0.11 libk5crypto3 libkeyutils1 libkrb5-3
compare	Build, verify native launch, calibrate cells and compare processing	2026-09-13T07:54:45.4771596Z   libkrb5support0 liblcms2-2 libldap-common libldap2 liblerc4 liblilv-0-0
compare	Build, verify native launch, calibrate cells and compare processing	2026-09-13T07:54:45.4772388Z   libllvm21 liblsan0 liblzo2-2 libmbedcrypto16 libmp3lame0 libmpc3 libmpfr6
compare	Build, verify native launch, calibrate cells and compare processing	2026-09-13T07:54:45.4772875Z   libmpg123-0t64 libmtdev1t64 libmysofa1 libneatvnc0 libnettle8t64
compare	Build, verify native launch, calibrate cells and compare processing	2026-09-13T07:54:45.4773335Z   libnghttp2-14 libnorm1t64 libnuma1 libogg0 libopenjp2-7 libopenmpt0t64
compare	Build, verify native launch, calibrate cells and compare processing	2026-09-13T07:54:45.4773805Z   libopus0 liborc-0.4-0t64 libp11-kit0 libpam-systemd libpango-1.0-0
compare	Build, verify native launch, calibrate cells and compare processing	2026-09-13T07:54:45.4774251Z   libpangocairo-1.0-0 libpangoft2-1.0-0 libpciaccess0 libperl5.40
compare	Build, verify native launch, calibrate cells and compare processing	2026-09-13T07:54:45.4774745Z   libpgm-5.3-0t64 libpipewire-0.3-0t64 libpixman-1-0 libpkgconf7 libplacebo360
compare	Build, verify native launch, calibrate cells and compare processing	2026-09-13T07:54:45.4775239Z   libpng-dev libpng16-16t64 libpsl5t64 libpython3-stdlib libpython3.14
compare	Build, verify native launch, calibrate cells and compare processing	2026-09-13T07:54:45.4776087Z   libpython3.14-minimal libpython3.14-stdlib libquadmath0 librabbitmq4
compare	Build, verify native launch, calibrate cells and compare processing	2026-09-13T07:54:45.4777042Z   librav1e0.8 libreadline8t64 librist4 librsvg2-2 librtmp1 librubberband3
compare	Build, verify native launch, calibrate cells and compare processing	2026-09-13T07:54:45.4777769Z   libsamplerate0 libsasl2-2 libsasl2-modules-db libseat1 libsensors-config
compare	Build, verify native launch, calibrate cells and compare processing	2026-09-13T07:54:45.4778461Z   libsensors5 libserd-0-0 libsframe3 libsharpyuv0 libshine3 libsnappy1v5
compare	Build, verify native launch, calibrate cells and compare processing	2026-09-13T07:54:45.4778974Z   libsndfile1 libsodium23 libsord-0-0 libsoxr0 libspa-0.2-modules libspeex1
compare	Build, verify native launch, calibrate cells and compare processing	2026-09-13T07:54:45.4779453Z   libsqlite3-0 libsratom-0-0 libsrt1.5-gnutls libssh-4 libssh2-1t64
compare	Build, verify native launch, calibrate cells and compare processing	2026-09-13T07:54:45.4779917Z   libstdc++-15-dev libstemmer0d libsvtav1enc2 libswresample6 libswscale9
compare	Build, verify native launch, calibrate cells and compare processing	2026-09-13T07:54:45.4780365Z   libsystemd-shared libtasn1-6 libthai-data libthai0 libtheoradec2
compare	Build, verify native launch, calibrate cells and compare processing	2026-09-13T07:54:45.4780813Z   libtheoraenc2 libtiff6 libtsan2 libturbojpeg0 libtwolame0 libubsan1
compare	Build, verify native launch, calibrate cells and compare processing	2026-09-13T07:54:45.4781266Z   libudfread3 libunibreak6 libunistring5 libva-drm2 libva-x11-2 libva2
compare	Build, verify native launch, calibrate cells and compare processing	2026-09-13T07:54:45.4781732Z   libvdpau1 libvidstab1.1 libvorbis0a libvorbisenc2 libvorbisfile3 libvpl2
compare	Build, verify native launch, calibrate cells and compare processing	2026-09-13T07:54:45.4782548Z   libvpx12 libvulkan1 libwacom-common libwacom9 libwayland-client0
compare	Build, verify native launch, calibrate cells and compare processing	2026-09-13T07:54:45.4783034Z   libwayland-cursor0 libwayland-egl1 libwayland-server0 libwebp7 libwebpmux3
compare	Build, verify native launch, calibrate cells and compare processing	2026-09-13T07:54:45.4783531Z   libwebrtc-audio-processing-1-3 libweston-14-0 libwinpr3-3 libx11-6
compare	Build, verify native launch, calibrate cells and compare processing	2026-09-13T07:54:45.4784253Z   libx11-data libx11-xcb1 libx264-165 libx265-215 libxau6 libxcb-composite0
compare	Build, verify native launch, calibrate cells and compare processing	2026-09-13T07:54:45.4784726Z   libxcb-dri3-0 libxcb-glx0 libxcb-present0 libxcb-randr0 libxcb-render0
compare	Build, verify native launch, calibrate cells and compare processing	2026-09-13T07:54:45.4785199Z   libxcb-shm0 libxcb-sync1 libxcb-xfixes0 libxcb-xkb1 libxcb1 libxcursor1
compare	Build, verify native launch, calibrate cells and compare processing	2026-09-13T07:54:45.4785668Z   libxdamage1 libxdmcp6 libxdo3 libxext6 libxfixes3 libxi6 libxinerama1
compare	Build, verify native launch, calibrate cells and compare processing	2026-09-13T07:54:45.4786152Z   libxkbcommon-x11-0 libxkbcommon0 libxkbfile1 libxml2-16 libxmlb2 libxrandr2
compare	Build, verify native launch, calibrate cells and compare processing	2026-09-13T07:54:45.4786638Z   libxrender1 libxshmfence1 libxtst6 libxvidcore4 libxxf86vm1 libzimg2
compare	Build, verify native launch, calibrate cells and compare processing	2026-09-13T07:54:45.4787067Z   libzix-0-0 libzmq5 libzvbi-common libzvbi0t64 linux-libc-dev
compare	Build, verify native launch, calibrate cells and compare processing	2026-09-13T07:54:45.4787506Z   lto-disabled-list make media-types mesa-libgallium ncurses-term netbase
compare	Build, verify native launch, calibrate cells and compare processing	2026-09-13T07:54:45.4788129Z   ocl-icd-libopencl1 openssl patch perl perl-modules-5.40 pkg-config pkgconf
compare	Build, verify native launch, calibrate cells and compare processing	2026-09-13T07:54:45.4788604Z   pkgconf-bin python3 python3-minimal python3.14 python3.14-minimal
compare	Build, verify native launch, calibrate cells and compare processing	2026-09-13T07:54:45.4789078Z   readline-common rpcsvc-proto shared-mime-info systemd systemd-sysv tzdata
compare	Build, verify native launch, calibrate cells and compare processing	2026-09-13T07:54:45.4789540Z   uuid-dev weston x11-common xdotool xkb-data xz-utils zlib1g-dev
compare	Build, verify native launch, calibrate cells and compare processing	2026-09-13T07:54:45.4789913Z The following packages will be upgraded:
compare	Build, verify native launch, calibrate cells and compare processing	2026-09-13T07:54:45.4790229Z   libc-bin libc-gconv-modules-extra libc6 perl-base
compare	Build, verify native launch, calibrate cells and compare processing	2026-09-13T07:54:45.7609714Z 4 upgraded, 362 newly installed, 0 to remove and 3 not upgraded.
compare	Build, verify native launch, calibrate cells and compare processing	2026-09-13T07:54:45.7610438Z Need to get 383 MB of archives.
compare	Build, verify native launch, calibrate cells and compare processing	2026-09-13T07:54:45.7611008Z After this operation, 1188 MB of additional disk space will be used.
compare	Build, verify native launch, calibrate cells and compare processing	2026-09-13T07:54:45.7612305Z Get:1 http://archive.ubuntu.com/ubuntu resolute-updates/main amd64 perl-base amd64 5.40.1-7ubuntu0.3 [1850 kB]
compare	Build, verify native launch, calibrate cells and compare processing	2026-09-13T07:54:46.6387853Z Get:2 http://archive.ubuntu.com/ubuntu resolute-updates/main amd64 libc-gconv-modules-extra amd64 2.43-2ubuntu2.4 [1362 kB]
compare	Build, verify native launch, calibrate cells and compare processing	2026-09-13T07:54:46.7488970Z Get:3 http://archive.ubuntu.com/ubuntu resolute-updates/main amd64 libc6 amd64 2.43-2ubuntu2.4 [2104 kB]
compare	Build, verify native launch, calibrate cells and compare processing	2026-09-13T07:54:46.8930591Z Get:4 http://archive.ubuntu.com/ubuntu resolute-updates/main amd64 libc-bin amd64 2.43-2ubuntu2.4 [701 kB]
compare	Build, verify native launch, calibrate cells and compare processing	2026-09-13T07:54:46.9174430Z Get:5 http://archive.ubuntu.com/ubuntu resolute/main amd64 libexpat1 amd64 2.7.4-1 [94.0 kB]
compare	Build, verify native launch, calibrate cells and compare processing	2026-09-13T07:54:46.9195816Z Get:6 http://archive.ubuntu.com/ubuntu resolute-updates/main amd64 libpython3.14-minimal amd64 3.14.4-1ubuntu0.2 [916 kB]
compare	Build, verify native launch, calibrate cells and compare processing	2026-09-13T07:54:46.9750914Z Get:7 http://archive.ubuntu.com/ubuntu resolute-updates/main amd64 python3.14-minimal amd64 3.14.4-1ubuntu0.2 [2579 kB]
compare	Build, verify native launch, calibrate cells and compare processing	2026-09-13T07:54:47.0191219Z Get:8 http://archive.ubuntu.com/ubuntu resolute/main amd64 python3-minimal amd64 3.14.3-0ubuntu2 [25.8 kB]
compare	Build, verify native launch, calibrate cells and compare processing	2026-09-13T07:54:47.0195278Z Get:9 http://archive.ubuntu.com/ubuntu resolute/main amd64 media-types all 14.0.0build1 [31.4 kB]
compare	Build, verify native launch, calibrate cells and compare processing	2026-09-13T07:54:47.0202496Z Get:10 http://archive.ubuntu.com/ubuntu resolute/main amd64 netbase all 6.5build1 [13.0 kB]
compare	Build, verify native launch, calibrate cells and compare processing	2026-09-13T07:54:47.0207430Z Get:11 http://archive.ubuntu.com/ubuntu resolute-updates/main amd64 tzdata all 2026c-0ubuntu0.26.04.1 [193 kB]
compare	Build, verify native launch, calibrate cells and compare processing	2026-09-13T07:54:47.0226108Z Get:12 http://archive.ubuntu.com/ubuntu resolute/main amd64 libffi8 amd64 3.5.2-4 [26.3 kB]
compare	Build, verify native launch, calibrate cells and compare processing	2026-09-13T07:54:47.0233927Z Get:13 http://archive.ubuntu.com/ubuntu resolute/main amd64 readline-common all 8.3-4 [61.5 kB]
compare	Build, verify native launch, calibrate cells and compare processing	2026-09-13T07:54:47.0615265Z Get:14 http://archive.ubuntu.com/ubuntu resolute/main amd64 libreadline8t64 amd64 8.3-4 [164 kB]
compare	Build, verify native launch, calibrate cells and compare processing	2026-09-13T07:54:47.0632289Z Get:15 http://archive.ubuntu.com/ubuntu resolute-updates/main amd64 libsqlite3-0 amd64 3.46.1-9ubuntu0.2 [719 kB]
compare	Build, verify native launch, calibrate cells and compare processing	2026-09-13T07:54:47.0741074Z Get:16 http://archive.ubuntu.com/ubuntu resolute-updates/main amd64 libpython3.14-stdlib amd64 3.14.4-1ubuntu0.2 [2415 kB]
compare	Build, verify native launch, calibrate cells and compare processing	2026-09-13T07:54:47.1451590Z Get:17 http://archive.ubuntu.com/ubuntu resolute-updates/main amd64 python3.14 amd64 3.14.4-1ubuntu0.2 [830 kB]
compare	Build, verify native launch, calibrate cells and compare processing	2026-09-13T07:54:47.1524597Z Get:18 http://archive.ubuntu.com/ubuntu resolute/main amd64 libpython3-stdlib amd64 3.14.3-0ubuntu2 [8476 B]
compare	Build, verify native launch, calibrate cells and compare processing	2026-09-13T07:54:47.1528431Z Get:19 http://archive.ubuntu.com/ubuntu resolute/main amd64 python3 amd64 3.14.3-0ubuntu2 [22.9 kB]
compare	Build, verify native launch, calibrate cells and compare processing	2026-09-13T07:54:47.1535348Z Get:20 http://archive.ubuntu.com/ubuntu resolute-updates/main amd64 libsystemd-shared amd64 259.5-0ubuntu3.4 [2462 kB]
compare	Build, verify native launch, calibrate cells and compare processing	2026-09-13T07:54:47.1752762Z Get:21 http://archive.ubuntu.com/ubuntu resolute-updates/main amd64 systemd amd64 259.5-0ubuntu3.4 [3129 kB]
compare	Build, verify native launch, calibrate cells and compare processing	2026-09-13T07:54:47.2352959Z Get:22 http://archive.ubuntu.com/ubuntu resolute-updates/main amd64 systemd-sysv amd64 259.5-0ubuntu3.4 [9250 B]
compare	Build, verify native launch, calibrate cells and compare processing	2026-09-13T07:54:47.2355441Z Get:23 http://archive.ubuntu.com/ubuntu resolute-updates/main amd64 openssl amd64 3.5.5-1ubuntu3.5 [1243 kB]
compare	Build, verify native launch, calibrate cells and compare processing	2026-09-13T07:54:47.2441071Z Get:24 http://archive.ubuntu.com/ubuntu resolute-updates/main amd64 ca-certificates all 20260601~26.04.1 [139 kB]
compare	Build, verify native launch, calibrate cells and compare processing	2026-09-13T07:54:47.2450801Z Get:25 http://archive.ubuntu.com/ubuntu resolute/main amd64 libdbus-1-3 amd64 1.16.2-2ubuntu4 [186 kB]
compare	Build, verify native launch, calibrate cells and compare processing	2026-09-13T07:54:47.2463351Z Get:26 http://archive.ubuntu.com/ubuntu resolute/main amd64 dbus-bin amd64 1.16.2-2ubuntu4 [40.1 kB]
compare	Build, verify native launch, calibrate cells and compare processing	2026-09-13T07:54:47.3150787Z Get:27 http://archive.ubuntu.com/ubuntu resolute/main amd64 dbus-session-bus-common all 1.16.2-2ubuntu4 [54.5 kB]
compare	Build, verify native launch, calibrate cells and compare processing	2026-09-13T07:54:47.3157987Z Get:28 http://archive.ubuntu.com/ubuntu resolute-updates/main amd64 libapparmor1 amd64 5.0.2-0ubuntu1~26.04.1 [51.3 kB]
compare	Build, verify native launch, calibrate cells and compare processing	2026-09-13T07:54:47.3164346Z Get:29 http://archive.ubuntu.com/ubuntu resolute/main amd64 dbus-daemon amd64 1.16.2-2ubuntu4 [119 kB]
compare	Build, verify native launch, calibrate cells and compare processing	2026-09-13T07:54:47.3173066Z Get:30 http://archive.ubuntu.com/ubuntu resolute/main amd64 dbus-system-bus-common all 1.16.2-2ubuntu4 [55.9 kB]
compare	Build, verify native launch, calibrate cells and compare processing	2026-09-13T07:54:47.3984163Z Get:31 http://archive.ubuntu.com/ubuntu resolute/main amd64 dbus amd64 1.16.2-2ubuntu4 [24.2 kB]
compare	Build, verify native launch, calibrate cells and compare processing	2026-09-13T07:54:47.3990932Z Get:32 http://archive.ubuntu.com/ubuntu resolute-updates/main amd64 libpam-systemd amd64 259.5-0ubuntu3.4 [274 kB]
compare	Build, verify native launch, calibrate cells and compare processing	2026-09-13T07:54:47.4017317Z Get:33 http://archive.ubuntu.com/ubuntu resolute/main amd64 dbus-user-session amd64 1.16.2-2ubuntu4 [9682 B]
compare	Build, verify native launch, calibrate cells and compare processing	2026-09-13T07:54:47.4024271Z Get:34 http://archive.ubuntu.com/ubuntu resolute/main amd64 iso-codes all 4.20.1-1 [3899 kB]
compare	Build, verify native launch, calibrate cells and compare processing	2026-09-13T07:54:47.4263697Z Get:35 http://archive.ubuntu.com/ubuntu resolute/main amd64 libatomic1 amd64 16-20260322-1ubuntu1 [11.4 kB]
compare	Build, verify native launch, calibrate cells and compare processing	2026-09-13T07:54:47.4265983Z Get:36 http://archive.ubuntu.com/ubuntu resolute/main amd64 libcap2 amd64 1:2.75-10ubuntu2 [29.3 kB]
compare	Build, verify native launch, calibrate cells and compare processing	2026-09-13T07:54:47.4817137Z Get:37 http://archive.ubuntu.com/ubuntu resolute/main amd64 libcap2-bin amd64 1:2.75-10ubuntu2 [33.5 kB]
compare	Build, verify native launch, calibrate cells and compare processing	2026-09-13T07:54:47.4823264Z Get:38 http://archive.ubuntu.com/ubuntu resolute/main amd64 libedit2 amd64 3.1-20251016-1 [96.9 kB]
compare	Build, verify native launch, calibrate cells and compare processing	2026-09-13T07:54:47.4830204Z Get:39 http://archive.ubuntu.com/ubuntu resolute/main amd64 libelf1t64 amd64 0.194-4 [57.1 kB]
compare	Build, verify native launch, calibrate cells and compare processing	2026-09-13T07:54:47.4836951Z Get:40 http://archive.ubuntu.com/ubuntu resolute/main amd64 libfribidi0 amd64 1.0.16-5 [26.6 kB]
compare	Build, verify native launch, calibrate cells and compare processing	2026-09-13T07:54:47.5653276Z Get:41 http://archive.ubuntu.com/ubuntu resolute/main amd64 libglib2.0-0t64 amd64 2.88.0-1 [1597 kB]
compare	Build, verify native launch, calibrate cells and compare processing	2026-09-13T07:54:47.5774172Z Get:42 http://archive.ubuntu.com/ubuntu resolute/main amd64 libnettle8t64 amd64 3.10.2-1 [185 kB]
compare	Build, verify native launch, calibrate cells and compare processing	2026-09-13T07:54:47.5790098Z Get:43 http://archive.ubuntu.com/ubuntu resolute/main amd64 libhogweed6t64 amd64 3.10.2-1 [201 kB]
compare	Build, verify native launch, calibrate cells and compare processing	2026-09-13T07:54:47.5802339Z Get:44 http://archive.ubuntu.com/ubuntu resolute/main amd64 libunistring5 amd64 1.3-2build1 [610 kB]
compare	Build, verify native launch, calibrate cells and compare processing	2026-09-13T07:54:47.5836074Z Get:45 http://archive.ubuntu.com/ubuntu resolute/main amd64 libidn2-0 amd64 2.3.8-4build1 [67.6 kB]
compare	Build, verify native launch, calibrate cells and compare processing	2026-09-13T07:54:47.5841476Z Get:46 http://archive.ubuntu.com/ubuntu resolute/main amd64 libp11-kit0 amd64 0.26.2-2 [313 kB]
compare	Build, verify native launch, calibrate cells and compare processing	2026-09-13T07:54:47.6487894Z Get:47 http://archive.ubuntu.com/ubuntu resolute/main amd64 libtasn1-6 amd64 4.21.0-2 [45.3 kB]
compare	Build, verify native launch, calibrate cells and compare processing	2026-09-13T07:54:47.6495502Z Get:48 http://archive.ubuntu.com/ubuntu resolute-updates/main amd64 libgnutls30t64 amd64 3.8.12-2ubuntu1.1 [1029 kB]
compare	Build, verify native launch, calibrate cells and compare processing	2026-09-13T07:54:47.6561483Z Get:49 http://archive.ubuntu.com/ubuntu resolute-updates/main amd64 libkrb5support0 amd64 1.22.1-2ubuntu4.1 [33.5 kB]
compare	Build, verify native launch, calibrate cells and compare processing	2026-09-13T07:54:47.6572967Z Get:50 http://archive.ubuntu.com/ubuntu resolute-updates/main amd64 libk5crypto3 amd64 1.22.1-2ubuntu4.1 [82.0 kB]
compare	Build, verify native launch, calibrate cells and compare processing	2026-09-13T07:54:47.7327217Z Get:51 http://archive.ubuntu.com/ubuntu resolute/main amd64 libkeyutils1 amd64 1.6.3-6ubuntu3 [10.6 kB]
compare	Build, verify native launch, calibrate cells and compare processing	2026-09-13T07:54:47.7328963Z Get:52 http://archive.ubuntu.com/ubuntu resolute-updates/main amd64 libkrb5-3 amd64 1.22.1-2ubuntu4.1 [361 kB]
compare	Build, verify native launch, calibrate cells and compare processing	2026-09-13T07:54:47.7350582Z Get:53 http://archive.ubuntu.com/ubuntu resolute-updates/main amd64 libgssapi-krb5-2 amd64 1.22.1-2ubuntu4.1 [147 kB]
compare	Build, verify native launch, calibrate cells and compare processing	2026-09-13T07:54:47.7362207Z Get:54 http://archive.ubuntu.com/ubuntu resolute/main amd64 libjson-c5 amd64 0.18+ds-3 [35.9 kB]
compare	Build, verify native launch, calibrate cells and compare processing	2026-09-13T07:54:47.7375596Z Get:55 http://archive.ubuntu.com/ubuntu resolute-updates/main amd64 libxml2-16 amd64 2.15.2+dfsg-0.1ubuntu0.1 [606 kB]
compare	Build, verify native launch, calibrate cells and compare processing	2026-09-13T07:54:47.7406707Z Get:56 http://archive.ubuntu.com/ubuntu resolute/main amd64 shared-mime-info amd64 2.4-5build3 [476 kB]
compare	Build, verify native launch, calibrate cells and compare processing	2026-09-13T07:54:47.8159161Z Get:57 http://archive.ubuntu.com/ubuntu resolute/main amd64 xkb-data all 2.46-2 [393 kB]
compare	Build, verify native launch, calibrate cells and compare processing	2026-09-13T07:54:47.8183159Z Get:58 http://archive.ubuntu.com/ubuntu resolute/main amd64 libdrm-common all 2.4.131-1 [9774 B]
compare	Build, verify native launch, calibrate cells and compare processing	2026-09-13T07:54:47.8184680Z Get:59 http://archive.ubuntu.com/ubuntu resolute/main amd64 libdrm2 amd64 2.4.131-1 [42.3 kB]
compare	Build, verify native launch, calibrate cells and compare processing	2026-09-13T07:54:47.8192912Z Get:60 http://archive.ubuntu.com/ubuntu resolute/main amd64 libevdev2 amd64 1.13.6+dfsg-1 [37.7 kB]
compare	Build, verify native launch, calibrate cells and compare processing	2026-09-13T07:54:47.8995326Z Get:61 http://archive.ubuntu.com/ubuntu resolute/main amd64 libgdbm6t64 amd64 1.26-1build1 [36.5 kB]
compare	Build, verify native launch, calibrate cells and compare processing	2026-09-13T07:54:47.9012603Z Get:62 http://archive.ubuntu.com/ubuntu resolute/main amd64 libjansson4 amd64 2.14-2build4 [33.2 kB]
compare	Build, verify native launch, calibrate cells and compare processing	2026-09-13T07:54:47.9014620Z Get:63 http://archive.ubuntu.com/ubuntu resolute-updates/main amd64 libnghttp2-14 amd64 1.68.0-2ubuntu0.2 [71.0 kB]
compare	Build, verify native launch, calibrate cells and compare processing	2026-09-13T07:54:47.9015900Z Get:64 http://archive.ubuntu.com/ubuntu resolute/main amd64 libnuma1 amd64 2.0.19-1build1 [23.7 kB]
compare	Build, verify native launch, calibrate cells and compare processing	2026-09-13T07:54:47.9016867Z Get:65 http://archive.ubuntu.com/ubuntu resolute/main amd64 libpng16-16t64 amd64 1.6.57-1 [194 kB]
compare	Build, verify native launch, calibrate cells and compare processing	2026-09-13T07:54:47.9027818Z Get:66 http://archive.ubuntu.com/ubuntu resolute/main amd64 libpsl5t64 amd64 0.21.2-1.1build2 [59.5 kB]
compare	Build, verify native launch, calibrate cells and compare processing	2026-09-13T07:54:47.9833008Z Get:67 http://archive.ubuntu.com/ubuntu resolute/main amd64 libsensors-config all 1:3.6.2-2build1 [6862 B]
compare	Build, verify native launch, calibrate cells and compare processing	2026-09-13T07:54:47.9835063Z Get:68 http://archive.ubuntu.com/ubuntu resolute/main amd64 libsensors5 amd64 1:3.6.2-2build1 [28.9 kB]
compare	Build, verify native launch, calibrate cells and compare processing	2026-09-13T07:54:47.9843216Z Get:69 http://archive.ubuntu.com/ubuntu resolute/main amd64 libxau6 amd64 1:1.0.11-1build2 [7502 B]
compare	Build, verify native launch, calibrate cells and compare processing	2026-09-13T07:54:47.9845087Z Get:70 http://archive.ubuntu.com/ubuntu resolute/main amd64 libxdmcp6 amd64 1:1.1.5-2 [10.8 kB]
compare	Build, verify native launch, calibrate cells and compare processing	2026-09-13T07:54:48.0666905Z Get:71 http://archive.ubuntu.com/ubuntu resolute/main amd64 libxcb1 amd64 1.17.0-2ubuntu1 [49.0 kB]
compare	Build, verify native launch, calibrate cells and compare processing	2026-09-13T07:54:48.0673378Z Get:72 http://archive.ubuntu.com/ubuntu resolute/main amd64 libx11-data all 2:1.8.13-1 [114 kB]
compare	Build, verify native launch, calibrate cells and compare processing	2026-09-13T07:54:48.0682350Z Get:73 http://archive.ubuntu.com/ubuntu resolute/main amd64 libx11-6 amd64 2:1.8.13-1 [657 kB]
compare	Build, verify native launch, calibrate cells and compare processing	2026-09-13T07:54:48.0723054Z Get:74 http://archive.ubuntu.com/ubuntu resolute/main amd64 libxext6 amd64 2:1.3.4-1build3 [30.8 kB]
compare	Build, verify native launch, calibrate cells and compare processing	2026-09-13T07:54:48.0725877Z Get:75 http://archive.ubuntu.com/ubuntu resolute/main amd64 libxkbcommon0 amd64 1.13.1-1 [159 kB]
compare	Build, verify native launch, calibrate cells and compare processing	2026-09-13T07:54:48.0737478Z Get:76 http://archive.ubuntu.com/ubuntu resolute/main amd64 xz-utils amd64 5.8.3-1 [406 kB]
compare	Build, verify native launch, calibrate cells and compare processing	2026-09-13T07:54:48.1503306Z Get:77 http://archive.ubuntu.com/ubuntu resolute-updates/main amd64 bubblewrap amd64 0.11.1-1ubuntu0.1 [50.8 kB]
compare	Build, verify native launch, calibrate cells and compare processing	2026-09-13T07:54:48.1509966Z Get:78 http://archive.ubuntu.com/ubuntu resolute/main amd64 libbrotli1 amd64 1.2.0-3build1 [343 kB]
compare	Build, verify native launch, calibrate cells and compare processing	2026-09-13T07:54:48.1533563Z Get:79 http://archive.ubuntu.com/ubuntu resolute-updates/main amd64 libfreetype6 amd64 2.14.2+dfsg-1ubuntu0.1 [409 kB]
compare	Build, verify native launch, calibrate cells and compare processing	2026-09-13T07:54:48.1557203Z Get:80 http://archive.ubuntu.com/ubuntu resolute/main amd64 fonts-dejavu-mono all 2.37-8build1 [502 kB]
compare	Build, verify native launch, calibrate cells and compare processing	2026-09-13T07:54:48.2341764Z Get:81 http://archive.ubuntu.com/ubuntu resolute/main amd64 fonts-dejavu-core all 2.37-8build1 [834 kB]
compare	Build, verify native launch, calibrate cells and compare processing	2026-09-13T07:54:48.2387997Z Get:82 http://archive.ubuntu.com/ubuntu resolute/main amd64 fontconfig-config amd64 2.17.1-3ubuntu1 [38.5 kB]
compare	Build, verify native launch, calibrate cells and compare processing	2026-09-13T07:54:48.2394936Z Get:83 http://archive.ubuntu.com/ubuntu resolute/main amd64 libfontconfig1 amd64 2.17.1-3ubuntu1 [144 kB]
compare	Build, verify native launch, calibrate cells and compare processing	2026-09-13T07:54:48.2405466Z Get:84 http://archive.ubuntu.com/ubuntu resolute/main amd64 libpixman-1-0 amd64 0.46.4-1 [287 kB]
compare	Build, verify native launch, calibrate cells and compare processing	2026-09-13T07:54:48.2423721Z Get:85 http://archive.ubuntu.com/ubuntu resolute/main amd64 libxcb-render0 amd64 1.17.0-2ubuntu1 [16.2 kB]
compare	Build, verify native launch, calibrate cells and compare processing	2026-09-13T07:54:48.2430230Z Get:86 http://archive.ubuntu.com/ubuntu resolute/main amd64 libxcb-shm0 amd64 1.17.0-2ubuntu1 [5808 B]
compare	Build, verify native launch, calibrate cells and compare processing	2026-09-13T07:54:48.3178926Z Get:87 http://archive.ubuntu.com/ubuntu resolute/main amd64 libxrender1 amd64 1:0.9.12-1build1 [19.2 kB]
compare	Build, verify native launch, calibrate cells and compare processing	2026-09-13T07:54:48.3188388Z Get:88 http://archive.ubuntu.com/ubuntu resolute/main amd64 libcairo2 amd64 1.18.4-3 [579 kB]
compare	Build, verify native launch, calibrate cells and compare processing	2026-09-13T07:54:48.3228085Z Get:89 http://archive.ubuntu.com/ubuntu resolute/main amd64 libsharpyuv0 amd64 1.5.0-0.1build1 [17.6 kB]
compare	Build, verify native launch, calibrate cells and compare processing	2026-09-13T07:54:48.3229245Z Get:90 http://archive.ubuntu.com/ubuntu resolute/main amd64 libaom3 amd64 3.13.1-2 [1970 kB]
compare	Build, verify native launch, calibrate cells and compare processing	2026-09-13T07:54:48.4016744Z Get:91 http://archive.ubuntu.com/ubuntu resolute-updates/main amd64 libheif-plugin-aomdec amd64 1.21.2-3ubuntu0.4 [14.7 kB]
compare	Build, verify native launch, calibrate cells and compare processing	2026-09-13T07:54:48.4019594Z Get:92 http://archive.ubuntu.com/ubuntu resolute-updates/main amd64 libheif1 amd64 1.21.2-3ubuntu0.4 [546 kB]
compare	Build, verify native launch, calibrate cells and compare processing	2026-09-13T07:54:48.4053382Z Get:93 http://archive.ubuntu.com/ubuntu resolute/main amd64 libhwy1t64 amd64 1.3.0-2 [768 kB]
compare	Build, verify native launch, calibrate cells and compare processing	2026-09-13T07:54:48.4103603Z Get:94 http://archive.ubuntu.com/ubuntu resolute-updates/main amd64 liblcms2-2 amd64 2.17-1ubuntu0.2 [169 kB]
compare	Build, verify native launch, calibrate cells and compare processing	2026-09-13T07:54:48.4115214Z Get:95 http://archive.ubuntu.com/ubuntu resolute-updates/main amd64 libjxl0.11 amd64 0.11.1-6ubuntu4.2 [1269 kB]
compare	Build, verify native launch, calibrate cells and compare processing	2026-09-13T07:54:48.4184382Z Get:96 http://archive.ubuntu.com/ubuntu resolute/main amd64 libcairo-gobject2 amd64 1.18.4-3 [127 kB]
compare	Build, verify native launch, calibrate cells and compare processing	2026-09-13T07:54:48.4850038Z Get:97 http://archive.ubuntu.com/ubuntu resolute/main amd64 fontconfig amd64 2.17.1-3ubuntu1 [180 kB]
compare	Build, verify native launch, calibrate cells and compare processing	2026-09-13T07:54:48.4863285Z Get:98 http://archive.ubuntu.com/ubuntu resolute-updates/main amd64 libgraphite2-3 amd64 1.3.14-11ubuntu1.1 [72.9 kB]
compare	Build, verify native launch, calibrate cells and compare processing	2026-09-13T07:54:48.4870940Z Get:99 http://archive.ubuntu.com/ubuntu resolute/main amd64 libharfbuzz0b amd64 12.3.2-2 [519 kB]
compare	Build, verify native launch, calibrate cells and compare processing	2026-09-13T07:54:48.4901863Z Get:100 http://archive.ubuntu.com/ubuntu resolute/main amd64 libthai-data all 0.1.30-1 [155 kB]
compare	Build, verify native launch, calibrate cells and compare processing	2026-09-13T07:54:48.5685058Z Get:101 http://archive.ubuntu.com/ubuntu resolute/main amd64 libdatrie1 amd64 0.2.14-1 [19.8 kB]
compare	Build, verify native launch, calibrate cells and compare processing	2026-09-13T07:54:48.7799566Z Get:102 http://archive.ubuntu.com/ubuntu resolute/main amd64 libthai0 amd64 0.1.30-1 [19.2 kB]
compare	Build, verify native launch, calibrate cells and compare processing	2026-09-13T07:54:48.9913318Z Get:103 http://archive.ubuntu.com/ubuntu resolute/main amd64 libpango-1.0-0 amd64 1.57.0-1 [241 kB]
compare	Build, verify native launch, calibrate cells and compare processing	2026-09-13T07:54:49.3482790Z Get:104 http://archive.ubuntu.com/ubuntu resolute/main amd64 libpangoft2-1.0-0 amd64 1.57.0-1 [53.3 kB]
compare	Build, verify native launch, calibrate cells and compare processing	2026-09-13T07:54:49.4094349Z Get:105 http://archive.ubuntu.com/ubuntu resolute/main amd64 libpangocairo-1.0-0 amd64 1.57.0-1 [29.0 kB]
compare	Build, verify native launch, calibrate cells and compare processing	2026-09-13T07:54:49.4278917Z Get:106 http://archive.ubuntu.com/ubuntu resolute/main amd64 librsvg2-2 amd64 2.61.3+dfsg-3 [1865 kB]
compare	Build, verify native launch, calibrate cells and compare processing	2026-09-13T07:54:49.8905117Z Get:107 http://archive.ubuntu.com/ubuntu resolute/main amd64 glycin-loaders amd64 2.1.1+ds-0ubuntu1 [2979 kB]
compare	Build, verify native launch, calibrate cells and compare processing	2026-09-13T07:54:50.1637957Z Get:108 http://archive.ubuntu.com/ubuntu resolute/main amd64 libglycin-2-0 amd64 2.1.1+ds-0ubuntu1 [1484 kB]
compare	Build, verify native launch, calibrate cells and compare processing	2026-09-13T07:54:50.2509132Z Get:109 http://archive.ubuntu.com/ubuntu resolute/main amd64 glycin-thumbnailers amd64 2.1.1+ds-0ubuntu1 [223 kB]
compare	Build, verify native launch, calibrate cells and compare processing	2026-09-13T07:54:50.2559425Z Get:110 http://archive.ubuntu.com/ubuntu resolute/main amd64 libgdk-pixbuf2.0-common all 2.44.5+dfsg-4ubuntu1 [5754 B]
compare	Build, verify native launch, calibrate cells and compare processing	2026-09-13T07:54:50.2562286Z Get:111 http://archive.ubuntu.com/ubuntu resolute/main amd64 libgdk-pixbuf-2.0-0 amd64 2.44.5+dfsg-4ubuntu1 [101 kB]
compare	Build, verify native launch, calibrate cells and compare processing	2026-09-13T07:54:50.2582463Z Get:112 http://archive.ubuntu.com/ubuntu resolute-updates/main amd64 gtk-update-icon-cache amd64 4.22.4+ds-0ubuntu0.1 [42.7 kB]
compare	Build, verify native launch, calibrate cells and compare processing	2026-09-13T07:54:50.2609613Z Get:113 http://archive.ubuntu.com/ubuntu resolute/main amd64 hicolor-icon-theme all 0.18-2build1 [13.2 kB]
compare	Build, verify native launch, calibrate cells and compare processing	2026-09-13T07:54:50.2610628Z Get:114 http://archive.ubuntu.com/ubuntu resolute/main amd64 adwaita-icon-theme all 50.0-1 [580 kB]
compare	Build, verify native launch, calibrate cells and compare processing	2026-09-13T07:54:50.2731231Z Get:115 http://archive.ubuntu.com/ubuntu resolute/main amd64 libwayland-client0 amd64 1.24.0-2 [28.5 kB]
compare	Build, verify native launch, calibrate cells and compare processing	2026-09-13T07:54:50.2739100Z Get:116 http://archive.ubuntu.com/ubuntu resolute/main amd64 libwayland-egl1 amd64 1.24.0-2 [6248 B]
compare	Build, verify native launch, calibrate cells and compare processing	2026-09-13T07:54:50.2741108Z Get:117 http://archive.ubuntu.com/ubuntu resolute/main amd64 libxcb-xkb1 amd64 1.17.0-2ubuntu1 [32.7 kB]
compare	Build, verify native launch, calibrate cells and compare processing	2026-09-13T07:54:50.3741861Z Get:118 http://archive.ubuntu.com/ubuntu resolute/main amd64 libxkbcommon-x11-0 amd64 1.13.1-1 [15.0 kB]
compare	Build, verify native launch, calibrate cells and compare processing	2026-09-13T07:54:50.3744762Z Get:119 http://archive.ubuntu.com/ubuntu resolute/main amd64 ncurses-term all 6.6+20251231-1 [280 kB]
compare	Build, verify native launch, calibrate cells and compare processing	2026-09-13T07:54:50.3781166Z Get:120 http://archive.ubuntu.com/ubuntu resolute/universe amd64 alacritty amd64 0.16.1-2ubuntu1 [2664 kB]
compare	Build, verify native launch, calibrate cells and compare processing	2026-09-13T07:54:50.4207612Z Get:121 http://archive.ubuntu.com/ubuntu resolute/main amd64 libsframe3 amd64 2.46-3ubuntu2 [20.6 kB]
compare	Build, verify native launch, calibrate cells and compare processing	2026-09-13T07:54:50.4211761Z Get:122 http://archive.ubuntu.com/ubuntu resolute/main amd64 binutils-common amd64 2.46-3ubuntu2 [222 kB]
compare	Build, verify native launch, calibrate cells and compare processing	2026-09-13T07:54:50.4239071Z Get:123 http://archive.ubuntu.com/ubuntu resolute/main amd64 libbinutils amd64 2.46-3ubuntu2 [602 kB]
compare	Build, verify native launch, calibrate cells and compare processing	2026-09-13T07:54:50.4798404Z Get:124 http://archive.ubuntu.com/ubuntu resolute/main amd64 libgprofng0 amd64 2.46-3ubuntu2 [898 kB]
compare	Build, verify native launch, calibrate cells and compare processing	2026-09-13T07:54:50.4939427Z Get:125 http://archive.ubuntu.com/ubuntu resolute/main amd64 libctf-nobfd0 amd64 2.46-3ubuntu2 [102 kB]
compare	Build, verify native launch, calibrate cells and compare processing	2026-09-13T07:54:50.4950042Z Get:126 http://archive.ubuntu.com/ubuntu resolute/main amd64 libctf0 amd64 2.46-3ubuntu2 [100 kB]
compare	Build, verify native launch, calibrate cells and compare processing	2026-09-13T07:54:50.4968349Z Get:127 http://archive.ubuntu.com/ubuntu resolute/main amd64 binutils-x86-64-linux-gnu amd64 2.46-3ubuntu2 [1150 kB]
compare	Build, verify native launch, calibrate cells and compare processing	2026-09-13T07:54:50.5806784Z Get:128 http://archive.ubuntu.com/ubuntu resolute/main amd64 binutils amd64 2.46-3ubuntu2 [225 kB]
compare	Build, verify native launch, calibrate cells and compare processing	2026-09-13T07:54:50.5823959Z Get:129 http://archive.ubuntu.com/ubuntu resolute-updates/main amd64 libc-dev-bin amd64 2.43-2ubuntu2.4 [23.3 kB]
compare	Build, verify native launch, calibrate cells and compare processing	2026-09-13T07:54:50.5836523Z Get:130 http://archive.ubuntu.com/ubuntu resolute-updates/main amd64 linux-libc-dev amd64 7.0.0-31.31 [1645 kB]
compare	Build, verify native launch, calibrate cells and compare processing	2026-09-13T07:54:50.5989243Z Get:131 http://archive.ubuntu.com/ubuntu resolute/main amd64 rpcsvc-proto amd64 1.4.3-1build1 [68.3 kB]
compare	Build, verify native launch, calibrate cells and compare processing	2026-09-13T07:54:50.5995743Z Get:132 http://archive.ubuntu.com/ubuntu resolute-updates/main amd64 libc6-dev amd64 2.43-2ubuntu2.4 [2294 kB]
compare	Build, verify native launch, calibrate cells and compare processing	2026-09-13T07:54:50.6840831Z Get:133 http://archive.ubuntu.com/ubuntu resolute/main amd64 gcc-15-base amd64 15.2.0-16ubuntu1 [39.0 kB]
compare	Build, verify native launch, calibrate cells and compare processing	2026-09-13T07:54:50.6847755Z Get:134 http://archive.ubuntu.com/ubuntu resolute/main amd64 libisl23 amd64 0.27-1build1 [691 kB]
compare	Build, verify native launch, calibrate cells and compare processing	2026-09-13T07:54:50.6908813Z Get:135 http://archive.ubuntu.com/ubuntu resolute/main amd64 libmpfr6 amd64 4.2.2-3 [361 kB]
compare	Build, verify native launch, calibrate cells and compare processing	2026-09-13T07:54:50.6945639Z Get:136 http://archive.ubuntu.com/ubuntu resolute/main amd64 libmpc3 amd64 1.3.1-3 [54.6 kB]
compare	Build, verify native launch, calibrate cells and compare processing	2026-09-13T07:54:50.6957961Z Get:137 http://archive.ubuntu.com/ubuntu resolute/main amd64 cpp-15-x86-64-linux-gnu amd64 15.2.0-16ubuntu1 [12.9 MB]
compare	Build, verify native launch, calibrate cells and compare processing	2026-09-13T07:54:50.8438951Z Get:138 http://archive.ubuntu.com/ubuntu resolute/main amd64 cpp-15 amd64 15.2.0-16ubuntu1 [1030 B]
compare	Build, verify native launch, calibrate cells and compare processing	2026-09-13T07:54:50.8440375Z Get:139 http://archive.ubuntu.com/ubuntu resolute/main amd64 cpp-x86-64-linux-gnu amd64 4:15.2.0-5ubuntu1 [5840 B]
compare	Build, verify native launch, calibrate cells and compare processing	2026-09-13T07:54:50.8441375Z Get:140 http://archive.ubuntu.com/ubuntu resolute/main amd64 cpp amd64 4:15.2.0-5ubuntu1 [22.4 kB]
compare	Build, verify native launch, calibrate cells and compare processing	2026-09-13T07:54:50.8446123Z Get:141 http://archive.ubuntu.com/ubuntu resolute/main amd64 libcc1-0 amd64 16-20260322-1ubuntu1 [51.2 kB]
compare	Build, verify native launch, calibrate cells and compare processing	2026-09-13T07:54:50.8455676Z Get:142 http://archive.ubuntu.com/ubuntu resolute/main amd64 libgomp1 amd64 16-20260322-1ubuntu1 [162 kB]
compare	Build, verify native launch, calibrate cells and compare processing	2026-09-13T07:54:50.8903598Z Get:143 http://archive.ubuntu.com/ubuntu resolute/main amd64 libitm1 amd64 16-20260322-1ubuntu1 [30.0 kB]
compare	Build, verify native launch, calibrate cells and compare processing	2026-09-13T07:54:50.8909190Z Get:144 http://archive.ubuntu.com/ubuntu resolute/main amd64 libasan8 amd64 16-20260322-1ubuntu1 [3184 kB]
compare	Build, verify native launch, calibrate cells and compare processing	2026-09-13T07:54:50.9114524Z Get:145 http://archive.ubuntu.com/ubuntu resolute/main amd64 liblsan0 amd64 16-20260322-1ubuntu1 [1394 kB]
compare	Build, verify native launch, calibrate cells and compare processing	2026-09-13T07:54:50.9216658Z Get:146 http://archive.ubuntu.com/ubuntu resolute/main amd64 libtsan2 amd64 16-20260322-1ubuntu1 [2849 kB]
compare	Build, verify native launch, calibrate cells and compare processing	2026-09-13T07:54:50.9946270Z Get:147 http://archive.ubuntu.com/ubuntu resolute/main amd64 libubsan1 amd64 16-20260322-1ubuntu1 [1240 kB]
compare	Build, verify native launch, calibrate cells and compare processing	2026-09-13T07:54:51.0035318Z Get:148 http://archive.ubuntu.com/ubuntu resolute/main amd64 libhwasan0 amd64 16-20260322-1ubuntu1 [1731 kB]
compare	Build, verify native launch, calibrate cells and compare processing	2026-09-13T07:54:51.0153086Z Get:149 http://archive.ubuntu.com/ubuntu resolute/main amd64 libquadmath0 amd64 16-20260322-1ubuntu1 [155 kB]
compare	Build, verify native launch, calibrate cells and compare processing	2026-09-13T07:54:51.0167746Z Get:150 http://archive.ubuntu.com/ubuntu resolute/main amd64 libgcc-15-dev amd64 15.2.0-16ubuntu1 [2866 kB]
compare	Build, verify native launch, calibrate cells and compare processing	2026-09-13T07:54:51.0367198Z Get:151 http://archive.ubuntu.com/ubuntu resolute/main amd64 gcc-15-x86-64-linux-gnu amd64 15.2.0-16ubuntu1 [25.4 MB]
compare	Build, verify native launch, calibrate cells and compare processing	2026-09-13T07:54:51.2622091Z Get:152 http://archive.ubuntu.com/ubuntu resolute/main amd64 gcc-15 amd64 15.2.0-16ubuntu1 [539 kB]
compare	Build, verify native launch, calibrate cells and compare processing	2026-09-13T07:54:51.2651146Z Get:153 http://archive.ubuntu.com/ubuntu resolute/main amd64 gcc-x86-64-linux-gnu amd64 4:15.2.0-5ubuntu1 [1208 B]
compare	Build, verify native launch, calibrate cells and compare processing	2026-09-13T07:54:51.2653335Z Get:154 http://archive.ubuntu.com/ubuntu resolute/main amd64 gcc amd64 4:15.2.0-5ubuntu1 [5010 B]
compare	Build, verify native launch, calibrate cells and compare processing	2026-09-13T07:54:51.2666448Z Get:155 http://archive.ubuntu.com/ubuntu resolute/main amd64 libstdc++-15-dev amd64 15.2.0-16ubuntu1 [2920 kB]
compare	Build, verify native launch, calibrate cells and compare processing	2026-09-13T07:54:51.2807048Z Get:156 http://archive.ubuntu.com/ubuntu resolute/main amd64 g++-15-x86-64-linux-gnu amd64 15.2.0-16ubuntu1 [14.4 MB]
compare	Build, verify native launch, calibrate cells and compare processing	2026-09-13T07:54:51.3558278Z Get:157 http://archive.ubuntu.com/ubuntu resolute/main amd64 g++-15 amd64 15.2.0-16ubuntu1 [26.7 kB]
compare	Build, verify native launch, calibrate cells and compare processing	2026-09-13T07:54:51.3559745Z Get:158 http://archive.ubuntu.com/ubuntu resolute/main amd64 g++-x86-64-linux-gnu amd64 4:15.2.0-5ubuntu1 [968 B]
compare	Build, verify native launch, calibrate cells and compare processing	2026-09-13T07:54:51.3562967Z Get:159 http://archive.ubuntu.com/ubuntu resolute/main amd64 g++ amd64 4:15.2.0-5ubuntu1 [1100 B]
compare	Build, verify native launch, calibrate cells and compare processing	2026-09-13T07:54:51.3564219Z Get:160 http://archive.ubuntu.com/ubuntu resolute/main amd64 make amd64 4.4.1-3 [197 kB]
compare	Build, verify native launch, calibrate cells and compare processing	2026-09-13T07:54:51.3671171Z Get:161 http://archive.ubuntu.com/ubuntu resolute-updates/main amd64 perl-modules-5.40 all 5.40.1-7ubuntu0.3 [3212 kB]
compare	Build, verify native launch, calibrate cells and compare processing	2026-09-13T07:54:51.4711840Z Get:162 http://archive.ubuntu.com/ubuntu resolute/main amd64 libgdbm-compat4t64 amd64 1.26-1build1 [6796 B]
compare	Build, verify native launch, calibrate cells and compare processing	2026-09-13T07:54:51.4714473Z Get:163 http://archive.ubuntu.com/ubuntu resolute-updates/main amd64 libperl5.40 amd64 5.40.1-7ubuntu0.3 [4889 kB]
compare	Build, verify native launch, calibrate cells and compare processing	2026-09-13T07:54:51.4971847Z Get:164 http://archive.ubuntu.com/ubuntu resolute-updates/main amd64 perl amd64 5.40.1-7ubuntu0.3 [262 kB]
compare	Build, verify native launch, calibrate cells and compare processing	2026-09-13T07:54:51.4986892Z Get:165 http://archive.ubuntu.com/ubuntu resolute/main amd64 libdpkg-perl all 1.23.7ubuntu1 [289 kB]
compare	Build, verify native launch, calibrate cells and compare processing	2026-09-13T07:54:51.5004099Z Get:166 http://archive.ubuntu.com/ubuntu resolute-updates/main amd64 bzip2 amd64 1.0.8-6ubuntu0.1 [34.3 kB]
compare	Build, verify native launch, calibrate cells and compare processing	2026-09-13T07:54:51.5008339Z Get:167 http://archive.ubuntu.com/ubuntu resolute/main amd64 patch amd64 2.8-2build1 [95.7 kB]
compare	Build, verify native launch, calibrate cells and compare processing	2026-09-13T07:54:51.5016260Z Get:168 http://archive.ubuntu.com/ubuntu resolute/main amd64 lto-disabled-list all 79 [14.2 kB]
compare	Build, verify native launch, calibrate cells and compare processing	2026-09-13T07:54:51.5020869Z Get:169 http://archive.ubuntu.com/ubuntu resolute/main amd64 dpkg-dev all 1.23.7ubuntu1 [1062 kB]
compare	Build, verify native launch, calibrate cells and compare processing	2026-09-13T07:54:51.5076902Z Get:170 http://archive.ubuntu.com/ubuntu resolute/main amd64 libcrypt-dev amd64 1:4.5.1-1 [122 kB]
compare	Build, verify native launch, calibrate cells and compare processing	2026-09-13T07:54:51.5739722Z Get:171 http://archive.ubuntu.com/ubuntu resolute-updates/main amd64 build-essential amd64 12.12ubuntu2.26.04.2 [5158 B]
compare	Build, verify native launch, calibrate cells and compare processing	2026-09-13T07:54:51.6776386Z Get:172 http://archive.ubuntu.com/ubuntu resolute/main amd64 libdconf1 amd64 0.49.0-4 [40.5 kB]
compare	Build, verify native launch, calibrate cells and compare processing	2026-09-13T07:54:51.6783813Z Get:173 http://archive.ubuntu.com/ubuntu resolute/main amd64 dconf-service amd64 0.49.0-4 [27.7 kB]
compare	Build, verify native launch, calibrate cells and compare processing	2026-09-13T07:54:51.6788420Z Get:174 http://archive.ubuntu.com/ubuntu resolute/main amd64 dconf-gsettings-backend amd64 0.49.0-4 [22.2 kB]
compare	Build, verify native launch, calibrate cells and compare processing	2026-09-13T07:54:51.6791548Z Get:175 http://archive.ubuntu.com/ubuntu resolute/main amd64 fonts-noto-cjk all 1:20240730+repack1-1build1 [61.2 MB]
compare	Build, verify native launch, calibrate cells and compare processing	2026-09-13T07:54:52.0242814Z Get:176 http://archive.ubuntu.com/ubuntu resolute/main amd64 fonts-noto-color-emoji all 2.051-1build1 [9967 kB]
compare	Build, verify native launch, calibrate cells and compare processing	2026-09-13T07:54:52.0943154Z Get:177 http://archive.ubuntu.com/ubuntu resolute/main amd64 libsasl2-modules-db amd64 2.1.28+dfsg1-9ubuntu3 [21.1 kB]
compare	Build, verify native launch, calibrate cells and compare processing	2026-09-13T07:54:52.0945676Z Get:178 http://archive.ubuntu.com/ubuntu resolute/main amd64 libsasl2-2 amd64 2.1.28+dfsg1-9ubuntu3 [54.0 kB]
compare	Build, verify native launch, calibrate cells and compare processing	2026-09-13T07:54:52.0956536Z Get:179 http://archive.ubuntu.com/ubuntu resolute/main amd64 libldap-common all 2.6.10+dfsg-1ubuntu5 [36.0 kB]
compare	Build, verify native launch, calibrate cells and compare processing	2026-09-13T07:54:52.0957942Z Get:180 http://archive.ubuntu.com/ubuntu resolute/main amd64 libldap2 amd64 2.6.10+dfsg-1ubuntu5 [204 kB]
compare	Build, verify native launch, calibrate cells and compare processing	2026-09-13T07:54:52.0970696Z Get:181 http://archive.ubuntu.com/ubuntu resolute/main amd64 librtmp1 amd64 2.4+20151223.gitfa8646d.1-3 [59.0 kB]
compare	Build, verify native launch, calibrate cells and compare processing	2026-09-13T07:54:52.0976612Z Get:182 http://archive.ubuntu.com/ubuntu resolute-updates/main amd64 libssh2-1t64 amd64 1.11.1-1ubuntu0.26.04.4 [138 kB]
compare	Build, verify native launch, calibrate cells and compare processing	2026-09-13T07:54:52.0987455Z Get:183 http://archive.ubuntu.com/ubuntu resolute-updates/main amd64 libcurl3t64-gnutls amd64 8.18.0-1ubuntu2.5 [419 kB]
compare	Build, verify native launch, calibrate cells and compare processing	2026-09-13T07:54:52.1011597Z Get:184 http://archive.ubuntu.com/ubuntu resolute/main amd64 libfyaml0 amd64 0.9.4-1 [301 kB]
compare	Build, verify native launch, calibrate cells and compare processing	2026-09-13T07:54:52.1291586Z Get:185 http://archive.ubuntu.com/ubuntu resolute/main amd64 libstemmer0d amd64 3.0.1-1 [172 kB]
compare	Build, verify native launch, calibrate cells and compare processing	2026-09-13T07:54:52.2327948Z Get:186 http://archive.ubuntu.com/ubuntu resolute/main amd64 libxmlb2 amd64 0.3.24-2 [68.2 kB]
compare	Build, verify native launch, calibrate cells and compare processing	2026-09-13T07:54:52.2334246Z Get:187 http://archive.ubuntu.com/ubuntu resolute/main amd64 libappstream5 amd64 1.1.2-1 [241 kB]
compare	Build, verify native launch, calibrate cells and compare processing	2026-09-13T07:54:52.2350036Z Get:188 http://archive.ubuntu.com/ubuntu resolute/main amd64 libgraphene-1.0-0 amd64 1.10.8-5build1 [46.2 kB]
compare	Build, verify native launch, calibrate cells and compare processing	2026-09-13T07:54:52.2355767Z Get:189 http://archive.ubuntu.com/ubuntu resolute/main amd64 liblzo2-2 amd64 2.10-3build2 [56.0 kB]
compare	Build, verify native launch, calibrate cells and compare processing	2026-09-13T07:54:52.2361412Z Get:190 http://archive.ubuntu.com/ubuntu resolute/main amd64 libcairo-script-interpreter2 amd64 1.18.4-3 [61.4 kB]
compare	Build, verify native launch, calibrate cells and compare processing	2026-09-13T07:54:52.2368118Z Get:191 http://archive.ubuntu.com/ubuntu resolute/main amd64 libcolord2 amd64 1.4.8-3 [150 kB]
compare	Build, verify native launch, calibrate cells and compare processing	2026-09-13T07:54:52.2379399Z Get:192 http://archive.ubuntu.com/ubuntu resolute-updates/main amd64 libavahi-common-data amd64 0.8-18ubuntu1.1 [27.2 kB]
compare	Build, verify native launch, calibrate cells and compare processing	2026-09-13T07:54:52.2383181Z Get:193 http://archive.ubuntu.com/ubuntu resolute-updates/main amd64 libavahi-common3 amd64 0.8-18ubuntu1.1 [23.6 kB]
compare	Build, verify native launch, calibrate cells and compare processing	2026-09-13T07:54:52.2387357Z Get:194 http://archive.ubuntu.com/ubuntu resolute-updates/main amd64 libavahi-client3 amd64 0.8-18ubuntu1.1 [27.2 kB]
compare	Build, verify native launch, calibrate cells and compare processing	2026-09-13T07:54:52.3361825Z Get:195 http://archive.ubuntu.com/ubuntu resolute-updates/main amd64 libcups2t64 amd64 2.4.16-1ubuntu1.3 [269 kB]
compare	Build, verify native launch, calibrate cells and compare processing	2026-09-13T07:54:52.4398449Z Get:196 http://archive.ubuntu.com/ubuntu resolute/main amd64 libepoxy0 amd64 1.5.10-2build1 [226 kB]
compare	Build, verify native launch, calibrate cells and compare processing	2026-09-13T07:54:52.4414989Z Get:197 http://archive.ubuntu.com/ubuntu resolute/main amd64 libglvnd0 amd64 1.7.0-3 [64.1 kB]
compare	Build, verify native launch, calibrate cells and compare processing	2026-09-13T07:54:52.4421338Z Get:198 http://archive.ubuntu.com/ubuntu resolute/main amd64 libdrm-amdgpu1 amd64 2.4.131-1 [23.2 kB]
compare	Build, verify native launch, calibrate cells and compare processing	2026-09-13T07:54:52.4427839Z Get:199 http://archive.ubuntu.com/ubuntu resolute-updates/main amd64 libpciaccess0 amd64 0.18.1-1ubuntu4.1 [19.0 kB]
compare	Build, verify native launch, calibrate cells and compare processing	2026-09-13T07:54:52.4431704Z Get:200 http://archive.ubuntu.com/ubuntu resolute/main amd64 libdrm-intel1 amd64 2.4.131-1 [66.7 kB]
compare	Build, verify native launch, calibrate cells and compare processing	2026-09-13T07:54:52.4437820Z Get:201 http://archive.ubuntu.com/ubuntu resolute/main amd64 libllvm21 amd64 1:21.1.8-6ubuntu1 [30.7 MB]
compare	Build, verify native launch, calibrate cells and compare processing	2026-09-13T07:54:52.6213053Z Get:202 http://archive.ubuntu.com/ubuntu resolute/main amd64 libx11-xcb1 amd64 2:1.8.13-1 [7960 B]
compare	Build, verify native launch, calibrate cells and compare processing	2026-09-13T07:54:52.7396705Z Get:203 http://archive.ubuntu.com/ubuntu resolute/main amd64 libxcb-dri3-0 amd64 1.17.0-2ubuntu1 [7540 B]
compare	Build, verify native launch, calibrate cells and compare processing	2026-09-13T07:54:52.7536600Z Get:204 http://archive.ubuntu.com/ubuntu resolute/main amd64 libxcb-present0 amd64 1.17.0-2ubuntu1 [6112 B]
compare	Build, verify native launch, calibrate cells and compare processing	2026-09-13T07:54:52.7548915Z Get:205 http://archive.ubuntu.com/ubuntu resolute/main amd64 libxcb-randr0 amd64 1.17.0-2ubuntu1 [17.9 kB]
compare	Build, verify native launch, calibrate cells and compare processing	2026-09-13T07:54:52.7674918Z Get:206 http://archive.ubuntu.com/ubuntu resolute/main amd64 libxcb-sync1 amd64 1.17.0-2ubuntu1 [9348 B]
compare	Build, verify native launch, calibrate cells and compare processing	2026-09-13T07:54:52.7704811Z Get:207 http://archive.ubuntu.com/ubuntu resolute/main amd64 libxcb-xfixes0 amd64 1.17.0-2ubuntu1 [10.2 kB]
compare	Build, verify native launch, calibrate cells and compare processing	2026-09-13T07:54:52.7740577Z Get:208 http://archive.ubuntu.com/ubuntu resolute/main amd64 libxshmfence1 amd64 1.3.3-1build1 [5284 B]
compare	Build, verify native launch, calibrate cells and compare processing	2026-09-13T07:54:52.7751143Z Get:209 http://archive.ubuntu.com/ubuntu resolute-updates/main amd64 mesa-libgallium amd64 26.0.8-1ubuntu0.3 [11.2 MB]
compare	Build, verify native launch, calibrate cells and compare processing	2026-09-13T07:54:52.9489496Z Get:210 http://archive.ubuntu.com/ubuntu resolute-updates/main amd64 libgbm1 amd64 26.0.8-1ubuntu0.3 [49.2 kB]
compare	Build, verify native launch, calibrate cells and compare processing	2026-09-13T07:54:52.9496914Z Get:211 http://archive.ubuntu.com/ubuntu resolute-updates/main amd64 libegl-mesa0 amd64 26.0.8-1ubuntu0.3 [134 kB]
compare	Build, verify native launch, calibrate cells and compare processing	2026-09-13T07:54:52.9504408Z Get:212 http://archive.ubuntu.com/ubuntu resolute/main amd64 libegl1 amd64 1.7.0-3 [29.7 kB]
compare	Build, verify native launch, calibrate cells and compare processing	2026-09-13T07:54:52.9508552Z Get:213 http://archive.ubuntu.com/ubuntu resolute/main amd64 libvulkan1 amd64 1.4.341.0-1 [157 kB]
compare	Build, verify native launch, calibrate cells and compare processing	2026-09-13T07:54:52.9520335Z Get:214 http://archive.ubuntu.com/ubuntu resolute-updates/main amd64 libgl1-mesa-dri amd64 26.0.8-1ubuntu0.3 [38.2 kB]
compare	Build, verify native launch, calibrate cells and compare processing	2026-09-13T07:54:52.9524587Z Get:215 http://archive.ubuntu.com/ubuntu resolute/main amd64 libxcb-glx0 amd64 1.17.0-2ubuntu1 [24.7 kB]
compare	Build, verify native launch, calibrate cells and compare processing	2026-09-13T07:54:52.9529948Z Get:216 http://archive.ubuntu.com/ubuntu resolute/main amd64 libxxf86vm1 amd64 1:1.1.4-2 [10.6 kB]
compare	Build, verify native launch, calibrate cells and compare processing	2026-09-13T07:54:52.9533030Z Get:217 http://archive.ubuntu.com/ubuntu resolute-updates/main amd64 libglx-mesa0 amd64 26.0.8-1ubuntu0.3 [126 kB]
compare	Build, verify native launch, calibrate cells and compare processing	2026-09-13T07:54:52.9541549Z Get:218 http://archive.ubuntu.com/ubuntu resolute/main amd64 libglx0 amd64 1.7.0-3 [38.9 kB]
compare	Build, verify native launch, calibrate cells and compare processing	2026-09-13T07:54:52.9635192Z Get:219 http://archive.ubuntu.com/ubuntu resolute/main amd64 libgl1 amd64 1.7.0-3 [98.3 kB]
compare	Build, verify native launch, calibrate cells and compare processing	2026-09-13T07:54:52.9774878Z Get:220 http://archive.ubuntu.com/ubuntu resolute/main amd64 libgstreamer1.0-0 amd64 1.28.2-1 [1218 kB]
compare	Build, verify native launch, calibrate cells and compare processing	2026-09-13T07:54:52.9838472Z Get:221 http://archive.ubuntu.com/ubuntu resolute/main amd64 liborc-0.4-0t64 amd64 1:0.4.42-2 [283 kB]
compare	Build, verify native launch, calibrate cells and compare processing	2026-09-13T07:54:52.9856775Z Get:222 http://archive.ubuntu.com/ubuntu resolute/main amd64 libgstreamer-plugins-base1.0-0 amd64 1.28.2-1 [921 kB]
compare	Build, verify native launch, calibrate cells and compare processing	2026-09-13T07:54:52.9907698Z Get:223 http://archive.ubuntu.com/ubuntu resolute/main amd64 libgudev-1.0-0 amd64 1:238-7build1 [15.9 kB]
compare	Build, verify native launch, calibrate cells and compare processing	2026-09-13T07:54:52.9910799Z Get:224 http://archive.ubuntu.com/ubuntu resolute/main amd64 libwayland-cursor0 amd64 1.24.0-2 [10.8 kB]
compare	Build, verify native launch, calibrate cells and compare processing	2026-09-13T07:54:52.9912915Z Get:225 http://archive.ubuntu.com/ubuntu resolute/main amd64 libgstreamer-gl1.0-0 amd64 1.28.2-1 [230 kB]
compare	Build, verify native launch, calibrate cells and compare processing	2026-09-13T07:54:52.9928130Z Get:226 http://archive.ubuntu.com/ubuntu resolute/main amd64 libva2 amd64 2.23.0-1ubuntu1 [76.5 kB]
compare	Build, verify native launch, calibrate cells and compare processing	2026-09-13T07:54:52.9934671Z Get:227 http://archive.ubuntu.com/ubuntu resolute/main amd64 libva-drm2 amd64 2.23.0-1ubuntu1 [7112 B]
compare	Build, verify native launch, calibrate cells and compare processing	2026-09-13T07:54:52.9965048Z Get:228 http://archive.ubuntu.com/ubuntu resolute-updates/main amd64 libgstreamer-plugins-extra1.0-0 amd64 1.28.2-1ubuntu1.1 [510 kB]
compare	Build, verify native launch, calibrate cells and compare processing	2026-09-13T07:54:52.9976045Z Get:229 http://archive.ubuntu.com/ubuntu resolute/main amd64 libharfbuzz-subset0 amd64 12.3.2-2 [492 kB]
compare	Build, verify native launch, calibrate cells and compare processing	2026-09-13T07:54:53.0036596Z Get:230 http://archive.ubuntu.com/ubuntu resolute/main amd64 libjpeg-turbo8 amd64 2.1.5-4ubuntu4 [153 kB]
compare	Build, verify native launch, calibrate cells and compare processing	2026-09-13T07:54:53.0048541Z Get:231 http://archive.ubuntu.com/ubuntu resolute/main amd64 libjpeg8 amd64 8c-2ubuntu12 [2142 B]
compare	Build, verify native launch, calibrate cells and compare processing	2026-09-13T07:54:53.0173936Z Get:232 http://archive.ubuntu.com/ubuntu resolute/main amd64 libdeflate0 amd64 1.23-2ubuntu1 [51.7 kB]
compare	Build, verify native launch, calibrate cells and compare processing	2026-09-13T07:54:53.0179239Z Get:233 http://archive.ubuntu.com/ubuntu resolute/main amd64 libjbig0 amd64 2.1-6.1ubuntu3 [30.0 kB]
compare	Build, verify native launch, calibrate cells and compare processing	2026-09-13T07:54:53.0182801Z Get:234 http://archive.ubuntu.com/ubuntu resolute/main amd64 liblerc4 amd64 4.0.0+ds-5ubuntu2 [207 kB]
compare	Build, verify native launch, calibrate cells and compare processing	2026-09-13T07:54:53.0197816Z Get:235 http://archive.ubuntu.com/ubuntu resolute/main amd64 libwebp7 amd64 1.5.0-0.1build1 [264 kB]
compare	Build, verify native launch, calibrate cells and compare processing	2026-09-13T07:54:53.0214595Z Get:236 http://archive.ubuntu.com/ubuntu resolute-updates/main amd64 libtiff6 amd64 4.7.0-3ubuntu5 [206 kB]
compare	Build, verify native launch, calibrate cells and compare processing	2026-09-13T07:54:53.0225491Z Get:237 http://archive.ubuntu.com/ubuntu resolute/main amd64 libxfixes3 amd64 1:6.0.0-2build2 [11.1 kB]
compare	Build, verify native launch, calibrate cells and compare processing	2026-09-13T07:54:53.0233140Z Get:238 http://archive.ubuntu.com/ubuntu resolute/main amd64 libxcursor1 amd64 1:1.2.3-1build1 [22.1 kB]
compare	Build, verify native launch, calibrate cells and compare processing	2026-09-13T07:54:53.0235240Z Get:239 http://archive.ubuntu.com/ubuntu resolute/main amd64 libxdamage1 amd64 1:1.1.7-1 [6582 B]
compare	Build, verify native launch, calibrate cells and compare processing	2026-09-13T07:54:53.0304989Z Get:240 http://archive.ubuntu.com/ubuntu resolute/main amd64 libxi6 amd64 2:1.8.2-2 [33.1 kB]
compare	Build, verify native launch, calibrate cells and compare processing	2026-09-13T07:54:53.0311597Z Get:241 http://archive.ubuntu.com/ubuntu resolute/main amd64 libxinerama1 amd64 2:1.1.4-3build2 [6472 B]
compare	Build, verify native launch, calibrate cells and compare processing	2026-09-13T07:54:53.0439658Z Get:242 http://archive.ubuntu.com/ubuntu resolute/main amd64 libxrandr2 amd64 2:1.5.4-1build1 [19.6 kB]
compare	Build, verify native launch, calibrate cells and compare processing	2026-09-13T07:54:53.0449007Z Get:243 http://archive.ubuntu.com/ubuntu resolute/main amd64 libgles2 amd64 1.7.0-3 [17.5 kB]
compare	Build, verify native launch, calibrate cells and compare processing	2026-09-13T07:54:53.0456014Z Get:244 http://archive.ubuntu.com/ubuntu resolute-updates/main amd64 libgtk-4-common all 4.22.4+ds-0ubuntu0.1 [1546 kB]
compare	Build, verify native launch, calibrate cells and compare processing	2026-09-13T07:54:53.0533219Z Get:245 http://archive.ubuntu.com/ubuntu resolute-updates/main amd64 libgtk-4-1 amd64 4.22.4+ds-0ubuntu0.1 [3552 kB]
compare	Build, verify native launch, calibrate cells and compare processing	2026-09-13T07:54:53.0718120Z Get:246 http://archive.ubuntu.com/ubuntu resolute-updates/main amd64 libadwaita-1-0 amd64 1.9.1-0ubuntu0.1 [530 kB]
compare	Build, verify native launch, calibrate cells and compare processing	2026-09-13T07:54:53.0748277Z Get:247 http://archive.ubuntu.com/ubuntu resolute/universe amd64 libgtk4-layer-shell0 amd64 1.3.0-1 [22.6 kB]
compare	Build, verify native launch, calibrate cells and compare processing	2026-09-13T07:54:53.0766172Z Get:248 http://archive.ubuntu.com/ubuntu resolute-updates/universe amd64 ghostty amd64 1.3.0~us1-0ubuntu1.1 [17.0 MB]
compare	Build, verify native launch, calibrate cells and compare processing	2026-09-13T07:54:53.1634842Z Get:249 http://archive.ubuntu.com/ubuntu resolute/universe amd64 kitty-shell-integration all 0.45.0-1build1 [40.3 kB]
compare	Build, verify native launch, calibrate cells and compare processing	2026-09-13T07:54:53.1637598Z Get:250 http://archive.ubuntu.com/ubuntu resolute/universe amd64 kitty-terminfo all 0.45.0-1build1 [19.4 kB]
compare	Build, verify native launch, calibrate cells and compare processing	2026-09-13T07:54:53.1643097Z Get:251 http://archive.ubuntu.com/ubuntu resolute-updates/main amd64 libpython3.14 amd64 3.14.4-1ubuntu0.2 [2579 kB]
compare	Build, verify native launch, calibrate cells and compare processing	2026-09-13T07:54:53.1785839Z Get:252 http://archive.ubuntu.com/ubuntu resolute/universe amd64 kitty amd64 0.45.0-1build1 [9842 kB]
compare	Build, verify native launch, calibrate cells and compare processing	2026-09-13T07:54:53.2292528Z Get:253 http://archive.ubuntu.com/ubuntu resolute/universe amd64 libaml0t64 amd64 0.3.0-3build1 [11.8 kB]
compare	Build, verify native launch, calibrate cells and compare processing	2026-09-13T07:54:53.2294423Z Get:254 http://archive.ubuntu.com/ubuntu resolute-updates/main amd64 libasound2-data all 1.2.15.3-1ubuntu1.1 [19.6 kB]
compare	Build, verify native launch, calibrate cells and compare processing	2026-09-13T07:54:53.2299289Z Get:255 http://archive.ubuntu.com/ubuntu resolute-updates/main amd64 libasound2t64 amd64 1.2.15.3-1ubuntu1.1 [416 kB]
compare	Build, verify native launch, calibrate cells and compare processing	2026-09-13T07:54:53.2325463Z Get:256 http://archive.ubuntu.com/ubuntu resolute/universe amd64 libunibreak6 amd64 6.1-3build1 [25.0 kB]
compare	Build, verify native launch, calibrate cells and compare processing	2026-09-13T07:54:53.2328649Z Get:257 http://archive.ubuntu.com/ubuntu resolute/universe amd64 libass9 amd64 1:0.17.4-2 [114 kB]
compare	Build, verify native launch, calibrate cells and compare processing	2026-09-13T07:54:53.2337815Z Get:258 http://archive.ubuntu.com/ubuntu resolute/universe amd64 libva-x11-2 amd64 2.23.0-1ubuntu1 [12.2 kB]
compare	Build, verify native launch, calibrate cells and compare processing	2026-09-13T07:54:53.2345806Z Get:259 http://archive.ubuntu.com/ubuntu resolute/main amd64 libvdpau1 amd64 1.5-4 [27.8 kB]
compare	Build, verify native launch, calibrate cells and compare processing	2026-09-13T07:54:53.2349023Z Get:260 http://archive.ubuntu.com/ubuntu resolute/universe amd64 libvpl2 amd64 1:2.16.0-1 [134 kB]
compare	Build, verify native launch, calibrate cells and compare processing	2026-09-13T07:54:53.2360010Z Get:261 http://archive.ubuntu.com/ubuntu resolute/main amd64 ocl-icd-libopencl1 amd64 2.3.4-1 [40.9 kB]
compare	Build, verify native launch, calibrate cells and compare processing	2026-09-13T07:54:53.2443211Z Get:262 http://archive.ubuntu.com/ubuntu resolute/universe amd64 libavutil60 amd64 7:8.0.1-3ubuntu2 [449 kB]
compare	Build, verify native launch, calibrate cells and compare processing	2026-09-13T07:54:53.2472537Z Get:263 http://archive.ubuntu.com/ubuntu resolute/universe amd64 libcodec2-1.2 amd64 1.2.0-4 [9015 kB]
compare	Build, verify native launch, calibrate cells and compare processing	2026-09-13T07:54:53.2947529Z Get:264 http://archive.ubuntu.com/ubuntu resolute/universe amd64 libdav1d7 amd64 1.5.3-1 [626 kB]
compare	Build, verify native launch, calibrate cells and compare processing	2026-09-13T07:54:53.2983463Z Get:265 http://archive.ubuntu.com/ubuntu resolute/universe amd64 libgsm1 amd64 1.0.23-2 [28.9 kB]
compare	Build, verify native launch, calibrate cells and compare processing	2026-09-13T07:54:53.2995814Z Get:266 http://archive.ubuntu.com/ubuntu resolute/main amd64 libmpg123-0t64 amd64 1.33.3-2 [176 kB]
compare	Build, verify native launch, calibrate cells and compare processing	2026-09-13T07:54:53.3002192Z Get:267 http://archive.ubuntu.com/ubuntu resolute/main amd64 libmp3lame0 amd64 3.101~svn6525+dfsg-2 [121 kB]
compare	Build, verify native launch, calibrate cells and compare processing	2026-09-13T07:54:53.3013063Z Get:268 http://archive.ubuntu.com/ubuntu resolute-updates/main amd64 libopenjp2-7 amd64 2.5.4-1ubuntu0.1 [187 kB]
compare	Build, verify native launch, calibrate cells and compare processing	2026-09-13T07:54:53.3026518Z Get:269 http://archive.ubuntu.com/ubuntu resolute/main amd64 libopus0 amd64 1.6.1-1 [3564 kB]
compare	Build, verify native launch, calibrate cells and compare processing	2026-09-13T07:54:53.3211382Z Get:270 http://archive.ubuntu.com/ubuntu resolute/universe amd64 librav1e0.8 amd64 0.8.1-7 [1062 kB]
compare	Build, verify native launch, calibrate cells and compare processing	2026-09-13T07:54:53.3273493Z Get:271 http://archive.ubuntu.com/ubuntu resolute/universe amd64 libshine3 amd64 3.1.1-3build1 [23.5 kB]
compare	Build, verify native launch, calibrate cells and compare processing	2026-09-13T07:54:53.3278609Z Get:272 http://archive.ubuntu.com/ubuntu resolute/main amd64 libsnappy1v5 amd64 1.2.2-2 [30.8 kB]
compare	Build, verify native launch, calibrate cells and compare processing	2026-09-13T07:54:53.3291185Z Get:273 http://archive.ubuntu.com/ubuntu resolute/main amd64 libspeex1 amd64 1.2.1-3build1 [63.3 kB]
compare	Build, verify native launch, calibrate cells and compare processing	2026-09-13T07:54:53.3294552Z Get:274 http://archive.ubuntu.com/ubuntu resolute/universe amd64 libsvtav1enc2 amd64 2.3.0+dfsg-1build1 [2742 kB]
compare	Build, verify native launch, calibrate cells and compare processing	2026-09-13T07:54:53.3433713Z Get:275 http://archive.ubuntu.com/ubuntu resolute/universe amd64 libsoxr0 amd64 0.1.3-4.1 [82.7 kB]
compare	Build, verify native launch, calibrate cells and compare processing	2026-09-13T07:54:53.3443206Z Get:276 http://archive.ubuntu.com/ubuntu resolute/universe amd64 libswresample6 amd64 7:8.0.1-3ubuntu2 [77.0 kB]
compare	Build, verify native launch, calibrate cells and compare processing	2026-09-13T07:54:53.3447978Z Get:277 http://archive.ubuntu.com/ubuntu resolute/main amd64 libtheoradec2 amd64 1.2.0+dfsg-6 [55.6 kB]
compare	Build, verify native launch, calibrate cells and compare processing	2026-09-13T07:54:53.3453798Z Get:278 http://archive.ubuntu.com/ubuntu resolute/main amd64 libogg0 amd64 1.3.6-2 [23.4 kB]
compare	Build, verify native launch, calibrate cells and compare processing	2026-09-13T07:54:53.3458474Z Get:279 http://archive.ubuntu.com/ubuntu resolute/main amd64 libtheoraenc2 amd64 1.2.0+dfsg-6 [106 kB]
compare	Build, verify native launch, calibrate cells and compare processing	2026-09-13T07:54:53.3497391Z Get:280 http://archive.ubuntu.com/ubuntu resolute/main amd64 libtwolame0 amd64 0.4.0-2build4 [52.6 kB]
compare	Build, verify native launch, calibrate cells and compare processing	2026-09-13T07:54:53.3503720Z Get:281 http://archive.ubuntu.com/ubuntu resolute/main amd64 libvorbis0a amd64 1.3.7-3build2 [101 kB]
compare	Build, verify native launch, calibrate cells and compare processing	2026-09-13T07:54:53.3511915Z Get:282 http://archive.ubuntu.com/ubuntu resolute/main amd64 libvorbisenc2 amd64 1.3.7-3build2 [79.6 kB]
compare	Build, verify native launch, calibrate cells and compare processing	2026-09-13T07:54:53.3518553Z Get:283 http://archive.ubuntu.com/ubuntu resolute/main amd64 libvpx12 amd64 1.16.0-3 [1244 kB]
compare	Build, verify native launch, calibrate cells and compare processing	2026-09-13T07:54:53.3630520Z Get:284 http://archive.ubuntu.com/ubuntu resolute/main amd64 libwebpmux3 amd64 1.5.0-0.1build1 [26.4 kB]
compare	Build, verify native launch, calibrate cells and compare processing	2026-09-13T07:54:53.3637323Z Get:285 http://archive.ubuntu.com/ubuntu resolute/universe amd64 libx264-165 amd64 2:0.165.3222+gitb35605ac-3build1 [609 kB]
compare	Build, verify native launch, calibrate cells and compare processing	2026-09-13T07:54:53.3673781Z Get:286 http://archive.ubuntu.com/ubuntu resolute/universe amd64 libx265-215 amd64 4.1-4 [1331 kB]
compare	Build, verify native launch, calibrate cells and compare processing	2026-09-13T07:54:53.3743960Z Get:287 http://archive.ubuntu.com/ubuntu resolute/universe amd64 libxvidcore4 amd64 2:1.3.7-3 [220 kB]
compare	Build, verify native launch, calibrate cells and compare processing	2026-09-13T07:54:53.3758814Z Get:288 http://archive.ubuntu.com/ubuntu resolute/universe amd64 libzvbi-common all 0.2.44-1ubuntu2 [43.0 kB]
compare	Build, verify native launch, calibrate cells and compare processing	2026-09-13T07:54:53.3764854Z Get:289 http://archive.ubuntu.com/ubuntu resolute/universe amd64 libzvbi0t64 amd64 0.2.44-1ubuntu2 [264 kB]
compare	Build, verify native launch, calibrate cells and compare processing	2026-09-13T07:54:53.3783325Z Get:290 http://archive.ubuntu.com/ubuntu resolute/universe amd64 libavcodec62 amd64 7:8.0.1-3ubuntu2 [9711 kB]
compare	Build, verify native launch, calibrate cells and compare processing	2026-09-13T07:54:53.4284337Z Get:291 http://archive.ubuntu.com/ubuntu resolute/universe amd64 libudfread3 amd64 1.2.0-2 [17.3 kB]
compare	Build, verify native launch, calibrate cells and compare processing	2026-09-13T07:54:53.4285919Z Get:292 http://archive.ubuntu.com/ubuntu resolute/universe amd64 libbluray3 amd64 1:1.4.1-1 [133 kB]
compare	Build, verify native launch, calibrate cells and compare processing	2026-09-13T07:54:53.4295782Z Get:293 http://archive.ubuntu.com/ubuntu resolute/universe amd64 libchromaprint1 amd64 1.6.0-2build1 [33.4 kB]
compare	Build, verify native launch, calibrate cells and compare processing	2026-09-13T07:54:53.4304311Z Get:294 http://archive.ubuntu.com/ubuntu resolute/universe amd64 libdvdread8t64 amd64 7.0.1-1 [63.3 kB]
compare	Build, verify native launch, calibrate cells and compare processing	2026-09-13T07:54:53.4305990Z Get:295 http://archive.ubuntu.com/ubuntu resolute/universe amd64 libdvdnav4 amd64 7.0.0-2 [40.3 kB]
compare	Build, verify native launch, calibrate cells and compare processing	2026-09-13T07:54:53.4311484Z Get:296 http://archive.ubuntu.com/ubuntu resolute/universe amd64 libgme0 amd64 0.6.4-1 [146 kB]
compare	Build, verify native launch, calibrate cells and compare processing	2026-09-13T07:54:53.4323501Z Get:297 http://archive.ubuntu.com/ubuntu resolute/main amd64 libvorbisfile3 amd64 1.3.7-3build2 [17.2 kB]
compare	Build, verify native launch, calibrate cells and compare processing	2026-09-13T07:54:53.4326493Z Get:298 http://archive.ubuntu.com/ubuntu resolute/universe amd64 libopenmpt0t64 amd64 0.8.4-1 [744 kB]
compare	Build, verify native launch, calibrate cells and compare processing	2026-09-13T07:54:53.4367231Z Get:299 http://archive.ubuntu.com/ubuntu resolute-updates/main amd64 librabbitmq4 amd64 0.15.0-1ubuntu0.26.04.2 [37.7 kB]
compare	Build, verify native launch, calibrate cells and compare processing	2026-09-13T07:54:53.4427594Z Get:300 http://archive.ubuntu.com/ubuntu resolute/universe amd64 libcjson1 amd64 1.7.19-2 [22.8 kB]
compare	Build, verify native launch, calibrate cells and compare processing	2026-09-13T07:54:53.4436330Z Get:301 http://archive.ubuntu.com/ubuntu resolute/universe amd64 libmbedcrypto16 amd64 3.6.5-0.1ubuntu2 [259 kB]
compare	Build, verify native launch, calibrate cells and compare processing	2026-09-13T07:54:53.4560330Z Get:302 http://archive.ubuntu.com/ubuntu resolute/universe amd64 librist4 amd64 0.2.11+dfsg-1build1 [76.0 kB]
compare	Build, verify native launch, calibrate cells and compare processing	2026-09-13T07:54:53.4569275Z Get:303 http://archive.ubuntu.com/ubuntu resolute/universe amd64 libsrt1.5-gnutls amd64 1.5.4-3 [334 kB]
compare	Build, verify native launch, calibrate cells and compare processing	2026-09-13T07:54:53.5738956Z Get:304 http://archive.ubuntu.com/ubuntu resolute-updates/main amd64 libssh-4 amd64 0.11.3-1ubuntu2.1 [208 kB]
compare	Build, verify native launch, calibrate cells and compare processing	2026-09-13T07:54:53.6445524Z Get:305 http://archive.ubuntu.com/ubuntu resolute/universe amd64 libnorm1t64 amd64 1.5.9+dfsg-4 [158 kB]
compare	Build, verify native launch, calibrate cells and compare processing	2026-09-13T07:54:53.6583060Z Get:306 http://archive.ubuntu.com/ubuntu resolute/universe amd64 libpgm-5.3-0t64 amd64 5.3.128~dfsg-2.1build2 [168 kB]
compare	Build, verify native launch, calibrate cells and compare processing	2026-09-13T07:54:53.6718926Z Get:307 http://archive.ubuntu.com/ubuntu resolute/main amd64 libsodium23 amd64 1.0.18-2 [165 kB]
compare	Build, verify native launch, calibrate cells and compare processing	2026-09-13T07:54:53.6755422Z Get:308 http://archive.ubuntu.com/ubuntu resolute/universe amd64 libzmq5 amd64 4.3.5-1build3 [262 kB]
compare	Build, verify native launch, calibrate cells and compare processing	2026-09-13T07:54:53.6882594Z Get:309 http://archive.ubuntu.com/ubuntu resolute/universe amd64 libavformat62 amd64 7:8.0.1-3ubuntu2 [1291 kB]
compare	Build, verify native launch, calibrate cells and compare processing	2026-09-13T07:54:53.7193497Z Get:310 http://archive.ubuntu.com/ubuntu resolute/universe amd64 libbs2b0 amd64 3.1.0+dfsg-8build1 [11.7 kB]
compare	Build, verify native launch, calibrate cells and compare processing	2026-09-13T07:54:53.7194612Z Get:311 http://archive.ubuntu.com/ubuntu resolute/universe amd64 libflite1 amd64 2.2-7build1 [13.5 MB]
compare	Build, verify native launch, calibrate cells and compare processing	2026-09-13T07:54:53.8145894Z Get:312 http://archive.ubuntu.com/ubuntu resolute/universe amd64 libserd-0-0 amd64 0.32.6-1 [44.7 kB]
compare	Build, verify native launch, calibrate cells and compare processing	2026-09-13T07:54:53.8147314Z Get:313 http://archive.ubuntu.com/ubuntu resolute/universe amd64 libzix-0-0 amd64 0.8.0-1 [24.9 kB]
compare	Build, verify native launch, calibrate cells and compare processing	2026-09-13T07:54:53.8152999Z Get:314 http://archive.ubuntu.com/ubuntu resolute/universe amd64 libsord-0-0 amd64 0.16.20-1 [16.0 kB]
compare	Build, verify native launch, calibrate cells and compare processing	2026-09-13T07:54:53.8156357Z Get:315 http://archive.ubuntu.com/ubuntu resolute/universe amd64 libsratom-0-0 amd64 0.6.20-1 [17.8 kB]
compare	Build, verify native launch, calibrate cells and compare processing	2026-09-13T07:54:53.8163222Z Get:316 http://archive.ubuntu.com/ubuntu resolute/universe amd64 liblilv-0-0 amd64 0.26.2-1 [44.2 kB]
compare	Build, verify native launch, calibrate cells and compare processing	2026-09-13T07:54:53.8171156Z Get:317 http://archive.ubuntu.com/ubuntu resolute/universe amd64 libmysofa1 amd64 1.3.3+dfsg-1ubuntu2 [1158 kB]
compare	Build, verify native launch, calibrate cells and compare processing	2026-09-13T07:54:53.8233957Z Get:318 http://archive.ubuntu.com/ubuntu resolute/universe amd64 libplacebo360 amd64 7.360.0-3 [2982 kB]
compare	Build, verify native launch, calibrate cells and compare processing	2026-09-13T07:54:53.8400587Z Get:319 http://archive.ubuntu.com/ubuntu resolute/main amd64 libfftw3-double3 amd64 3.3.10-2fakesync1build3 [833 kB]
compare	Build, verify native launch, calibrate cells and compare processing	2026-09-13T07:54:53.8446486Z Get:320 http://archive.ubuntu.com/ubuntu resolute/main amd64 libsamplerate0 amd64 0.2.2-4build2 [1343 kB]
compare	Build, verify native launch, calibrate cells and compare processing	2026-09-13T07:54:53.8525642Z Get:321 http://archive.ubuntu.com/ubuntu resolute/universe amd64 librubberband3 amd64 4.0.0+dfsg-2ubuntu1 [152 kB]
compare	Build, verify native launch, calibrate cells and compare processing	2026-09-13T07:54:53.8537437Z Get:322 http://archive.ubuntu.com/ubuntu resolute/universe amd64 libswscale9 amd64 7:8.0.1-3ubuntu2 [411 kB]
compare	Build, verify native launch, calibrate cells and compare processing	2026-09-13T07:54:53.8563100Z Get:323 http://archive.ubuntu.com/ubuntu resolute/universe amd64 libvidstab1.1 amd64 1.1.0-2.1 [38.4 kB]
compare	Build, verify native launch, calibrate cells and compare processing	2026-09-13T07:54:53.8578047Z Get:324 http://archive.ubuntu.com/ubuntu resolute/universe amd64 libzimg2 amd64 3.0.6+ds1-1 [205 kB]
compare	Build, verify native launch, calibrate cells and compare processing	2026-09-13T07:54:53.8585452Z Get:325 http://archive.ubuntu.com/ubuntu resolute/universe amd64 libavfilter11 amd64 7:8.0.1-3ubuntu2 [4873 kB]
compare	Build, verify native launch, calibrate cells and compare processing	2026-09-13T07:54:53.8869462Z Get:326 http://archive.ubuntu.com/ubuntu resolute/main amd64 libbrotli-dev amd64 1.2.0-3build1 [364 kB]
compare	Build, verify native launch, calibrate cells and compare processing	2026-09-13T07:54:53.8893676Z Get:327 http://archive.ubuntu.com/ubuntu resolute-updates/main amd64 libbz2-dev amd64 1.0.8-6ubuntu0.1 [36.2 kB]
compare	Build, verify native launch, calibrate cells and compare processing	2026-09-13T07:54:53.8898346Z Get:328 http://archive.ubuntu.com/ubuntu resolute/main amd64 libdisplay-info3 amd64 0.3.0-1 [87.8 kB]
compare	Build, verify native launch, calibrate cells and compare processing	2026-09-13T07:54:53.8907102Z Get:329 http://archive.ubuntu.com/ubuntu resolute/main amd64 libexpat1-dev amd64 2.7.4-1 [145 kB]
compare	Build, verify native launch, calibrate cells and compare processing	2026-09-13T07:54:53.8920557Z Get:330 http://archive.ubuntu.com/ubuntu resolute/main amd64 libfftw3-single3 amd64 3.3.10-2fakesync1build3 [865 kB]
compare	Build, verify native launch, calibrate cells and compare processing	2026-09-13T07:54:53.8965972Z Get:331 http://archive.ubuntu.com/ubuntu resolute/main amd64 libflac14 amd64 1.5.0+ds-5 [168 kB]
compare	Build, verify native launch, calibrate cells and compare processing	2026-09-13T07:54:53.8977948Z Get:332 http://archive.ubuntu.com/ubuntu resolute-updates/main amd64 zlib1g-dev amd64 1:1.3.dfsg+really1.3.1-1ubuntu3.1 [895 kB]
compare	Build, verify native launch, calibrate cells and compare processing	2026-09-13T07:54:53.9025977Z Get:333 http://archive.ubuntu.com/ubuntu resolute/main amd64 libpng-dev amd64 1.6.57-1 [274 kB]
compare	Build, verify native launch, calibrate cells and compare processing	2026-09-13T07:54:53.9042740Z Get:334 http://archive.ubuntu.com/ubuntu resolute-updates/main amd64 libfreetype-dev amd64 2.14.2+dfsg-1ubuntu0.1 [586 kB]
compare	Build, verify native launch, calibrate cells and compare processing	2026-09-13T07:54:53.9074958Z Get:335 http://archive.ubuntu.com/ubuntu resolute-updates/main amd64 uuid-dev amd64 2.41.3-3ubuntu2.2 [49.1 kB]
compare	Build, verify native launch, calibrate cells and compare processing	2026-09-13T07:54:53.9158993Z Get:336 http://archive.ubuntu.com/ubuntu resolute/main amd64 libpkgconf7 amd64 2.5.1-4 [38.8 kB]
compare	Build, verify native launch, calibrate cells and compare processing	2026-09-13T07:54:53.9161691Z Get:337 http://archive.ubuntu.com/ubuntu resolute/main amd64 pkgconf-bin amd64 2.5.1-4 [22.7 kB]
compare	Build, verify native launch, calibrate cells and compare processing	2026-09-13T07:54:53.9175610Z Get:338 http://archive.ubuntu.com/ubuntu resolute/main amd64 pkgconf amd64 2.5.1-4 [20.0 kB]
compare	Build, verify native launch, calibrate cells and compare processing	2026-09-13T07:54:53.9179976Z Get:339 http://archive.ubuntu.com/ubuntu resolute/main amd64 libfontconfig-dev amd64 2.17.1-3ubuntu1 [166 kB]
compare	Build, verify native launch, calibrate cells and compare processing	2026-09-13T07:54:53.9185298Z Get:340 http://archive.ubuntu.com/ubuntu resolute/main amd64 libfontconfig1-dev amd64 2.17.1-3ubuntu1 [1828 B]
compare	Build, verify native launch, calibrate cells and compare processing	2026-09-13T07:54:53.9188590Z Get:341 http://archive.ubuntu.com/ubuntu resolute/main amd64 libicu78 amd64 78.2-2ubuntu1 [11.5 MB]
compare	Build, verify native launch, calibrate cells and compare processing	2026-09-13T07:54:53.9834561Z Get:342 http://archive.ubuntu.com/ubuntu resolute-updates/main amd64 libwinpr3-3 amd64 3.31.0+dfsg-0ubuntu0.26.04.1 [399 kB]
compare	Build, verify native launch, calibrate cells and compare processing	2026-09-13T07:54:53.9856268Z Get:343 http://archive.ubuntu.com/ubuntu resolute/main amd64 libxkbfile1 amd64 1:1.1.0-1build5 [70.1 kB]
compare	Build, verify native launch, calibrate cells and compare processing	2026-09-13T07:54:53.9862474Z Get:344 http://archive.ubuntu.com/ubuntu resolute-updates/main amd64 libfreerdp3-3 amd64 3.31.0+dfsg-0ubuntu0.26.04.1 [813 kB]
compare	Build, verify native launch, calibrate cells and compare processing	2026-09-13T07:54:53.9907562Z Get:345 http://archive.ubuntu.com/ubuntu resolute-updates/main amd64 libfreerdp-server3-3 amd64 3.31.0+dfsg-0ubuntu0.26.04.1 [103 kB]
compare	Build, verify native launch, calibrate cells and compare processing	2026-09-13T07:54:53.9914712Z Get:346 http://archive.ubuntu.com/ubuntu resolute/main amd64 libwacom-common all 2.18.0-1 [117 kB]
compare	Build, verify native launch, calibrate cells and compare processing	2026-09-13T07:54:53.9924570Z Get:347 http://archive.ubuntu.com/ubuntu resolute/main amd64 libwacom9 amd64 2.18.0-1 [28.4 kB]
compare	Build, verify native launch, calibrate cells and compare processing	2026-09-13T07:54:53.9929567Z Get:348 http://archive.ubuntu.com/ubuntu resolute-updates/main amd64 libinput-bin amd64 1.31.1-1ubuntu1.1 [24.3 kB]
compare	Build, verify native launch, calibrate cells and compare processing	2026-09-13T07:54:53.9933709Z Get:349 http://archive.ubuntu.com/ubuntu resolute/main amd64 libmtdev1t64 amd64 1.1.7-1build1 [15.2 kB]
compare	Build, verify native launch, calibrate cells and compare processing	2026-09-13T07:54:53.9937024Z Get:350 http://archive.ubuntu.com/ubuntu resolute-updates/main amd64 libinput10 amd64 1.31.1-1ubuntu1.1 [161 kB]
compare	Build, verify native launch, calibrate cells and compare processing	2026-09-13T07:54:53.9979565Z Get:351 http://archive.ubuntu.com/ubuntu resolute/universe amd64 libturbojpeg0 amd64 1:2.1.5-4ubuntu4 [196 kB]
compare	Build, verify native launch, calibrate cells and compare processing	2026-09-13T07:54:54.0116142Z Get:352 http://archive.ubuntu.com/ubuntu resolute/universe amd64 libneatvnc0 amd64 0.9.1+dfsg-1build1 [70.0 kB]
compare	Build, verify native launch, calibrate cells and compare processing	2026-09-13T07:54:54.0123648Z Get:353 http://archive.ubuntu.com/ubuntu resolute/main amd64 libsndfile1 amd64 1.2.2-4 [219 kB]
compare	Build, verify native launch, calibrate cells and compare processing	2026-09-13T07:54:54.0140184Z Get:354 http://archive.ubuntu.com/ubuntu resolute/main amd64 libwebrtc-audio-processing-1-3 amd64 1.3-3build2 [411 kB]
compare	Build, verify native launch, calibrate cells and compare processing	2026-09-13T07:54:54.0170773Z Get:355 http://archive.ubuntu.com/ubuntu resolute-updates/main amd64 libspa-0.2-modules amd64 1.6.2-1ubuntu1.1 [1152 kB]
compare	Build, verify native launch, calibrate cells and compare processing	2026-09-13T07:54:54.0235133Z Get:356 http://archive.ubuntu.com/ubuntu resolute-updates/main amd64 libpipewire-0.3-0t64 amd64 1.6.2-1ubuntu1.1 [301 kB]
compare	Build, verify native launch, calibrate cells and compare processing	2026-09-13T07:54:54.0253288Z Get:357 http://archive.ubuntu.com/ubuntu resolute/universe amd64 libseat1 amd64 0.9.2-2 [28.1 kB]
compare	Build, verify native launch, calibrate cells and compare processing	2026-09-13T07:54:54.0257859Z Get:358 http://archive.ubuntu.com/ubuntu resolute/main amd64 libwayland-server0 amd64 1.24.0-2 [35.9 kB]
compare	Build, verify native launch, calibrate cells and compare processing	2026-09-13T07:54:54.0263375Z Get:359 http://archive.ubuntu.com/ubuntu resolute/main amd64 libxcb-composite0 amd64 1.17.0-2ubuntu1 [5368 B]
compare	Build, verify native launch, calibrate cells and compare processing	2026-09-13T07:54:54.0265610Z Get:360 http://archive.ubuntu.com/ubuntu resolute/universe amd64 libweston-14-0 amd64 14.0.2-5 [447 kB]
compare	Build, verify native launch, calibrate cells and compare processing	2026-09-13T07:54:54.0291038Z Get:361 http://archive.ubuntu.com/ubuntu resolute/main amd64 x11-common all 1:7.7+26ubuntu1 [22.5 kB]
compare	Build, verify native launch, calibrate cells and compare processing	2026-09-13T07:54:54.0393372Z Get:362 http://archive.ubuntu.com/ubuntu resolute/main amd64 libxtst6 amd64 2:1.2.5-1build1 [13.1 kB]
compare	Build, verify native launch, calibrate cells and compare processing	2026-09-13T07:54:54.0401872Z Get:363 http://archive.ubuntu.com/ubuntu resolute/main amd64 pkg-config amd64 2.5.1-4 [7684 B]
compare	Build, verify native launch, calibrate cells and compare processing	2026-09-13T07:54:54.0408504Z Get:364 http://archive.ubuntu.com/ubuntu resolute/universe amd64 weston amd64 14.0.2-5 [988 kB]
compare	Build, verify native launch, calibrate cells and compare processing	2026-09-13T07:54:54.0468753Z Get:365 http://archive.ubuntu.com/ubuntu resolute/universe amd64 libxdo3 amd64 1:3.20160805.1-5.1build1 [22.5 kB]
compare	Build, verify native launch, calibrate cells and compare processing	2026-09-13T07:54:54.0541792Z Get:366 http://archive.ubuntu.com/ubuntu resolute/universe amd64 xdotool amd64 1:3.20160805.1-5.1build1 [43.0 kB]
compare	Build, verify native launch, calibrate cells and compare processing	2026-09-13T07:55:01.7392634Z Preconfiguring packages ...
compare	Build, verify native launch, calibrate cells and compare processing	2026-09-13T07:55:01.8264346Z Fetched 383 MB in 9s (44.8 MB/s)
compare	Build, verify native launch, calibrate cells and compare processing	2026-09-13T07:55:01.8407417Z (Reading database ... 
compare	Build, verify native launch, calibrate cells and compare processing	2026-09-13T07:55:01.8408613Z (Reading database ... 5%
compare	Build, verify native launch, calibrate cells and compare processing	2026-09-13T07:55:01.8409302Z (Reading database ... 10%
compare	Build, verify native launch, calibrate cells and compare processing	2026-09-13T07:55:01.8409742Z (Reading database ... 15%
compare	Build, verify native launch, calibrate cells and compare processing	2026-09-13T07:55:01.8410138Z (Reading database ... 20%
compare	Build, verify native launch, calibrate cells and compare processing	2026-09-13T07:55:01.8410525Z (Reading database ... 25%
compare	Build, verify native launch, calibrate cells and compare processing	2026-09-13T07:55:01.8410901Z (Reading database ... 30%
compare	Build, verify native launch, calibrate cells and compare processing	2026-09-13T07:55:01.8411298Z (Reading database ... 35%
compare	Build, verify native launch, calibrate cells and compare processing	2026-09-13T07:55:01.8411678Z (Reading database ... 40%
compare	Build, verify native launch, calibrate cells and compare processing	2026-09-13T07:55:01.8412429Z (Reading database ... 45%
compare	Build, verify native launch, calibrate cells and compare processing	2026-09-13T07:55:01.8412827Z (Reading database ... 50%
compare	Build, verify native launch, calibrate cells and compare processing	2026-09-13T07:55:01.8413202Z (Reading database ... 55%
compare	Build, verify native launch, calibrate cells and compare processing	2026-09-13T07:55:01.8413585Z (Reading database ... 60%
compare	Build, verify native launch, calibrate cells and compare processing	2026-09-13T07:55:01.8413985Z (Reading database ... 65%
compare	Build, verify native launch, calibrate cells and compare processing	2026-09-13T07:55:01.8416731Z (Reading database ... 70%
compare	Build, verify native launch, calibrate cells and compare processing	2026-09-13T07:55:01.8419967Z (Reading database ... 75%
compare	Build, verify native launch, calibrate cells and compare processing	2026-09-13T07:55:01.8430559Z (Reading database ... 80%
compare	Build, verify native launch, calibrate cells and compare processing	2026-09-13T07:55:01.8433586Z (Reading database ... 85%
compare	Build, verify native launch, calibrate cells and compare processing	2026-09-13T07:55:01.8436561Z (Reading database ... 90%
compare	Build, verify native launch, calibrate cells and compare processing	2026-09-13T07:55:01.8443019Z (Reading database ... 95%
compare	Build, verify native launch, calibrate cells and compare processing	2026-09-13T07:55:01.8443632Z (Reading database ... 100%
compare	Build, verify native launch, calibrate cells and compare processing	2026-09-13T07:55:01.8444035Z (Reading database ... 7724 files and directories currently installed.)
compare	Build, verify native launch, calibrate cells and compare processing	2026-09-13T07:55:01.8447796Z Preparing to unpack .../perl-base_5.40.1-7ubuntu0.3_amd64.deb ...
compare	Build, verify native launch, calibrate cells and compare processing	2026-09-13T07:55:01.8483122Z Unpacking perl-base (5.40.1-7ubuntu0.3) over (5.40.1-7ubuntu0.1) ...
compare	Build, verify native launch, calibrate cells and compare processing	2026-09-13T07:55:02.3615729Z Setting up perl-base (5.40.1-7ubuntu0.3) ...
compare	Build, verify native launch, calibrate cells and compare processing	2026-09-13T07:55:02.3751685Z (Reading database ... 
compare	Build, verify native launch, calibrate cells and compare processing	2026-09-13T07:55:02.3752679Z (Reading database ... 5%
compare	Build, verify native launch, calibrate cells and compare processing	2026-09-13T07:55:02.3753328Z (Reading database ... 10%
compare	Build, verify native launch, calibrate cells and compare processing	2026-09-13T07:55:02.3753775Z (Reading database ... 15%
compare	Build, verify native launch, calibrate cells and compare processing	2026-09-13T07:55:02.3754170Z (Reading database ... 20%
compare	Build, verify native launch, calibrate cells and compare processing	2026-09-13T07:55:02.3754536Z (Reading database ... 25%
compare	Build, verify native launch, calibrate cells and compare processing	2026-09-13T07:55:02.3754793Z (Reading database ... 30%
compare	Build, verify native launch, calibrate cells and compare processing	2026-09-13T07:55:02.3755012Z (Reading database ... 35%
compare	Build, verify native launch, calibrate cells and compare processing	2026-09-13T07:55:02.3755229Z (Reading database ... 40%
compare	Build, verify native launch, calibrate cells and compare processing	2026-09-13T07:55:02.3755708Z (Reading database ... 45%
compare	Build, verify native launch, calibrate cells and compare processing	2026-09-13T07:55:02.3755927Z (Reading database ... 50%
compare	Build, verify native launch, calibrate cells and compare processing	2026-09-13T07:55:02.3756159Z (Reading database ... 55%
compare	Build, verify native launch, calibrate cells and compare processing	2026-09-13T07:55:02.3756389Z (Reading database ... 60%
compare	Build, verify native launch, calibrate cells and compare processing	2026-09-13T07:55:02.3759972Z (Reading database ... 65%
compare	Build, verify native launch, calibrate cells and compare processing	2026-09-13T07:55:02.3768825Z (Reading database ... 70%
compare	Build, verify native launch, calibrate cells and compare processing	2026-09-13T07:55:02.3772167Z (Reading database ... 75%
compare	Build, verify native launch, calibrate cells and compare processing	2026-09-13T07:55:02.3784035Z (Reading database ... 80%
compare	Build, verify native launch, calibrate cells and compare processing	2026-09-13T07:55:02.3787222Z (Reading database ... 85%
compare	Build, verify native launch, calibrate cells and compare processing	2026-09-13T07:55:02.3790230Z (Reading database ... 90%
compare	Build, verify native launch, calibrate cells and compare processing	2026-09-13T07:55:02.3797626Z (Reading database ... 95%
compare	Build, verify native launch, calibrate cells and compare processing	2026-09-13T07:55:02.3798071Z (Reading database ... 100%
compare	Build, verify native launch, calibrate cells and compare processing	2026-09-13T07:55:02.3798655Z (Reading database ... 7724 files and directories currently installed.)
compare	Build, verify native launch, calibrate cells and compare processing	2026-09-13T07:55:02.3804876Z Preparing to unpack .../libc-gconv-modules-extra_2.43-2ubuntu2.4_amd64.deb ...
compare	Build, verify native launch, calibrate cells and compare processing	2026-09-13T07:55:02.3833868Z Unpacking libc-gconv-modules-extra:amd64 (2.43-2ubuntu2.4) over (2.43-2ubuntu2.3) ...
compare	Build, verify native launch, calibrate cells and compare processing	2026-09-13T07:55:02.6127026Z Setting up libc-gconv-modules-extra:amd64 (2.43-2ubuntu2.4) ...
compare	Build, verify native launch, calibrate cells and compare processing	2026-09-13T07:55:02.6314702Z (Reading database ... 
compare	Build, verify native launch, calibrate cells and compare processing	2026-09-13T07:55:02.6315642Z (Reading database ... 5%
compare	Build, verify native launch, calibrate cells and compare processing	2026-09-13T07:55:02.6316361Z (Reading database ... 10%
compare	Build, verify native launch, calibrate cells and compare processing	2026-09-13T07:55:02.6317063Z (Reading database ... 15%
compare	Build, verify native launch, calibrate cells and compare processing	2026-09-13T07:55:02.6317480Z (Reading database ... 20%
compare	Build, verify native launch, calibrate cells and compare processing	2026-09-13T07:55:02.6317886Z (Reading database ... 25%
compare	Build, verify native launch, calibrate cells and compare processing	2026-09-13T07:55:02.6318303Z (Reading database ... 30%
compare	Build, verify native launch, calibrate cells and compare processing	2026-09-13T07:55:02.6318723Z (Reading database ... 35%
compare	Build, verify native launch, calibrate cells and compare processing	2026-09-13T07:55:02.6319136Z (Reading database ... 40%
compare	Build, verify native launch, calibrate cells and compare processing	2026-09-13T07:55:02.6319554Z (Reading database ... 45%
compare	Build, verify native launch, calibrate cells and compare processing	2026-09-13T07:55:02.6319964Z (Reading database ... 50%
compare	Build, verify native launch, calibrate cells and compare processing	2026-09-13T07:55:02.6320376Z (Reading database ... 55%
compare	Build, verify native launch, calibrate cells and compare processing	2026-09-13T07:55:02.6320786Z (Reading database ... 60%
compare	Build, verify native launch, calibrate cells and compare processing	2026-09-13T07:55:02.6329363Z (Reading database ... 65%
compare	Build, verify native launch, calibrate cells and compare processing	2026-09-13T07:55:02.6341371Z (Reading database ... 70%
compare	Build, verify native launch, calibrate cells and compare processing	2026-09-13T07:55:02.6345800Z (Reading database ... 75%
compare	Build, verify native launch, calibrate cells and compare processing	2026-09-13T07:55:02.6359399Z (Reading database ... 80%
compare	Build, verify native launch, calibrate cells and compare processing	2026-09-13T07:55:02.6362835Z (Reading database ... 85%
compare	Build, verify native launch, calibrate cells and compare processing	2026-09-13T07:55:02.6366330Z (Reading database ... 90%
compare	Build, verify native launch, calibrate cells and compare processing	2026-09-13T07:55:02.6375495Z (Reading database ... 95%
compare	Build, verify native launch, calibrate cells and compare processing	2026-09-13T07:55:02.6375901Z (Reading database ... 100%
compare	Build, verify native launch, calibrate cells and compare processing	2026-09-13T07:55:02.6376401Z (Reading database ... 7724 files and directories currently installed.)
compare	Build, verify native launch, calibrate cells and compare processing	2026-09-13T07:55:02.6383606Z Preparing to unpack .../libc6_2.43-2ubuntu2.4_amd64.deb ...
compare	Build, verify native launch, calibrate cells and compare processing	2026-09-13T07:55:02.7307248Z Unpacking libc6:amd64 (2.43-2ubuntu2.4) over (2.43-2ubuntu2.3) ...
compare	Build, verify native launch, calibrate cells and compare processing	2026-09-13T07:55:02.7992107Z Setting up libc6:amd64 (2.43-2ubuntu2.4) ...
compare	Build, verify native launch, calibrate cells and compare processing	2026-09-13T07:55:02.8818362Z (Reading database ... 
compare	Build, verify native launch, calibrate cells and compare processing	2026-09-13T07:55:02.8818936Z (Reading database ... 5%
compare	Build, verify native launch, calibrate cells and compare processing	2026-09-13T07:55:02.8819336Z (Reading database ... 10%
compare	Build, verify native launch, calibrate cells and compare processing	2026-09-13T07:55:02.8819578Z (Reading database ... 15%
compare	Build, verify native launch, calibrate cells and compare processing	2026-09-13T07:55:02.8819809Z (Reading database ... 20%
compare	Build, verify native launch, calibrate cells and compare processing	2026-09-13T07:55:02.8820063Z (Reading database ... 25%
compare	Build, verify native launch, calibrate cells and compare processing	2026-09-13T07:55:02.8820314Z (Reading database ... 30%
compare	Build, verify native launch, calibrate cells and compare processing	2026-09-13T07:55:02.8820533Z (Reading database ... 35%
compare	Build, verify native launch, calibrate cells and compare processing	2026-09-13T07:55:02.8820748Z (Reading database ... 40%
compare	Build, verify native launch, calibrate cells and compare processing	2026-09-13T07:55:02.8820972Z (Reading database ... 45%
compare	Build, verify native launch, calibrate cells and compare processing	2026-09-13T07:55:02.8821185Z (Reading database ... 50%
compare	Build, verify native launch, calibrate cells and compare processing	2026-09-13T07:55:02.8821402Z (Reading database ... 55%
compare	Build, verify native launch, calibrate cells and compare processing	2026-09-13T07:55:02.8821613Z (Reading database ... 60%
compare	Build, verify native launch, calibrate cells and compare processing	2026-09-13T07:55:02.8831008Z (Reading database ... 65%
compare	Build, verify native launch, calibrate cells and compare processing	2026-09-13T07:55:02.8842427Z (Reading database ... 70%
compare	Build, verify native launch, calibrate cells and compare processing	2026-09-13T07:55:02.8846009Z (Reading database ... 75%
compare	Build, verify native launch, calibrate cells and compare processing	2026-09-13T07:55:02.8856735Z (Reading database ... 80%
compare	Build, verify native launch, calibrate cells and compare processing	2026-09-13T07:55:02.8859548Z (Reading database ... 85%
compare	Build, verify native launch, calibrate cells and compare processing	2026-09-13T07:55:02.8862367Z (Reading database ... 90%
compare	Build, verify native launch, calibrate cells and compare processing	2026-09-13T07:55:02.8869237Z (Reading database ... 95%
compare	Build, verify native launch, calibrate cells and compare processing	2026-09-13T07:55:02.8869649Z (Reading database ... 100%
compare	Build, verify native launch, calibrate cells and compare processing	2026-09-13T07:55:02.8870205Z (Reading database ... 7724 files and directories currently installed.)
compare	Build, verify native launch, calibrate cells and compare processing	2026-09-13T07:55:02.8874950Z Preparing to unpack .../libc-bin_2.43-2ubuntu2.4_amd64.deb ...
compare	Build, verify native launch, calibrate cells and compare processing	2026-09-13T07:55:02.8912593Z Unpacking libc-bin (2.43-2ubuntu2.4) over (2.43-2ubuntu2.3) ...
compare	Build, verify native launch, calibrate cells and compare processing	2026-09-13T07:55:02.9368694Z Setting up libc-bin (2.43-2ubuntu2.4) ...
compare	Build, verify native launch, calibrate cells and compare processing	2026-09-13T07:55:02.9642655Z Selecting previously unselected package libexpat1:amd64.
compare	Build, verify native launch, calibrate cells and compare processing	2026-09-13T07:55:02.9652238Z (Reading database ... 
compare	Build, verify native launch, calibrate cells and compare processing	2026-09-13T07:55:02.9652755Z (Reading database ... 5%
compare	Build, verify native launch, calibrate cells and compare processing	2026-09-13T07:55:02.9653206Z (Reading database ... 10%
compare	Build, verify native launch, calibrate cells and compare processing	2026-09-13T07:55:02.9653615Z (Reading database ... 15%
compare	Build, verify native launch, calibrate cells and compare processing	2026-09-13T07:55:02.9654009Z (Reading database ... 20%
compare	Build, verify native launch, calibrate cells and compare processing	2026-09-13T07:55:02.9654402Z (Reading database ... 25%
compare	Build, verify native launch, calibrate cells and compare processing	2026-09-13T07:55:02.9654794Z (Reading database ... 30%
compare	Build, verify native launch, calibrate cells and compare processing	2026-09-13T07:55:02.9655183Z (Reading database ... 35%
compare	Build, verify native launch, calibrate cells and compare processing	2026-09-13T07:55:02.9655576Z (Reading database ... 40%
compare	Build, verify native launch, calibrate cells and compare processing	2026-09-13T07:55:02.9655969Z (Reading database ... 45%
compare	Build, verify native launch, calibrate cells and compare processing	2026-09-13T07:55:02.9656367Z (Reading database ... 50%
compare	Build, verify native launch, calibrate cells and compare processing	2026-09-13T07:55:02.9656758Z (Reading database ... 55%
compare	Build, verify native launch, calibrate cells and compare processing	2026-09-13T07:55:02.9657151Z (Reading database ... 60%
compare	Build, verify native launch, calibrate cells and compare processing	2026-09-13T07:55:02.9667047Z (Reading database ... 65%
compare	Build, verify native launch, calibrate cells and compare processing	2026-09-13T07:55:02.9678982Z (Reading database ... 70%
compare	Build, verify native launch, calibrate cells and compare processing	2026-09-13T07:55:02.9682290Z (Reading database ... 75%
compare	Build, verify native launch, calibrate cells and compare processing	2026-09-13T07:55:02.9694282Z (Reading database ... 80%
compare	Build, verify native launch, calibrate cells and compare processing	2026-09-13T07:55:02.9697246Z (Reading database ... 85%
compare	Build, verify native launch, calibrate cells and compare processing	2026-09-13T07:55:02.9700016Z (Reading database ... 90%
compare	Build, verify native launch, calibrate cells and compare processing	2026-09-13T07:55:02.9708364Z (Reading database ... 95%
compare	Build, verify native launch, calibrate cells and compare processing	2026-09-13T07:55:02.9708806Z (Reading database ... 100%
compare	Build, verify native launch, calibrate cells and compare processing	2026-09-13T07:55:02.9709206Z (Reading database ... 7724 files and directories currently installed.)
compare	Build, verify native launch, calibrate cells and compare processing	2026-09-13T07:55:02.9714934Z Preparing to unpack .../libexpat1_2.7.4-1_amd64.deb ...
compare	Build, verify native launch, calibrate cells and compare processing	2026-09-13T07:55:02.9732171Z Unpacking libexpat1:amd64 (2.7.4-1) ...
compare	Build, verify native launch, calibrate cells and compare processing	2026-09-13T07:55:02.9876380Z Selecting previously unselected package libpython3.14-minimal:amd64.
compare	Build, verify native launch, calibrate cells and compare processing	2026-09-13T07:55:02.9886791Z Preparing to unpack .../libpython3.14-minimal_3.14.4-1ubuntu0.2_amd64.deb ...
compare	Build, verify native launch, calibrate cells and compare processing	2026-09-13T07:55:02.9894917Z Unpacking libpython3.14-minimal:amd64 (3.14.4-1ubuntu0.2) ...
compare	Build, verify native launch, calibrate cells and compare processing	2026-09-13T07:55:03.0547960Z Selecting previously unselected package python3.14-minimal.
compare	Build, verify native launch, calibrate cells and compare processing	2026-09-13T07:55:03.0559766Z Preparing to unpack .../python3.14-minimal_3.14.4-1ubuntu0.2_amd64.deb ...
compare	Build, verify native launch, calibrate cells and compare processing	2026-09-13T07:55:03.0625862Z Unpacking python3.14-minimal (3.14.4-1ubuntu0.2) ...
compare	Build, verify native launch, calibrate cells and compare processing	2026-09-13T07:55:03.1020564Z Setting up libpython3.14-minimal:amd64 (3.14.4-1ubuntu0.2) ...
compare	Build, verify native launch, calibrate cells and compare processing	2026-09-13T07:55:03.1061337Z Setting up libexpat1:amd64 (2.7.4-1) ...
compare	Build, verify native launch, calibrate cells and compare processing	2026-09-13T07:55:03.1086069Z Setting up python3.14-minimal (3.14.4-1ubuntu0.2) ...
compare	Build, verify native launch, calibrate cells and compare processing	2026-09-13T07:55:03.9395978Z Selecting previously unselected package python3-minimal.
compare	Build, verify native launch, calibrate cells and compare processing	2026-09-13T07:55:03.9405621Z (Reading database ... 
compare	Build, verify native launch, calibrate cells and compare processing	2026-09-13T07:55:03.9406326Z (Reading database ... 5%
compare	Build, verify native launch, calibrate cells and compare processing	2026-09-13T07:55:03.9406867Z (Reading database ... 10%
compare	Build, verify native launch, calibrate cells and compare processing	2026-09-13T07:55:03.9407314Z (Reading database ... 15%
compare	Build, verify native launch, calibrate cells and compare processing	2026-09-13T07:55:03.9408200Z (Reading database ... 20%
compare	Build, verify native launch, calibrate cells and compare processing	2026-09-13T07:55:03.9409135Z (Reading database ... 25%
compare	Build, verify native launch, calibrate cells and compare processing	2026-09-13T07:55:03.9409763Z (Reading database ... 30%
compare	Build, verify native launch, calibrate cells and compare processing	2026-09-13T07:55:03.9410057Z (Reading database ... 35%
compare	Build, verify native launch, calibrate cells and compare processing	2026-09-13T07:55:03.9410306Z (Reading database ... 40%
compare	Build, verify native launch, calibrate cells and compare processing	2026-09-13T07:55:03.9410543Z (Reading database ... 45%
compare	Build, verify native launch, calibrate cells and compare processing	2026-09-13T07:55:03.9410808Z (Reading database ... 50%
compare	Build, verify native launch, calibrate cells and compare processing	2026-09-13T07:55:03.9411040Z (Reading database ... 55%
compare	Build, verify native launch, calibrate cells and compare processing	2026-09-13T07:55:03.9411270Z (Reading database ... 60%
compare	Build, verify native launch, calibrate cells and compare processing	2026-09-13T07:55:03.9411518Z (Reading database ... 65%
compare	Build, verify native launch, calibrate cells and compare processing	2026-09-13T07:55:03.9414909Z (Reading database ... 70%
compare	Build, verify native launch, calibrate cells and compare processing	2026-09-13T07:55:03.9417493Z (Reading database ... 75%
compare	Build, verify native launch, calibrate cells and compare processing	2026-09-13T07:55:03.9430272Z (Reading database ... 80%
compare	Build, verify native launch, calibrate cells and compare processing	2026-09-13T07:55:03.9433735Z (Reading database ... 85%
compare	Build, verify native launch, calibrate cells and compare processing	2026-09-13T07:55:03.9438366Z (Reading database ... 90%
compare	Build, verify native launch, calibrate cells and compare processing	2026-09-13T07:55:03.9445867Z (Reading database ... 95%
compare	Build, verify native launch, calibrate cells and compare processing	2026-09-13T07:55:03.9446246Z (Reading database ... 100%
compare	Build, verify native launch, calibrate cells and compare processing	2026-09-13T07:55:03.9446771Z (Reading database ... 8078 files and directories currently installed.)
compare	Build, verify native launch, calibrate cells and compare processing	2026-09-13T07:55:03.9451870Z Preparing to unpack .../00-python3-minimal_3.14.3-0ubuntu2_amd64.deb ...
compare	Build, verify native launch, calibrate cells and compare processing	2026-09-13T07:55:03.9469606Z Unpacking python3-minimal (3.14.3-0ubuntu2) ...
compare	Build, verify native launch, calibrate cells and compare processing	2026-09-13T07:55:03.9602757Z Selecting previously unselected package media-types.
compare	Build, verify native launch, calibrate cells and compare processing	2026-09-13T07:55:03.9614540Z Preparing to unpack .../01-media-types_14.0.0build1_all.deb ...
compare	Build, verify native launch, calibrate cells and compare processing	2026-09-13T07:55:03.9622693Z Unpacking media-types (14.0.0build1) ...
compare	Build, verify native launch, calibrate cells and compare processing	2026-09-13T07:55:03.9753283Z Selecting previously unselected package netbase.
compare	Build, verify native launch, calibrate cells and compare processing	2026-09-13T07:55:03.9765060Z Preparing to unpack .../02-netbase_6.5build1_all.deb ...
compare	Build, verify native launch, calibrate cells and compare processing	2026-09-13T07:55:03.9773274Z Unpacking netbase (6.5build1) ...
compare	Build, verify native launch, calibrate cells and compare processing	2026-09-13T07:55:03.9910174Z Selecting previously unselected package tzdata.
compare	Build, verify native launch, calibrate cells and compare processing	2026-09-13T07:55:03.9922253Z Preparing to unpack .../03-tzdata_2026c-0ubuntu0.26.04.1_all.deb ...
compare	Build, verify native launch, calibrate cells and compare processing	2026-09-13T07:55:03.9930335Z Unpacking tzdata (2026c-0ubuntu0.26.04.1) ...
compare	Build, verify native launch, calibrate cells and compare processing	2026-09-13T07:55:04.0637103Z Selecting previously unselected package libffi8:amd64.
compare	Build, verify native launch, calibrate cells and compare processing	2026-09-13T07:55:04.0649858Z Preparing to unpack .../04-libffi8_3.5.2-4_amd64.deb ...
compare	Build, verify native launch, calibrate cells and compare processing	2026-09-13T07:55:04.0659021Z Unpacking libffi8:amd64 (3.5.2-4) ...
compare	Build, verify native launch, calibrate cells and compare processing	2026-09-13T07:55:04.0809519Z Selecting previously unselected package readline-common.
compare	Build, verify native launch, calibrate cells and compare processing	2026-09-13T07:55:04.0821974Z Preparing to unpack .../05-readline-common_8.3-4_all.deb ...
compare	Build, verify native launch, calibrate cells and compare processing	2026-09-13T07:55:04.0830963Z Unpacking readline-common (8.3-4) ...
compare	Build, verify native launch, calibrate cells and compare processing	2026-09-13T07:55:04.0974416Z Selecting previously unselected package libreadline8t64:amd64.
compare	Build, verify native launch, calibrate cells and compare processing	2026-09-13T07:55:04.0986983Z Preparing to unpack .../06-libreadline8t64_8.3-4_amd64.deb ...
compare	Build, verify native launch, calibrate cells and compare processing	2026-09-13T07:55:04.1024692Z Adding 'diversion of /lib/x86_64-linux-gnu/libhistory.so.8 to /lib/x86_64-linux-gnu/libhistory.so.8.usr-is-merged by libreadline8t64'
compare	Build, verify native launch, calibrate cells and compare processing	2026-09-13T07:55:04.1061603Z Adding 'diversion of /lib/x86_64-linux-gnu/libhistory.so.8.2 to /lib/x86_64-linux-gnu/libhistory.so.8.2.usr-is-merged by libreadline8t64'
compare	Build, verify native launch, calibrate cells and compare processing	2026-09-13T07:55:04.1093200Z Adding 'diversion of /lib/x86_64-linux-gnu/libreadline.so.8 to /lib/x86_64-linux-gnu/libreadline.so.8.usr-is-merged by libreadline8t64'
compare	Build, verify native launch, calibrate cells and compare processing	2026-09-13T07:55:04.1124436Z Adding 'diversion of /lib/x86_64-linux-gnu/libreadline.so.8.2 to /lib/x86_64-linux-gnu/libreadline.so.8.2.usr-is-merged by libreadline8t64'
compare	Build, verify native launch, calibrate cells and compare processing	2026-09-13T07:55:04.1138516Z Unpacking libreadline8t64:amd64 (8.3-4) ...
compare	Build, verify native launch, calibrate cells and compare processing	2026-09-13T07:55:04.1288382Z Selecting previously unselected package libsqlite3-0:amd64.
compare	Build, verify native launch, calibrate cells and compare processing	2026-09-13T07:55:04.1300839Z Preparing to unpack .../07-libsqlite3-0_3.46.1-9ubuntu0.2_amd64.deb ...
compare	Build, verify native launch, calibrate cells and compare processing	2026-09-13T07:55:04.1311398Z Unpacking libsqlite3-0:amd64 (3.46.1-9ubuntu0.2) ...
compare	Build, verify native launch, calibrate cells and compare processing	2026-09-13T07:55:04.1500436Z Selecting previously unselected package libpython3.14-stdlib:amd64.
compare	Build, verify native launch, calibrate cells and compare processing	2026-09-13T07:55:04.1512636Z Preparing to unpack .../08-libpython3.14-stdlib_3.14.4-1ubuntu0.2_amd64.deb ...
compare	Build, verify native launch, calibrate cells and compare processing	2026-09-13T07:55:04.1521637Z Unpacking libpython3.14-stdlib:amd64 (3.14.4-1ubuntu0.2) ...
compare	Build, verify native launch, calibrate cells and compare processing	2026-09-13T07:55:04.2410093Z Selecting previously unselected package python3.14.
compare	Build, verify native launch, calibrate cells and compare processing	2026-09-13T07:55:04.2423162Z Preparing to unpack .../09-python3.14_3.14.4-1ubuntu0.2_amd64.deb ...
compare	Build, verify native launch, calibrate cells and compare processing	2026-09-13T07:55:04.2431027Z Unpacking python3.14 (3.14.4-1ubuntu0.2) ...
compare	Build, verify native launch, calibrate cells and compare processing	2026-09-13T07:55:04.2576260Z Selecting previously unselected package libpython3-stdlib:amd64.
compare	Build, verify native launch, calibrate cells and compare processing	2026-09-13T07:55:04.2588542Z Preparing to unpack .../10-libpython3-stdlib_3.14.3-0ubuntu2_amd64.deb ...
compare	Build, verify native launch, calibrate cells and compare processing	2026-09-13T07:55:04.2596710Z Unpacking libpython3-stdlib:amd64 (3.14.3-0ubuntu2) ...
compare	Build, verify native launch, calibrate cells and compare processing	2026-09-13T07:55:04.2738150Z Setting up python3-minimal (3.14.3-0ubuntu2) ...
compare	Build, verify native launch, calibrate cells and compare processing	2026-09-13T07:55:04.4118842Z Selecting previously unselected package python3.
compare	Build, verify native launch, calibrate cells and compare processing	2026-09-13T07:55:04.4128962Z (Reading database ... 
compare	Build, verify native launch, calibrate cells and compare processing	2026-09-13T07:55:04.4129596Z (Reading database ... 5%
compare	Build, verify native launch, calibrate cells and compare processing	2026-09-13T07:55:04.4130188Z (Reading database ... 10%
compare	Build, verify native launch, calibrate cells and compare processing	2026-09-13T07:55:04.4130587Z (Reading database ... 15%
compare	Build, verify native launch, calibrate cells and compare processing	2026-09-13T07:55:04.4130967Z (Reading database ... 20%
compare	Build, verify native launch, calibrate cells and compare processing	2026-09-13T07:55:04.4131299Z (Reading database ... 25%
compare	Build, verify native launch, calibrate cells and compare processing	2026-09-13T07:55:04.4131546Z (Reading database ... 30%
compare	Build, verify native launch, calibrate cells and compare processing	2026-09-13T07:55:04.4131782Z (Reading database ... 35%
compare	Build, verify native launch, calibrate cells and compare processing	2026-09-13T07:55:04.4132382Z (Reading database ... 40%
compare	Build, verify native launch, calibrate cells and compare processing	2026-09-13T07:55:04.4132625Z (Reading database ... 45%
compare	Build, verify native launch, calibrate cells and compare processing	2026-09-13T07:55:04.4132863Z (Reading database ... 50%
compare	Build, verify native launch, calibrate cells and compare processing	2026-09-13T07:55:04.4133095Z (Reading database ... 55%
compare	Build, verify native launch, calibrate cells and compare processing	2026-09-13T07:55:04.4133328Z (Reading database ... 60%
compare	Build, verify native launch, calibrate cells and compare processing	2026-09-13T07:55:04.4138309Z (Reading database ... 65%
compare	Build, verify native launch, calibrate cells and compare processing	2026-09-13T07:55:04.4146915Z (Reading database ... 70%
compare	Build, verify native launch, calibrate cells and compare processing	2026-09-13T07:55:04.4158825Z (Reading database ... 75%
compare	Build, verify native launch, calibrate cells and compare processing	2026-09-13T07:55:04.4162325Z (Reading database ... 80%
compare	Build, verify native launch, calibrate cells and compare processing	2026-09-13T07:55:04.4165433Z (Reading database ... 85%
compare	Build, verify native launch, calibrate cells and compare processing	2026-09-13T07:55:04.4171646Z (Reading database ... 90%
compare	Build, verify native launch, calibrate cells and compare processing	2026-09-13T07:55:04.4179974Z (Reading database ... 95%
compare	Build, verify native launch, calibrate cells and compare processing	2026-09-13T07:55:04.4180477Z (Reading database ... 100%
compare	Build, verify native launch, calibrate cells and compare processing	2026-09-13T07:55:04.4181017Z (Reading database ... 9109 files and directories currently installed.)
compare	Build, verify native launch, calibrate cells and compare processing	2026-09-13T07:55:04.4187641Z Preparing to unpack .../python3_3.14.3-0ubuntu2_amd64.deb ...
compare	Build, verify native launch, calibrate cells and compare processing	2026-09-13T07:55:04.4222669Z Unpacking python3 (3.14.3-0ubuntu2) ...
compare	Build, verify native launch, calibrate cells and compare processing	2026-09-13T07:55:04.4358494Z Selecting previously unselected package libsystemd-shared:amd64.
compare	Build, verify native launch, calibrate cells and compare processing	2026-09-13T07:55:04.4371253Z Preparing to unpack .../libsystemd-shared_259.5-0ubuntu3.4_amd64.deb ...
compare	Build, verify native launch, calibrate cells and compare processing	2026-09-13T07:55:04.4394167Z Unpacking libsystemd-shared:amd64 (259.5-0ubuntu3.4) ...
compare	Build, verify native launch, calibrate cells and compare processing	2026-09-13T07:55:04.4806333Z Setting up libsystemd-shared:amd64 (259.5-0ubuntu3.4) ...
compare	Build, verify native launch, calibrate cells and compare processing	2026-09-13T07:55:04.4963250Z Selecting previously unselected package systemd.
compare	Build, verify native launch, calibrate cells and compare processing	2026-09-13T07:55:04.4973350Z (Reading database ... 
compare	Build, verify native launch, calibrate cells and compare processing	2026-09-13T07:55:04.4974112Z (Reading database ... 5%
compare	Build, verify native launch, calibrate cells and compare processing	2026-09-13T07:55:04.4974545Z (Reading database ... 10%
compare	Build, verify native launch, calibrate cells and compare processing	2026-09-13T07:55:04.4974967Z (Reading database ... 15%
compare	Build, verify native launch, calibrate cells and compare processing	2026-09-13T07:55:04.4975449Z (Reading database ... 20%
compare	Build, verify native launch, calibrate cells and compare processing	2026-09-13T07:55:04.4975837Z (Reading database ... 25%
compare	Build, verify native launch, calibrate cells and compare processing	2026-09-13T07:55:04.4976217Z (Reading database ... 30%
compare	Build, verify native launch, calibrate cells and compare processing	2026-09-13T07:55:04.4976588Z (Reading database ... 35%
compare	Build, verify native launch, calibrate cells and compare processing	2026-09-13T07:55:04.4976834Z (Reading database ... 40%
compare	Build, verify native launch, calibrate cells and compare processing	2026-09-13T07:55:04.4977084Z (Reading database ... 45%
compare	Build, verify native launch, calibrate cells and compare processing	2026-09-13T07:55:04.4977344Z (Reading database ... 50%
compare	Build, verify native launch, calibrate cells and compare processing	2026-09-13T07:55:04.4977601Z (Reading database ... 55%
compare	Build, verify native launch, calibrate cells and compare processing	2026-09-13T07:55:04.4977844Z (Reading database ... 60%
compare	Build, verify native launch, calibrate cells and compare processing	2026-09-13T07:55:04.4978088Z (Reading database ... 65%
compare	Build, verify native launch, calibrate cells and compare processing	2026-09-13T07:55:04.4988599Z (Reading database ... 70%
compare	Build, verify native launch, calibrate cells and compare processing	2026-09-13T07:55:04.4994004Z (Reading database ... 75%
compare	Build, verify native launch, calibrate cells and compare processing	2026-09-13T07:55:04.5007178Z (Reading database ... 80%
compare	Build, verify native launch, calibrate cells and compare processing	2026-09-13T07:55:04.5010661Z (Reading database ... 85%
compare	Build, verify native launch, calibrate cells and compare processing	2026-09-13T07:55:04.5017263Z (Reading database ... 90%
compare	Build, verify native launch, calibrate cells and compare processing	2026-09-13T07:55:04.5025441Z (Reading database ... 95%
compare	Build, verify native launch, calibrate cells and compare processing	2026-09-13T07:55:04.5026020Z (Reading database ... 100%
compare	Build, verify native launch, calibrate cells and compare processing	2026-09-13T07:55:04.5026497Z (Reading database ... 9138 files and directories currently installed.)
compare	Build, verify native launch, calibrate cells and compare processing	2026-09-13T07:55:04.5033080Z Preparing to unpack .../systemd_259.5-0ubuntu3.4_amd64.deb ...
compare	Build, verify native launch, calibrate cells and compare processing	2026-09-13T07:55:04.5100215Z Unpacking systemd (259.5-0ubuntu3.4) ...
compare	Build, verify native launch, calibrate cells and compare processing	2026-09-13T07:55:04.6359028Z Setting up systemd (259.5-0ubuntu3.4) ...
compare	Build, verify native launch, calibrate cells and compare processing	2026-09-13T07:55:04.6518739Z Created symlink '/etc/systemd/system/getty.target.wants/getty@tty1.service' → '/usr/lib/systemd/system/getty@.service'.
compare	Build, verify native launch, calibrate cells and compare processing	2026-09-13T07:55:04.6552630Z Created symlink '/etc/systemd/system/multi-user.target.wants/remote-fs.target' → '/usr/lib/systemd/system/remote-fs.target'.
compare	Build, verify native launch, calibrate cells and compare processing	2026-09-13T07:55:04.6588092Z Created symlink '/etc/systemd/system/sysinit.target.wants/systemd-pstore.service' → '/usr/lib/systemd/system/systemd-pstore.service'.
compare	Build, verify native launch, calibrate cells and compare processing	2026-09-13T07:55:04.6612308Z Initializing machine ID from random generator.
compare	Build, verify native launch, calibrate cells and compare processing	2026-09-13T07:55:04.6800910Z Creating group 'systemd-journal' with GID 999.
compare	Build, verify native launch, calibrate cells and compare processing	2026-09-13T07:55:04.6801838Z Creating group 'systemd-network' with GID 998.
compare	Build, verify native launch, calibrate cells and compare processing	2026-09-13T07:55:04.6803643Z Creating user 'systemd-network' (systemd Network Management) with UID 998 and GID 998.
compare	Build, verify native launch, calibrate cells and compare processing	2026-09-13T07:55:04.8121531Z Selecting previously unselected package systemd-sysv.
compare	Build, verify native launch, calibrate cells and compare processing	2026-09-13T07:55:04.8131515Z (Reading database ... 
compare	Build, verify native launch, calibrate cells and compare processing	2026-09-13T07:55:04.8132341Z (Reading database ... 5%
compare	Build, verify native launch, calibrate cells and compare processing	2026-09-13T07:55:04.8132749Z (Reading database ... 10%
compare	Build, verify native launch, calibrate cells and compare processing	2026-09-13T07:55:04.8133148Z (Reading database ... 15%
compare	Build, verify native launch, calibrate cells and compare processing	2026-09-13T07:55:04.8133526Z (Reading database ... 20%
compare	Build, verify native launch, calibrate cells and compare processing	2026-09-13T07:55:04.8133919Z (Reading database ... 25%
compare	Build, verify native launch, calibrate cells and compare processing	2026-09-13T07:55:04.8134282Z (Reading database ... 30%
compare	Build, verify native launch, calibrate cells and compare processing	2026-09-13T07:55:04.8134507Z (Reading database ... 35%
compare	Build, verify native launch, calibrate cells and compare processing	2026-09-13T07:55:04.8134727Z (Reading database ... 40%
compare	Build, verify native launch, calibrate cells and compare processing	2026-09-13T07:55:04.8134945Z (Reading database ... 45%
compare	Build, verify native launch, calibrate cells and compare processing	2026-09-13T07:55:04.8135168Z (Reading database ... 50%
compare	Build, verify native launch, calibrate cells and compare processing	2026-09-13T07:55:04.8135388Z (Reading database ... 55%
compare	Build, verify native launch, calibrate cells and compare processing	2026-09-13T07:55:04.8135618Z (Reading database ... 60%
compare	Build, verify native launch, calibrate cells and compare processing	2026-09-13T07:55:04.8135875Z (Reading database ... 65%
compare	Build, verify native launch, calibrate cells and compare processing	2026-09-13T07:55:04.8146782Z (Reading database ... 70%
compare	Build, verify native launch, calibrate cells and compare processing	2026-09-13T07:55:04.8151743Z (Reading database ... 75%
compare	Build, verify native launch, calibrate cells and compare processing	2026-09-13T07:55:04.8163648Z (Reading database ... 80%
compare	Build, verify native launch, calibrate cells and compare processing	2026-09-13T07:55:04.8167134Z (Reading database ... 85%
compare	Build, verify native launch, calibrate cells and compare processing	2026-09-13T07:55:04.8174771Z (Reading database ... 90%
compare	Build, verify native launch, calibrate cells and compare processing	2026-09-13T07:55:04.8183674Z (Reading database ... 95%
compare	Build, verify native launch, calibrate cells and compare processing	2026-09-13T07:55:04.8184190Z (Reading database ... 100%
compare	Build, verify native launch, calibrate cells and compare processing	2026-09-13T07:55:04.8184664Z (Reading database ... 10116 files and directories currently installed.)
compare	Build, verify native launch, calibrate cells and compare processing	2026-09-13T07:55:04.8190508Z Preparing to unpack .../000-systemd-sysv_259.5-0ubuntu3.4_amd64.deb ...
compare	Build, verify native launch, calibrate cells and compare processing	2026-09-13T07:55:04.8200473Z Unpacking systemd-sysv (259.5-0ubuntu3.4) ...
compare	Build, verify native launch, calibrate cells and compare processing	2026-09-13T07:55:04.8333775Z Selecting previously unselected package openssl.
compare	Build, verify native launch, calibrate cells and compare processing	2026-09-13T07:55:04.8346884Z Preparing to unpack .../001-openssl_3.5.5-1ubuntu3.5_amd64.deb ...
compare	Build, verify native launch, calibrate cells and compare processing	2026-09-13T07:55:04.8356458Z Unpacking openssl (3.5.5-1ubuntu3.5) ...
compare	Build, verify native launch, calibrate cells and compare processing	2026-09-13T07:55:04.8635764Z Selecting previously unselected package ca-certificates.
compare	Build, verify native launch, calibrate cells and compare processing	2026-09-13T07:55:04.8651385Z Preparing to unpack .../002-ca-certificates_20260601~26.04.1_all.deb ...
compare	Build, verify native launch, calibrate cells and compare processing	2026-09-13T07:55:04.8660861Z Unpacking ca-certificates (20260601~26.04.1) ...
compare	Build, verify native launch, calibrate cells and compare processing	2026-09-13T07:55:04.8974401Z Selecting previously unselected package libdbus-1-3:amd64.
compare	Build, verify native launch, calibrate cells and compare processing	2026-09-13T07:55:04.8988495Z Preparing to unpack .../003-libdbus-1-3_1.16.2-2ubuntu4_amd64.deb ...
compare	Build, verify native launch, calibrate cells and compare processing	2026-09-13T07:55:04.8998094Z Unpacking libdbus-1-3:amd64 (1.16.2-2ubuntu4) ...
compare	Build, verify native launch, calibrate cells and compare processing	2026-09-13T07:55:04.9134874Z Selecting previously unselected package dbus-bin.
compare	Build, verify native launch, calibrate cells and compare processing	2026-09-13T07:55:04.9148944Z Preparing to unpack .../004-dbus-bin_1.16.2-2ubuntu4_amd64.deb ...
compare	Build, verify native launch, calibrate cells and compare processing	2026-09-13T07:55:04.9157430Z Unpacking dbus-bin (1.16.2-2ubuntu4) ...
compare	Build, verify native launch, calibrate cells and compare processing	2026-09-13T07:55:04.9290190Z Selecting previously unselected package dbus-session-bus-common.
compare	Build, verify native launch, calibrate cells and compare processing	2026-09-13T07:55:04.9304164Z Preparing to unpack .../005-dbus-session-bus-common_1.16.2-2ubuntu4_all.deb ...
compare	Build, verify native launch, calibrate cells and compare processing	2026-09-13T07:55:04.9312475Z Unpacking dbus-session-bus-common (1.16.2-2ubuntu4) ...
compare	Build, verify native launch, calibrate cells and compare processing	2026-09-13T07:55:04.9472838Z Selecting previously unselected package libapparmor1:amd64.
compare	Build, verify native launch, calibrate cells and compare processing	2026-09-13T07:55:04.9487505Z Preparing to unpack .../006-libapparmor1_5.0.2-0ubuntu1~26.04.1_amd64.deb ...
compare	Build, verify native launch, calibrate cells and compare processing	2026-09-13T07:55:04.9497526Z Unpacking libapparmor1:amd64 (5.0.2-0ubuntu1~26.04.1) ...
compare	Build, verify native launch, calibrate cells and compare processing	2026-09-13T07:55:04.9635580Z Selecting previously unselected package dbus-daemon.
compare	Build, verify native launch, calibrate cells and compare processing	2026-09-13T07:55:04.9649355Z Preparing to unpack .../007-dbus-daemon_1.16.2-2ubuntu4_amd64.deb ...
compare	Build, verify native launch, calibrate cells and compare processing	2026-09-13T07:55:04.9657882Z Unpacking dbus-daemon (1.16.2-2ubuntu4) ...
compare	Build, verify native launch, calibrate cells and compare processing	2026-09-13T07:55:04.9794949Z Selecting previously unselected package dbus-system-bus-common.
compare	Build, verify native launch, calibrate cells and compare processing	2026-09-13T07:55:04.9809100Z Preparing to unpack .../008-dbus-system-bus-common_1.16.2-2ubuntu4_all.deb ...
compare	Build, verify native launch, calibrate cells and compare processing	2026-09-13T07:55:04.9818646Z Unpacking dbus-system-bus-common (1.16.2-2ubuntu4) ...
compare	Build, verify native launch, calibrate cells and compare processing	2026-09-13T07:55:04.9975882Z Selecting previously unselected package dbus.
compare	Build, verify native launch, calibrate cells and compare processing	2026-09-13T07:55:04.9988758Z Preparing to unpack .../009-dbus_1.16.2-2ubuntu4_amd64.deb ...
compare	Build, verify native launch, calibrate cells and compare processing	2026-09-13T07:55:05.0009699Z Unpacking dbus (1.16.2-2ubuntu4) ...
compare	Build, verify native launch, calibrate cells and compare processing	2026-09-13T07:55:05.0164759Z Selecting previously unselected package libpam-systemd:amd64.
compare	Build, verify native launch, calibrate cells and compare processing	2026-09-13T07:55:05.0178393Z Preparing to unpack .../010-libpam-systemd_259.5-0ubuntu3.4_amd64.deb ...
compare	Build, verify native launch, calibrate cells and compare processing	2026-09-13T07:55:05.0187822Z Unpacking libpam-systemd:amd64 (259.5-0ubuntu3.4) ...
compare	Build, verify native launch, calibrate cells and compare processing	2026-09-13T07:55:05.0356241Z Selecting previously unselected package dbus-user-session.
compare	Build, verify native launch, calibrate cells and compare processing	2026-09-13T07:55:05.0370440Z Preparing to unpack .../011-dbus-user-session_1.16.2-2ubuntu4_amd64.deb ...
compare	Build, verify native launch, calibrate cells and compare processing	2026-09-13T07:55:05.0383484Z Unpacking dbus-user-session (1.16.2-2ubuntu4) ...
compare	Build, verify native launch, calibrate cells and compare processing	2026-09-13T07:55:05.0504909Z Selecting previously unselected package iso-codes.
compare	Build, verify native launch, calibrate cells and compare processing	2026-09-13T07:55:05.0518989Z Preparing to unpack .../012-iso-codes_4.20.1-1_all.deb ...
compare	Build, verify native launch, calibrate cells and compare processing	2026-09-13T07:55:05.0528018Z Unpacking iso-codes (4.20.1-1) ...
compare	Build, verify native launch, calibrate cells and compare processing	2026-09-13T07:55:05.1716813Z Selecting previously unselected package libatomic1:amd64.
compare	Build, verify native launch, calibrate cells and compare processing	2026-09-13T07:55:05.1733906Z Preparing to unpack .../013-libatomic1_16-20260322-1ubuntu1_amd64.deb ...
compare	Build, verify native launch, calibrate cells and compare processing	2026-09-13T07:55:05.1743034Z Unpacking libatomic1:amd64 (16-20260322-1ubuntu1) ...
compare	Build, verify native launch, calibrate cells and compare processing	2026-09-13T07:55:05.1866862Z Selecting previously unselected package libcap2:amd64.
compare	Build, verify native launch, calibrate cells and compare processing	2026-09-13T07:55:05.1882347Z Preparing to unpack .../014-libcap2_1%3a2.75-10ubuntu2_amd64.deb ...
compare	Build, verify native launch, calibrate cells and compare processing	2026-09-13T07:55:05.1891656Z Unpacking libcap2:amd64 (1:2.75-10ubuntu2) ...
compare	Build, verify native launch, calibrate cells and compare processing	2026-09-13T07:55:05.2011692Z Selecting previously unselected package libcap2-bin.
compare	Build, verify native launch, calibrate cells and compare processing	2026-09-13T07:55:05.2026796Z Preparing to unpack .../015-libcap2-bin_1%3a2.75-10ubuntu2_amd64.deb ...
compare	Build, verify native launch, calibrate cells and compare processing	2026-09-13T07:55:05.2035569Z Unpacking libcap2-bin (1:2.75-10ubuntu2) ...
compare	Build, verify native launch, calibrate cells and compare processing	2026-09-13T07:55:05.2172612Z Selecting previously unselected package libedit2:amd64.
compare	Build, verify native launch, calibrate cells and compare processing	2026-09-13T07:55:05.2187150Z Preparing to unpack .../016-libedit2_3.1-20251016-1_amd64.deb ...
compare	Build, verify native launch, calibrate cells and compare processing	2026-09-13T07:55:05.2196244Z Unpacking libedit2:amd64 (3.1-20251016-1) ...
compare	Build, verify native launch, calibrate cells and compare processing	2026-09-13T07:55:05.2332840Z Selecting previously unselected package libelf1t64:amd64.
compare	Build, verify native launch, calibrate cells and compare processing	2026-09-13T07:55:05.2348204Z Preparing to unpack .../017-libelf1t64_0.194-4_amd64.deb ...
compare	Build, verify native launch, calibrate cells and compare processing	2026-09-13T07:55:05.2356798Z Unpacking libelf1t64:amd64 (0.194-4) ...
compare	Build, verify native launch, calibrate cells and compare processing	2026-09-13T07:55:05.2490103Z Selecting previously unselected package libfribidi0:amd64.
compare	Build, verify native launch, calibrate cells and compare processing	2026-09-13T07:55:05.2504901Z Preparing to unpack .../018-libfribidi0_1.0.16-5_amd64.deb ...
compare	Build, verify native launch, calibrate cells and compare processing	2026-09-13T07:55:05.2514920Z Unpacking libfribidi0:amd64 (1.0.16-5) ...
compare	Build, verify native launch, calibrate cells and compare processing	2026-09-13T07:55:05.2656643Z Selecting previously unselected package libglib2.0-0t64:amd64.
compare	Build, verify native launch, calibrate cells and compare processing	2026-09-13T07:55:05.2670521Z Preparing to unpack .../019-libglib2.0-0t64_2.88.0-1_amd64.deb ...
compare	Build, verify native launch, calibrate cells and compare processing	2026-09-13T07:55:05.2729505Z Unpacking libglib2.0-0t64:amd64 (2.88.0-1) ...
compare	Build, verify native launch, calibrate cells and compare processing	2026-09-13T07:55:05.3028621Z Selecting previously unselected package libnettle8t64:amd64.
compare	Build, verify native launch, calibrate cells and compare processing	2026-09-13T07:55:05.3041982Z Preparing to unpack .../020-libnettle8t64_3.10.2-1_amd64.deb ...
compare	Build, verify native launch, calibrate cells and compare processing	2026-09-13T07:55:05.3050957Z Unpacking libnettle8t64:amd64 (3.10.2-1) ...
compare	Build, verify native launch, calibrate cells and compare processing	2026-09-13T07:55:05.3191011Z Selecting previously unselected package libhogweed6t64:amd64.
compare	Build, verify native launch, calibrate cells and compare processing	2026-09-13T07:55:05.3204450Z Preparing to unpack .../021-libhogweed6t64_3.10.2-1_amd64.deb ...
compare	Build, verify native launch, calibrate cells and compare processing	2026-09-13T07:55:05.3213189Z Unpacking libhogweed6t64:amd64 (3.10.2-1) ...
compare	Build, verify native launch, calibrate cells and compare processing	2026-09-13T07:55:05.3352835Z Selecting previously unselected package libunistring5:amd64.
compare	Build, verify native launch, calibrate cells and compare processing	2026-09-13T07:55:05.3365737Z Preparing to unpack .../022-libunistring5_1.3-2build1_amd64.deb ...
compare	Build, verify native launch, calibrate cells and compare processing	2026-09-13T07:55:05.3375634Z Unpacking libunistring5:amd64 (1.3-2build1) ...
compare	Build, verify native launch, calibrate cells and compare processing	2026-09-13T07:55:05.3581497Z Selecting previously unselected package libidn2-0:amd64.
compare	Build, verify native launch, calibrate cells and compare processing	2026-09-13T07:55:05.3596178Z Preparing to unpack .../023-libidn2-0_2.3.8-4build1_amd64.deb ...
compare	Build, verify native launch, calibrate cells and compare processing	2026-09-13T07:55:05.3650483Z Unpacking libidn2-0:amd64 (2.3.8-4build1) ...
compare	Build, verify native launch, calibrate cells and compare processing	2026-09-13T07:55:05.3748377Z Selecting previously unselected package libp11-kit0:amd64.
compare	Build, verify native launch, calibrate cells and compare processing	2026-09-13T07:55:05.3762788Z Preparing to unpack .../024-libp11-kit0_0.26.2-2_amd64.deb ...
compare	Build, verify native launch, calibrate cells and compare processing	2026-09-13T07:55:05.3771578Z Unpacking libp11-kit0:amd64 (0.26.2-2) ...
compare	Build, verify native launch, calibrate cells and compare processing	2026-09-13T07:55:05.3965438Z Selecting previously unselected package libtasn1-6:amd64.
compare	Build, verify native launch, calibrate cells and compare processing	2026-09-13T07:55:05.3979145Z Preparing to unpack .../025-libtasn1-6_4.21.0-2_amd64.deb ...
compare	Build, verify native launch, calibrate cells and compare processing	2026-09-13T07:55:05.3989633Z Unpacking libtasn1-6:amd64 (4.21.0-2) ...
compare	Build, verify native launch, calibrate cells and compare processing	2026-09-13T07:55:05.4128483Z Selecting previously unselected package libgnutls30t64:amd64.
compare	Build, verify native launch, calibrate cells and compare processing	2026-09-13T07:55:05.4142307Z Preparing to unpack .../026-libgnutls30t64_3.8.12-2ubuntu1.1_amd64.deb ...
compare	Build, verify native launch, calibrate cells and compare processing	2026-09-13T07:55:05.4150704Z Unpacking libgnutls30t64:amd64 (3.8.12-2ubuntu1.1) ...
compare	Build, verify native launch, calibrate cells and compare processing	2026-09-13T07:55:05.4383996Z Selecting previously unselected package libkrb5support0:amd64.
compare	Build, verify native launch, calibrate cells and compare processing	2026-09-13T07:55:05.4398390Z Preparing to unpack .../027-libkrb5support0_1.22.1-2ubuntu4.1_amd64.deb ...
compare	Build, verify native launch, calibrate cells and compare processing	2026-09-13T07:55:05.4408101Z Unpacking libkrb5support0:amd64 (1.22.1-2ubuntu4.1) ...
compare	Build, verify native launch, calibrate cells and compare processing	2026-09-13T07:55:05.4543001Z Selecting previously unselected package libk5crypto3:amd64.
compare	Build, verify native launch, calibrate cells and compare processing	2026-09-13T07:55:05.4557655Z Preparing to unpack .../028-libk5crypto3_1.22.1-2ubuntu4.1_amd64.deb ...
compare	Build, verify native launch, calibrate cells and compare processing	2026-09-13T07:55:05.4568250Z Unpacking libk5crypto3:amd64 (1.22.1-2ubuntu4.1) ...
compare	Build, verify native launch, calibrate cells and compare processing	2026-09-13T07:55:05.4713152Z Selecting previously unselected package libkeyutils1:amd64.
compare	Build, verify native launch, calibrate cells and compare processing	2026-09-13T07:55:05.4727754Z Preparing to unpack .../029-libkeyutils1_1.6.3-6ubuntu3_amd64.deb ...
compare	Build, verify native launch, calibrate cells and compare processing	2026-09-13T07:55:05.4737239Z Unpacking libkeyutils1:amd64 (1.6.3-6ubuntu3) ...
compare	Build, verify native launch, calibrate cells and compare processing	2026-09-13T07:55:05.4869592Z Selecting previously unselected package libkrb5-3:amd64.
compare	Build, verify native launch, calibrate cells and compare processing	2026-09-13T07:55:05.4884586Z Preparing to unpack .../030-libkrb5-3_1.22.1-2ubuntu4.1_amd64.deb ...
compare	Build, verify native launch, calibrate cells and compare processing	2026-09-13T07:55:05.4893292Z Unpacking libkrb5-3:amd64 (1.22.1-2ubuntu4.1) ...
compare	Build, verify native launch, calibrate cells and compare processing	2026-09-13T07:55:05.5096583Z Selecting previously unselected package libgssapi-krb5-2:amd64.
compare	Build, verify native launch, calibrate cells and compare processing	2026-09-13T07:55:05.5111699Z Preparing to unpack .../031-libgssapi-krb5-2_1.22.1-2ubuntu4.1_amd64.deb ...
compare	Build, verify native launch, calibrate cells and compare processing	2026-09-13T07:55:05.5125742Z Unpacking libgssapi-krb5-2:amd64 (1.22.1-2ubuntu4.1) ...
compare	Build, verify native launch, calibrate cells and compare processing	2026-09-13T07:55:05.5292685Z Selecting previously unselected package libjson-c5:amd64.
compare	Build, verify native launch, calibrate cells and compare processing	2026-09-13T07:55:05.5306231Z Preparing to unpack .../032-libjson-c5_0.18+ds-3_amd64.deb ...
compare	Build, verify native launch, calibrate cells and compare processing	2026-09-13T07:55:05.5315953Z Unpacking libjson-c5:amd64 (0.18+ds-3) ...
compare	Build, verify native launch, calibrate cells and compare processing	2026-09-13T07:55:05.5454115Z Selecting previously unselected package libxml2-16:amd64.
compare	Build, verify native launch, calibrate cells and compare processing	2026-09-13T07:55:05.5468463Z Preparing to unpack .../033-libxml2-16_2.15.2+dfsg-0.1ubuntu0.1_amd64.deb ...
compare	Build, verify native launch, calibrate cells and compare processing	2026-09-13T07:55:05.5478550Z Unpacking libxml2-16:amd64 (2.15.2+dfsg-0.1ubuntu0.1) ...
compare	Build, verify native launch, calibrate cells and compare processing	2026-09-13T07:55:05.5677634Z Selecting previously unselected package shared-mime-info.
compare	Build, verify native launch, calibrate cells and compare processing	2026-09-13T07:55:05.5692431Z Preparing to unpack .../034-shared-mime-info_2.4-5build3_amd64.deb ...
compare	Build, verify native launch, calibrate cells and compare processing	2026-09-13T07:55:05.5701074Z Unpacking shared-mime-info (2.4-5build3) ...
compare	Build, verify native launch, calibrate cells and compare processing	2026-09-13T07:55:05.5934440Z Selecting previously unselected package xkb-data.
compare	Build, verify native launch, calibrate cells and compare processing	2026-09-13T07:55:05.5948439Z Preparing to unpack .../035-xkb-data_2.46-2_all.deb ...
compare	Build, verify native launch, calibrate cells and compare processing	2026-09-13T07:55:05.6019133Z Unpacking xkb-data (2.46-2) ...
compare	Build, verify native launch, calibrate cells and compare processing	2026-09-13T07:55:05.6645613Z Selecting previously unselected package libdrm-common.
compare	Build, verify native launch, calibrate cells and compare processing	2026-09-13T07:55:05.6661451Z Preparing to unpack .../036-libdrm-common_2.4.131-1_all.deb ...
compare	Build, verify native launch, calibrate cells and compare processing	2026-09-13T07:55:05.6670398Z Unpacking libdrm-common (2.4.131-1) ...
compare	Build, verify native launch, calibrate cells and compare processing	2026-09-13T07:55:05.6801722Z Selecting previously unselected package libdrm2:amd64.
compare	Build, verify native launch, calibrate cells and compare processing	2026-09-13T07:55:05.6816768Z Preparing to unpack .../037-libdrm2_2.4.131-1_amd64.deb ...
compare	Build, verify native launch, calibrate cells and compare processing	2026-09-13T07:55:05.6826020Z Unpacking libdrm2:amd64 (2.4.131-1) ...
compare	Build, verify native launch, calibrate cells and compare processing	2026-09-13T07:55:05.6960343Z Selecting previously unselected package libevdev2:amd64.
compare	Build, verify native launch, calibrate cells and compare processing	2026-09-13T07:55:05.6974481Z Preparing to unpack .../038-libevdev2_1.13.6+dfsg-1_amd64.deb ...
compare	Build, verify native launch, calibrate cells and compare processing	2026-09-13T07:55:05.6983811Z Unpacking libevdev2:amd64 (1.13.6+dfsg-1) ...
compare	Build, verify native launch, calibrate cells and compare processing	2026-09-13T07:55:05.7133329Z Selecting previously unselected package libgdbm6t64:amd64.
compare	Build, verify native launch, calibrate cells and compare processing	2026-09-13T07:55:05.7147940Z Preparing to unpack .../039-libgdbm6t64_1.26-1build1_amd64.deb ...
compare	Build, verify native launch, calibrate cells and compare processing	2026-09-13T07:55:05.7157760Z Unpacking libgdbm6t64:amd64 (1.26-1build1) ...
compare	Build, verify native launch, calibrate cells and compare processing	2026-09-13T07:55:05.7296994Z Selecting previously unselected package libjansson4:amd64.
compare	Build, verify native launch, calibrate cells and compare processing	2026-09-13T07:55:05.7313631Z Preparing to unpack .../040-libjansson4_2.14-2build4_amd64.deb ...
compare	Build, verify native launch, calibrate cells and compare processing	2026-09-13T07:55:05.7322491Z Unpacking libjansson4:amd64 (2.14-2build4) ...
compare	Build, verify native launch, calibrate cells and compare processing	2026-09-13T07:55:05.7475430Z Selecting previously unselected package libnghttp2-14:amd64.
compare	Build, verify native launch, calibrate cells and compare processing	2026-09-13T07:55:05.7490321Z Preparing to unpack .../041-libnghttp2-14_1.68.0-2ubuntu0.2_amd64.deb ...
compare	Build, verify native launch, calibrate cells and compare processing	2026-09-13T07:55:05.7501540Z Unpacking libnghttp2-14:amd64 (1.68.0-2ubuntu0.2) ...
compare	Build, verify native launch, calibrate cells and compare processing	2026-09-13T07:55:05.7652551Z Selecting previously unselected package libnuma1:amd64.
compare	Build, verify native launch, calibrate cells and compare processing	2026-09-13T07:55:05.7668623Z Preparing to unpack .../042-libnuma1_2.0.19-1build1_amd64.deb ...
compare	Build, verify native launch, calibrate cells and compare processing	2026-09-13T07:55:05.7678860Z Unpacking libnuma1:amd64 (2.0.19-1build1) ...
compare	Build, verify native launch, calibrate cells and compare processing	2026-09-13T07:55:05.7823759Z Selecting previously unselected package libpng16-16t64:amd64.
compare	Build, verify native launch, calibrate cells and compare processing	2026-09-13T07:55:05.7839748Z Preparing to unpack .../043-libpng16-16t64_1.6.57-1_amd64.deb ...
compare	Build, verify native launch, calibrate cells and compare processing	2026-09-13T07:55:05.7848803Z Unpacking libpng16-16t64:amd64 (1.6.57-1) ...
compare	Build, verify native launch, calibrate cells and compare processing	2026-09-13T07:55:05.7998516Z Selecting previously unselected package libpsl5t64:amd64.
compare	Build, verify native launch, calibrate cells and compare processing	2026-09-13T07:55:05.8014031Z Preparing to unpack .../044-libpsl5t64_0.21.2-1.1build2_amd64.deb ...
compare	Build, verify native launch, calibrate cells and compare processing	2026-09-13T07:55:05.8023534Z Unpacking libpsl5t64:amd64 (0.21.2-1.1build2) ...
compare	Build, verify native launch, calibrate cells and compare processing	2026-09-13T07:55:05.8174334Z Selecting previously unselected package libsensors-config.
compare	Build, verify native launch, calibrate cells and compare processing	2026-09-13T07:55:05.8190125Z Preparing to unpack .../045-libsensors-config_1%3a3.6.2-2build1_all.deb ...
compare	Build, verify native launch, calibrate cells and compare processing	2026-09-13T07:55:05.8198555Z Unpacking libsensors-config (1:3.6.2-2build1) ...
compare	Build, verify native launch, calibrate cells and compare processing	2026-09-13T07:55:05.8330688Z Selecting previously unselected package libsensors5:amd64.
compare	Build, verify native launch, calibrate cells and compare processing	2026-09-13T07:55:05.8346494Z Preparing to unpack .../046-libsensors5_1%3a3.6.2-2build1_amd64.deb ...
compare	Build, verify native launch, calibrate cells and compare processing	2026-09-13T07:55:05.8356421Z Unpacking libsensors5:amd64 (1:3.6.2-2build1) ...
compare	Build, verify native launch, calibrate cells and compare processing	2026-09-13T07:55:05.8490230Z Selecting previously unselected package libxau6:amd64.
compare	Build, verify native launch, calibrate cells and compare processing	2026-09-13T07:55:05.8505856Z Preparing to unpack .../047-libxau6_1%3a1.0.11-1build2_amd64.deb ...
compare	Build, verify native launch, calibrate cells and compare processing	2026-09-13T07:55:05.8514532Z Unpacking libxau6:amd64 (1:1.0.11-1build2) ...
compare	Build, verify native launch, calibrate cells and compare processing	2026-09-13T07:55:05.8647106Z Selecting previously unselected package libxdmcp6:amd64.
compare	Build, verify native launch, calibrate cells and compare processing	2026-09-13T07:55:05.8662837Z Preparing to unpack .../048-libxdmcp6_1%3a1.1.5-2_amd64.deb ...
compare	Build, verify native launch, calibrate cells and compare processing	2026-09-13T07:55:05.8670876Z Unpacking libxdmcp6:amd64 (1:1.1.5-2) ...
compare	Build, verify native launch, calibrate cells and compare processing	2026-09-13T07:55:05.8809910Z Selecting previously unselected package libxcb1:amd64.
compare	Build, verify native launch, calibrate cells and compare processing	2026-09-13T07:55:05.8825558Z Preparing to unpack .../049-libxcb1_1.17.0-2ubuntu1_amd64.deb ...
compare	Build, verify native launch, calibrate cells and compare processing	2026-09-13T07:55:05.8835242Z Unpacking libxcb1:amd64 (1.17.0-2ubuntu1) ...
compare	Build, verify native launch, calibrate cells and compare processing	2026-09-13T07:55:05.8971019Z Selecting previously unselected package libx11-data.
compare	Build, verify native launch, calibrate cells and compare processing	2026-09-13T07:55:05.8986919Z Preparing to unpack .../050-libx11-data_2%3a1.8.13-1_all.deb ...
compare	Build, verify native launch, calibrate cells and compare processing	2026-09-13T07:55:05.8997021Z Unpacking libx11-data (2:1.8.13-1) ...
compare	Build, verify native launch, calibrate cells and compare processing	2026-09-13T07:55:05.9449566Z Selecting previously unselected package libx11-6:amd64.
compare	Build, verify native launch, calibrate cells and compare processing	2026-09-13T07:55:05.9464807Z Preparing to unpack .../051-libx11-6_2%3a1.8.13-1_amd64.deb ...
compare	Build, verify native launch, calibrate cells and compare processing	2026-09-13T07:55:05.9475174Z Unpacking libx11-6:amd64 (2:1.8.13-1) ...
compare	Build, verify native launch, calibrate cells and compare processing	2026-09-13T07:55:05.9667184Z Selecting previously unselected package libxext6:amd64.
compare	Build, verify native launch, calibrate cells and compare processing	2026-09-13T07:55:05.9682763Z Preparing to unpack .../052-libxext6_2%3a1.3.4-1build3_amd64.deb ...
compare	Build, verify native launch, calibrate cells and compare processing	2026-09-13T07:55:05.9692364Z Unpacking libxext6:amd64 (2:1.3.4-1build3) ...
compare	Build, verify native launch, calibrate cells and compare processing	2026-09-13T07:55:05.9827571Z Selecting previously unselected package libxkbcommon0:amd64.
compare	Build, verify native launch, calibrate cells and compare processing	2026-09-13T07:55:05.9843558Z Preparing to unpack .../053-libxkbcommon0_1.13.1-1_amd64.deb ...
compare	Build, verify native launch, calibrate cells and compare processing	2026-09-13T07:55:05.9852120Z Unpacking libxkbcommon0:amd64 (1.13.1-1) ...
compare	Build, verify native launch, calibrate cells and compare processing	2026-09-13T07:55:05.9998924Z Selecting previously unselected package xz-utils.
compare	Build, verify native launch, calibrate cells and compare processing	2026-09-13T07:55:06.0013725Z Preparing to unpack .../054-xz-utils_5.8.3-1_amd64.deb ...
compare	Build, verify native launch, calibrate cells and compare processing	2026-09-13T07:55:06.0022437Z Unpacking xz-utils (5.8.3-1) ...
compare	Build, verify native launch, calibrate cells and compare processing	2026-09-13T07:55:06.0177596Z Selecting previously unselected package bubblewrap.
compare	Build, verify native launch, calibrate cells and compare processing	2026-09-13T07:55:06.0193854Z Preparing to unpack .../055-bubblewrap_0.11.1-1ubuntu0.1_amd64.deb ...
compare	Build, verify native launch, calibrate cells and compare processing	2026-09-13T07:55:06.0202207Z Unpacking bubblewrap (0.11.1-1ubuntu0.1) ...
compare	Build, verify native launch, calibrate cells and compare processing	2026-09-13T07:55:06.0343941Z Selecting previously unselected package libbrotli1:amd64.
compare	Build, verify native launch, calibrate cells and compare processing	2026-09-13T07:55:06.0358409Z Preparing to unpack .../056-libbrotli1_1.2.0-3build1_amd64.deb ...
compare	Build, verify native launch, calibrate cells and compare processing	2026-09-13T07:55:06.0369952Z Unpacking libbrotli1:amd64 (1.2.0-3build1) ...
compare	Build, verify native launch, calibrate cells and compare processing	2026-09-13T07:55:06.0546968Z Selecting previously unselected package libfreetype6:amd64.
compare	Build, verify native launch, calibrate cells and compare processing	2026-09-13T07:55:06.0562194Z Preparing to unpack .../057-libfreetype6_2.14.2+dfsg-1ubuntu0.1_amd64.deb ...
compare	Build, verify native launch, calibrate cells and compare processing	2026-09-13T07:55:06.0571384Z Unpacking libfreetype6:amd64 (2.14.2+dfsg-1ubuntu0.1) ...
compare	Build, verify native launch, calibrate cells and compare processing	2026-09-13T07:55:06.0773128Z Selecting previously unselected package fonts-dejavu-mono.
compare	Build, verify native launch, calibrate cells and compare processing	2026-09-13T07:55:06.0787631Z Preparing to unpack .../058-fonts-dejavu-mono_2.37-8build1_all.deb ...
compare	Build, verify native launch, calibrate cells and compare processing	2026-09-13T07:55:06.0796547Z Unpacking fonts-dejavu-mono (2.37-8build1) ...
compare	Build, verify native launch, calibrate cells and compare processing	2026-09-13T07:55:06.0997401Z Selecting previously unselected package fonts-dejavu-core.
compare	Build, verify native launch, calibrate cells and compare processing	2026-09-13T07:55:06.1013662Z Preparing to unpack .../059-fonts-dejavu-core_2.37-8build1_all.deb ...
compare	Build, verify native launch, calibrate cells and compare processing	2026-09-13T07:55:06.1206970Z Unpacking fonts-dejavu-core (2.37-8build1) ...
compare	Build, verify native launch, calibrate cells and compare processing	2026-09-13T07:55:06.1447727Z Selecting previously unselected package fontconfig-config.
compare	Build, verify native launch, calibrate cells and compare processing	2026-09-13T07:55:06.1463041Z Preparing to unpack .../060-fontconfig-config_2.17.1-3ubuntu1_amd64.deb ...
compare	Build, verify native launch, calibrate cells and compare processing	2026-09-13T07:55:06.3329089Z Unpacking fontconfig-config (2.17.1-3ubuntu1) ...
compare	Build, verify native launch, calibrate cells and compare processing	2026-09-13T07:55:06.3540747Z Selecting previously unselected package libfontconfig1:amd64.
compare	Build, verify native launch, calibrate cells and compare processing	2026-09-13T07:55:06.3556177Z Preparing to unpack .../061-libfontconfig1_2.17.1-3ubuntu1_amd64.deb ...
compare	Build, verify native launch, calibrate cells and compare processing	2026-09-13T07:55:06.3566481Z Unpacking libfontconfig1:amd64 (2.17.1-3ubuntu1) ...
compare	Build, verify native launch, calibrate cells and compare processing	2026-09-13T07:55:06.3715352Z Selecting previously unselected package libpixman-1-0:amd64.
compare	Build, verify native launch, calibrate cells and compare processing	2026-09-13T07:55:06.3729972Z Preparing to unpack .../062-libpixman-1-0_0.46.4-1_amd64.deb ...
compare	Build, verify native launch, calibrate cells and compare processing	2026-09-13T07:55:06.3740294Z Unpacking libpixman-1-0:amd64 (0.46.4-1) ...
compare	Build, verify native launch, calibrate cells and compare processing	2026-09-13T07:55:06.3913992Z Selecting previously unselected package libxcb-render0:amd64.
compare	Build, verify native launch, calibrate cells and compare processing	2026-09-13T07:55:06.3929672Z Preparing to unpack .../063-libxcb-render0_1.17.0-2ubuntu1_amd64.deb ...
compare	Build, verify native launch, calibrate cells and compare processing	2026-09-13T07:55:06.3938912Z Unpacking libxcb-render0:amd64 (1.17.0-2ubuntu1) ...
compare	Build, verify native launch, calibrate cells and compare processing	2026-09-13T07:55:06.4077701Z Selecting previously unselected package libxcb-shm0:amd64.
compare	Build, verify native launch, calibrate cells and compare processing	2026-09-13T07:55:06.4093596Z Preparing to unpack .../064-libxcb-shm0_1.17.0-2ubuntu1_amd64.deb ...
compare	Build, verify native launch, calibrate cells and compare processing	2026-09-13T07:55:06.4103592Z Unpacking libxcb-shm0:amd64 (1.17.0-2ubuntu1) ...
compare	Build, verify native launch, calibrate cells and compare processing	2026-09-13T07:55:06.4237137Z Selecting previously unselected package libxrender1:amd64.
compare	Build, verify native launch, calibrate cells and compare processing	2026-09-13T07:55:06.4251865Z Preparing to unpack .../065-libxrender1_1%3a0.9.12-1build1_amd64.deb ...
compare	Build, verify native launch, calibrate cells and compare processing	2026-09-13T07:55:06.4261408Z Unpacking libxrender1:amd64 (1:0.9.12-1build1) ...
compare	Build, verify native launch, calibrate cells and compare processing	2026-09-13T07:55:06.4425092Z Selecting previously unselected package libcairo2:amd64.
compare	Build, verify native launch, calibrate cells and compare processing	2026-09-13T07:55:06.4440025Z Preparing to unpack .../066-libcairo2_1.18.4-3_amd64.deb ...
compare	Build, verify native launch, calibrate cells and compare processing	2026-09-13T07:55:06.4449682Z Unpacking libcairo2:amd64 (1.18.4-3) ...
compare	Build, verify native launch, calibrate cells and compare processing	2026-09-13T07:55:06.4640508Z Selecting previously unselected package libsharpyuv0:amd64.
compare	Build, verify native launch, calibrate cells and compare processing	2026-09-13T07:55:06.4655806Z Preparing to unpack .../067-libsharpyuv0_1.5.0-0.1build1_amd64.deb ...
compare	Build, verify native launch, calibrate cells and compare processing	2026-09-13T07:55:06.4665766Z Unpacking libsharpyuv0:amd64 (1.5.0-0.1build1) ...
compare	Build, verify native launch, calibrate cells and compare processing	2026-09-13T07:55:06.4797963Z Selecting previously unselected package libaom3:amd64.
compare	Build, verify native launch, calibrate cells and compare processing	2026-09-13T07:55:06.4813223Z Preparing to unpack .../068-libaom3_3.13.1-2_amd64.deb ...
compare	Build, verify native launch, calibrate cells and compare processing	2026-09-13T07:55:06.4822955Z Unpacking libaom3:amd64 (3.13.1-2) ...
compare	Build, verify native launch, calibrate cells and compare processing	2026-09-13T07:55:06.5133714Z Selecting previously unselected package libheif-plugin-aomdec:amd64.
compare	Build, verify native launch, calibrate cells and compare processing	2026-09-13T07:55:06.5148637Z Preparing to unpack .../069-libheif-plugin-aomdec_1.21.2-3ubuntu0.4_amd64.deb ...
compare	Build, verify native launch, calibrate cells and compare processing	2026-09-13T07:55:06.5158432Z Unpacking libheif-plugin-aomdec:amd64 (1.21.2-3ubuntu0.4) ...
compare	Build, verify native launch, calibrate cells and compare processing	2026-09-13T07:55:06.5309863Z Selecting previously unselected package libheif1:amd64.
compare	Build, verify native launch, calibrate cells and compare processing	2026-09-13T07:55:06.5310561Z Preparing to unpack .../070-libheif1_1.21.2-3ubuntu0.4_amd64.deb ...
compare	Build, verify native launch, calibrate cells and compare processing	2026-09-13T07:55:06.5320160Z Unpacking libheif1:amd64 (1.21.2-3ubuntu0.4) ...
compare	Build, verify native launch, calibrate cells and compare processing	2026-09-13T07:55:06.5527530Z Selecting previously unselected package libhwy1t64:amd64.
compare	Build, verify native launch, calibrate cells and compare processing	2026-09-13T07:55:06.5542447Z Preparing to unpack .../071-libhwy1t64_1.3.0-2_amd64.deb ...
compare	Build, verify native launch, calibrate cells and compare processing	2026-09-13T07:55:06.5551670Z Unpacking libhwy1t64:amd64 (1.3.0-2) ...
compare	Build, verify native launch, calibrate cells and compare processing	2026-09-13T07:55:06.5884302Z Selecting previously unselected package liblcms2-2:amd64.
compare	Build, verify native launch, calibrate cells and compare processing	2026-09-13T07:55:06.5900191Z Preparing to unpack .../072-liblcms2-2_2.17-1ubuntu0.2_amd64.deb ...
compare	Build, verify native launch, calibrate cells and compare processing	2026-09-13T07:55:06.5909472Z Unpacking liblcms2-2:amd64 (2.17-1ubuntu0.2) ...
compare	Build, verify native launch, calibrate cells and compare processing	2026-09-13T07:55:06.6067221Z Selecting previously unselected package libjxl0.11:amd64.
compare	Build, verify native launch, calibrate cells and compare processing	2026-09-13T07:55:06.6081710Z Preparing to unpack .../073-libjxl0.11_0.11.1-6ubuntu4.2_amd64.deb ...
compare	Build, verify native launch, calibrate cells and compare processing	2026-09-13T07:55:06.6091588Z Unpacking libjxl0.11:amd64 (0.11.1-6ubuntu4.2) ...
compare	Build, verify native launch, calibrate cells and compare processing	2026-09-13T07:55:06.6387042Z Selecting previously unselected package libcairo-gobject2:amd64.
compare	Build, verify native launch, calibrate cells and compare processing	2026-09-13T07:55:06.6387648Z Preparing to unpack .../074-libcairo-gobject2_1.18.4-3_amd64.deb ...
compare	Build, verify native launch, calibrate cells and compare processing	2026-09-13T07:55:06.6398366Z Unpacking libcairo-gobject2:amd64 (1.18.4-3) ...
compare	Build, verify native launch, calibrate cells and compare processing	2026-09-13T07:55:06.6537509Z Selecting previously unselected package fontconfig.
compare	Build, verify native launch, calibrate cells and compare processing	2026-09-13T07:55:06.6553305Z Preparing to unpack .../075-fontconfig_2.17.1-3ubuntu1_amd64.deb ...
compare	Build, verify native launch, calibrate cells and compare processing	2026-09-13T07:55:06.6562612Z Unpacking fontconfig (2.17.1-3ubuntu1) ...
compare	Build, verify native launch, calibrate cells and compare processing	2026-09-13T07:55:06.6727282Z Selecting previously unselected package libgraphite2-3:amd64.
compare	Build, verify native launch, calibrate cells and compare processing	2026-09-13T07:55:06.6743937Z Preparing to unpack .../076-libgraphite2-3_1.3.14-11ubuntu1.1_amd64.deb ...
compare	Build, verify native launch, calibrate cells and compare processing	2026-09-13T07:55:06.6753180Z Unpacking libgraphite2-3:amd64 (1.3.14-11ubuntu1.1) ...
compare	Build, verify native launch, calibrate cells and compare processing	2026-09-13T07:55:06.6905731Z Selecting previously unselected package libharfbuzz0b:amd64.
compare	Build, verify native launch, calibrate cells and compare processing	2026-09-13T07:55:06.6920422Z Preparing to unpack .../077-libharfbuzz0b_12.3.2-2_amd64.deb ...
compare	Build, verify native launch, calibrate cells and compare processing	2026-09-13T07:55:06.6929775Z Unpacking libharfbuzz0b:amd64 (12.3.2-2) ...
compare	Build, verify native launch, calibrate cells and compare processing	2026-09-13T07:55:06.7109735Z Selecting previously unselected package libthai-data.
compare	Build, verify native launch, calibrate cells and compare processing	2026-09-13T07:55:06.7125947Z Preparing to unpack .../078-libthai-data_0.1.30-1_all.deb ...
compare	Build, verify native launch, calibrate cells and compare processing	2026-09-13T07:55:06.7134382Z Unpacking libthai-data (0.1.30-1) ...
compare	Build, verify native launch, calibrate cells and compare processing	2026-09-13T07:55:06.7294004Z Selecting previously unselected package libdatrie1:amd64.
compare	Build, verify native launch, calibrate cells and compare processing	2026-09-13T07:55:06.7309697Z Preparing to unpack .../079-libdatrie1_0.2.14-1_amd64.deb ...
compare	Build, verify native launch, calibrate cells and compare processing	2026-09-13T07:55:06.7318791Z Unpacking libdatrie1:amd64 (0.2.14-1) ...
compare	Build, verify native launch, calibrate cells and compare processing	2026-09-13T07:55:06.7454997Z Selecting previously unselected package libthai0:amd64.
compare	Build, verify native launch, calibrate cells and compare processing	2026-09-13T07:55:06.7471112Z Preparing to unpack .../080-libthai0_0.1.30-1_amd64.deb ...
compare	Build, verify native launch, calibrate cells and compare processing	2026-09-13T07:55:06.7479923Z Unpacking libthai0:amd64 (0.1.30-1) ...
compare	Build, verify native launch, calibrate cells and compare processing	2026-09-13T07:55:06.7618084Z Selecting previously unselected package libpango-1.0-0:amd64.
compare	Build, verify native launch, calibrate cells and compare processing	2026-09-13T07:55:06.7634380Z Preparing to unpack .../081-libpango-1.0-0_1.57.0-1_amd64.deb ...
compare	Build, verify native launch, calibrate cells and compare processing	2026-09-13T07:55:06.7645195Z Unpacking libpango-1.0-0:amd64 (1.57.0-1) ...
compare	Build, verify native launch, calibrate cells and compare processing	2026-09-13T07:55:06.7799501Z Selecting previously unselected package libpangoft2-1.0-0:amd64.
compare	Build, verify native launch, calibrate cells and compare processing	2026-09-13T07:55:06.7815405Z Preparing to unpack .../082-libpangoft2-1.0-0_1.57.0-1_amd64.deb ...
compare	Build, verify native launch, calibrate cells and compare processing	2026-09-13T07:55:06.7824908Z Unpacking libpangoft2-1.0-0:amd64 (1.57.0-1) ...
compare	Build, verify native launch, calibrate cells and compare processing	2026-09-13T07:55:06.7964030Z Selecting previously unselected package libpangocairo-1.0-0:amd64.
compare	Build, verify native launch, calibrate cells and compare processing	2026-09-13T07:55:06.7980033Z Preparing to unpack .../083-libpangocairo-1.0-0_1.57.0-1_amd64.deb ...
compare	Build, verify native launch, calibrate cells and compare processing	2026-09-13T07:55:06.7990910Z Unpacking libpangocairo-1.0-0:amd64 (1.57.0-1) ...
compare	Build, verify native launch, calibrate cells and compare processing	2026-09-13T07:55:06.8245482Z Selecting previously unselected package librsvg2-2:amd64.
compare	Build, verify native launch, calibrate cells and compare processing	2026-09-13T07:55:06.8261091Z Preparing to unpack .../084-librsvg2-2_2.61.3+dfsg-3_amd64.deb ...
compare	Build, verify native launch, calibrate cells and compare processing	2026-09-13T07:55:06.8269829Z Unpacking librsvg2-2:amd64 (2.61.3+dfsg-3) ...
compare	Build, verify native launch, calibrate cells and compare processing	2026-09-13T07:55:06.8613846Z Selecting previously unselected package glycin-loaders.
compare	Build, verify native launch, calibrate cells and compare processing	2026-09-13T07:55:06.8628519Z Preparing to unpack .../085-glycin-loaders_2.1.1+ds-0ubuntu1_amd64.deb ...
compare	Build, verify native launch, calibrate cells and compare processing	2026-09-13T07:55:06.8637802Z Unpacking glycin-loaders (2.1.1+ds-0ubuntu1) ...
compare	Build, verify native launch, calibrate cells and compare processing	2026-09-13T07:55:06.9184674Z Selecting previously unselected package libglycin-2-0:amd64.
compare	Build, verify native launch, calibrate cells and compare processing	2026-09-13T07:55:06.9200403Z Preparing to unpack .../086-libglycin-2-0_2.1.1+ds-0ubuntu1_amd64.deb ...
compare	Build, verify native launch, calibrate cells and compare processing	2026-09-13T07:55:06.9209442Z Unpacking libglycin-2-0:amd64 (2.1.1+ds-0ubuntu1) ...
compare	Build, verify native launch, calibrate cells and compare processing	2026-09-13T07:55:06.9493906Z Selecting previously unselected package glycin-thumbnailers.
compare	Build, verify native launch, calibrate cells and compare processing	2026-09-13T07:55:06.9508093Z Preparing to unpack .../087-glycin-thumbnailers_2.1.1+ds-0ubuntu1_amd64.deb ...
compare	Build, verify native launch, calibrate cells and compare processing	2026-09-13T07:55:06.9518595Z Unpacking glycin-thumbnailers (2.1.1+ds-0ubuntu1) ...
compare	Build, verify native launch, calibrate cells and compare processing	2026-09-13T07:55:06.9663157Z Selecting previously unselected package libgdk-pixbuf2.0-common.
compare	Build, verify native launch, calibrate cells and compare processing	2026-09-13T07:55:06.9679632Z Preparing to unpack .../088-libgdk-pixbuf2.0-common_2.44.5+dfsg-4ubuntu1_all.deb ...
compare	Build, verify native launch, calibrate cells and compare processing	2026-09-13T07:55:06.9688285Z Unpacking libgdk-pixbuf2.0-common (2.44.5+dfsg-4ubuntu1) ...
compare	Build, verify native launch, calibrate cells and compare processing	2026-09-13T07:55:06.9815932Z Selecting previously unselected package libgdk-pixbuf-2.0-0:amd64.
compare	Build, verify native launch, calibrate cells and compare processing	2026-09-13T07:55:06.9831976Z Preparing to unpack .../089-libgdk-pixbuf-2.0-0_2.44.5+dfsg-4ubuntu1_amd64.deb ...
compare	Build, verify native launch, calibrate cells and compare processing	2026-09-13T07:55:06.9841053Z Unpacking libgdk-pixbuf-2.0-0:amd64 (2.44.5+dfsg-4ubuntu1) ...
compare	Build, verify native launch, calibrate cells and compare processing	2026-09-13T07:55:06.9988336Z Selecting previously unselected package gtk-update-icon-cache.
compare	Build, verify native launch, calibrate cells and compare processing	2026-09-13T07:55:07.0003974Z Preparing to unpack .../090-gtk-update-icon-cache_4.22.4+ds-0ubuntu0.1_amd64.deb ...
compare	Build, verify native launch, calibrate cells and compare processing	2026-09-13T07:55:07.0058409Z No diversion 'diversion of /usr/sbin/update-icon-caches to /usr/sbin/update-icon-caches.gtk2 by libgtk-3-bin', none removed.
compare	Build, verify native launch, calibrate cells and compare processing	2026-09-13T07:55:07.0086297Z No diversion 'diversion of /usr/share/man/man8/update-icon-caches.8.gz to /usr/share/man/man8/update-icon-caches.gtk2.8.gz by libgtk-3-bin', none removed.
compare	Build, verify native launch, calibrate cells and compare processing	2026-09-13T07:55:07.0090049Z Unpacking gtk-update-icon-cache (4.22.4+ds-0ubuntu0.1) ...
compare	Build, verify native launch, calibrate cells and compare processing	2026-09-13T07:55:07.0225596Z Selecting previously unselected package hicolor-icon-theme.
compare	Build, verify native launch, calibrate cells and compare processing	2026-09-13T07:55:07.0241488Z Preparing to unpack .../091-hicolor-icon-theme_0.18-2build1_all.deb ...
compare	Build, verify native launch, calibrate cells and compare processing	2026-09-13T07:55:07.0249950Z Unpacking hicolor-icon-theme (0.18-2build1) ...
compare	Build, verify native launch, calibrate cells and compare processing	2026-09-13T07:55:07.1090336Z Selecting previously unselected package adwaita-icon-theme.
compare	Build, verify native launch, calibrate cells and compare processing	2026-09-13T07:55:07.1107714Z Preparing to unpack .../092-adwaita-icon-theme_50.0-1_all.deb ...
compare	Build, verify native launch, calibrate cells and compare processing	2026-09-13T07:55:07.1116432Z Unpacking adwaita-icon-theme (50.0-1) ...
compare	Build, verify native launch, calibrate cells and compare processing	2026-09-13T07:55:07.2593184Z Selecting previously unselected package libwayland-client0:amd64.
compare	Build, verify native launch, calibrate cells and compare processing	2026-09-13T07:55:07.2609754Z Preparing to unpack .../093-libwayland-client0_1.24.0-2_amd64.deb ...
compare	Build, verify native launch, calibrate cells and compare processing	2026-09-13T07:55:07.2621724Z Unpacking libwayland-client0:amd64 (1.24.0-2) ...
compare	Build, verify native launch, calibrate cells and compare processing	2026-09-13T07:55:07.2752664Z Selecting previously unselected package libwayland-egl1:amd64.
compare	Build, verify native launch, calibrate cells and compare processing	2026-09-13T07:55:07.2769381Z Preparing to unpack .../094-libwayland-egl1_1.24.0-2_amd64.deb ...
compare	Build, verify native launch, calibrate cells and compare processing	2026-09-13T07:55:07.2778723Z Unpacking libwayland-egl1:amd64 (1.24.0-2) ...
compare	Build, verify native launch, calibrate cells and compare processing	2026-09-13T07:55:07.2932596Z Selecting previously unselected package libxcb-xkb1:amd64.
compare	Build, verify native launch, calibrate cells and compare processing	2026-09-13T07:55:07.2949324Z Preparing to unpack .../095-libxcb-xkb1_1.17.0-2ubuntu1_amd64.deb ...
compare	Build, verify native launch, calibrate cells and compare processing	2026-09-13T07:55:07.2960063Z Unpacking libxcb-xkb1:amd64 (1.17.0-2ubuntu1) ...
compare	Build, verify native launch, calibrate cells and compare processing	2026-09-13T07:55:07.3098917Z Selecting previously unselected package libxkbcommon-x11-0:amd64.
compare	Build, verify native launch, calibrate cells and compare processing	2026-09-13T07:55:07.3116518Z Preparing to unpack .../096-libxkbcommon-x11-0_1.13.1-1_amd64.deb ...
compare	Build, verify native launch, calibrate cells and compare processing	2026-09-13T07:55:07.3125462Z Unpacking libxkbcommon-x11-0:amd64 (1.13.1-1) ...
compare	Build, verify native launch, calibrate cells and compare processing	2026-09-13T07:55:07.3250789Z Selecting previously unselected package ncurses-term.
compare	Build, verify native launch, calibrate cells and compare processing	2026-09-13T07:55:07.3267703Z Preparing to unpack .../097-ncurses-term_6.6+20251231-1_all.deb ...
compare	Build, verify native launch, calibrate cells and compare processing	2026-09-13T07:55:07.3276260Z Unpacking ncurses-term (6.6+20251231-1) ...
compare	Build, verify native launch, calibrate cells and compare processing	2026-09-13T07:55:07.6958188Z Selecting previously unselected package alacritty.
compare	Build, verify native launch, calibrate cells and compare processing	2026-09-13T07:55:07.6981165Z Preparing to unpack .../098-alacritty_0.16.1-2ubuntu1_amd64.deb ...
compare	Build, verify native launch, calibrate cells and compare processing	2026-09-13T07:55:07.6990621Z Unpacking alacritty (0.16.1-2ubuntu1) ...
compare	Build, verify native launch, calibrate cells and compare processing	2026-09-13T07:55:07.7469503Z Selecting previously unselected package libsframe3:amd64.
compare	Build, verify native launch, calibrate cells and compare processing	2026-09-13T07:55:07.7488474Z Preparing to unpack .../099-libsframe3_2.46-3ubuntu2_amd64.deb ...
compare	Build, verify native launch, calibrate cells and compare processing	2026-09-13T07:55:07.7497759Z Unpacking libsframe3:amd64 (2.46-3ubuntu2) ...
compare	Build, verify native launch, calibrate cells and compare processing	2026-09-13T07:55:07.7633145Z Selecting previously unselected package binutils-common:amd64.
compare	Build, verify native launch, calibrate cells and compare processing	2026-09-13T07:55:07.7652215Z Preparing to unpack .../100-binutils-common_2.46-3ubuntu2_amd64.deb ...
compare	Build, verify native launch, calibrate cells and compare processing	2026-09-13T07:55:07.7661280Z Unpacking binutils-common:amd64 (2.46-3ubuntu2) ...
compare	Build, verify native launch, calibrate cells and compare processing	2026-09-13T07:55:07.7819151Z Selecting previously unselected package libbinutils:amd64.
compare	Build, verify native launch, calibrate cells and compare processing	2026-09-13T07:55:07.7837948Z Preparing to unpack .../101-libbinutils_2.46-3ubuntu2_amd64.deb ...
compare	Build, verify native launch, calibrate cells and compare processing	2026-09-13T07:55:07.7852047Z Unpacking libbinutils:amd64 (2.46-3ubuntu2) ...
compare	Build, verify native launch, calibrate cells and compare processing	2026-09-13T07:55:07.8116836Z Selecting previously unselected package libgprofng0:amd64.
compare	Build, verify native launch, calibrate cells and compare processing	2026-09-13T07:55:07.8134603Z Preparing to unpack .../102-libgprofng0_2.46-3ubuntu2_amd64.deb ...
compare	Build, verify native launch, calibrate cells and compare processing	2026-09-13T07:55:07.8144329Z Unpacking libgprofng0:amd64 (2.46-3ubuntu2) ...
compare	Build, verify native launch, calibrate cells and compare processing	2026-09-13T07:55:07.8407663Z Selecting previously unselected package libctf-nobfd0:amd64.
compare	Build, verify native launch, calibrate cells and compare processing	2026-09-13T07:55:07.8425910Z Preparing to unpack .../103-libctf-nobfd0_2.46-3ubuntu2_amd64.deb ...
compare	Build, verify native launch, calibrate cells and compare processing	2026-09-13T07:55:07.8435470Z Unpacking libctf-nobfd0:amd64 (2.46-3ubuntu2) ...
compare	Build, verify native launch, calibrate cells and compare processing	2026-09-13T07:55:07.8587619Z Selecting previously unselected package libctf0:amd64.
compare	Build, verify native launch, calibrate cells and compare processing	2026-09-13T07:55:07.8605920Z Preparing to unpack .../104-libctf0_2.46-3ubuntu2_amd64.deb ...
compare	Build, verify native launch, calibrate cells and compare processing	2026-09-13T07:55:07.8615997Z Unpacking libctf0:amd64 (2.46-3ubuntu2) ...
compare	Build, verify native launch, calibrate cells and compare processing	2026-09-13T07:55:07.8744262Z Selecting previously unselected package binutils-x86-64-linux-gnu.
compare	Build, verify native launch, calibrate cells and compare processing	2026-09-13T07:55:07.8762593Z Preparing to unpack .../105-binutils-x86-64-linux-gnu_2.46-3ubuntu2_amd64.deb ...
compare	Build, verify native launch, calibrate cells and compare processing	2026-09-13T07:55:07.8772636Z Unpacking binutils-x86-64-linux-gnu (2.46-3ubuntu2) ...
compare	Build, verify native launch, calibrate cells and compare processing	2026-09-13T07:55:07.9314073Z Selecting previously unselected package binutils.
compare	Build, verify native launch, calibrate cells and compare processing	2026-09-13T07:55:07.9333245Z Preparing to unpack .../106-binutils_2.46-3ubuntu2_amd64.deb ...
compare	Build, verify native launch, calibrate cells and compare processing	2026-09-13T07:55:07.9352725Z Unpacking binutils (2.46-3ubuntu2) ...
compare	Build, verify native launch, calibrate cells and compare processing	2026-09-13T07:55:07.9553386Z Selecting previously unselected package libc-dev-bin.
compare	Build, verify native launch, calibrate cells and compare processing	2026-09-13T07:55:07.9573308Z Preparing to unpack .../107-libc-dev-bin_2.43-2ubuntu2.4_amd64.deb ...
compare	Build, verify native launch, calibrate cells and compare processing	2026-09-13T07:55:07.9580825Z Unpacking libc-dev-bin (2.43-2ubuntu2.4) ...
compare	Build, verify native launch, calibrate cells and compare processing	2026-09-13T07:55:07.9702861Z Selecting previously unselected package linux-libc-dev:amd64.
compare	Build, verify native launch, calibrate cells and compare processing	2026-09-13T07:55:07.9722211Z Preparing to unpack .../108-linux-libc-dev_7.0.0-31.31_amd64.deb ...
compare	Build, verify native launch, calibrate cells and compare processing	2026-09-13T07:55:07.9730824Z Unpacking linux-libc-dev:amd64 (7.0.0-31.31) ...
compare	Build, verify native launch, calibrate cells and compare processing	2026-09-13T07:55:08.1339289Z Selecting previously unselected package rpcsvc-proto.
compare	Build, verify native launch, calibrate cells and compare processing	2026-09-13T07:55:08.1360132Z Preparing to unpack .../109-rpcsvc-proto_1.4.3-1build1_amd64.deb ...
compare	Build, verify native launch, calibrate cells and compare processing	2026-09-13T07:55:08.1368931Z Unpacking rpcsvc-proto (1.4.3-1build1) ...
compare	Build, verify native launch, calibrate cells and compare processing	2026-09-13T07:55:08.1523594Z Selecting previously unselected package libc6-dev:amd64.
compare	Build, verify native launch, calibrate cells and compare processing	2026-09-13T07:55:08.1540467Z Preparing to unpack .../110-libc6-dev_2.43-2ubuntu2.4_amd64.deb ...
compare	Build, verify native launch, calibrate cells and compare processing	2026-09-13T07:55:08.1549298Z Unpacking libc6-dev:amd64 (2.43-2ubuntu2.4) ...
compare	Build, verify native launch, calibrate cells and compare processing	2026-09-13T07:55:08.2689344Z Selecting previously unselected package gcc-15-base:amd64.
compare	Build, verify native launch, calibrate cells and compare processing	2026-09-13T07:55:08.2709586Z Preparing to unpack .../111-gcc-15-base_15.2.0-16ubuntu1_amd64.deb ...
compare	Build, verify native launch, calibrate cells and compare processing	2026-09-13T07:55:08.2718130Z Unpacking gcc-15-base:amd64 (15.2.0-16ubuntu1) ...
compare	Build, verify native launch, calibrate cells and compare processing	2026-09-13T07:55:08.2860947Z Selecting previously unselected package libisl23:amd64.
compare	Build, verify native launch, calibrate cells and compare processing	2026-09-13T07:55:08.2880839Z Preparing to unpack .../112-libisl23_0.27-1build1_amd64.deb ...
compare	Build, verify native launch, calibrate cells and compare processing	2026-09-13T07:55:08.2890313Z Unpacking libisl23:amd64 (0.27-1build1) ...
compare	Build, verify native launch, calibrate cells and compare processing	2026-09-13T07:55:08.3138811Z Selecting previously unselected package libmpfr6:amd64.
compare	Build, verify native launch, calibrate cells and compare processing	2026-09-13T07:55:08.3158882Z Preparing to unpack .../113-libmpfr6_4.2.2-3_amd64.deb ...
compare	Build, verify native launch, calibrate cells and compare processing	2026-09-13T07:55:08.3168671Z Unpacking libmpfr6:amd64 (4.2.2-3) ...
compare	Build, verify native launch, calibrate cells and compare processing	2026-09-13T07:55:08.3354688Z Selecting previously unselected package libmpc3:amd64.
compare	Build, verify native launch, calibrate cells and compare processing	2026-09-13T07:55:08.3374358Z Preparing to unpack .../114-libmpc3_1.3.1-3_amd64.deb ...
compare	Build, verify native launch, calibrate cells and compare processing	2026-09-13T07:55:08.3383410Z Unpacking libmpc3:amd64 (1.3.1-3) ...
compare	Build, verify native launch, calibrate cells and compare processing	2026-09-13T07:55:08.3521532Z Selecting previously unselected package cpp-15-x86-64-linux-gnu.
compare	Build, verify native launch, calibrate cells and compare processing	2026-09-13T07:55:08.3542473Z Preparing to unpack .../115-cpp-15-x86-64-linux-gnu_15.2.0-16ubuntu1_amd64.deb ...
compare	Build, verify native launch, calibrate cells and compare processing	2026-09-13T07:55:08.3551636Z Unpacking cpp-15-x86-64-linux-gnu (15.2.0-16ubuntu1) ...
compare	Build, verify native launch, calibrate cells and compare processing	2026-09-13T07:55:08.5149831Z Selecting previously unselected package cpp-15.
compare	Build, verify native launch, calibrate cells and compare processing	2026-09-13T07:55:08.5170665Z Preparing to unpack .../116-cpp-15_15.2.0-16ubuntu1_amd64.deb ...
compare	Build, verify native launch, calibrate cells and compare processing	2026-09-13T07:55:08.5179779Z Unpacking cpp-15 (15.2.0-16ubuntu1) ...
compare	Build, verify native launch, calibrate cells and compare processing	2026-09-13T07:55:08.5357384Z Selecting previously unselected package cpp-x86-64-linux-gnu.
compare	Build, verify native launch, calibrate cells and compare processing	2026-09-13T07:55:08.5377994Z Preparing to unpack .../117-cpp-x86-64-linux-gnu_4%3a15.2.0-5ubuntu1_amd64.deb ...
compare	Build, verify native launch, calibrate cells and compare processing	2026-09-13T07:55:08.5389823Z Unpacking cpp-x86-64-linux-gnu (4:15.2.0-5ubuntu1) ...
compare	Build, verify native launch, calibrate cells and compare processing	2026-09-13T07:55:08.5535979Z Selecting previously unselected package cpp.
compare	Build, verify native launch, calibrate cells and compare processing	2026-09-13T07:55:08.5556628Z Preparing to unpack .../118-cpp_4%3a15.2.0-5ubuntu1_amd64.deb ...
compare	Build, verify native launch, calibrate cells and compare processing	2026-09-13T07:55:08.5624452Z Unpacking cpp (4:15.2.0-5ubuntu1) ...
compare	Build, verify native launch, calibrate cells and compare processing	2026-09-13T07:55:08.5758776Z Selecting previously unselected package libcc1-0:amd64.
compare	Build, verify native launch, calibrate cells and compare processing	2026-09-13T07:55:08.5779313Z Preparing to unpack .../119-libcc1-0_16-20260322-1ubuntu1_amd64.deb ...
compare	Build, verify native launch, calibrate cells and compare processing	2026-09-13T07:55:08.5788214Z Unpacking libcc1-0:amd64 (16-20260322-1ubuntu1) ...
compare	Build, verify native launch, calibrate cells and compare processing	2026-09-13T07:55:08.5932514Z Selecting previously unselected package libgomp1:amd64.
compare	Build, verify native launch, calibrate cells and compare processing	2026-09-13T07:55:08.5953512Z Preparing to unpack .../120-libgomp1_16-20260322-1ubuntu1_amd64.deb ...
compare	Build, verify native launch, calibrate cells and compare processing	2026-09-13T07:55:08.5961511Z Unpacking libgomp1:amd64 (16-20260322-1ubuntu1) ...
compare	Build, verify native launch, calibrate cells and compare processing	2026-09-13T07:55:08.6123811Z Selecting previously unselected package libitm1:amd64.
compare	Build, verify native launch, calibrate cells and compare processing	2026-09-13T07:55:08.6143542Z Preparing to unpack .../121-libitm1_16-20260322-1ubuntu1_amd64.deb ...
compare	Build, verify native launch, calibrate cells and compare processing	2026-09-13T07:55:08.6153377Z Unpacking libitm1:amd64 (16-20260322-1ubuntu1) ...
compare	Build, verify native launch, calibrate cells and compare processing	2026-09-13T07:55:08.6291704Z Selecting previously unselected package libasan8:amd64.
compare	Build, verify native launch, calibrate cells and compare processing	2026-09-13T07:55:08.6311698Z Preparing to unpack .../122-libasan8_16-20260322-1ubuntu1_amd64.deb ...
compare	Build, verify native launch, calibrate cells and compare processing	2026-09-13T07:55:08.6320117Z Unpacking libasan8:amd64 (16-20260322-1ubuntu1) ...
compare	Build, verify native launch, calibrate cells and compare processing	2026-09-13T07:55:08.6869891Z Selecting previously unselected package liblsan0:amd64.
compare	Build, verify native launch, calibrate cells and compare processing	2026-09-13T07:55:08.6888686Z Preparing to unpack .../123-liblsan0_16-20260322-1ubuntu1_amd64.deb ...
compare	Build, verify native launch, calibrate cells and compare processing	2026-09-13T07:55:08.6897862Z Unpacking liblsan0:amd64 (16-20260322-1ubuntu1) ...
compare	Build, verify native launch, calibrate cells and compare processing	2026-09-13T07:55:08.7208928Z Selecting previously unselected package libtsan2:amd64.
compare	Build, verify native launch, calibrate cells and compare processing	2026-09-13T07:55:08.7227739Z Preparing to unpack .../124-libtsan2_16-20260322-1ubuntu1_amd64.deb ...
compare	Build, verify native launch, calibrate cells and compare processing	2026-09-13T07:55:08.7237111Z Unpacking libtsan2:amd64 (16-20260322-1ubuntu1) ...
compare	Build, verify native launch, calibrate cells and compare processing	2026-09-13T07:55:08.7746354Z Selecting previously unselected package libubsan1:amd64.
compare	Build, verify native launch, calibrate cells and compare processing	2026-09-13T07:55:08.7767188Z Preparing to unpack .../125-libubsan1_16-20260322-1ubuntu1_amd64.deb ...
compare	Build, verify native launch, calibrate cells and compare processing	2026-09-13T07:55:08.7781008Z Unpacking libubsan1:amd64 (16-20260322-1ubuntu1) ...
compare	Build, verify native launch, calibrate cells and compare processing	2026-09-13T07:55:08.8052274Z Selecting previously unselected package libhwasan0:amd64.
compare	Build, verify native launch, calibrate cells and compare processing	2026-09-13T07:55:08.8071095Z Preparing to unpack .../126-libhwasan0_16-20260322-1ubuntu1_amd64.deb ...
compare	Build, verify native launch, calibrate cells and compare processing	2026-09-13T07:55:08.8080443Z Unpacking libhwasan0:amd64 (16-20260322-1ubuntu1) ...
compare	Build, verify native launch, calibrate cells and compare processing	2026-09-13T07:55:08.8428445Z Selecting previously unselected package libquadmath0:amd64.
compare	Build, verify native launch, calibrate cells and compare processing	2026-09-13T07:55:08.8447317Z Preparing to unpack .../127-libquadmath0_16-20260322-1ubuntu1_amd64.deb ...
compare	Build, verify native launch, calibrate cells and compare processing	2026-09-13T07:55:08.8455937Z Unpacking libquadmath0:amd64 (16-20260322-1ubuntu1) ...
compare	Build, verify native launch, calibrate cells and compare processing	2026-09-13T07:55:08.8588480Z Selecting previously unselected package libgcc-15-dev:amd64.
compare	Build, verify native launch, calibrate cells and compare processing	2026-09-13T07:55:08.8607917Z Preparing to unpack .../128-libgcc-15-dev_15.2.0-16ubuntu1_amd64.deb ...
compare	Build, verify native launch, calibrate cells and compare processing	2026-09-13T07:55:08.8616812Z Unpacking libgcc-15-dev:amd64 (15.2.0-16ubuntu1) ...
compare	Build, verify native launch, calibrate cells and compare processing	2026-09-13T07:55:08.9451693Z Selecting previously unselected package gcc-15-x86-64-linux-gnu.
compare	Build, verify native launch, calibrate cells and compare processing	2026-09-13T07:55:08.9472920Z Preparing to unpack .../129-gcc-15-x86-64-linux-gnu_15.2.0-16ubuntu1_amd64.deb ...
compare	Build, verify native launch, calibrate cells and compare processing	2026-09-13T07:55:08.9482040Z Unpacking gcc-15-x86-64-linux-gnu (15.2.0-16ubuntu1) ...
compare	Build, verify native launch, calibrate cells and compare processing	2026-09-13T07:55:09.2444267Z Selecting previously unselected package gcc-15.
compare	Build, verify native launch, calibrate cells and compare processing	2026-09-13T07:55:09.2454993Z Preparing to unpack .../130-gcc-15_15.2.0-16ubuntu1_amd64.deb ...
compare	Build, verify native launch, calibrate cells and compare processing	2026-09-13T07:55:09.2464648Z Unpacking gcc-15 (15.2.0-16ubuntu1) ...
compare	Build, verify native launch, calibrate cells and compare processing	2026-09-13T07:55:09.2628960Z Selecting previously unselected package gcc-x86-64-linux-gnu.
compare	Build, verify native launch, calibrate cells and compare processing	2026-09-13T07:55:09.2648168Z Preparing to unpack .../131-gcc-x86-64-linux-gnu_4%3a15.2.0-5ubuntu1_amd64.deb ...
compare	Build, verify native launch, calibrate cells and compare processing	2026-09-13T07:55:09.2702630Z Unpacking gcc-x86-64-linux-gnu (4:15.2.0-5ubuntu1) ...
compare	Build, verify native launch, calibrate cells and compare processing	2026-09-13T07:55:09.2848543Z Selecting previously unselected package gcc.
compare	Build, verify native launch, calibrate cells and compare processing	2026-09-13T07:55:09.2867939Z Preparing to unpack .../132-gcc_4%3a15.2.0-5ubuntu1_amd64.deb ...
compare	Build, verify native launch, calibrate cells and compare processing	2026-09-13T07:55:09.2877109Z Unpacking gcc (4:15.2.0-5ubuntu1) ...
compare	Build, verify native launch, calibrate cells and compare processing	2026-09-13T07:55:09.3015196Z Selecting previously unselected package libstdc++-15-dev:amd64.
compare	Build, verify native launch, calibrate cells and compare processing	2026-09-13T07:55:09.3035020Z Preparing to unpack .../133-libstdc++-15-dev_15.2.0-16ubuntu1_amd64.deb ...
compare	Build, verify native launch, calibrate cells and compare processing	2026-09-13T07:55:09.3043788Z Unpacking libstdc++-15-dev:amd64 (15.2.0-16ubuntu1) ...
compare	Build, verify native launch, calibrate cells and compare processing	2026-09-13T07:55:09.4809276Z Selecting previously unselected package g++-15-x86-64-linux-gnu.
compare	Build, verify native launch, calibrate cells and compare processing	2026-09-13T07:55:09.4830277Z Preparing to unpack .../134-g++-15-x86-64-linux-gnu_15.2.0-16ubuntu1_amd64.deb ...
compare	Build, verify native launch, calibrate cells and compare processing	2026-09-13T07:55:09.4840420Z Unpacking g++-15-x86-64-linux-gnu (15.2.0-16ubuntu1) ...
compare	Build, verify native launch, calibrate cells and compare processing	2026-09-13T07:55:09.6393994Z Selecting previously unselected package g++-15.
compare	Build, verify native launch, calibrate cells and compare processing	2026-09-13T07:55:09.6413706Z Preparing to unpack .../135-g++-15_15.2.0-16ubuntu1_amd64.deb ...
compare	Build, verify native launch, calibrate cells and compare processing	2026-09-13T07:55:09.6423121Z Unpacking g++-15 (15.2.0-16ubuntu1) ...
compare	Build, verify native launch, calibrate cells and compare processing	2026-09-13T07:55:09.6562600Z Selecting previously unselected package g++-x86-64-linux-gnu.
compare	Build, verify native launch, calibrate cells and compare processing	2026-09-13T07:55:09.6581060Z Preparing to unpack .../136-g++-x86-64-linux-gnu_4%3a15.2.0-5ubuntu1_amd64.deb ...
compare	Build, verify native launch, calibrate cells and compare processing	2026-09-13T07:55:09.6590030Z Unpacking g++-x86-64-linux-gnu (4:15.2.0-5ubuntu1) ...
compare	Build, verify native launch, calibrate cells and compare processing	2026-09-13T07:55:09.6713187Z Selecting previously unselected package g++.
compare	Build, verify native launch, calibrate cells and compare processing	2026-09-13T07:55:09.6730054Z Preparing to unpack .../137-g++_4%3a15.2.0-5ubuntu1_amd64.deb ...
compare	Build, verify native launch, calibrate cells and compare processing	2026-09-13T07:55:09.6738796Z Unpacking g++ (4:15.2.0-5ubuntu1) ...
compare	Build, verify native launch, calibrate cells and compare processing	2026-09-13T07:55:09.6853140Z Selecting previously unselected package make.
compare	Build, verify native launch, calibrate cells and compare processing	2026-09-13T07:55:09.6871003Z Preparing to unpack .../138-make_4.4.1-3_amd64.deb ...
compare	Build, verify native launch, calibrate cells and compare processing	2026-09-13T07:55:09.6879347Z Unpacking make (4.4.1-3) ...
compare	Build, verify native launch, calibrate cells and compare processing	2026-09-13T07:55:09.7027899Z Selecting previously unselected package perl-modules-5.40.
compare	Build, verify native launch, calibrate cells and compare processing	2026-09-13T07:55:09.7045680Z Preparing to unpack .../139-perl-modules-5.40_5.40.1-7ubuntu0.3_all.deb ...
compare	Build, verify native launch, calibrate cells and compare processing	2026-09-13T07:55:09.7054902Z Unpacking perl-modules-5.40 (5.40.1-7ubuntu0.3) ...
compare	Build, verify native launch, calibrate cells and compare processing	2026-09-13T07:55:09.9595013Z Selecting previously unselected package libgdbm-compat4t64:amd64.
compare	Build, verify native launch, calibrate cells and compare processing	2026-09-13T07:55:09.9619353Z Preparing to unpack .../140-libgdbm-compat4t64_1.26-1build1_amd64.deb ...
compare	Build, verify native launch, calibrate cells and compare processing	2026-09-13T07:55:09.9629955Z Unpacking libgdbm-compat4t64:amd64 (1.26-1build1) ...
compare	Build, verify native launch, calibrate cells and compare processing	2026-09-13T07:55:09.9773557Z Selecting previously unselected package libperl5.40:amd64.
compare	Build, verify native launch, calibrate cells and compare processing	2026-09-13T07:55:09.9795290Z Preparing to unpack .../141-libperl5.40_5.40.1-7ubuntu0.3_amd64.deb ...
compare	Build, verify native launch, calibrate cells and compare processing	2026-09-13T07:55:09.9804474Z Unpacking libperl5.40:amd64 (5.40.1-7ubuntu0.3) ...
compare	Build, verify native launch, calibrate cells and compare processing	2026-09-13T07:55:10.1274608Z Selecting previously unselected package perl.
compare	Build, verify native launch, calibrate cells and compare processing	2026-09-13T07:55:10.1299471Z Preparing to unpack .../142-perl_5.40.1-7ubuntu0.3_amd64.deb ...
compare	Build, verify native launch, calibrate cells and compare processing	2026-09-13T07:55:10.1309869Z Unpacking perl (5.40.1-7ubuntu0.3) ...
compare	Build, verify native launch, calibrate cells and compare processing	2026-09-13T07:55:10.1527193Z Selecting previously unselected package libdpkg-perl.
compare	Build, verify native launch, calibrate cells and compare processing	2026-09-13T07:55:10.1549691Z Preparing to unpack .../143-libdpkg-perl_1.23.7ubuntu1_all.deb ...
compare	Build, verify native launch, calibrate cells and compare processing	2026-09-13T07:55:10.1561389Z Unpacking libdpkg-perl (1.23.7ubuntu1) ...
compare	Build, verify native launch, calibrate cells and compare processing	2026-09-13T07:55:10.1854023Z Selecting previously unselected package bzip2.
compare	Build, verify native launch, calibrate cells and compare processing	2026-09-13T07:55:10.1875852Z Preparing to unpack .../144-bzip2_1.0.8-6ubuntu0.1_amd64.deb ...
compare	Build, verify native launch, calibrate cells and compare processing	2026-09-13T07:55:10.1885650Z Unpacking bzip2 (1.0.8-6ubuntu0.1) ...
compare	Build, verify native launch, calibrate cells and compare processing	2026-09-13T07:55:10.2031505Z Selecting previously unselected package patch.
compare	Build, verify native launch, calibrate cells and compare processing	2026-09-13T07:55:10.2052339Z Preparing to unpack .../145-patch_2.8-2build1_amd64.deb ...
compare	Build, verify native launch, calibrate cells and compare processing	2026-09-13T07:55:10.2061665Z Unpacking patch (2.8-2build1) ...
compare	Build, verify native launch, calibrate cells and compare processing	2026-09-13T07:55:10.2197329Z Selecting previously unselected package lto-disabled-list.
compare	Build, verify native launch, calibrate cells and compare processing	2026-09-13T07:55:10.2218988Z Preparing to unpack .../146-lto-disabled-list_79_all.deb ...
compare	Build, verify native launch, calibrate cells and compare processing	2026-09-13T07:55:10.2229632Z Unpacking lto-disabled-list (79) ...
compare	Build, verify native launch, calibrate cells and compare processing	2026-09-13T07:55:10.2373505Z Selecting previously unselected package dpkg-dev.
compare	Build, verify native launch, calibrate cells and compare processing	2026-09-13T07:55:10.2381760Z Preparing to unpack .../147-dpkg-dev_1.23.7ubuntu1_all.deb ...
compare	Build, verify native launch, calibrate cells and compare processing	2026-09-13T07:55:10.2392677Z Unpacking dpkg-dev (1.23.7ubuntu1) ...
compare	Build, verify native launch, calibrate cells and compare processing	2026-09-13T07:55:10.2677040Z Selecting previously unselected package libcrypt-dev:amd64.
compare	Build, verify native launch, calibrate cells and compare processing	2026-09-13T07:55:10.2701171Z Preparing to unpack .../148-libcrypt-dev_1%3a4.5.1-1_amd64.deb ...
compare	Build, verify native launch, calibrate cells and compare processing	2026-09-13T07:55:10.2778736Z Unpacking libcrypt-dev:amd64 (1:4.5.1-1) ...
compare	Build, verify native launch, calibrate cells and compare processing	2026-09-13T07:55:10.2942576Z Selecting previously unselected package build-essential.
compare	Build, verify native launch, calibrate cells and compare processing	2026-09-13T07:55:10.2966027Z Preparing to unpack .../149-build-essential_12.12ubuntu2.26.04.2_amd64.deb ...
compare	Build, verify native launch, calibrate cells and compare processing	2026-09-13T07:55:10.2975755Z Unpacking build-essential (12.12ubuntu2.26.04.2) ...
compare	Build, verify native launch, calibrate cells and compare processing	2026-09-13T07:55:10.3129560Z Selecting previously unselected package libdconf1:amd64.
compare	Build, verify native launch, calibrate cells and compare processing	2026-09-13T07:55:10.3154320Z Preparing to unpack .../150-libdconf1_0.49.0-4_amd64.deb ...
compare	Build, verify native launch, calibrate cells and compare processing	2026-09-13T07:55:10.3163735Z Unpacking libdconf1:amd64 (0.49.0-4) ...
compare	Build, verify native launch, calibrate cells and compare processing	2026-09-13T07:55:10.3305233Z Selecting previously unselected package dconf-service.
compare	Build, verify native launch, calibrate cells and compare processing	2026-09-13T07:55:10.3326828Z Preparing to unpack .../151-dconf-service_0.49.0-4_amd64.deb ...
compare	Build, verify native launch, calibrate cells and compare processing	2026-09-13T07:55:10.3336245Z Unpacking dconf-service (0.49.0-4) ...
compare	Build, verify native launch, calibrate cells and compare processing	2026-09-13T07:55:10.3470336Z Selecting previously unselected package dconf-gsettings-backend:amd64.
compare	Build, verify native launch, calibrate cells and compare processing	2026-09-13T07:55:10.3492322Z Preparing to unpack .../152-dconf-gsettings-backend_0.49.0-4_amd64.deb ...
compare	Build, verify native launch, calibrate cells and compare processing	2026-09-13T07:55:10.3507464Z Unpacking dconf-gsettings-backend:amd64 (0.49.0-4) ...
compare	Build, verify native launch, calibrate cells and compare processing	2026-09-13T07:55:10.3655373Z Selecting previously unselected package fonts-noto-cjk.
compare	Build, verify native launch, calibrate cells and compare processing	2026-09-13T07:55:10.3679025Z Preparing to unpack .../153-fonts-noto-cjk_1%3a20240730+repack1-1build1_all.deb ...
compare	Build, verify native launch, calibrate cells and compare processing	2026-09-13T07:55:10.3750237Z Unpacking fonts-noto-cjk (1:20240730+repack1-1build1) ...
compare	Build, verify native launch, calibrate cells and compare processing	2026-09-13T07:55:10.8261236Z Selecting previously unselected package fonts-noto-color-emoji.
compare	Build, verify native launch, calibrate cells and compare processing	2026-09-13T07:55:10.8283836Z Preparing to unpack .../154-fonts-noto-color-emoji_2.051-1build1_all.deb ...
compare	Build, verify native launch, calibrate cells and compare processing	2026-09-13T07:55:10.8294221Z Unpacking fonts-noto-color-emoji (2.051-1build1) ...
compare	Build, verify native launch, calibrate cells and compare processing	2026-09-13T07:55:10.8751047Z Selecting previously unselected package libsasl2-modules-db:amd64.
compare	Build, verify native launch, calibrate cells and compare processing	2026-09-13T07:55:10.8772694Z Preparing to unpack .../155-libsasl2-modules-db_2.1.28+dfsg1-9ubuntu3_amd64.deb ...
compare	Build, verify native launch, calibrate cells and compare processing	2026-09-13T07:55:10.8781128Z Unpacking libsasl2-modules-db:amd64 (2.1.28+dfsg1-9ubuntu3) ...
compare	Build, verify native launch, calibrate cells and compare processing	2026-09-13T07:55:10.8922661Z Selecting previously unselected package libsasl2-2:amd64.
compare	Build, verify native launch, calibrate cells and compare processing	2026-09-13T07:55:10.8944451Z Preparing to unpack .../156-libsasl2-2_2.1.28+dfsg1-9ubuntu3_amd64.deb ...
compare	Build, verify native launch, calibrate cells and compare processing	2026-09-13T07:55:10.8958964Z Unpacking libsasl2-2:amd64 (2.1.28+dfsg1-9ubuntu3) ...
compare	Build, verify native launch, calibrate cells and compare processing	2026-09-13T07:55:10.9112784Z Selecting previously unselected package libldap-common.
compare	Build, verify native launch, calibrate cells and compare processing	2026-09-13T07:55:10.9119235Z Preparing to unpack .../157-libldap-common_2.6.10+dfsg-1ubuntu5_all.deb ...
compare	Build, verify native launch, calibrate cells and compare processing	2026-09-13T07:55:10.9144156Z Unpacking libldap-common (2.6.10+dfsg-1ubuntu5) ...
compare	Build, verify native launch, calibrate cells and compare processing	2026-09-13T07:55:10.9290987Z Selecting previously unselected package libldap2:amd64.
compare	Build, verify native launch, calibrate cells and compare processing	2026-09-13T07:55:10.9312903Z Preparing to unpack .../158-libldap2_2.6.10+dfsg-1ubuntu5_amd64.deb ...
compare	Build, verify native launch, calibrate cells and compare processing	2026-09-13T07:55:10.9322432Z Unpacking libldap2:amd64 (2.6.10+dfsg-1ubuntu5) ...
compare	Build, verify native launch, calibrate cells and compare processing	2026-09-13T07:55:10.9485563Z Selecting previously unselected package librtmp1:amd64.
compare	Build, verify native launch, calibrate cells and compare processing	2026-09-13T07:55:10.9508319Z Preparing to unpack .../159-librtmp1_2.4+20151223.gitfa8646d.1-3_amd64.deb ...
compare	Build, verify native launch, calibrate cells and compare processing	2026-09-13T07:55:10.9518012Z Unpacking librtmp1:amd64 (2.4+20151223.gitfa8646d.1-3) ...
compare	Build, verify native launch, calibrate cells and compare processing	2026-09-13T07:55:10.9665331Z Selecting previously unselected package libssh2-1t64:amd64.
compare	Build, verify native launch, calibrate cells and compare processing	2026-09-13T07:55:10.9688191Z Preparing to unpack .../160-libssh2-1t64_1.11.1-1ubuntu0.26.04.4_amd64.deb ...
compare	Build, verify native launch, calibrate cells and compare processing	2026-09-13T07:55:10.9697821Z Unpacking libssh2-1t64:amd64 (1.11.1-1ubuntu0.26.04.4) ...
compare	Build, verify native launch, calibrate cells and compare processing	2026-09-13T07:55:10.9874127Z Selecting previously unselected package libcurl3t64-gnutls:amd64.
compare	Build, verify native launch, calibrate cells and compare processing	2026-09-13T07:55:10.9882638Z Preparing to unpack .../161-libcurl3t64-gnutls_8.18.0-1ubuntu2.5_amd64.deb ...
compare	Build, verify native launch, calibrate cells and compare processing	2026-09-13T07:55:10.9893552Z Unpacking libcurl3t64-gnutls:amd64 (8.18.0-1ubuntu2.5) ...
compare	Build, verify native launch, calibrate cells and compare processing	2026-09-13T07:55:11.0082916Z Selecting previously unselected package libfyaml0:amd64.
compare	Build, verify native launch, calibrate cells and compare processing	2026-09-13T07:55:11.0104945Z Preparing to unpack .../162-libfyaml0_0.9.4-1_amd64.deb ...
compare	Build, verify native launch, calibrate cells and compare processing	2026-09-13T07:55:11.0116052Z Unpacking libfyaml0:amd64 (0.9.4-1) ...
compare	Build, verify native launch, calibrate cells and compare processing	2026-09-13T07:55:11.0295829Z Selecting previously unselected package libstemmer0d:amd64.
compare	Build, verify native launch, calibrate cells and compare processing	2026-09-13T07:55:11.0318429Z Preparing to unpack .../163-libstemmer0d_3.0.1-1_amd64.deb ...
compare	Build, verify native launch, calibrate cells and compare processing	2026-09-13T07:55:11.0327508Z Unpacking libstemmer0d:amd64 (3.0.1-1) ...
compare	Build, verify native launch, calibrate cells and compare processing	2026-09-13T07:55:11.0501993Z Selecting previously unselected package libxmlb2:amd64.
compare	Build, verify native launch, calibrate cells and compare processing	2026-09-13T07:55:11.0525103Z Preparing to unpack .../164-libxmlb2_0.3.24-2_amd64.deb ...
compare	Build, verify native launch, calibrate cells and compare processing	2026-09-13T07:55:11.0537656Z Unpacking libxmlb2:amd64 (0.3.24-2) ...
compare	Build, verify native launch, calibrate cells and compare processing	2026-09-13T07:55:11.0704824Z Selecting previously unselected package libappstream5:amd64.
compare	Build, verify native launch, calibrate cells and compare processing	2026-09-13T07:55:11.0727425Z Preparing to unpack .../165-libappstream5_1.1.2-1_amd64.deb ...
compare	Build, verify native launch, calibrate cells and compare processing	2026-09-13T07:55:11.0737500Z Unpacking libappstream5:amd64 (1.1.2-1) ...
compare	Build, verify native launch, calibrate cells and compare processing	2026-09-13T07:55:11.0919527Z Selecting previously unselected package libgraphene-1.0-0:amd64.
compare	Build, verify native launch, calibrate cells and compare processing	2026-09-13T07:55:11.0941756Z Preparing to unpack .../166-libgraphene-1.0-0_1.10.8-5build1_amd64.deb ...
compare	Build, verify native launch, calibrate cells and compare processing	2026-09-13T07:55:11.0953288Z Unpacking libgraphene-1.0-0:amd64 (1.10.8-5build1) ...
compare	Build, verify native launch, calibrate cells and compare processing	2026-09-13T07:55:11.1104658Z Selecting previously unselected package liblzo2-2:amd64.
compare	Build, verify native launch, calibrate cells and compare processing	2026-09-13T07:55:11.1126996Z Preparing to unpack .../167-liblzo2-2_2.10-3build2_amd64.deb ...
compare	Build, verify native launch, calibrate cells and compare processing	2026-09-13T07:55:11.1234081Z Unpacking liblzo2-2:amd64 (2.10-3build2) ...
compare	Build, verify native launch, calibrate cells and compare processing	2026-09-13T07:55:11.1408753Z Selecting previously unselected package libcairo-script-interpreter2:amd64.
compare	Build, verify native launch, calibrate cells and compare processing	2026-09-13T07:55:11.1430598Z Preparing to unpack .../168-libcairo-script-interpreter2_1.18.4-3_amd64.deb ...
compare	Build, verify native launch, calibrate cells and compare processing	2026-09-13T07:55:11.1441282Z Unpacking libcairo-script-interpreter2:amd64 (1.18.4-3) ...
compare	Build, verify native launch, calibrate cells and compare processing	2026-09-13T07:55:11.1596775Z Selecting previously unselected package libcolord2:amd64.
compare	Build, verify native launch, calibrate cells and compare processing	2026-09-13T07:55:11.1619396Z Preparing to unpack .../169-libcolord2_1.4.8-3_amd64.deb ...
compare	Build, verify native launch, calibrate cells and compare processing	2026-09-13T07:55:11.1653593Z Unpacking libcolord2:amd64 (1.4.8-3) ...
compare	Build, verify native launch, calibrate cells and compare processing	2026-09-13T07:55:11.1813835Z Selecting previously unselected package libavahi-common-data:amd64.
compare	Build, verify native launch, calibrate cells and compare processing	2026-09-13T07:55:11.1836767Z Preparing to unpack .../170-libavahi-common-data_0.8-18ubuntu1.1_amd64.deb ...
compare	Build, verify native launch, calibrate cells and compare processing	2026-09-13T07:55:11.1846837Z Unpacking libavahi-common-data:amd64 (0.8-18ubuntu1.1) ...
compare	Build, verify native launch, calibrate cells and compare processing	2026-09-13T07:55:11.2027616Z Selecting previously unselected package libavahi-common3:amd64.
compare	Build, verify native launch, calibrate cells and compare processing	2026-09-13T07:55:11.2051148Z Preparing to unpack .../171-libavahi-common3_0.8-18ubuntu1.1_amd64.deb ...
compare	Build, verify native launch, calibrate cells and compare processing	2026-09-13T07:55:11.2060440Z Unpacking libavahi-common3:amd64 (0.8-18ubuntu1.1) ...
compare	Build, verify native launch, calibrate cells and compare processing	2026-09-13T07:55:11.2222526Z Selecting previously unselected package libavahi-client3:amd64.
compare	Build, verify native launch, calibrate cells and compare processing	2026-09-13T07:55:11.2245337Z Preparing to unpack .../172-libavahi-client3_0.8-18ubuntu1.1_amd64.deb ...
compare	Build, verify native launch, calibrate cells and compare processing	2026-09-13T07:55:11.2266317Z Unpacking libavahi-client3:amd64 (0.8-18ubuntu1.1) ...
compare	Build, verify native launch, calibrate cells and compare processing	2026-09-13T07:55:11.2426319Z Selecting previously unselected package libcups2t64:amd64.
compare	Build, verify native launch, calibrate cells and compare processing	2026-09-13T07:55:11.2447903Z Preparing to unpack .../173-libcups2t64_2.4.16-1ubuntu1.3_amd64.deb ...
compare	Build, verify native launch, calibrate cells and compare processing	2026-09-13T07:55:11.2457313Z Unpacking libcups2t64:amd64 (2.4.16-1ubuntu1.3) ...
compare	Build, verify native launch, calibrate cells and compare processing	2026-09-13T07:55:11.2631996Z Selecting previously unselected package libepoxy0:amd64.
compare	Build, verify native launch, calibrate cells and compare processing	2026-09-13T07:55:11.2654974Z Preparing to unpack .../174-libepoxy0_1.5.10-2build1_amd64.deb ...
compare	Build, verify native launch, calibrate cells and compare processing	2026-09-13T07:55:11.2663991Z Unpacking libepoxy0:amd64 (1.5.10-2build1) ...
compare	Build, verify native launch, calibrate cells and compare processing	2026-09-13T07:55:11.2853963Z Selecting previously unselected package libglvnd0:amd64.
compare	Build, verify native launch, calibrate cells and compare processing	2026-09-13T07:55:11.2876335Z Preparing to unpack .../175-libglvnd0_1.7.0-3_amd64.deb ...
compare	Build, verify native launch, calibrate cells and compare processing	2026-09-13T07:55:11.2885967Z Unpacking libglvnd0:amd64 (1.7.0-3) ...
compare	Build, verify native launch, calibrate cells and compare processing	2026-09-13T07:55:11.3069647Z Selecting previously unselected package libdrm-amdgpu1:amd64.
compare	Build, verify native launch, calibrate cells and compare processing	2026-09-13T07:55:11.3093693Z Preparing to unpack .../176-libdrm-amdgpu1_2.4.131-1_amd64.deb ...
compare	Build, verify native launch, calibrate cells and compare processing	2026-09-13T07:55:11.3102714Z Unpacking libdrm-amdgpu1:amd64 (2.4.131-1) ...
compare	Build, verify native launch, calibrate cells and compare processing	2026-09-13T07:55:11.3246882Z Selecting previously unselected package libpciaccess0:amd64.
compare	Build, verify native launch, calibrate cells and compare processing	2026-09-13T07:55:11.3268102Z Preparing to unpack .../177-libpciaccess0_0.18.1-1ubuntu4.1_amd64.deb ...
compare	Build, verify native launch, calibrate cells and compare processing	2026-09-13T07:55:11.3278092Z Unpacking libpciaccess0:amd64 (0.18.1-1ubuntu4.1) ...
compare	Build, verify native launch, calibrate cells and compare processing	2026-09-13T07:55:11.3426422Z Selecting previously unselected package libdrm-intel1:amd64.
compare	Build, verify native launch, calibrate cells and compare processing	2026-09-13T07:55:11.3449621Z Preparing to unpack .../178-libdrm-intel1_2.4.131-1_amd64.deb ...
compare	Build, verify native launch, calibrate cells and compare processing	2026-09-13T07:55:11.3472037Z Unpacking libdrm-intel1:amd64 (2.4.131-1) ...
compare	Build, verify native launch, calibrate cells and compare processing	2026-09-13T07:55:11.3625701Z Selecting previously unselected package libllvm21:amd64.
compare	Build, verify native launch, calibrate cells and compare processing	2026-09-13T07:55:11.3648268Z Preparing to unpack .../179-libllvm21_1%3a21.1.8-6ubuntu1_amd64.deb ...
compare	Build, verify native launch, calibrate cells and compare processing	2026-09-13T07:55:11.3657134Z Unpacking libllvm21:amd64 (1:21.1.8-6ubuntu1) ...
compare	Build, verify native launch, calibrate cells and compare processing	2026-09-13T07:55:11.8160233Z Selecting previously unselected package libx11-xcb1:amd64.
compare	Build, verify native launch, calibrate cells and compare processing	2026-09-13T07:55:11.8184260Z Preparing to unpack .../180-libx11-xcb1_2%3a1.8.13-1_amd64.deb ...
compare	Build, verify native launch, calibrate cells and compare processing	2026-09-13T07:55:11.8193252Z Unpacking libx11-xcb1:amd64 (2:1.8.13-1) ...
compare	Build, verify native launch, calibrate cells and compare processing	2026-09-13T07:55:11.8346080Z Selecting previously unselected package libxcb-dri3-0:amd64.
compare	Build, verify native launch, calibrate cells and compare processing	2026-09-13T07:55:11.8369702Z Preparing to unpack .../181-libxcb-dri3-0_1.17.0-2ubuntu1_amd64.deb ...
compare	Build, verify native launch, calibrate cells and compare processing	2026-09-13T07:55:11.8380250Z Unpacking libxcb-dri3-0:amd64 (1.17.0-2ubuntu1) ...
compare	Build, verify native launch, calibrate cells and compare processing	2026-09-13T07:55:11.8534895Z Selecting previously unselected package libxcb-present0:amd64.
compare	Build, verify native launch, calibrate cells and compare processing	2026-09-13T07:55:11.8557127Z Preparing to unpack .../182-libxcb-present0_1.17.0-2ubuntu1_amd64.deb ...
compare	Build, verify native launch, calibrate cells and compare processing	2026-09-13T07:55:11.8567969Z Unpacking libxcb-present0:amd64 (1.17.0-2ubuntu1) ...
compare	Build, verify native launch, calibrate cells and compare processing	2026-09-13T07:55:11.8720067Z Selecting previously unselected package libxcb-randr0:amd64.
compare	Build, verify native launch, calibrate cells and compare processing	2026-09-13T07:55:11.8744835Z Preparing to unpack .../183-libxcb-randr0_1.17.0-2ubuntu1_amd64.deb ...
compare	Build, verify native launch, calibrate cells and compare processing	2026-09-13T07:55:11.8758711Z Unpacking libxcb-randr0:amd64 (1.17.0-2ubuntu1) ...
compare	Build, verify native launch, calibrate cells and compare processing	2026-09-13T07:55:11.8915095Z Selecting previously unselected package libxcb-sync1:amd64.
compare	Build, verify native launch, calibrate cells and compare processing	2026-09-13T07:55:11.8938611Z Preparing to unpack .../184-libxcb-sync1_1.17.0-2ubuntu1_amd64.deb ...
compare	Build, verify native launch, calibrate cells and compare processing	2026-09-13T07:55:11.8948458Z Unpacking libxcb-sync1:amd64 (1.17.0-2ubuntu1) ...
compare	Build, verify native launch, calibrate cells and compare processing	2026-09-13T07:55:11.9102180Z Selecting previously unselected package libxcb-xfixes0:amd64.
compare	Build, verify native launch, calibrate cells and compare processing	2026-09-13T07:55:11.9124878Z Preparing to unpack .../185-libxcb-xfixes0_1.17.0-2ubuntu1_amd64.deb ...
compare	Build, verify native launch, calibrate cells and compare processing	2026-09-13T07:55:11.9134588Z Unpacking libxcb-xfixes0:amd64 (1.17.0-2ubuntu1) ...
compare	Build, verify native launch, calibrate cells and compare processing	2026-09-13T07:55:11.9287973Z Selecting previously unselected package libxshmfence1:amd64.
compare	Build, verify native launch, calibrate cells and compare processing	2026-09-13T07:55:11.9310096Z Preparing to unpack .../186-libxshmfence1_1.3.3-1build1_amd64.deb ...
compare	Build, verify native launch, calibrate cells and compare processing	2026-09-13T07:55:11.9345673Z Unpacking libxshmfence1:amd64 (1.3.3-1build1) ...
compare	Build, verify native launch, calibrate cells and compare processing	2026-09-13T07:55:11.9486035Z Selecting previously unselected package mesa-libgallium:amd64.
compare	Build, verify native launch, calibrate cells and compare processing	2026-09-13T07:55:11.9508601Z Preparing to unpack .../187-mesa-libgallium_26.0.8-1ubuntu0.3_amd64.deb ...
compare	Build, verify native launch, calibrate cells and compare processing	2026-09-13T07:55:11.9518960Z Unpacking mesa-libgallium:amd64 (26.0.8-1ubuntu0.3) ...
compare	Build, verify native launch, calibrate cells and compare processing	2026-09-13T07:55:12.1276098Z Selecting previously unselected package libgbm1:amd64.
compare	Build, verify native launch, calibrate cells and compare processing	2026-09-13T07:55:12.1298158Z Preparing to unpack .../188-libgbm1_26.0.8-1ubuntu0.3_amd64.deb ...
compare	Build, verify native launch, calibrate cells and compare processing	2026-09-13T07:55:12.1309185Z Unpacking libgbm1:amd64 (26.0.8-1ubuntu0.3) ...
compare	Build, verify native launch, calibrate cells and compare processing	2026-09-13T07:55:12.1491908Z Selecting previously unselected package libegl-mesa0:amd64.
compare	Build, verify native launch, calibrate cells and compare processing	2026-09-13T07:55:12.1514745Z Preparing to unpack .../189-libegl-mesa0_26.0.8-1ubuntu0.3_amd64.deb ...
compare	Build, verify native launch, calibrate cells and compare processing	2026-09-13T07:55:12.1524755Z Unpacking libegl-mesa0:amd64 (26.0.8-1ubuntu0.3) ...
compare	Build, verify native launch, calibrate cells and compare processing	2026-09-13T07:55:12.1698565Z Selecting previously unselected package libegl1:amd64.
compare	Build, verify native launch, calibrate cells and compare processing	2026-09-13T07:55:12.1720322Z Preparing to unpack .../190-libegl1_1.7.0-3_amd64.deb ...
compare	Build, verify native launch, calibrate cells and compare processing	2026-09-13T07:55:12.1729832Z Unpacking libegl1:amd64 (1.7.0-3) ...
compare	Build, verify native launch, calibrate cells and compare processing	2026-09-13T07:55:12.1899634Z Selecting previously unselected package libvulkan1:amd64.
compare	Build, verify native launch, calibrate cells and compare processing	2026-09-13T07:55:12.1921822Z Preparing to unpack .../191-libvulkan1_1.4.341.0-1_amd64.deb ...
compare	Build, verify native launch, calibrate cells and compare processing	2026-09-13T07:55:12.1933173Z Unpacking libvulkan1:amd64 (1.4.341.0-1) ...
compare	Build, verify native launch, calibrate cells and compare processing	2026-09-13T07:55:12.2102992Z Selecting previously unselected package libgl1-mesa-dri:amd64.
compare	Build, verify native launch, calibrate cells and compare processing	2026-09-13T07:55:12.2125521Z Preparing to unpack .../192-libgl1-mesa-dri_26.0.8-1ubuntu0.3_amd64.deb ...
compare	Build, verify native launch, calibrate cells and compare processing	2026-09-13T07:55:12.2192470Z Unpacking libgl1-mesa-dri:amd64 (26.0.8-1ubuntu0.3) ...
compare	Build, verify native launch, calibrate cells and compare processing	2026-09-13T07:55:12.2386230Z Selecting previously unselected package libxcb-glx0:amd64.
compare	Build, verify native launch, calibrate cells and compare processing	2026-09-13T07:55:12.2408110Z Preparing to unpack .../193-libxcb-glx0_1.17.0-2ubuntu1_amd64.deb ...
compare	Build, verify native launch, calibrate cells and compare processing	2026-09-13T07:55:12.2416563Z Unpacking libxcb-glx0:amd64 (1.17.0-2ubuntu1) ...
compare	Build, verify native launch, calibrate cells and compare processing	2026-09-13T07:55:12.2558110Z Selecting previously unselected package libxxf86vm1:amd64.
compare	Build, verify native launch, calibrate cells and compare processing	2026-09-13T07:55:12.2579719Z Preparing to unpack .../194-libxxf86vm1_1%3a1.1.4-2_amd64.deb ...
compare	Build, verify native launch, calibrate cells and compare processing	2026-09-13T07:55:12.2589196Z Unpacking libxxf86vm1:amd64 (1:1.1.4-2) ...
compare	Build, verify native launch, calibrate cells and compare processing	2026-09-13T07:55:12.2723892Z Selecting previously unselected package libglx-mesa0:amd64.
compare	Build, verify native launch, calibrate cells and compare processing	2026-09-13T07:55:12.2745024Z Preparing to unpack .../195-libglx-mesa0_26.0.8-1ubuntu0.3_amd64.deb ...
compare	Build, verify native launch, calibrate cells and compare processing	2026-09-13T07:55:12.2754224Z Unpacking libglx-mesa0:amd64 (26.0.8-1ubuntu0.3) ...
compare	Build, verify native launch, calibrate cells and compare processing	2026-09-13T07:55:12.2915494Z Selecting previously unselected package libglx0:amd64.
compare	Build, verify native launch, calibrate cells and compare processing	2026-09-13T07:55:12.2935844Z Preparing to unpack .../196-libglx0_1.7.0-3_amd64.deb ...
compare	Build, verify native launch, calibrate cells and compare processing	2026-09-13T07:55:12.2945529Z Unpacking libglx0:amd64 (1.7.0-3) ...
compare	Build, verify native launch, calibrate cells and compare processing	2026-09-13T07:55:12.3118911Z Selecting previously unselected package libgl1:amd64.
compare	Build, verify native launch, calibrate cells and compare processing	2026-09-13T07:55:12.3140444Z Preparing to unpack .../197-libgl1_1.7.0-3_amd64.deb ...
compare	Build, verify native launch, calibrate cells and compare processing	2026-09-13T07:55:12.3149733Z Unpacking libgl1:amd64 (1.7.0-3) ...
compare	Build, verify native launch, calibrate cells and compare processing	2026-09-13T07:55:12.3315498Z Selecting previously unselected package libgstreamer1.0-0:amd64.
compare	Build, verify native launch, calibrate cells and compare processing	2026-09-13T07:55:12.3337567Z Preparing to unpack .../198-libgstreamer1.0-0_1.28.2-1_amd64.deb ...
compare	Build, verify native launch, calibrate cells and compare processing	2026-09-13T07:55:12.3355628Z Unpacking libgstreamer1.0-0:amd64 (1.28.2-1) ...
compare	Build, verify native launch, calibrate cells and compare processing	2026-09-13T07:55:12.3669345Z Selecting previously unselected package liborc-0.4-0t64:amd64.
compare	Build, verify native launch, calibrate cells and compare processing	2026-09-13T07:55:12.3691152Z Preparing to unpack .../199-liborc-0.4-0t64_1%3a0.4.42-2_amd64.deb ...
compare	Build, verify native launch, calibrate cells and compare processing	2026-09-13T07:55:12.3702328Z Unpacking liborc-0.4-0t64:amd64 (1:0.4.42-2) ...
compare	Build, verify native launch, calibrate cells and compare processing	2026-09-13T07:55:12.3894158Z Selecting previously unselected package libgstreamer-plugins-base1.0-0:amd64.
compare	Build, verify native launch, calibrate cells and compare processing	2026-09-13T07:55:12.3916046Z Preparing to unpack .../200-libgstreamer-plugins-base1.0-0_1.28.2-1_amd64.deb ...
compare	Build, verify native launch, calibrate cells and compare processing	2026-09-13T07:55:12.3924171Z Unpacking libgstreamer-plugins-base1.0-0:amd64 (1.28.2-1) ...
compare	Build, verify native launch, calibrate cells and compare processing	2026-09-13T07:55:12.4203138Z Selecting previously unselected package libgudev-1.0-0:amd64.
compare	Build, verify native launch, calibrate cells and compare processing	2026-09-13T07:55:12.4225005Z Preparing to unpack .../201-libgudev-1.0-0_1%3a238-7build1_amd64.deb ...
compare	Build, verify native launch, calibrate cells and compare processing	2026-09-13T07:55:12.4237209Z Unpacking libgudev-1.0-0:amd64 (1:238-7build1) ...
compare	Build, verify native launch, calibrate cells and compare processing	2026-09-13T07:55:12.4415544Z Selecting previously unselected package libwayland-cursor0:amd64.
compare	Build, verify native launch, calibrate cells and compare processing	2026-09-13T07:55:12.4436898Z Preparing to unpack .../202-libwayland-cursor0_1.24.0-2_amd64.deb ...
compare	Build, verify native launch, calibrate cells and compare processing	2026-09-13T07:55:12.4448749Z Unpacking libwayland-cursor0:amd64 (1.24.0-2) ...
compare	Build, verify native launch, calibrate cells and compare processing	2026-09-13T07:55:12.4587557Z Selecting previously unselected package libgstreamer-gl1.0-0:amd64.
compare	Build, verify native launch, calibrate cells and compare processing	2026-09-13T07:55:12.4610767Z Preparing to unpack .../203-libgstreamer-gl1.0-0_1.28.2-1_amd64.deb ...
compare	Build, verify native launch, calibrate cells and compare processing	2026-09-13T07:55:12.4621761Z Unpacking libgstreamer-gl1.0-0:amd64 (1.28.2-1) ...
compare	Build, verify native launch, calibrate cells and compare processing	2026-09-13T07:55:12.4792993Z Selecting previously unselected package libva2:amd64.
compare	Build, verify native launch, calibrate cells and compare processing	2026-09-13T07:55:12.4814615Z Preparing to unpack .../204-libva2_2.23.0-1ubuntu1_amd64.deb ...
compare	Build, verify native launch, calibrate cells and compare processing	2026-09-13T07:55:12.4823878Z Unpacking libva2:amd64 (2.23.0-1ubuntu1) ...
compare	Build, verify native launch, calibrate cells and compare processing	2026-09-13T07:55:12.4981819Z Selecting previously unselected package libva-drm2:amd64.
compare	Build, verify native launch, calibrate cells and compare processing	2026-09-13T07:55:12.5004174Z Preparing to unpack .../205-libva-drm2_2.23.0-1ubuntu1_amd64.deb ...
compare	Build, verify native launch, calibrate cells and compare processing	2026-09-13T07:55:12.5013607Z Unpacking libva-drm2:amd64 (2.23.0-1ubuntu1) ...
compare	Build, verify native launch, calibrate cells and compare processing	2026-09-13T07:55:12.5161531Z Selecting previously unselected package libgstreamer-plugins-extra1.0-0:amd64.
compare	Build, verify native launch, calibrate cells and compare processing	2026-09-13T07:55:12.5184005Z Preparing to unpack .../206-libgstreamer-plugins-extra1.0-0_1.28.2-1ubuntu1.1_amd64.deb ...
compare	Build, verify native launch, calibrate cells and compare processing	2026-09-13T07:55:12.5193673Z Unpacking libgstreamer-plugins-extra1.0-0:amd64 (1.28.2-1ubuntu1.1) ...
compare	Build, verify native launch, calibrate cells and compare processing	2026-09-13T07:55:12.5419963Z Selecting previously unselected package libharfbuzz-subset0:amd64.
compare	Build, verify native launch, calibrate cells and compare processing	2026-09-13T07:55:12.5443389Z Preparing to unpack .../207-libharfbuzz-subset0_12.3.2-2_amd64.deb ...
compare	Build, verify native launch, calibrate cells and compare processing	2026-09-13T07:55:12.5456305Z Unpacking libharfbuzz-subset0:amd64 (12.3.2-2) ...
compare	Build, verify native launch, calibrate cells and compare processing	2026-09-13T07:55:12.5694412Z Selecting previously unselected package libjpeg-turbo8:amd64.
compare	Build, verify native launch, calibrate cells and compare processing	2026-09-13T07:55:12.5718494Z Preparing to unpack .../208-libjpeg-turbo8_2.1.5-4ubuntu4_amd64.deb ...
compare	Build, verify native launch, calibrate cells and compare processing	2026-09-13T07:55:12.5728222Z Unpacking libjpeg-turbo8:amd64 (2.1.5-4ubuntu4) ...
compare	Build, verify native launch, calibrate cells and compare processing	2026-09-13T07:55:12.5891822Z Selecting previously unselected package libjpeg8:amd64.
compare	Build, verify native launch, calibrate cells and compare processing	2026-09-13T07:55:12.5914343Z Preparing to unpack .../209-libjpeg8_8c-2ubuntu12_amd64.deb ...
compare	Build, verify native launch, calibrate cells and compare processing	2026-09-13T07:55:12.5923220Z Unpacking libjpeg8:amd64 (8c-2ubuntu12) ...
compare	Build, verify native launch, calibrate cells and compare processing	2026-09-13T07:55:12.6061659Z Selecting previously unselected package libdeflate0:amd64.
compare	Build, verify native launch, calibrate cells and compare processing	2026-09-13T07:55:12.6084200Z Preparing to unpack .../210-libdeflate0_1.23-2ubuntu1_amd64.deb ...
compare	Build, verify native launch, calibrate cells and compare processing	2026-09-13T07:55:12.6093191Z Unpacking libdeflate0:amd64 (1.23-2ubuntu1) ...
compare	Build, verify native launch, calibrate cells and compare processing	2026-09-13T07:55:12.6239976Z Selecting previously unselected package libjbig0:amd64.
compare	Build, verify native launch, calibrate cells and compare processing	2026-09-13T07:55:12.6262844Z Preparing to unpack .../211-libjbig0_2.1-6.1ubuntu3_amd64.deb ...
compare	Build, verify native launch, calibrate cells and compare processing	2026-09-13T07:55:12.6272027Z Unpacking libjbig0:amd64 (2.1-6.1ubuntu3) ...
compare	Build, verify native launch, calibrate cells and compare processing	2026-09-13T07:55:12.6444253Z Selecting previously unselected package liblerc4:amd64.
compare	Build, verify native launch, calibrate cells and compare processing	2026-09-13T07:55:12.6451800Z Preparing to unpack .../212-liblerc4_4.0.0+ds-5ubuntu2_amd64.deb ...
compare	Build, verify native launch, calibrate cells and compare processing	2026-09-13T07:55:12.6463155Z Unpacking liblerc4:amd64 (4.0.0+ds-5ubuntu2) ...
compare	Build, verify native launch, calibrate cells and compare processing	2026-09-13T07:55:12.6633178Z Selecting previously unselected package libwebp7:amd64.
compare	Build, verify native launch, calibrate cells and compare processing	2026-09-13T07:55:12.6655749Z Preparing to unpack .../213-libwebp7_1.5.0-0.1build1_amd64.deb ...
compare	Build, verify native launch, calibrate cells and compare processing	2026-09-13T07:55:12.6664787Z Unpacking libwebp7:amd64 (1.5.0-0.1build1) ...
compare	Build, verify native launch, calibrate cells and compare processing	2026-09-13T07:55:12.6870895Z Selecting previously unselected package libtiff6:amd64.
compare	Build, verify native launch, calibrate cells and compare processing	2026-09-13T07:55:12.6894295Z Preparing to unpack .../214-libtiff6_4.7.0-3ubuntu5_amd64.deb ...
compare	Build, verify native launch, calibrate cells and compare processing	2026-09-13T07:55:12.6904905Z Unpacking libtiff6:amd64 (4.7.0-3ubuntu5) ...
compare	Build, verify native launch, calibrate cells and compare processing	2026-09-13T07:55:12.7089874Z Selecting previously unselected package libxfixes3:amd64.
compare	Build, verify native launch, calibrate cells and compare processing	2026-09-13T07:55:12.7113992Z Preparing to unpack .../215-libxfixes3_1%3a6.0.0-2build2_amd64.deb ...
compare	Build, verify native launch, calibrate cells and compare processing	2026-09-13T07:55:12.7124585Z Unpacking libxfixes3:amd64 (1:6.0.0-2build2) ...
compare	Build, verify native launch, calibrate cells and compare processing	2026-09-13T07:55:12.7273877Z Selecting previously unselected package libxcursor1:amd64.
compare	Build, verify native launch, calibrate cells and compare processing	2026-09-13T07:55:12.7297664Z Preparing to unpack .../216-libxcursor1_1%3a1.2.3-1build1_amd64.deb ...
compare	Build, verify native launch, calibrate cells and compare processing	2026-09-13T07:55:12.7306500Z Unpacking libxcursor1:amd64 (1:1.2.3-1build1) ...
compare	Build, verify native launch, calibrate cells and compare processing	2026-09-13T07:55:12.7458885Z Selecting previously unselected package libxdamage1:amd64.
compare	Build, verify native launch, calibrate cells and compare processing	2026-09-13T07:55:12.7481683Z Preparing to unpack .../217-libxdamage1_1%3a1.1.7-1_amd64.deb ...
compare	Build, verify native launch, calibrate cells and compare processing	2026-09-13T07:55:12.7491307Z Unpacking libxdamage1:amd64 (1:1.1.7-1) ...
compare	Build, verify native launch, calibrate cells and compare processing	2026-09-13T07:55:12.7637972Z Selecting previously unselected package libxi6:amd64.
compare	Build, verify native launch, calibrate cells and compare processing	2026-09-13T07:55:12.7659726Z Preparing to unpack .../218-libxi6_2%3a1.8.2-2_amd64.deb ...
compare	Build, verify native launch, calibrate cells and compare processing	2026-09-13T07:55:12.7669600Z Unpacking libxi6:amd64 (2:1.8.2-2) ...
compare	Build, verify native launch, calibrate cells and compare processing	2026-09-13T07:55:12.7813079Z Selecting previously unselected package libxinerama1:amd64.
compare	Build, verify native launch, calibrate cells and compare processing	2026-09-13T07:55:12.7834963Z Preparing to unpack .../219-libxinerama1_2%3a1.1.4-3build2_amd64.deb ...
compare	Build, verify native launch, calibrate cells and compare processing	2026-09-13T07:55:12.7844689Z Unpacking libxinerama1:amd64 (2:1.1.4-3build2) ...
compare	Build, verify native launch, calibrate cells and compare processing	2026-09-13T07:55:12.7989313Z Selecting previously unselected package libxrandr2:amd64.
compare	Build, verify native launch, calibrate cells and compare processing	2026-09-13T07:55:12.8012265Z Preparing to unpack .../220-libxrandr2_2%3a1.5.4-1build1_amd64.deb ...
compare	Build, verify native launch, calibrate cells and compare processing	2026-09-13T07:55:12.8022221Z Unpacking libxrandr2:amd64 (2:1.5.4-1build1) ...
compare	Build, verify native launch, calibrate cells and compare processing	2026-09-13T07:55:12.8196138Z Selecting previously unselected package libgles2:amd64.
compare	Build, verify native launch, calibrate cells and compare processing	2026-09-13T07:55:12.8219196Z Preparing to unpack .../221-libgles2_1.7.0-3_amd64.deb ...
compare	Build, verify native launch, calibrate cells and compare processing	2026-09-13T07:55:12.8229482Z Unpacking libgles2:amd64 (1.7.0-3) ...
compare	Build, verify native launch, calibrate cells and compare processing	2026-09-13T07:55:12.8375974Z Selecting previously unselected package libgtk-4-common.
compare	Build, verify native launch, calibrate cells and compare processing	2026-09-13T07:55:12.8398676Z Preparing to unpack .../222-libgtk-4-common_4.22.4+ds-0ubuntu0.1_all.deb ...
compare	Build, verify native launch, calibrate cells and compare processing	2026-09-13T07:55:12.8412944Z Unpacking libgtk-4-common (4.22.4+ds-0ubuntu0.1) ...
compare	Build, verify native launch, calibrate cells and compare processing	2026-09-13T07:55:12.8831651Z Selecting previously unselected package libgtk-4-1:amd64.
compare	Build, verify native launch, calibrate cells and compare processing	2026-09-13T07:55:12.8854442Z Preparing to unpack .../223-libgtk-4-1_4.22.4+ds-0ubuntu0.1_amd64.deb ...
compare	Build, verify native launch, calibrate cells and compare processing	2026-09-13T07:55:12.8865903Z Unpacking libgtk-4-1:amd64 (4.22.4+ds-0ubuntu0.1) ...
compare	Build, verify native launch, calibrate cells and compare processing	2026-09-13T07:55:12.9416483Z Selecting previously unselected package libadwaita-1-0:amd64.
compare	Build, verify native launch, calibrate cells and compare processing	2026-09-13T07:55:12.9439162Z Preparing to unpack .../224-libadwaita-1-0_1.9.1-0ubuntu0.1_amd64.deb ...
compare	Build, verify native launch, calibrate cells and compare processing	2026-09-13T07:55:12.9449021Z Unpacking libadwaita-1-0:amd64 (1.9.1-0ubuntu0.1) ...
compare	Build, verify native launch, calibrate cells and compare processing	2026-09-13T07:55:12.9872151Z Selecting previously unselected package libgtk4-layer-shell0:amd64.
compare	Build, verify native launch, calibrate cells and compare processing	2026-09-13T07:55:12.9894116Z Preparing to unpack .../225-libgtk4-layer-shell0_1.3.0-1_amd64.deb ...
compare	Build, verify native launch, calibrate cells and compare processing	2026-09-13T07:55:12.9904776Z Unpacking libgtk4-layer-shell0:amd64 (1.3.0-1) ...
compare	Build, verify native launch, calibrate cells and compare processing	2026-09-13T07:55:13.0038704Z Selecting previously unselected package ghostty.
compare	Build, verify native launch, calibrate cells and compare processing	2026-09-13T07:55:13.0062549Z Preparing to unpack .../226-ghostty_1.3.0~us1-0ubuntu1.1_amd64.deb ...
compare	Build, verify native launch, calibrate cells and compare processing	2026-09-13T07:55:13.0074177Z Unpacking ghostty (1.3.0~us1-0ubuntu1.1) ...
compare	Build, verify native launch, calibrate cells and compare processing	2026-09-13T07:55:13.1805050Z Selecting previously unselected package kitty-shell-integration.
compare	Build, verify native launch, calibrate cells and compare processing	2026-09-13T07:55:13.1828481Z Preparing to unpack .../227-kitty-shell-integration_0.45.0-1build1_all.deb ...
compare	Build, verify native launch, calibrate cells and compare processing	2026-09-13T07:55:13.1837868Z Unpacking kitty-shell-integration (0.45.0-1build1) ...
compare	Build, verify native launch, calibrate cells and compare processing	2026-09-13T07:55:13.1996669Z Selecting previously unselected package kitty-terminfo.
compare	Build, verify native launch, calibrate cells and compare processing	2026-09-13T07:55:13.2018380Z Preparing to unpack .../228-kitty-terminfo_0.45.0-1build1_all.deb ...
compare	Build, verify native launch, calibrate cells and compare processing	2026-09-13T07:55:13.2031771Z Unpacking kitty-terminfo (0.45.0-1build1) ...
compare	Build, verify native launch, calibrate cells and compare processing	2026-09-13T07:55:13.2211221Z Selecting previously unselected package libpython3.14:amd64.
compare	Build, verify native launch, calibrate cells and compare processing	2026-09-13T07:55:13.2233855Z Preparing to unpack .../229-libpython3.14_3.14.4-1ubuntu0.2_amd64.deb ...
compare	Build, verify native launch, calibrate cells and compare processing	2026-09-13T07:55:13.2243805Z Unpacking libpython3.14:amd64 (3.14.4-1ubuntu0.2) ...
compare	Build, verify native launch, calibrate cells and compare processing	2026-09-13T07:55:13.2703774Z Selecting previously unselected package kitty.
compare	Build, verify native launch, calibrate cells and compare processing	2026-09-13T07:55:13.2713473Z Preparing to unpack .../230-kitty_0.45.0-1build1_amd64.deb ...
compare	Build, verify native launch, calibrate cells and compare processing	2026-09-13T07:55:13.2744908Z Unpacking kitty (0.45.0-1build1) ...
compare	Build, verify native launch, calibrate cells and compare processing	2026-09-13T07:55:13.4230529Z Selecting previously unselected package libaml0t64:amd64.
compare	Build, verify native launch, calibrate cells and compare processing	2026-09-13T07:55:13.4254905Z Preparing to unpack .../231-libaml0t64_0.3.0-3build1_amd64.deb ...
compare	Build, verify native launch, calibrate cells and compare processing	2026-09-13T07:55:13.4264304Z Unpacking libaml0t64:amd64 (0.3.0-3build1) ...
compare	Build, verify native launch, calibrate cells and compare processing	2026-09-13T07:55:13.4412253Z Selecting previously unselected package libasound2-data.
compare	Build, verify native launch, calibrate cells and compare processing	2026-09-13T07:55:13.4434500Z Preparing to unpack .../232-libasound2-data_1.2.15.3-1ubuntu1.1_all.deb ...
compare	Build, verify native launch, calibrate cells and compare processing	2026-09-13T07:55:13.4444848Z Unpacking libasound2-data (1.2.15.3-1ubuntu1.1) ...
compare	Build, verify native launch, calibrate cells and compare processing	2026-09-13T07:55:13.4691492Z Selecting previously unselected package libasound2t64:amd64.
compare	Build, verify native launch, calibrate cells and compare processing	2026-09-13T07:55:13.4714358Z Preparing to unpack .../233-libasound2t64_1.2.15.3-1ubuntu1.1_amd64.deb ...
compare	Build, verify native launch, calibrate cells and compare processing	2026-09-13T07:55:13.4725203Z Unpacking libasound2t64:amd64 (1.2.15.3-1ubuntu1.1) ...
compare	Build, verify native launch, calibrate cells and compare processing	2026-09-13T07:55:13.4957689Z Selecting previously unselected package libunibreak6:amd64.
compare	Build, verify native launch, calibrate cells and compare processing	2026-09-13T07:55:13.4979939Z Preparing to unpack .../234-libunibreak6_6.1-3build1_amd64.deb ...
compare	Build, verify native launch, calibrate cells and compare processing	2026-09-13T07:55:13.4990753Z Unpacking libunibreak6:amd64 (6.1-3build1) ...
compare	Build, verify native launch, calibrate cells and compare processing	2026-09-13T07:55:13.5155137Z Selecting previously unselected package libass9:amd64.
compare	Build, verify native launch, calibrate cells and compare processing	2026-09-13T07:55:13.5178572Z Preparing to unpack .../235-libass9_1%3a0.17.4-2_amd64.deb ...
compare	Build, verify native launch, calibrate cells and compare processing	2026-09-13T07:55:13.5189189Z Unpacking libass9:amd64 (1:0.17.4-2) ...
compare	Build, verify native launch, calibrate cells and compare processing	2026-09-13T07:55:13.5378682Z Selecting previously unselected package libva-x11-2:amd64.
compare	Build, verify native launch, calibrate cells and compare processing	2026-09-13T07:55:13.5402517Z Preparing to unpack .../236-libva-x11-2_2.23.0-1ubuntu1_amd64.deb ...
compare	Build, verify native launch, calibrate cells and compare processing	2026-09-13T07:55:13.5411613Z Unpacking libva-x11-2:amd64 (2.23.0-1ubuntu1) ...
compare	Build, verify native launch, calibrate cells and compare processing	2026-09-13T07:55:13.5570526Z Selecting previously unselected package libvdpau1:amd64.
compare	Build, verify native launch, calibrate cells and compare processing	2026-09-13T07:55:13.5593935Z Preparing to unpack .../237-libvdpau1_1.5-4_amd64.deb ...
compare	Build, verify native launch, calibrate cells and compare processing	2026-09-13T07:55:13.5602924Z Unpacking libvdpau1:amd64 (1.5-4) ...
compare	Build, verify native launch, calibrate cells and compare processing	2026-09-13T07:55:13.5759968Z Selecting previously unselected package libvpl2.
compare	Build, verify native launch, calibrate cells and compare processing	2026-09-13T07:55:13.5782986Z Preparing to unpack .../238-libvpl2_1%3a2.16.0-1_amd64.deb ...
compare	Build, verify native launch, calibrate cells and compare processing	2026-09-13T07:55:13.5792133Z Unpacking libvpl2 (1:2.16.0-1) ...
compare	Build, verify native launch, calibrate cells and compare processing	2026-09-13T07:55:13.5962773Z Selecting previously unselected package ocl-icd-libopencl1:amd64.
compare	Build, verify native launch, calibrate cells and compare processing	2026-09-13T07:55:13.5988405Z Preparing to unpack .../239-ocl-icd-libopencl1_2.3.4-1_amd64.deb ...
compare	Build, verify native launch, calibrate cells and compare processing	2026-09-13T07:55:13.5998309Z Unpacking ocl-icd-libopencl1:amd64 (2.3.4-1) ...
compare	Build, verify native launch, calibrate cells and compare processing	2026-09-13T07:55:13.6171001Z Selecting previously unselected package libavutil60:amd64.
compare	Build, verify native launch, calibrate cells and compare processing	2026-09-13T07:55:13.6195958Z Preparing to unpack .../240-libavutil60_7%3a8.0.1-3ubuntu2_amd64.deb ...
compare	Build, verify native launch, calibrate cells and compare processing	2026-09-13T07:55:13.6206353Z Unpacking libavutil60:amd64 (7:8.0.1-3ubuntu2) ...
compare	Build, verify native launch, calibrate cells and compare processing	2026-09-13T07:55:13.6417185Z Selecting previously unselected package libcodec2-1.2:amd64.
compare	Build, verify native launch, calibrate cells and compare processing	2026-09-13T07:55:13.6440050Z Preparing to unpack .../241-libcodec2-1.2_1.2.0-4_amd64.deb ...
compare	Build, verify native launch, calibrate cells and compare processing	2026-09-13T07:55:13.6449808Z Unpacking libcodec2-1.2:amd64 (1.2.0-4) ...
compare	Build, verify native launch, calibrate cells and compare processing	2026-09-13T07:55:13.7108201Z Selecting previously unselected package libdav1d7:amd64.
compare	Build, verify native launch, calibrate cells and compare processing	2026-09-13T07:55:13.7131203Z Preparing to unpack .../242-libdav1d7_1.5.3-1_amd64.deb ...
compare	Build, verify native launch, calibrate cells and compare processing	2026-09-13T07:55:13.7140965Z Unpacking libdav1d7:amd64 (1.5.3-1) ...
compare	Build, verify native launch, calibrate cells and compare processing	2026-09-13T07:55:13.7362252Z Selecting previously unselected package libgsm1:amd64.
compare	Build, verify native launch, calibrate cells and compare processing	2026-09-13T07:55:13.7385858Z Preparing to unpack .../243-libgsm1_1.0.23-2_amd64.deb ...
compare	Build, verify native launch, calibrate cells and compare processing	2026-09-13T07:55:13.7397604Z Unpacking libgsm1:amd64 (1.0.23-2) ...
compare	Build, verify native launch, calibrate cells and compare processing	2026-09-13T07:55:13.7556472Z Selecting previously unselected package libmpg123-0t64:amd64.
compare	Build, verify native launch, calibrate cells and compare processing	2026-09-13T07:55:13.7581680Z Preparing to unpack .../244-libmpg123-0t64_1.33.3-2_amd64.deb ...
compare	Build, verify native launch, calibrate cells and compare processing	2026-09-13T07:55:13.7591268Z Unpacking libmpg123-0t64:amd64 (1.33.3-2) ...
compare	Build, verify native launch, calibrate cells and compare processing	2026-09-13T07:55:13.7770383Z Selecting previously unselected package libmp3lame0:amd64.
compare	Build, verify native launch, calibrate cells and compare processing	2026-09-13T07:55:13.7793617Z Preparing to unpack .../245-libmp3lame0_3.101~svn6525+dfsg-2_amd64.deb ...
compare	Build, verify native launch, calibrate cells and compare processing	2026-09-13T07:55:13.7804260Z Unpacking libmp3lame0:amd64 (3.101~svn6525+dfsg-2) ...
compare	Build, verify native launch, calibrate cells and compare processing	2026-09-13T07:55:13.7997302Z Selecting previously unselected package libopenjp2-7:amd64.
compare	Build, verify native launch, calibrate cells and compare processing	2026-09-13T07:55:13.8021393Z Preparing to unpack .../246-libopenjp2-7_2.5.4-1ubuntu0.1_amd64.deb ...
compare	Build, verify native launch, calibrate cells and compare processing	2026-09-13T07:55:13.8033254Z Unpacking libopenjp2-7:amd64 (2.5.4-1ubuntu0.1) ...
compare	Build, verify native launch, calibrate cells and compare processing	2026-09-13T07:55:13.8203769Z Selecting previously unselected package libopus0:amd64.
compare	Build, verify native launch, calibrate cells and compare processing	2026-09-13T07:55:13.8226642Z Preparing to unpack .../247-libopus0_1.6.1-1_amd64.deb ...
compare	Build, verify native launch, calibrate cells and compare processing	2026-09-13T07:55:13.8236138Z Unpacking libopus0:amd64 (1.6.1-1) ...
compare	Build, verify native launch, calibrate cells and compare processing	2026-09-13T07:55:13.8537593Z Selecting previously unselected package librav1e0.8:amd64.
compare	Build, verify native launch, calibrate cells and compare processing	2026-09-13T07:55:13.8560487Z Preparing to unpack .../248-librav1e0.8_0.8.1-7_amd64.deb ...
compare	Build, verify native launch, calibrate cells and compare processing	2026-09-13T07:55:13.8572162Z Unpacking librav1e0.8:amd64 (0.8.1-7) ...
compare	Build, verify native launch, calibrate cells and compare processing	2026-09-13T07:55:13.8846897Z Selecting previously unselected package libshine3:amd64.
compare	Build, verify native launch, calibrate cells and compare processing	2026-09-13T07:55:13.8869625Z Preparing to unpack .../249-libshine3_3.1.1-3build1_amd64.deb ...
compare	Build, verify native launch, calibrate cells and compare processing	2026-09-13T07:55:13.8878829Z Unpacking libshine3:amd64 (3.1.1-3build1) ...
compare	Build, verify native launch, calibrate cells and compare processing	2026-09-13T07:55:13.9022834Z Selecting previously unselected package libsnappy1v5:amd64.
compare	Build, verify native launch, calibrate cells and compare processing	2026-09-13T07:55:13.9046279Z Preparing to unpack .../250-libsnappy1v5_1.2.2-2_amd64.deb ...
compare	Build, verify native launch, calibrate cells and compare processing	2026-09-13T07:55:13.9057076Z Unpacking libsnappy1v5:amd64 (1.2.2-2) ...
compare	Build, verify native launch, calibrate cells and compare processing	2026-09-13T07:55:13.9357222Z Selecting previously unselected package libspeex1:amd64.
compare	Build, verify native launch, calibrate cells and compare processing	2026-09-13T07:55:13.9380430Z Preparing to unpack .../251-libspeex1_1.2.1-3build1_amd64.deb ...
compare	Build, verify native launch, calibrate cells and compare processing	2026-09-13T07:55:13.9389347Z Unpacking libspeex1:amd64 (1.2.1-3build1) ...
compare	Build, verify native launch, calibrate cells and compare processing	2026-09-13T07:55:13.9544289Z Selecting previously unselected package libsvtav1enc2:amd64.
compare	Build, verify native launch, calibrate cells and compare processing	2026-09-13T07:55:13.9567874Z Preparing to unpack .../252-libsvtav1enc2_2.3.0+dfsg-1build1_amd64.deb ...
compare	Build, verify native launch, calibrate cells and compare processing	2026-09-13T07:55:13.9577069Z Unpacking libsvtav1enc2:amd64 (2.3.0+dfsg-1build1) ...
compare	Build, verify native launch, calibrate cells and compare processing	2026-09-13T07:55:13.9997540Z Selecting previously unselected package libsoxr0:amd64.
compare	Build, verify native launch, calibrate cells and compare processing	2026-09-13T07:55:14.0020295Z Preparing to unpack .../253-libsoxr0_0.1.3-4.1_amd64.deb ...
compare	Build, verify native launch, calibrate cells and compare processing	2026-09-13T07:55:14.0029295Z Unpacking libsoxr0:amd64 (0.1.3-4.1) ...
compare	Build, verify native launch, calibrate cells and compare processing	2026-09-13T07:55:14.0180746Z Selecting previously unselected package libswresample6:amd64.
compare	Build, verify native launch, calibrate cells and compare processing	2026-09-13T07:55:14.0204104Z Preparing to unpack .../254-libswresample6_7%3a8.0.1-3ubuntu2_amd64.deb ...
compare	Build, verify native launch, calibrate cells and compare processing	2026-09-13T07:55:14.0214029Z Unpacking libswresample6:amd64 (7:8.0.1-3ubuntu2) ...
compare	Build, verify native launch, calibrate cells and compare processing	2026-09-13T07:55:14.0369698Z Selecting previously unselected package libtheoradec2:amd64.
compare	Build, verify native launch, calibrate cells and compare processing	2026-09-13T07:55:14.0391885Z Preparing to unpack .../255-libtheoradec2_1.2.0+dfsg-6_amd64.deb ...
compare	Build, verify native launch, calibrate cells and compare processing	2026-09-13T07:55:14.0401709Z Unpacking libtheoradec2:amd64 (1.2.0+dfsg-6) ...
compare	Build, verify native launch, calibrate cells and compare processing	2026-09-13T07:55:14.0549884Z Selecting previously unselected package libogg0:amd64.
compare	Build, verify native launch, calibrate cells and compare processing	2026-09-13T07:55:14.0572934Z Preparing to unpack .../256-libogg0_1.3.6-2_amd64.deb ...
compare	Build, verify native launch, calibrate cells and compare processing	2026-09-13T07:55:14.0586283Z Unpacking libogg0:amd64 (1.3.6-2) ...
compare	Build, verify native launch, calibrate cells and compare processing	2026-09-13T07:55:14.0736729Z Selecting previously unselected package libtheoraenc2:amd64.
compare	Build, verify native launch, calibrate cells and compare processing	2026-09-13T07:55:14.0759178Z Preparing to unpack .../257-libtheoraenc2_1.2.0+dfsg-6_amd64.deb ...
compare	Build, verify native launch, calibrate cells and compare processing	2026-09-13T07:55:14.0768636Z Unpacking libtheoraenc2:amd64 (1.2.0+dfsg-6) ...
compare	Build, verify native launch, calibrate cells and compare processing	2026-09-13T07:55:14.0923766Z Selecting previously unselected package libtwolame0:amd64.
compare	Build, verify native launch, calibrate cells and compare processing	2026-09-13T07:55:14.0946061Z Preparing to unpack .../258-libtwolame0_0.4.0-2build4_amd64.deb ...
compare	Build, verify native launch, calibrate cells and compare processing	2026-09-13T07:55:14.0955634Z Unpacking libtwolame0:amd64 (0.4.0-2build4) ...
compare	Build, verify native launch, calibrate cells and compare processing	2026-09-13T07:55:14.1103429Z Selecting previously unselected package libvorbis0a:amd64.
compare	Build, verify native launch, calibrate cells and compare processing	2026-09-13T07:55:14.1126393Z Preparing to unpack .../259-libvorbis0a_1.3.7-3build2_amd64.deb ...
compare	Build, verify native launch, calibrate cells and compare processing	2026-09-13T07:55:14.1137815Z Unpacking libvorbis0a:amd64 (1.3.7-3build2) ...
compare	Build, verify native launch, calibrate cells and compare processing	2026-09-13T07:55:14.1299406Z Selecting previously unselected package libvorbisenc2:amd64.
compare	Build, verify native launch, calibrate cells and compare processing	2026-09-13T07:55:14.1323091Z Preparing to unpack .../260-libvorbisenc2_1.3.7-3build2_amd64.deb ...
compare	Build, verify native launch, calibrate cells and compare processing	2026-09-13T07:55:14.1335225Z Unpacking libvorbisenc2:amd64 (1.3.7-3build2) ...
compare	Build, verify native launch, calibrate cells and compare processing	2026-09-13T07:55:14.1506468Z Selecting previously unselected package libvpx12:amd64.
compare	Build, verify native launch, calibrate cells and compare processing	2026-09-13T07:55:14.1529523Z Preparing to unpack .../261-libvpx12_1.16.0-3_amd64.deb ...
compare	Build, verify native launch, calibrate cells and compare processing	2026-09-13T07:55:14.1540965Z Unpacking libvpx12:amd64 (1.16.0-3) ...
compare	Build, verify native launch, calibrate cells and compare processing	2026-09-13T07:55:14.1829090Z Selecting previously unselected package libwebpmux3:amd64.
compare	Build, verify native launch, calibrate cells and compare processing	2026-09-13T07:55:14.1853503Z Preparing to unpack .../262-libwebpmux3_1.5.0-0.1build1_amd64.deb ...
compare	Build, verify native launch, calibrate cells and compare processing	2026-09-13T07:55:14.1863214Z Unpacking libwebpmux3:amd64 (1.5.0-0.1build1) ...
compare	Build, verify native launch, calibrate cells and compare processing	2026-09-13T07:55:14.2017117Z Selecting previously unselected package libx264-165:amd64.
compare	Build, verify native launch, calibrate cells and compare processing	2026-09-13T07:55:14.2041672Z Preparing to unpack .../263-libx264-165_2%3a0.165.3222+gitb35605ac-3build1_amd64.deb ...
compare	Build, verify native launch, calibrate cells and compare processing	2026-09-13T07:55:14.2054696Z Unpacking libx264-165:amd64 (2:0.165.3222+gitb35605ac-3build1) ...
compare	Build, verify native launch, calibrate cells and compare processing	2026-09-13T07:55:14.2292947Z Selecting previously unselected package libx265-215:amd64.
compare	Build, verify native launch, calibrate cells and compare processing	2026-09-13T07:55:14.2316173Z Preparing to unpack .../264-libx265-215_4.1-4_amd64.deb ...
compare	Build, verify native launch, calibrate cells and compare processing	2026-09-13T07:55:14.2328797Z Unpacking libx265-215:amd64 (4.1-4) ...
compare	Build, verify native launch, calibrate cells and compare processing	2026-09-13T07:55:14.2948651Z Selecting previously unselected package libxvidcore4:amd64.
compare	Build, verify native launch, calibrate cells and compare processing	2026-09-13T07:55:14.2972362Z Preparing to unpack .../265-libxvidcore4_2%3a1.3.7-3_amd64.deb ...
compare	Build, verify native launch, calibrate cells and compare processing	2026-09-13T07:55:14.2983908Z Unpacking libxvidcore4:amd64 (2:1.3.7-3) ...
compare	Build, verify native launch, calibrate cells and compare processing	2026-09-13T07:55:14.3156282Z Selecting previously unselected package libzvbi-common.
compare	Build, verify native launch, calibrate cells and compare processing	2026-09-13T07:55:14.3179797Z Preparing to unpack .../266-libzvbi-common_0.2.44-1ubuntu2_all.deb ...
compare	Build, verify native launch, calibrate cells and compare processing	2026-09-13T07:55:14.3188102Z Unpacking libzvbi-common (0.2.44-1ubuntu2) ...
compare	Build, verify native launch, calibrate cells and compare processing	2026-09-13T07:55:14.3357224Z Selecting previously unselected package libzvbi0t64:amd64.
compare	Build, verify native launch, calibrate cells and compare processing	2026-09-13T07:55:14.3382555Z Preparing to unpack .../267-libzvbi0t64_0.2.44-1ubuntu2_amd64.deb ...
compare	Build, verify native launch, calibrate cells and compare processing	2026-09-13T07:55:14.3391435Z Unpacking libzvbi0t64:amd64 (0.2.44-1ubuntu2) ...
compare	Build, verify native launch, calibrate cells and compare processing	2026-09-13T07:55:14.3591224Z Selecting previously unselected package libavcodec62:amd64.
compare	Build, verify native launch, calibrate cells and compare processing	2026-09-13T07:55:14.3616515Z Preparing to unpack .../268-libavcodec62_7%3a8.0.1-3ubuntu2_amd64.deb ...
compare	Build, verify native launch, calibrate cells and compare processing	2026-09-13T07:55:14.3629967Z Unpacking libavcodec62:amd64 (7:8.0.1-3ubuntu2) ...
compare	Build, verify native launch, calibrate cells and compare processing	2026-09-13T07:55:14.4936560Z Selecting previously unselected package libudfread3:amd64.
compare	Build, verify native launch, calibrate cells and compare processing	2026-09-13T07:55:14.4958965Z Preparing to unpack .../269-libudfread3_1.2.0-2_amd64.deb ...
compare	Build, verify native launch, calibrate cells and compare processing	2026-09-13T07:55:14.4968083Z Unpacking libudfread3:amd64 (1.2.0-2) ...
compare	Build, verify native launch, calibrate cells and compare processing	2026-09-13T07:55:14.5120842Z Selecting previously unselected package libbluray3:amd64.
compare	Build, verify native launch, calibrate cells and compare processing	2026-09-13T07:55:14.5144954Z Preparing to unpack .../270-libbluray3_1%3a1.4.1-1_amd64.deb ...
compare	Build, verify native launch, calibrate cells and compare processing	2026-09-13T07:55:14.5155894Z Unpacking libbluray3:amd64 (1:1.4.1-1) ...
compare	Build, verify native launch, calibrate cells and compare processing	2026-09-13T07:55:14.5346033Z Selecting previously unselected package libchromaprint1:amd64.
compare	Build, verify native launch, calibrate cells and compare processing	2026-09-13T07:55:14.5370203Z Preparing to unpack .../271-libchromaprint1_1.6.0-2build1_amd64.deb ...
compare	Build, verify native launch, calibrate cells and compare processing	2026-09-13T07:55:14.5378995Z Unpacking libchromaprint1:amd64 (1.6.0-2build1) ...
compare	Build, verify native launch, calibrate cells and compare processing	2026-09-13T07:55:14.5544104Z Selecting previously unselected package libdvdread8t64:amd64.
compare	Build, verify native launch, calibrate cells and compare processing	2026-09-13T07:55:14.5567869Z Preparing to unpack .../272-libdvdread8t64_7.0.1-1_amd64.deb ...
compare	Build, verify native launch, calibrate cells and compare processing	2026-09-13T07:55:14.5579333Z Unpacking libdvdread8t64:amd64 (7.0.1-1) ...
compare	Build, verify native launch, calibrate cells and compare processing	2026-09-13T07:55:14.5760253Z Selecting previously unselected package libdvdnav4:amd64.
compare	Build, verify native launch, calibrate cells and compare processing	2026-09-13T07:55:14.5783462Z Preparing to unpack .../273-libdvdnav4_7.0.0-2_amd64.deb ...
compare	Build, verify native launch, calibrate cells and compare processing	2026-09-13T07:55:14.5795322Z Unpacking libdvdnav4:amd64 (7.0.0-2) ...
compare	Build, verify native launch, calibrate cells and compare processing	2026-09-13T07:55:14.5961123Z Selecting previously unselected package libgme0:amd64.
compare	Build, verify native launch, calibrate cells and compare processing	2026-09-13T07:55:14.5984164Z Preparing to unpack .../274-libgme0_0.6.4-1_amd64.deb ...
compare	Build, verify native launch, calibrate cells and compare processing	2026-09-13T07:55:14.5993236Z Unpacking libgme0:amd64 (0.6.4-1) ...
compare	Build, verify native launch, calibrate cells and compare processing	2026-09-13T07:55:14.6154187Z Selecting previously unselected package libvorbisfile3:amd64.
compare	Build, verify native launch, calibrate cells and compare processing	2026-09-13T07:55:14.6177536Z Preparing to unpack .../275-libvorbisfile3_1.3.7-3build2_amd64.deb ...
compare	Build, verify native launch, calibrate cells and compare processing	2026-09-13T07:55:14.6186228Z Unpacking libvorbisfile3:amd64 (1.3.7-3build2) ...
compare	Build, verify native launch, calibrate cells and compare processing	2026-09-13T07:55:14.6335637Z Selecting previously unselected package libopenmpt0t64:amd64.
compare	Build, verify native launch, calibrate cells and compare processing	2026-09-13T07:55:14.6358475Z Preparing to unpack .../276-libopenmpt0t64_0.8.4-1_amd64.deb ...
compare	Build, verify native launch, calibrate cells and compare processing	2026-09-13T07:55:14.6367673Z Unpacking libopenmpt0t64:amd64 (0.8.4-1) ...
compare	Build, verify native launch, calibrate cells and compare processing	2026-09-13T07:55:14.6612353Z Selecting previously unselected package librabbitmq4:amd64.
compare	Build, verify native launch, calibrate cells and compare processing	2026-09-13T07:55:14.6634543Z Preparing to unpack .../277-librabbitmq4_0.15.0-1ubuntu0.26.04.2_amd64.deb ...
compare	Build, verify native launch, calibrate cells and compare processing	2026-09-13T07:55:14.6644410Z Unpacking librabbitmq4:amd64 (0.15.0-1ubuntu0.26.04.2) ...
compare	Build, verify native launch, calibrate cells and compare processing	2026-09-13T07:55:14.6802574Z Selecting previously unselected package libcjson1:amd64.
compare	Build, verify native launch, calibrate cells and compare processing	2026-09-13T07:55:14.6824662Z Preparing to unpack .../278-libcjson1_1.7.19-2_amd64.deb ...
compare	Build, verify native launch, calibrate cells and compare processing	2026-09-13T07:55:14.6833890Z Unpacking libcjson1:amd64 (1.7.19-2) ...
compare	Build, verify native launch, calibrate cells and compare processing	2026-09-13T07:55:14.7001650Z Selecting previously unselected package libmbedcrypto16:amd64.
compare	Build, verify native launch, calibrate cells and compare processing	2026-09-13T07:55:14.7024219Z Preparing to unpack .../279-libmbedcrypto16_3.6.5-0.1ubuntu2_amd64.deb ...
compare	Build, verify native launch, calibrate cells and compare processing	2026-09-13T07:55:14.7034208Z Unpacking libmbedcrypto16:amd64 (3.6.5-0.1ubuntu2) ...
compare	Build, verify native launch, calibrate cells and compare processing	2026-09-13T07:55:14.7217088Z Selecting previously unselected package librist4:amd64.
compare	Build, verify native launch, calibrate cells and compare processing	2026-09-13T07:55:14.7239636Z Preparing to unpack .../280-librist4_0.2.11+dfsg-1build1_amd64.deb ...
compare	Build, verify native launch, calibrate cells and compare processing	2026-09-13T07:55:14.7250550Z Unpacking librist4:amd64 (0.2.11+dfsg-1build1) ...
compare	Build, verify native launch, calibrate cells and compare processing	2026-09-13T07:55:14.7403089Z Selecting previously unselected package libsrt1.5-gnutls:amd64.
compare	Build, verify native launch, calibrate cells and compare processing	2026-09-13T07:55:14.7425578Z Preparing to unpack .../281-libsrt1.5-gnutls_1.5.4-3_amd64.deb ...
compare	Build, verify native launch, calibrate cells and compare processing	2026-09-13T07:55:14.7435160Z Unpacking libsrt1.5-gnutls:amd64 (1.5.4-3) ...
compare	Build, verify native launch, calibrate cells and compare processing	2026-09-13T07:55:14.7623876Z Selecting previously unselected package libssh-4:amd64.
compare	Build, verify native launch, calibrate cells and compare processing	2026-09-13T07:55:14.7646122Z Preparing to unpack .../282-libssh-4_0.11.3-1ubuntu2.1_amd64.deb ...
compare	Build, verify native launch, calibrate cells and compare processing	2026-09-13T07:55:14.7654506Z Unpacking libssh-4:amd64 (0.11.3-1ubuntu2.1) ...
compare	Build, verify native launch, calibrate cells and compare processing	2026-09-13T07:55:14.7952120Z Selecting previously unselected package libnorm1t64:amd64.
compare	Build, verify native launch, calibrate cells and compare processing	2026-09-13T07:55:14.7974703Z Preparing to unpack .../283-libnorm1t64_1.5.9+dfsg-4_amd64.deb ...
compare	Build, verify native launch, calibrate cells and compare processing	2026-09-13T07:55:14.7985363Z Unpacking libnorm1t64:amd64 (1.5.9+dfsg-4) ...
compare	Build, verify native launch, calibrate cells and compare processing	2026-09-13T07:55:14.8155828Z Selecting previously unselected package libpgm-5.3-0t64:amd64.
compare	Build, verify native launch, calibrate cells and compare processing	2026-09-13T07:55:14.8178579Z Preparing to unpack .../284-libpgm-5.3-0t64_5.3.128~dfsg-2.1build2_amd64.deb ...
compare	Build, verify native launch, calibrate cells and compare processing	2026-09-13T07:55:14.8187395Z Unpacking libpgm-5.3-0t64:amd64 (5.3.128~dfsg-2.1build2) ...
compare	Build, verify native launch, calibrate cells and compare processing	2026-09-13T07:55:14.8346903Z Selecting previously unselected package libsodium23:amd64.
compare	Build, verify native launch, calibrate cells and compare processing	2026-09-13T07:55:14.8369342Z Preparing to unpack .../285-libsodium23_1.0.18-2_amd64.deb ...
compare	Build, verify native launch, calibrate cells and compare processing	2026-09-13T07:55:14.8378233Z Unpacking libsodium23:amd64 (1.0.18-2) ...
compare	Build, verify native launch, calibrate cells and compare processing	2026-09-13T07:55:14.8545714Z Selecting previously unselected package libzmq5:amd64.
compare	Build, verify native launch, calibrate cells and compare processing	2026-09-13T07:55:14.8567688Z Preparing to unpack .../286-libzmq5_4.3.5-1build3_amd64.deb ...
compare	Build, verify native launch, calibrate cells and compare processing	2026-09-13T07:55:14.8576511Z Unpacking libzmq5:amd64 (4.3.5-1build3) ...
compare	Build, verify native launch, calibrate cells and compare processing	2026-09-13T07:55:14.8749003Z Selecting previously unselected package libavformat62:amd64.
compare	Build, verify native launch, calibrate cells and compare processing	2026-09-13T07:55:14.8770263Z Preparing to unpack .../287-libavformat62_7%3a8.0.1-3ubuntu2_amd64.deb ...
compare	Build, verify native launch, calibrate cells and compare processing	2026-09-13T07:55:14.8783370Z Unpacking libavformat62:amd64 (7:8.0.1-3ubuntu2) ...
compare	Build, verify native launch, calibrate cells and compare processing	2026-09-13T07:55:14.9055748Z Selecting previously unselected package libbs2b0:amd64.
compare	Build, verify native launch, calibrate cells and compare processing	2026-09-13T07:55:14.9077910Z Preparing to unpack .../288-libbs2b0_3.1.0+dfsg-8build1_amd64.deb ...
compare	Build, verify native launch, calibrate cells and compare processing	2026-09-13T07:55:14.9106073Z Unpacking libbs2b0:amd64 (3.1.0+dfsg-8build1) ...
compare	Build, verify native launch, calibrate cells and compare processing	2026-09-13T07:55:14.9277475Z Selecting previously unselected package libflite1:amd64.
compare	Build, verify native launch, calibrate cells and compare processing	2026-09-13T07:55:14.9299510Z Preparing to unpack .../289-libflite1_2.2-7build1_amd64.deb ...
compare	Build, verify native launch, calibrate cells and compare processing	2026-09-13T07:55:14.9310423Z Unpacking libflite1:amd64 (2.2-7build1) ...
compare	Build, verify native launch, calibrate cells and compare processing	2026-09-13T07:55:15.0356864Z Selecting previously unselected package libserd-0-0:amd64.
compare	Build, verify native launch, calibrate cells and compare processing	2026-09-13T07:55:15.0379545Z Preparing to unpack .../290-libserd-0-0_0.32.6-1_amd64.deb ...
compare	Build, verify native launch, calibrate cells and compare processing	2026-09-13T07:55:15.0390407Z Unpacking libserd-0-0:amd64 (0.32.6-1) ...
compare	Build, verify native launch, calibrate cells and compare processing	2026-09-13T07:55:15.0547562Z Selecting previously unselected package libzix-0-0:amd64.
compare	Build, verify native launch, calibrate cells and compare processing	2026-09-13T07:55:15.0570616Z Preparing to unpack .../291-libzix-0-0_0.8.0-1_amd64.deb ...
compare	Build, verify native launch, calibrate cells and compare processing	2026-09-13T07:55:15.0582399Z Unpacking libzix-0-0:amd64 (0.8.0-1) ...
compare	Build, verify native launch, calibrate cells and compare processing	2026-09-13T07:55:15.0737947Z Selecting previously unselected package libsord-0-0:amd64.
compare	Build, verify native launch, calibrate cells and compare processing	2026-09-13T07:55:15.0760463Z Preparing to unpack .../292-libsord-0-0_0.16.20-1_amd64.deb ...
compare	Build, verify native launch, calibrate cells and compare processing	2026-09-13T07:55:15.0771569Z Unpacking libsord-0-0:amd64 (0.16.20-1) ...
compare	Build, verify native launch, calibrate cells and compare processing	2026-09-13T07:55:15.0925940Z Selecting previously unselected package libsratom-0-0:amd64.
compare	Build, verify native launch, calibrate cells and compare processing	2026-09-13T07:55:15.0947867Z Preparing to unpack .../293-libsratom-0-0_0.6.20-1_amd64.deb ...
compare	Build, verify native launch, calibrate cells and compare processing	2026-09-13T07:55:15.0961187Z Unpacking libsratom-0-0:amd64 (0.6.20-1) ...
compare	Build, verify native launch, calibrate cells and compare processing	2026-09-13T07:55:15.1111261Z Selecting previously unselected package liblilv-0-0:amd64.
compare	Build, verify native launch, calibrate cells and compare processing	2026-09-13T07:55:15.1133970Z Preparing to unpack .../294-liblilv-0-0_0.26.2-1_amd64.deb ...
compare	Build, verify native launch, calibrate cells and compare processing	2026-09-13T07:55:15.1147259Z Unpacking liblilv-0-0:amd64 (0.26.2-1) ...
compare	Build, verify native launch, calibrate cells and compare processing	2026-09-13T07:55:15.1302541Z Selecting previously unselected package libmysofa1:amd64.
compare	Build, verify native launch, calibrate cells and compare processing	2026-09-13T07:55:15.1325343Z Preparing to unpack .../295-libmysofa1_1.3.3+dfsg-1ubuntu2_amd64.deb ...
compare	Build, verify native launch, calibrate cells and compare processing	2026-09-13T07:55:15.1335720Z Unpacking libmysofa1:amd64 (1.3.3+dfsg-1ubuntu2) ...
compare	Build, verify native launch, calibrate cells and compare processing	2026-09-13T07:55:15.1537149Z Selecting previously unselected package libplacebo360:amd64.
compare	Build, verify native launch, calibrate cells and compare processing	2026-09-13T07:55:15.1561515Z Preparing to unpack .../296-libplacebo360_7.360.0-3_amd64.deb ...
compare	Build, verify native launch, calibrate cells and compare processing	2026-09-13T07:55:15.1573071Z Unpacking libplacebo360:amd64 (7.360.0-3) ...
compare	Build, verify native launch, calibrate cells and compare processing	2026-09-13T07:55:15.2082334Z Selecting previously unselected package libfftw3-double3:amd64.
compare	Build, verify native launch, calibrate cells and compare processing	2026-09-13T07:55:15.2105481Z Preparing to unpack .../297-libfftw3-double3_3.3.10-2fakesync1build3_amd64.deb ...
compare	Build, verify native launch, calibrate cells and compare processing	2026-09-13T07:55:15.2114948Z Unpacking libfftw3-double3:amd64 (3.3.10-2fakesync1build3) ...
compare	Build, verify native launch, calibrate cells and compare processing	2026-09-13T07:55:15.2379322Z Selecting previously unselected package libsamplerate0:amd64.
compare	Build, verify native launch, calibrate cells and compare processing	2026-09-13T07:55:15.2402863Z Preparing to unpack .../298-libsamplerate0_0.2.2-4build2_amd64.deb ...
compare	Build, verify native launch, calibrate cells and compare processing	2026-09-13T07:55:15.2413605Z Unpacking libsamplerate0:amd64 (0.2.2-4build2) ...
compare	Build, verify native launch, calibrate cells and compare processing	2026-09-13T07:55:15.2630455Z Selecting previously unselected package librubberband3:amd64.
compare	Build, verify native launch, calibrate cells and compare processing	2026-09-13T07:55:15.2654965Z Preparing to unpack .../299-librubberband3_4.0.0+dfsg-2ubuntu1_amd64.deb ...
compare	Build, verify native launch, calibrate cells and compare processing	2026-09-13T07:55:15.2665218Z Unpacking librubberband3:amd64 (4.0.0+dfsg-2ubuntu1) ...
compare	Build, verify native launch, calibrate cells and compare processing	2026-09-13T07:55:15.2843461Z Selecting previously unselected package libswscale9:amd64.
compare	Build, verify native launch, calibrate cells and compare processing	2026-09-13T07:55:15.2866546Z Preparing to unpack .../300-libswscale9_7%3a8.0.1-3ubuntu2_amd64.deb ...
compare	Build, verify native launch, calibrate cells and compare processing	2026-09-13T07:55:15.2876449Z Unpacking libswscale9:amd64 (7:8.0.1-3ubuntu2) ...
compare	Build, verify native launch, calibrate cells and compare processing	2026-09-13T07:55:15.3088021Z Selecting previously unselected package libvidstab1.1:amd64.
compare	Build, verify native launch, calibrate cells and compare processing	2026-09-13T07:55:15.3112908Z Preparing to unpack .../301-libvidstab1.1_1.1.0-2.1_amd64.deb ...
compare	Build, verify native launch, calibrate cells and compare processing	2026-09-13T07:55:15.3123226Z Unpacking libvidstab1.1:amd64 (1.1.0-2.1) ...
compare	Build, verify native launch, calibrate cells and compare processing	2026-09-13T07:55:15.3286819Z Selecting previously unselected package libzimg2:amd64.
compare	Build, verify native launch, calibrate cells and compare processing	2026-09-13T07:55:15.3312111Z Preparing to unpack .../302-libzimg2_3.0.6+ds1-1_amd64.deb ...
compare	Build, verify native launch, calibrate cells and compare processing	2026-09-13T07:55:15.3322687Z Unpacking libzimg2:amd64 (3.0.6+ds1-1) ...
compare	Build, verify native launch, calibrate cells and compare processing	2026-09-13T07:55:15.3519570Z Selecting previously unselected package libavfilter11:amd64.
compare	Build, verify native launch, calibrate cells and compare processing	2026-09-13T07:55:15.3543733Z Preparing to unpack .../303-libavfilter11_7%3a8.0.1-3ubuntu2_amd64.deb ...
compare	Build, verify native launch, calibrate cells and compare processing	2026-09-13T07:55:15.3554698Z Unpacking libavfilter11:amd64 (7:8.0.1-3ubuntu2) ...
compare	Build, verify native launch, calibrate cells and compare processing	2026-09-13T07:55:15.4346501Z Selecting previously unselected package libbrotli-dev:amd64.
compare	Build, verify native launch, calibrate cells and compare processing	2026-09-13T07:55:15.4370340Z Preparing to unpack .../304-libbrotli-dev_1.2.0-3build1_amd64.deb ...
compare	Build, verify native launch, calibrate cells and compare processing	2026-09-13T07:55:15.4379493Z Unpacking libbrotli-dev:amd64 (1.2.0-3build1) ...
compare	Build, verify native launch, calibrate cells and compare processing	2026-09-13T07:55:15.4589670Z Selecting previously unselected package libbz2-dev:amd64.
compare	Build, verify native launch, calibrate cells and compare processing	2026-09-13T07:55:15.4613102Z Preparing to unpack .../305-libbz2-dev_1.0.8-6ubuntu0.1_amd64.deb ...
compare	Build, verify native launch, calibrate cells and compare processing	2026-09-13T07:55:15.4621609Z Unpacking libbz2-dev:amd64 (1.0.8-6ubuntu0.1) ...
compare	Build, verify native launch, calibrate cells and compare processing	2026-09-13T07:55:15.4776864Z Selecting previously unselected package libdisplay-info3:amd64.
compare	Build, verify native launch, calibrate cells and compare processing	2026-09-13T07:55:15.4800869Z Preparing to unpack .../306-libdisplay-info3_0.3.0-1_amd64.deb ...
compare	Build, verify native launch, calibrate cells and compare processing	2026-09-13T07:55:15.4812665Z Unpacking libdisplay-info3:amd64 (0.3.0-1) ...
compare	Build, verify native launch, calibrate cells and compare processing	2026-09-13T07:55:15.4972572Z Selecting previously unselected package libexpat1-dev:amd64.
compare	Build, verify native launch, calibrate cells and compare processing	2026-09-13T07:55:15.4997704Z Preparing to unpack .../307-libexpat1-dev_2.7.4-1_amd64.deb ...
compare	Build, verify native launch, calibrate cells and compare processing	2026-09-13T07:55:15.5007279Z Unpacking libexpat1-dev:amd64 (2.7.4-1) ...
compare	Build, verify native launch, calibrate cells and compare processing	2026-09-13T07:55:15.5211827Z Selecting previously unselected package libfftw3-single3:amd64.
compare	Build, verify native launch, calibrate cells and compare processing	2026-09-13T07:55:15.5235780Z Preparing to unpack .../308-libfftw3-single3_3.3.10-2fakesync1build3_amd64.deb ...
compare	Build, verify native launch, calibrate cells and compare processing	2026-09-13T07:55:15.5245795Z Unpacking libfftw3-single3:amd64 (3.3.10-2fakesync1build3) ...
compare	Build, verify native launch, calibrate cells and compare processing	2026-09-13T07:55:15.5564913Z Selecting previously unselected package libflac14:amd64.
compare	Build, verify native launch, calibrate cells and compare processing	2026-09-13T07:55:15.5588604Z Preparing to unpack .../309-libflac14_1.5.0+ds-5_amd64.deb ...
compare	Build, verify native launch, calibrate cells and compare processing	2026-09-13T07:55:15.5598409Z Unpacking libflac14:amd64 (1.5.0+ds-5) ...
compare	Build, verify native launch, calibrate cells and compare processing	2026-09-13T07:55:15.5755833Z Selecting previously unselected package zlib1g-dev:amd64.
compare	Build, verify native launch, calibrate cells and compare processing	2026-09-13T07:55:15.5779446Z Preparing to unpack .../310-zlib1g-dev_1%3a1.3.dfsg+really1.3.1-1ubuntu3.1_amd64.deb ...
compare	Build, verify native launch, calibrate cells and compare processing	2026-09-13T07:55:15.5788120Z Unpacking zlib1g-dev:amd64 (1:1.3.dfsg+really1.3.1-1ubuntu3.1) ...
compare	Build, verify native launch, calibrate cells and compare processing	2026-09-13T07:55:15.5967096Z Selecting previously unselected package libpng-dev:amd64.
compare	Build, verify native launch, calibrate cells and compare processing	2026-09-13T07:55:15.5991317Z Preparing to unpack .../311-libpng-dev_1.6.57-1_amd64.deb ...
compare	Build, verify native launch, calibrate cells and compare processing	2026-09-13T07:55:15.6000009Z Unpacking libpng-dev:amd64 (1.6.57-1) ...
compare	Build, verify native launch, calibrate cells and compare processing	2026-09-13T07:55:15.6199735Z Selecting previously unselected package libfreetype-dev:amd64.
compare	Build, verify native launch, calibrate cells and compare processing	2026-09-13T07:55:15.6222906Z Preparing to unpack .../312-libfreetype-dev_2.14.2+dfsg-1ubuntu0.1_amd64.deb ...
compare	Build, verify native launch, calibrate cells and compare processing	2026-09-13T07:55:15.6231628Z Unpacking libfreetype-dev:amd64 (2.14.2+dfsg-1ubuntu0.1) ...
compare	Build, verify native launch, calibrate cells and compare processing	2026-09-13T07:55:15.6517855Z Selecting previously unselected package uuid-dev:amd64.
compare	Build, verify native launch, calibrate cells and compare processing	2026-09-13T07:55:15.6540817Z Preparing to unpack .../313-uuid-dev_2.41.3-3ubuntu2.2_amd64.deb ...
compare	Build, verify native launch, calibrate cells and compare processing	2026-09-13T07:55:15.6555205Z Unpacking uuid-dev:amd64 (2.41.3-3ubuntu2.2) ...
compare	Build, verify native launch, calibrate cells and compare processing	2026-09-13T07:55:15.6751376Z Selecting previously unselected package libpkgconf7:amd64.
compare	Build, verify native launch, calibrate cells and compare processing	2026-09-13T07:55:15.6774685Z Preparing to unpack .../314-libpkgconf7_2.5.1-4_amd64.deb ...
compare	Build, verify native launch, calibrate cells and compare processing	2026-09-13T07:55:15.6784984Z Unpacking libpkgconf7:amd64 (2.5.1-4) ...
compare	Build, verify native launch, calibrate cells and compare processing	2026-09-13T07:55:15.6929620Z Selecting previously unselected package pkgconf-bin.
compare	Build, verify native launch, calibrate cells and compare processing	2026-09-13T07:55:15.6952841Z Preparing to unpack .../315-pkgconf-bin_2.5.1-4_amd64.deb ...
compare	Build, verify native launch, calibrate cells and compare processing	2026-09-13T07:55:15.6961765Z Unpacking pkgconf-bin (2.5.1-4) ...
compare	Build, verify native launch, calibrate cells and compare processing	2026-09-13T07:55:15.7119100Z Selecting previously unselected package pkgconf:amd64.
compare	Build, verify native launch, calibrate cells and compare processing	2026-09-13T07:55:15.7142310Z Preparing to unpack .../316-pkgconf_2.5.1-4_amd64.deb ...
compare	Build, verify native launch, calibrate cells and compare processing	2026-09-13T07:55:15.7163298Z Unpacking pkgconf:amd64 (2.5.1-4) ...
compare	Build, verify native launch, calibrate cells and compare processing	2026-09-13T07:55:15.7310219Z Selecting previously unselected package libfontconfig-dev:amd64.
compare	Build, verify native launch, calibrate cells and compare processing	2026-09-13T07:55:15.7333005Z Preparing to unpack .../317-libfontconfig-dev_2.17.1-3ubuntu1_amd64.deb ...
compare	Build, verify native launch, calibrate cells and compare processing	2026-09-13T07:55:15.7342329Z Unpacking libfontconfig-dev:amd64 (2.17.1-3ubuntu1) ...
compare	Build, verify native launch, calibrate cells and compare processing	2026-09-13T07:55:15.7509685Z Selecting previously unselected package libfontconfig1-dev:amd64.
compare	Build, verify native launch, calibrate cells and compare processing	2026-09-13T07:55:15.7532820Z Preparing to unpack .../318-libfontconfig1-dev_2.17.1-3ubuntu1_amd64.deb ...
compare	Build, verify native launch, calibrate cells and compare processing	2026-09-13T07:55:15.7541418Z Unpacking libfontconfig1-dev:amd64 (2.17.1-3ubuntu1) ...
compare	Build, verify native launch, calibrate cells and compare processing	2026-09-13T07:55:15.7678824Z Selecting previously unselected package libicu78:amd64.
compare	Build, verify native launch, calibrate cells and compare processing	2026-09-13T07:55:15.7700991Z Preparing to unpack .../319-libicu78_78.2-2ubuntu1_amd64.deb ...
compare	Build, verify native launch, calibrate cells and compare processing	2026-09-13T07:55:15.7710354Z Unpacking libicu78:amd64 (78.2-2ubuntu1) ...
compare	Build, verify native launch, calibrate cells and compare processing	2026-09-13T07:55:15.9201339Z Selecting previously unselected package libwinpr3-3:amd64.
compare	Build, verify native launch, calibrate cells and compare processing	2026-09-13T07:55:15.9224525Z Preparing to unpack .../320-libwinpr3-3_3.31.0+dfsg-0ubuntu0.26.04.1_amd64.deb ...
compare	Build, verify native launch, calibrate cells and compare processing	2026-09-13T07:55:15.9233816Z Unpacking libwinpr3-3:amd64 (3.31.0+dfsg-0ubuntu0.26.04.1) ...
compare	Build, verify native launch, calibrate cells and compare processing	2026-09-13T07:55:15.9449260Z Selecting previously unselected package libxkbfile1:amd64.
compare	Build, verify native launch, calibrate cells and compare processing	2026-09-13T07:55:15.9472311Z Preparing to unpack .../321-libxkbfile1_1%3a1.1.0-1build5_amd64.deb ...
compare	Build, verify native launch, calibrate cells and compare processing	2026-09-13T07:55:15.9481547Z Unpacking libxkbfile1:amd64 (1:1.1.0-1build5) ...
compare	Build, verify native launch, calibrate cells and compare processing	2026-09-13T07:55:15.9655849Z Selecting previously unselected package libfreerdp3-3:amd64.
compare	Build, verify native launch, calibrate cells and compare processing	2026-09-13T07:55:15.9679017Z Preparing to unpack .../322-libfreerdp3-3_3.31.0+dfsg-0ubuntu0.26.04.1_amd64.deb ...
compare	Build, verify native launch, calibrate cells and compare processing	2026-09-13T07:55:15.9751039Z Unpacking libfreerdp3-3:amd64 (3.31.0+dfsg-0ubuntu0.26.04.1) ...
compare	Build, verify native launch, calibrate cells and compare processing	2026-09-13T07:55:16.0008174Z Selecting previously unselected package libfreerdp-server3-3:amd64.
compare	Build, verify native launch, calibrate cells and compare processing	2026-09-13T07:55:16.0032010Z Preparing to unpack .../323-libfreerdp-server3-3_3.31.0+dfsg-0ubuntu0.26.04.1_amd64.deb ...
compare	Build, verify native launch, calibrate cells and compare processing	2026-09-13T07:55:16.0100845Z Unpacking libfreerdp-server3-3:amd64 (3.31.0+dfsg-0ubuntu0.26.04.1) ...
compare	Build, verify native launch, calibrate cells and compare processing	2026-09-13T07:55:16.0251480Z Selecting previously unselected package libwacom-common.
compare	Build, verify native launch, calibrate cells and compare processing	2026-09-13T07:55:16.0275589Z Preparing to unpack .../324-libwacom-common_2.18.0-1_all.deb ...
compare	Build, verify native launch, calibrate cells and compare processing	2026-09-13T07:55:16.0285649Z Unpacking libwacom-common (2.18.0-1) ...
compare	Build, verify native launch, calibrate cells and compare processing	2026-09-13T07:55:16.1426533Z Selecting previously unselected package libwacom9:amd64.
compare	Build, verify native launch, calibrate cells and compare processing	2026-09-13T07:55:16.1453334Z Preparing to unpack .../325-libwacom9_2.18.0-1_amd64.deb ...
compare	Build, verify native launch, calibrate cells and compare processing	2026-09-13T07:55:16.1465339Z Unpacking libwacom9:amd64 (2.18.0-1) ...
compare	Build, verify native launch, calibrate cells and compare processing	2026-09-13T07:55:16.1612500Z Selecting previously unselected package libinput-bin.
compare	Build, verify native launch, calibrate cells and compare processing	2026-09-13T07:55:16.1637504Z Preparing to unpack .../326-libinput-bin_1.31.1-1ubuntu1.1_amd64.deb ...
compare	Build, verify native launch, calibrate cells and compare processing	2026-09-13T07:55:16.1649288Z Unpacking libinput-bin (1.31.1-1ubuntu1.1) ...
compare	Build, verify native launch, calibrate cells and compare processing	2026-09-13T07:55:16.1879449Z Selecting previously unselected package libmtdev1t64:amd64.
compare	Build, verify native launch, calibrate cells and compare processing	2026-09-13T07:55:16.1904151Z Preparing to unpack .../327-libmtdev1t64_1.1.7-1build1_amd64.deb ...
compare	Build, verify native launch, calibrate cells and compare processing	2026-09-13T07:55:16.1917468Z Unpacking libmtdev1t64:amd64 (1.1.7-1build1) ...
compare	Build, verify native launch, calibrate cells and compare processing	2026-09-13T07:55:16.2084478Z Selecting previously unselected package libinput10:amd64.
compare	Build, verify native launch, calibrate cells and compare processing	2026-09-13T07:55:16.2110589Z Preparing to unpack .../328-libinput10_1.31.1-1ubuntu1.1_amd64.deb ...
compare	Build, verify native launch, calibrate cells and compare processing	2026-09-13T07:55:16.2122157Z Unpacking libinput10:amd64 (1.31.1-1ubuntu1.1) ...
compare	Build, verify native launch, calibrate cells and compare processing	2026-09-13T07:55:16.2297035Z Selecting previously unselected package libturbojpeg0:amd64.
compare	Build, verify native launch, calibrate cells and compare processing	2026-09-13T07:55:16.2321213Z Preparing to unpack .../329-libturbojpeg0_1%3a2.1.5-4ubuntu4_amd64.deb ...
compare	Build, verify native launch, calibrate cells and compare processing	2026-09-13T07:55:16.2332730Z Unpacking libturbojpeg0:amd64 (1:2.1.5-4ubuntu4) ...
compare	Build, verify native launch, calibrate cells and compare processing	2026-09-13T07:55:16.2510044Z Selecting previously unselected package libneatvnc0:amd64.
compare	Build, verify native launch, calibrate cells and compare processing	2026-09-13T07:55:16.2534258Z Preparing to unpack .../330-libneatvnc0_0.9.1+dfsg-1build1_amd64.deb ...
compare	Build, verify native launch, calibrate cells and compare processing	2026-09-13T07:55:16.2544060Z Unpacking libneatvnc0:amd64 (0.9.1+dfsg-1build1) ...
compare	Build, verify native launch, calibrate cells and compare processing	2026-09-13T07:55:16.2740797Z Selecting previously unselected package libsndfile1:amd64.
compare	Build, verify native launch, calibrate cells and compare processing	2026-09-13T07:55:16.2766653Z Preparing to unpack .../331-libsndfile1_1.2.2-4_amd64.deb ...
compare	Build, verify native launch, calibrate cells and compare processing	2026-09-13T07:55:16.2776397Z Unpacking libsndfile1:amd64 (1.2.2-4) ...
compare	Build, verify native launch, calibrate cells and compare processing	2026-09-13T07:55:16.2957136Z Selecting previously unselected package libwebrtc-audio-processing-1-3:amd64.
compare	Build, verify native launch, calibrate cells and compare processing	2026-09-13T07:55:16.2981388Z Preparing to unpack .../332-libwebrtc-audio-processing-1-3_1.3-3build2_amd64.deb ...
compare	Build, verify native launch, calibrate cells and compare processing	2026-09-13T07:55:16.2989930Z Unpacking libwebrtc-audio-processing-1-3:amd64 (1.3-3build2) ...
compare	Build, verify native launch, calibrate cells and compare processing	2026-09-13T07:55:16.3181080Z Selecting previously unselected package libspa-0.2-modules:amd64.
compare	Build, verify native launch, calibrate cells and compare processing	2026-09-13T07:55:16.3207606Z Preparing to unpack .../333-libspa-0.2-modules_1.6.2-1ubuntu1.1_amd64.deb ...
compare	Build, verify native launch, calibrate cells and compare processing	2026-09-13T07:55:16.3217562Z Unpacking libspa-0.2-modules:amd64 (1.6.2-1ubuntu1.1) ...
compare	Build, verify native launch, calibrate cells and compare processing	2026-09-13T07:55:16.3556229Z Selecting previously unselected package libpipewire-0.3-0t64:amd64.
compare	Build, verify native launch, calibrate cells and compare processing	2026-09-13T07:55:16.3580667Z Preparing to unpack .../334-libpipewire-0.3-0t64_1.6.2-1ubuntu1.1_amd64.deb ...
compare	Build, verify native launch, calibrate cells and compare processing	2026-09-13T07:55:16.3596330Z Unpacking libpipewire-0.3-0t64:amd64 (1.6.2-1ubuntu1.1) ...
compare	Build, verify native launch, calibrate cells and compare processing	2026-09-13T07:55:16.3906748Z Selecting previously unselected package libseat1:amd64.
compare	Build, verify native launch, calibrate cells and compare processing	2026-09-13T07:55:16.3931108Z Preparing to unpack .../335-libseat1_0.9.2-2_amd64.deb ...
compare	Build, verify native launch, calibrate cells and compare processing	2026-09-13T07:55:16.3941690Z Unpacking libseat1:amd64 (0.9.2-2) ...
compare	Build, verify native launch, calibrate cells and compare processing	2026-09-13T07:55:16.4117382Z Selecting previously unselected package libwayland-server0:amd64.
compare	Build, verify native launch, calibrate cells and compare processing	2026-09-13T07:55:16.4141625Z Preparing to unpack .../336-libwayland-server0_1.24.0-2_amd64.deb ...
compare	Build, verify native launch, calibrate cells and compare processing	2026-09-13T07:55:16.4152144Z Unpacking libwayland-server0:amd64 (1.24.0-2) ...
compare	Build, verify native launch, calibrate cells and compare processing	2026-09-13T07:55:16.4418922Z Selecting previously unselected package libxcb-composite0:amd64.
compare	Build, verify native launch, calibrate cells and compare processing	2026-09-13T07:55:16.4443283Z Preparing to unpack .../337-libxcb-composite0_1.17.0-2ubuntu1_amd64.deb ...
compare	Build, verify native launch, calibrate cells and compare processing	2026-09-13T07:55:16.4453155Z Unpacking libxcb-composite0:amd64 (1.17.0-2ubuntu1) ...
compare	Build, verify native launch, calibrate cells and compare processing	2026-09-13T07:55:16.4610273Z Selecting previously unselected package libweston-14-0:amd64.
compare	Build, verify native launch, calibrate cells and compare processing	2026-09-13T07:55:16.4634348Z Preparing to unpack .../338-libweston-14-0_14.0.2-5_amd64.deb ...
compare	Build, verify native launch, calibrate cells and compare processing	2026-09-13T07:55:16.4645821Z Unpacking libweston-14-0:amd64 (14.0.2-5) ...
compare	Build, verify native launch, calibrate cells and compare processing	2026-09-13T07:55:16.4881726Z Selecting previously unselected package x11-common.
compare	Build, verify native launch, calibrate cells and compare processing	2026-09-13T07:55:16.4906735Z Preparing to unpack .../339-x11-common_1%3a7.7+26ubuntu1_all.deb ...
compare	Build, verify native launch, calibrate cells and compare processing	2026-09-13T07:55:16.4932335Z Unpacking x11-common (1:7.7+26ubuntu1) ...
compare	Build, verify native launch, calibrate cells and compare processing	2026-09-13T07:55:16.5103147Z Selecting previously unselected package libxtst6:amd64.
compare	Build, verify native launch, calibrate cells and compare processing	2026-09-13T07:55:16.5127271Z Preparing to unpack .../340-libxtst6_2%3a1.2.5-1build1_amd64.deb ...
compare	Build, verify native launch, calibrate cells and compare processing	2026-09-13T07:55:16.5138092Z Unpacking libxtst6:amd64 (2:1.2.5-1build1) ...
compare	Build, verify native launch, calibrate cells and compare processing	2026-09-13T07:55:16.5327746Z Selecting previously unselected package pkg-config:amd64.
compare	Build, verify native launch, calibrate cells and compare processing	2026-09-13T07:55:16.5352290Z Preparing to unpack .../341-pkg-config_2.5.1-4_amd64.deb ...
compare	Build, verify native launch, calibrate cells and compare processing	2026-09-13T07:55:16.5372781Z Unpacking pkg-config:amd64 (2.5.1-4) ...
compare	Build, verify native launch, calibrate cells and compare processing	2026-09-13T07:55:16.5529582Z Selecting previously unselected package weston.
compare	Build, verify native launch, calibrate cells and compare processing	2026-09-13T07:55:16.5555584Z Preparing to unpack .../342-weston_14.0.2-5_amd64.deb ...
compare	Build, verify native launch, calibrate cells and compare processing	2026-09-13T07:55:16.5567579Z Unpacking weston (14.0.2-5) ...
compare	Build, verify native launch, calibrate cells and compare processing	2026-09-13T07:55:16.5966817Z Selecting previously unselected package libxdo3:amd64.
compare	Build, verify native launch, calibrate cells and compare processing	2026-09-13T07:55:16.5991675Z Preparing to unpack .../343-libxdo3_1%3a3.20160805.1-5.1build1_amd64.deb ...
compare	Build, verify native launch, calibrate cells and compare processing	2026-09-13T07:55:16.6004476Z Unpacking libxdo3:amd64 (1:3.20160805.1-5.1build1) ...
compare	Build, verify native launch, calibrate cells and compare processing	2026-09-13T07:55:16.6150885Z Selecting previously unselected package xdotool.
compare	Build, verify native launch, calibrate cells and compare processing	2026-09-13T07:55:16.6175638Z Preparing to unpack .../344-xdotool_1%3a3.20160805.1-5.1build1_amd64.deb ...
compare	Build, verify native launch, calibrate cells and compare processing	2026-09-13T07:55:16.6184311Z Unpacking xdotool (1:3.20160805.1-5.1build1) ...
compare	Build, verify native launch, calibrate cells and compare processing	2026-09-13T07:55:16.6481548Z Setting up libgme0:amd64 (0.6.4-1) ...
compare	Build, verify native launch, calibrate cells and compare processing	2026-09-13T07:55:16.6535240Z Setting up libchromaprint1:amd64 (1.6.0-2build1) ...
compare	Build, verify native launch, calibrate cells and compare processing	2026-09-13T07:55:16.6565085Z Setting up libhwy1t64:amd64 (1.3.0-2) ...
compare	Build, verify native launch, calibrate cells and compare processing	2026-09-13T07:55:16.6589569Z Setting up media-types (14.0.0build1) ...
compare	Build, verify native launch, calibrate cells and compare processing	2026-09-13T07:55:16.6622030Z Setting up libgraphite2-3:amd64 (1.3.14-11ubuntu1.1) ...
compare	Build, verify native launch, calibrate cells and compare processing	2026-09-13T07:55:16.6648914Z Setting up liblcms2-2:amd64 (2.17-1ubuntu0.2) ...
compare	Build, verify native launch, calibrate cells and compare processing	2026-09-13T07:55:16.6678019Z Setting up libpixman-1-0:amd64 (0.46.4-1) ...
compare	Build, verify native launch, calibrate cells and compare processing	2026-09-13T07:55:16.6701791Z Setting up libdvdread8t64:amd64 (7.0.1-1) ...
compare	Build, verify native launch, calibrate cells and compare processing	2026-09-13T07:55:16.6724489Z Setting up libnorm1t64:amd64 (1.5.9+dfsg-4) ...
compare	Build, verify native launch, calibrate cells and compare processing	2026-09-13T07:55:16.6759244Z Setting up libsharpyuv0:amd64 (1.5.0-0.1build1) ...
compare	Build, verify native launch, calibrate cells and compare processing	2026-09-13T07:55:16.6796933Z Setting up libaom3:amd64 (3.13.1-2) ...
compare	Build, verify native launch, calibrate cells and compare processing	2026-09-13T07:55:16.6817984Z Setting up libpciaccess0:amd64 (0.18.1-1ubuntu4.1) ...
compare	Build, verify native launch, calibrate cells and compare processing	2026-09-13T07:55:16.6843159Z Setting up librabbitmq4:amd64 (0.15.0-1ubuntu0.26.04.2) ...
compare	Build, verify native launch, calibrate cells and compare processing	2026-09-13T07:55:16.6865164Z Setting up systemd-sysv (259.5-0ubuntu3.4) ...
compare	Build, verify native launch, calibrate cells and compare processing	2026-09-13T07:55:16.6903259Z Setting up libxau6:amd64 (1:1.0.11-1build2) ...
compare	Build, verify native launch, calibrate cells and compare processing	2026-09-13T07:55:16.6928740Z Setting up libxdmcp6:amd64 (1:1.1.5-2) ...
compare	Build, verify native launch, calibrate cells and compare processing	2026-09-13T07:55:16.6955378Z Setting up libkeyutils1:amd64 (1.6.3-6ubuntu3) ...
compare	Build, verify native launch, calibrate cells and compare processing	2026-09-13T07:55:16.6982141Z Setting up lto-disabled-list (79) ...
compare	Build, verify native launch, calibrate cells and compare processing	2026-09-13T07:55:16.7006136Z Setting up libapparmor1:amd64 (5.0.2-0ubuntu1~26.04.1) ...
compare	Build, verify native launch, calibrate cells and compare processing	2026-09-13T07:55:16.7036720Z Setting up libxcb1:amd64 (1.17.0-2ubuntu1) ...
compare	Build, verify native launch, calibrate cells and compare processing	2026-09-13T07:55:16.7068478Z Setting up libsodium23:amd64 (1.0.18-2) ...
compare	Build, verify native launch, calibrate cells and compare processing	2026-09-13T07:55:16.7096431Z Setting up libudfread3:amd64 (1.2.0-2) ...
compare	Build, verify native launch, calibrate cells and compare processing	2026-09-13T07:55:16.7130539Z Setting up libxcb-xfixes0:amd64 (1.17.0-2ubuntu1) ...
compare	Build, verify native launch, calibrate cells and compare processing	2026-09-13T07:55:16.7156181Z Setting up libogg0:amd64 (1.3.6-2) ...
compare	Build, verify native launch, calibrate cells and compare processing	2026-09-13T07:55:16.7183206Z Setting up liblerc4:amd64 (4.0.0+ds-5ubuntu2) ...
compare	Build, verify native launch, calibrate cells and compare processing	2026-09-13T07:55:16.7207820Z Setting up libspeex1:amd64 (1.2.1-3build1) ...
compare	Build, verify native launch, calibrate cells and compare processing	2026-09-13T07:55:16.7232349Z Setting up libgdbm6t64:amd64 (1.26-1build1) ...
compare	Build, verify native launch, calibrate cells and compare processing	2026-09-13T07:55:16.7259744Z Setting up libshine3:amd64 (3.1.1-3build1) ...
compare	Build, verify native launch, calibrate cells and compare processing	2026-09-13T07:55:16.7285029Z Setting up libvpl2 (1:2.16.0-1) ...
compare	Build, verify native launch, calibrate cells and compare processing	2026-09-13T07:55:16.7309964Z Setting up hicolor-icon-theme (0.18-2build1) ...
compare	Build, verify native launch, calibrate cells and compare processing	2026-09-13T07:55:16.7551367Z Setting up libtwolame0:amd64 (0.4.0-2build4) ...
compare	Build, verify native launch, calibrate cells and compare processing	2026-09-13T07:55:16.7584447Z Setting up libdatrie1:amd64 (0.2.14-1) ...
compare	Build, verify native launch, calibrate cells and compare processing	2026-09-13T07:55:16.7619014Z Setting up libgdbm-compat4t64:amd64 (1.26-1build1) ...
compare	Build, verify native launch, calibrate cells and compare processing	2026-09-13T07:55:16.7653698Z Setting up fonts-noto-color-emoji (2.051-1build1) ...
compare	Build, verify native launch, calibrate cells and compare processing	2026-09-13T07:55:16.7684474Z Setting up libgsm1:amd64 (1.0.23-2) ...
compare	Build, verify native launch, calibrate cells and compare processing	2026-09-13T07:55:16.7708080Z Setting up libaml0t64:amd64 (0.3.0-3build1) ...
compare	Build, verify native launch, calibrate cells and compare processing	2026-09-13T07:55:16.7757070Z Setting up libxcb-render0:amd64 (1.17.0-2ubuntu1) ...
compare	Build, verify native launch, calibrate cells and compare processing	2026-09-13T07:55:16.7780107Z Setting up libzix-0-0:amd64 (0.8.0-1) ...
compare	Build, verify native launch, calibrate cells and compare processing	2026-09-13T07:55:16.7806679Z Setting up libx264-165:amd64 (2:0.165.3222+gitb35605ac-3build1) ...
compare	Build, verify native launch, calibrate cells and compare processing	2026-09-13T07:55:16.7830023Z Setting up libglvnd0:amd64 (1.7.0-3) ...
compare	Build, verify native launch, calibrate cells and compare processing	2026-09-13T07:55:16.7853028Z Setting up libxml2-16:amd64 (2.15.2+dfsg-0.1ubuntu0.1) ...
compare	Build, verify native launch, calibrate cells and compare processing	2026-09-13T07:55:16.7880193Z Setting up libdisplay-info3:amd64 (0.3.0-1) ...
compare	Build, verify native launch, calibrate cells and compare processing	2026-09-13T07:55:16.7904626Z Setting up libcodec2-1.2:amd64 (1.2.0-4) ...
compare	Build, verify native launch, calibrate cells and compare processing	2026-09-13T07:55:16.7928895Z Setting up libxcb-glx0:amd64 (1.17.0-2ubuntu1) ...
compare	Build, verify native launch, calibrate cells and compare processing	2026-09-13T07:55:16.7955490Z Setting up libbrotli1:amd64 (1.2.0-3build1) ...
compare	Build, verify native launch, calibrate cells and compare processing	2026-09-13T07:55:16.7977816Z Setting up libedit2:amd64 (3.1-20251016-1) ...
compare	Build, verify native launch, calibrate cells and compare processing	2026-09-13T07:55:16.8017036Z Setting up fonts-noto-cjk (1:20240730+repack1-1build1) ...
compare	Build, verify native launch, calibrate cells and compare processing	2026-09-13T07:55:16.8110246Z Setting up libsqlite3-0:amd64 (3.46.1-9ubuntu0.2) ...
compare	Build, verify native launch, calibrate cells and compare processing	2026-09-13T07:55:16.8134534Z Setting up libpkgconf7:amd64 (2.5.1-4) ...
compare	Build, verify native launch, calibrate cells and compare processing	2026-09-13T07:55:16.8158643Z Setting up libgdk-pixbuf2.0-common (2.44.5+dfsg-4ubuntu1) ...
compare	Build, verify native launch, calibrate cells and compare processing	2026-09-13T07:55:16.8179792Z Setting up libmysofa1:amd64 (1.3.3+dfsg-1ubuntu2) ...
compare	Build, verify native launch, calibrate cells and compare processing	2026-09-13T07:55:16.8209960Z Setting up binutils-common:amd64 (2.46-3ubuntu2) ...
compare	Build, verify native launch, calibrate cells and compare processing	2026-09-13T07:55:16.8233313Z Setting up x11-common (1:7.7+26ubuntu1) ...
compare	Build, verify native launch, calibrate cells and compare processing	2026-09-13T07:55:16.8983316Z invoke-rc.d: could not determine current runlevel
compare	Build, verify native launch, calibrate cells and compare processing	2026-09-13T07:55:16.9028836Z invoke-rc.d: policy-rc.d denied execution of start.
compare	Build, verify native launch, calibrate cells and compare processing	2026-09-13T07:55:16.9065964Z Setting up libsensors-config (1:3.6.2-2build1) ...
compare	Build, verify native launch, calibrate cells and compare processing	2026-09-13T07:55:16.9104601Z Setting up libnghttp2-14:amd64 (1.68.0-2ubuntu0.2) ...
compare	Build, verify native launch, calibrate cells and compare processing	2026-09-13T07:55:16.9128962Z Setting up libsframe3:amd64 (2.46-3ubuntu2) ...
compare	Build, verify native launch, calibrate cells and compare processing	2026-09-13T07:55:16.9150812Z Setting up libdeflate0:amd64 (1.23-2ubuntu1) ...
compare	Build, verify native launch, calibrate cells and compare processing	2026-09-13T07:55:16.9178508Z Setting up linux-libc-dev:amd64 (7.0.0-31.31) ...
compare	Build, verify native launch, calibrate cells and compare processing	2026-09-13T07:55:16.9200999Z Setting up libctf-nobfd0:amd64 (2.46-3ubuntu2) ...
compare	Build, verify native launch, calibrate cells and compare processing	2026-09-13T07:55:16.9227413Z Setting up xkb-data (2.46-2) ...
compare	Build, verify native launch, calibrate cells and compare processing	2026-09-13T07:55:16.9319700Z Setting up liblzo2-2:amd64 (2.10-3build2) ...
compare	Build, verify native launch, calibrate cells and compare processing	2026-09-13T07:55:16.9351625Z Setting up libxcb-shm0:amd64 (1.17.0-2ubuntu1) ...
compare	Build, verify native launch, calibrate cells and compare processing	2026-09-13T07:55:16.9375195Z Setting up libmpg123-0t64:amd64 (1.33.3-2) ...
compare	Build, verify native launch, calibrate cells and compare processing	2026-09-13T07:55:16.9399551Z Setting up libgomp1:amd64 (16-20260322-1ubuntu1) ...
compare	Build, verify native launch, calibrate cells and compare processing	2026-09-13T07:55:16.9425526Z Setting up libcjson1:amd64 (1.7.19-2) ...
compare	Build, verify native launch, calibrate cells and compare processing	2026-09-13T07:55:16.9450193Z Setting up libxvidcore4:amd64 (2:1.3.7-3) ...
compare	Build, verify native launch, calibrate cells and compare processing	2026-09-13T07:55:16.9478262Z Setting up bzip2 (1.0.8-6ubuntu0.1) ...
compare	Build, verify native launch, calibrate cells and compare processing	2026-09-13T07:55:16.9500709Z Setting up libldap-common (2.6.10+dfsg-1ubuntu5) ...
compare	Build, verify native launch, calibrate cells and compare processing	2026-09-13T07:55:16.9540174Z Setting up libturbojpeg0:amd64 (1:2.1.5-4ubuntu4) ...
compare	Build, verify native launch, calibrate cells and compare processing	2026-09-13T07:55:16.9572640Z Setting up libwebrtc-audio-processing-1-3:amd64 (1.3-3build2) ...
compare	Build, verify native launch, calibrate cells and compare processing	2026-09-13T07:55:16.9598809Z Setting up libjbig0:amd64 (2.1-6.1ubuntu3) ...
compare	Build, verify native launch, calibrate cells and compare processing	2026-09-13T07:55:16.9627435Z Setting up libcap2:amd64 (1:2.75-10ubuntu2) ...
compare	Build, verify native launch, calibrate cells and compare processing	2026-09-13T07:55:16.9654192Z Setting up libelf1t64:amd64 (0.194-4) ...
compare	Build, verify native launch, calibrate cells and compare processing	2026-09-13T07:55:16.9683248Z Setting up libtheoraenc2:amd64 (1.2.0+dfsg-6) ...
compare	Build, verify native launch, calibrate cells and compare processing	2026-09-13T07:55:16.9709533Z Setting up libjansson4:amd64 (2.14-2build4) ...
compare	Build, verify native launch, calibrate cells and compare processing	2026-09-13T07:55:16.9735792Z Setting up libsnappy1v5:amd64 (1.2.2-2) ...
compare	Build, verify native launch, calibrate cells and compare processing	2026-09-13T07:55:16.9761431Z Setting up liborc-0.4-0t64:amd64 (1:0.4.42-2) ...
compare	Build, verify native launch, calibrate cells and compare processing	2026-09-13T07:55:16.9804967Z Setting up libfyaml0:amd64 (0.9.4-1) ...
compare	Build, verify native launch, calibrate cells and compare processing	2026-09-13T07:55:16.9927414Z Setting up libxcb-xkb1:amd64 (1.17.0-2ubuntu1) ...
compare	Build, verify native launch, calibrate cells and compare processing	2026-09-13T07:55:16.9961444Z Setting up libkrb5support0:amd64 (1.22.1-2ubuntu4.1) ...
compare	Build, verify native launch, calibrate cells and compare processing	2026-09-13T07:55:16.9985741Z Setting up librav1e0.8:amd64 (0.8.1-7) ...
compare	Build, verify native launch, calibrate cells and compare processing	2026-09-13T07:55:17.0011937Z Setting up libsasl2-modules-db:amd64 (2.1.28+dfsg1-9ubuntu3) ...
compare	Build, verify native launch, calibrate cells and compare processing	2026-09-13T07:55:17.0042699Z Setting up tzdata (2026c-0ubuntu0.26.04.1) ...
compare	Build, verify native launch, calibrate cells and compare processing	2026-09-13T07:55:17.0817723Z 
compare	Build, verify native launch, calibrate cells and compare processing	2026-09-13T07:55:17.0818233Z Current default time zone: 'Etc/UTC'
compare	Build, verify native launch, calibrate cells and compare processing	2026-09-13T07:55:17.0893848Z Local time is now:      Sun Sep 13 07:55:17 UTC 2026.
compare	Build, verify native launch, calibrate cells and compare processing	2026-09-13T07:55:17.0894527Z Universal Time is now:  Sun Sep 13 07:55:17 UTC 2026.
compare	Build, verify native launch, calibrate cells and compare processing	2026-09-13T07:55:17.0894952Z Run 'dpkg-reconfigure tzdata' if you wish to change it.
compare	Build, verify native launch, calibrate cells and compare processing	2026-09-13T07:55:17.0895215Z 
compare	Build, verify native launch, calibrate cells and compare processing	2026-09-13T07:55:17.0995391Z Setting up libicu78:amd64 (78.2-2ubuntu1) ...
compare	Build, verify native launch, calibrate cells and compare processing	2026-09-13T07:55:17.1018671Z Setting up libcap2-bin (1:2.75-10ubuntu2) ...
compare	Build, verify native launch, calibrate cells and compare processing	2026-09-13T07:55:17.1042071Z Setting up libxcb-present0:amd64 (1.17.0-2ubuntu1) ...
compare	Build, verify native launch, calibrate cells and compare processing	2026-09-13T07:55:17.1066970Z Setting up libasound2-data (1.2.15.3-1ubuntu1.1) ...
compare	Build, verify native launch, calibrate cells and compare processing	2026-09-13T07:55:17.1091262Z Setting up libvpx12:amd64 (1.16.0-3) ...
compare	Build, verify native launch, calibrate cells and compare processing	2026-09-13T07:55:17.1116129Z Setting up libpgm-5.3-0t64:amd64 (5.3.128~dfsg-2.1build2) ...
compare	Build, verify native launch, calibrate cells and compare processing	2026-09-13T07:55:17.1138026Z Setting up libnettle8t64:amd64 (3.10.2-1) ...
compare	Build, verify native launch, calibrate cells and compare processing	2026-09-13T07:55:17.1162044Z Setting up rpcsvc-proto (1.4.3-1build1) ...
compare	Build, verify native launch, calibrate cells and compare processing	2026-09-13T07:55:17.1186606Z Setting up libgles2:amd64 (1.7.0-3) ...
compare	Build, verify native launch, calibrate cells and compare processing	2026-09-13T07:55:17.1210392Z Setting up libasound2t64:amd64 (1.2.15.3-1ubuntu1.1) ...
compare	Build, verify native launch, calibrate cells and compare processing	2026-09-13T07:55:17.1234025Z Setting up libva2:amd64 (2.23.0-1ubuntu1) ...
compare	Build, verify native launch, calibrate cells and compare processing	2026-09-13T07:55:17.1256900Z Setting up libx11-data (2:1.8.13-1) ...
compare	Build, verify native launch, calibrate cells and compare processing	2026-09-13T07:55:17.1282428Z Setting up make (4.4.1-3) ...
compare	Build, verify native launch, calibrate cells and compare processing	2026-09-13T07:55:17.1307174Z Setting up libsvtav1enc2:amd64 (2.3.0+dfsg-1build1) ...
compare	Build, verify native launch, calibrate cells and compare processing	2026-09-13T07:55:17.1330154Z Setting up libepoxy0:amd64 (1.5.10-2build1) ...
compare	Build, verify native launch, calibrate cells and compare processing	2026-09-13T07:55:17.1357270Z Setting up libmpfr6:amd64 (4.2.2-3) ...
compare	Build, verify native launch, calibrate cells and compare processing	2026-09-13T07:55:17.1381745Z Setting up libxcb-sync1:amd64 (1.17.0-2ubuntu1) ...
compare	Build, verify native launch, calibrate cells and compare processing	2026-09-13T07:55:17.1407507Z Setting up libavahi-common-data:amd64 (0.8-18ubuntu1.1) ...
compare	Build, verify native launch, calibrate cells and compare processing	2026-09-13T07:55:17.1433359Z Setting up libdbus-1-3:amd64 (1.16.2-2ubuntu4) ...
compare	Build, verify native launch, calibrate cells and compare processing	2026-09-13T07:55:17.1457101Z Setting up xz-utils (5.8.3-1) ...
compare	Build, verify native launch, calibrate cells and compare processing	2026-09-13T07:55:17.1498915Z update-alternatives: using /usr/bin/xz to provide /usr/bin/lzma (lzma) in auto mode
compare	Build, verify native launch, calibrate cells and compare processing	2026-09-13T07:55:17.1504020Z update-alternatives: warning: skip creation of /usr/share/man/man1/lzma.1.gz because associated file /usr/share/man/man1/xz.1.gz (of link group lzma) does not exist
compare	Build, verify native launch, calibrate cells and compare processing	2026-09-13T07:55:17.1508244Z update-alternatives: warning: skip creation of /usr/share/man/man1/unlzma.1.gz because associated file /usr/share/man/man1/unxz.1.gz (of link group lzma) does not exist
compare	Build, verify native launch, calibrate cells and compare processing	2026-09-13T07:55:17.1510535Z update-alternatives: warning: skip creation of /usr/share/man/man1/lzcat.1.gz because associated file /usr/share/man/man1/xzcat.1.gz (of link group lzma) does not exist
compare	Build, verify native launch, calibrate cells and compare processing	2026-09-13T07:55:17.1513134Z update-alternatives: warning: skip creation of /usr/share/man/man1/lzmore.1.gz because associated file /usr/share/man/man1/xzmore.1.gz (of link group lzma) does not exist
compare	Build, verify native launch, calibrate cells and compare processing	2026-09-13T07:55:17.1516216Z update-alternatives: warning: skip creation of /usr/share/man/man1/lzless.1.gz because associated file /usr/share/man/man1/xzless.1.gz (of link group lzma) does not exist
compare	Build, verify native launch, calibrate cells and compare processing	2026-09-13T07:55:17.1518407Z update-alternatives: warning: skip creation of /usr/share/man/man1/lzdiff.1.gz because associated file /usr/share/man/man1/xzdiff.1.gz (of link group lzma) does not exist
compare	Build, verify native launch, calibrate cells and compare processing	2026-09-13T07:55:17.1519676Z update-alternatives: warning: skip creation of /usr/share/man/man1/lzcmp.1.gz because associated file /usr/share/man/man1/xzcmp.1.gz (of link group lzma) does not exist
compare	Build, verify native launch, calibrate cells and compare processing	2026-09-13T07:55:17.1521571Z update-alternatives: warning: skip creation of /usr/share/man/man1/lzgrep.1.gz because associated file /usr/share/man/man1/xzgrep.1.gz (of link group lzma) does not exist
compare	Build, verify native launch, calibrate cells and compare processing	2026-09-13T07:55:17.1523302Z update-alternatives: warning: skip creation of /usr/share/man/man1/lzegrep.1.gz because associated file /usr/share/man/man1/xzegrep.1.gz (of link group lzma) does not exist
compare	Build, verify native launch, calibrate cells and compare processing	2026-09-13T07:55:17.1524624Z update-alternatives: warning: skip creation of /usr/share/man/man1/lzfgrep.1.gz because associated file /usr/share/man/man1/xzfgrep.1.gz (of link group lzma) does not exist
compare	Build, verify native launch, calibrate cells and compare processing	2026-09-13T07:55:17.1568624Z Setting up libfribidi0:amd64 (1.0.16-5) ...
compare	Build, verify native launch, calibrate cells and compare processing	2026-09-13T07:55:17.1592878Z Setting up libopus0:amd64 (1.6.1-1) ...
compare	Build, verify native launch, calibrate cells and compare processing	2026-09-13T07:55:17.1618320Z Setting up libquadmath0:amd64 (16-20260322-1ubuntu1) ...
compare	Build, verify native launch, calibrate cells and compare processing	2026-09-13T07:55:17.1644389Z Setting up libunistring5:amd64 (1.3-2build1) ...
compare	Build, verify native launch, calibrate cells and compare processing	2026-09-13T07:55:17.1668467Z Setting up fonts-dejavu-mono (2.37-8build1) ...
compare	Build, verify native launch, calibrate cells and compare processing	2026-09-13T07:55:17.1728503Z Setting up libpng16-16t64:amd64 (1.6.57-1) ...
compare	Build, verify native launch, calibrate cells and compare processing	2026-09-13T07:55:17.1756538Z Setting up libmpc3:amd64 (1.3.1-3) ...
compare	Build, verify native launch, calibrate cells and compare processing	2026-09-13T07:55:17.1780403Z Setting up libatomic1:amd64 (16-20260322-1ubuntu1) ...
compare	Build, verify native launch, calibrate cells and compare processing	2026-09-13T07:55:17.1805087Z Setting up libvorbis0a:amd64 (1.3.7-3build2) ...
compare	Build, verify native launch, calibrate cells and compare processing	2026-09-13T07:55:17.1829430Z Setting up patch (2.8-2build1) ...
compare	Build, verify native launch, calibrate cells and compare processing	2026-09-13T07:55:17.1858328Z Setting up fonts-dejavu-core (2.37-8build1) ...
compare	Build, verify native launch, calibrate cells and compare processing	2026-09-13T07:55:17.2148643Z Setting up libflac14:amd64 (1.5.0+ds-5) ...
compare	Build, verify native launch, calibrate cells and compare processing	2026-09-13T07:55:17.2177314Z Setting up pkgconf-bin (2.5.1-4) ...
compare	Build, verify native launch, calibrate cells and compare processing	2026-09-13T07:55:17.2214767Z Setting up libsensors5:amd64 (1:3.6.2-2build1) ...
compare	Build, verify native launch, calibrate cells and compare processing	2026-09-13T07:55:17.2245902Z Setting up libk5crypto3:amd64 (1.22.1-2ubuntu4.1) ...
compare	Build, verify native launch, calibrate cells and compare processing	2026-09-13T07:55:17.2271581Z Setting up libjpeg-turbo8:amd64 (2.1.5-4ubuntu4) ...
compare	Build, verify native launch, calibrate cells and compare processing	2026-09-13T07:55:17.2310619Z Setting up libfftw3-double3:amd64 (3.3.10-2fakesync1build3) ...
compare	Build, verify native launch, calibrate cells and compare processing	2026-09-13T07:55:17.2339929Z Setting up libsasl2-2:amd64 (2.1.28+dfsg1-9ubuntu3) ...
compare	Build, verify native launch, calibrate cells and compare processing	2026-09-13T07:55:17.2369220Z Setting up libvulkan1:amd64 (1.4.341.0-1) ...
compare	Build, verify native launch, calibrate cells and compare processing	2026-09-13T07:55:17.2392637Z Setting up libwebp7:amd64 (1.5.0-0.1build1) ...
compare	Build, verify native launch, calibrate cells and compare processing	2026-09-13T07:55:17.2419027Z Setting up libplacebo360:amd64 (7.360.0-3) ...
compare	Build, verify native launch, calibrate cells and compare processing	2026-09-13T07:55:17.2441655Z Setting up libubsan1:amd64 (16-20260322-1ubuntu1) ...
compare	Build, verify native launch, calibrate cells and compare processing	2026-09-13T07:55:17.2473342Z Setting up libffi8:amd64 (3.5.2-4) ...
compare	Build, verify native launch, calibrate cells and compare processing	2026-09-13T07:55:17.2497185Z Setting up libnuma1:amd64 (2.0.19-1build1) ...
compare	Build, verify native launch, calibrate cells and compare processing	2026-09-13T07:55:17.2523973Z Setting up libvidstab1.1:amd64 (1.1.0-2.1) ...
compare	Build, verify native launch, calibrate cells and compare processing	2026-09-13T07:55:17.2547659Z Setting up libxcb-composite0:amd64 (1.17.0-2ubuntu1) ...
compare	Build, verify native launch, calibrate cells and compare processing	2026-09-13T07:55:17.2574453Z Setting up libflite1:amd64 (2.2-7build1) ...
compare	Build, verify native launch, calibrate cells and compare processing	2026-09-13T07:55:17.2598807Z Setting up libdav1d7:amd64 (1.5.3-1) ...
compare	Build, verify native launch, calibrate cells and compare processing	2026-09-13T07:55:17.2630164Z Setting up libhogweed6t64:amd64 (3.10.2-1) ...
compare	Build, verify native launch, calibrate cells and compare processing	2026-09-13T07:55:17.2653915Z Setting up libmtdev1t64:amd64 (1.1.7-1build1) ...
compare	Build, verify native launch, calibrate cells and compare processing	2026-09-13T07:55:17.2677864Z Setting up perl-modules-5.40 (5.40.1-7ubuntu0.3) ...
compare	Build, verify native launch, calibrate cells and compare processing	2026-09-13T07:55:17.2707761Z Setting up ocl-icd-libopencl1:amd64 (2.3.4-1) ...
compare	Build, verify native launch, calibrate cells and compare processing	2026-09-13T07:55:17.2730817Z Setting up libxshmfence1:amd64 (1.3.3-1build1) ...
compare	Build, verify native launch, calibrate cells and compare processing	2026-09-13T07:55:17.2756683Z Setting up libhwasan0:amd64 (16-20260322-1ubuntu1) ...
compare	Build, verify native launch, calibrate cells and compare processing	2026-09-13T07:55:17.2803307Z Setting up libcrypt-dev:amd64 (1:4.5.1-1) ...
compare	Build, verify native launch, calibrate cells and compare processing	2026-09-13T07:55:17.2891086Z Setting up libbs2b0:amd64 (3.1.0+dfsg-8build1) ...
compare	Build, verify native launch, calibrate cells and compare processing	2026-09-13T07:55:17.2915505Z Setting up libxcb-randr0:amd64 (1.17.0-2ubuntu1) ...
compare	Build, verify native launch, calibrate cells and compare processing	2026-09-13T07:55:17.2951641Z Setting up dbus-session-bus-common (1.16.2-2ubuntu4) ...
compare	Build, verify native launch, calibrate cells and compare processing	2026-09-13T07:55:17.2983358Z Setting up libasan8:amd64 (16-20260322-1ubuntu1) ...
compare	Build, verify native launch, calibrate cells and compare processing	2026-09-13T07:55:17.3007857Z Setting up libtasn1-6:amd64 (4.21.0-2) ...
compare	Build, verify native launch, calibrate cells and compare processing	2026-09-13T07:55:17.3033050Z Setting up libzimg2:amd64 (3.0.6+ds1-1) ...
compare	Build, verify native launch, calibrate cells and compare processing	2026-09-13T07:55:17.3056571Z Setting up libopenjp2-7:amd64 (2.5.4-1ubuntu0.1) ...
compare	Build, verify native launch, calibrate cells and compare processing	2026-09-13T07:55:17.3083863Z Setting up libx11-6:amd64 (2:1.8.13-1) ...
compare	Build, verify native launch, calibrate cells and compare processing	2026-09-13T07:55:17.3110043Z Setting up libthai-data (0.1.30-1) ...
compare	Build, verify native launch, calibrate cells and compare processing	2026-09-13T07:55:17.3135416Z Setting up netbase (6.5build1) ...
compare	Build, verify native launch, calibrate cells and compare processing	2026-09-13T07:55:17.3204846Z Setting up libkrb5-3:amd64 (1.22.1-2ubuntu4.1) ...
compare	Build, verify native launch, calibrate cells and compare processing	2026-09-13T07:55:17.3228886Z Setting up libunibreak6:amd64 (6.1-3build1) ...
compare	Build, verify native launch, calibrate cells and compare processing	2026-09-13T07:55:17.3258610Z Setting up kitty-terminfo (0.45.0-1build1) ...
compare	Build, verify native launch, calibrate cells and compare processing	2026-09-13T07:55:17.3283961Z Setting up libwayland-egl1:amd64 (1.24.0-2) ...
compare	Build, verify native launch, calibrate cells and compare processing	2026-09-13T07:55:17.3308711Z Setting up libstemmer0d:amd64 (3.0.1-1) ...
compare	Build, verify native launch, calibrate cells and compare processing	2026-09-13T07:55:17.3332074Z Setting up libmbedcrypto16:amd64 (3.6.5-0.1ubuntu2) ...
compare	Build, verify native launch, calibrate cells and compare processing	2026-09-13T07:55:17.3354849Z Setting up libxkbfile1:amd64 (1:1.1.0-1build5) ...
compare	Build, verify native launch, calibrate cells and compare processing	2026-09-13T07:55:17.3378649Z Setting up libssh2-1t64:amd64 (1.11.1-1ubuntu0.26.04.4) ...
compare	Build, verify native launch, calibrate cells and compare processing	2026-09-13T07:55:17.3515702Z Setting up libtsan2:amd64 (16-20260322-1ubuntu1) ...
compare	Build, verify native launch, calibrate cells and compare processing	2026-09-13T07:55:17.3538429Z Setting up kitty-shell-integration (0.45.0-1build1) ...
compare	Build, verify native launch, calibrate cells and compare processing	2026-09-13T07:55:17.3562491Z Setting up libbinutils:amd64 (2.46-3ubuntu2) ...
compare	Build, verify native launch, calibrate cells and compare processing	2026-09-13T07:55:17.3589513Z Setting up dbus-system-bus-common (1.16.2-2ubuntu4) ...
compare	Build, verify native launch, calibrate cells and compare processing	2026-09-13T07:55:17.3645529Z Creating group 'messagebus' with GID 997.
compare	Build, verify native launch, calibrate cells and compare processing	2026-09-13T07:55:17.3646046Z Creating user 'messagebus' (System Message Bus) with UID 997 and GID 997.
compare	Build, verify native launch, calibrate cells and compare processing	2026-09-13T07:55:17.3713752Z Setting up libisl23:amd64 (0.27-1build1) ...
compare	Build, verify native launch, calibrate cells and compare processing	2026-09-13T07:55:17.3752268Z Setting up libc-dev-bin (2.43-2ubuntu2.4) ...
compare	Build, verify native launch, calibrate cells and compare processing	2026-09-13T07:55:17.3777749Z Setting up libx265-215:amd64 (4.1-4) ...
compare	Build, verify native launch, calibrate cells and compare processing	2026-09-13T07:55:17.3800877Z Setting up gcc-15-base:amd64 (15.2.0-16ubuntu1) ...
compare	Build, verify native launch, calibrate cells and compare processing	2026-09-13T07:55:17.3824888Z Setting up libsamplerate0:amd64 (0.2.2-4build2) ...
compare	Build, verify native launch, calibrate cells and compare processing	2026-09-13T07:55:17.3846333Z Setting up openssl (3.5.5-1ubuntu3.5) ...
compare	Build, verify native launch, calibrate cells and compare processing	2026-09-13T07:55:17.3912327Z Setting up libwebpmux3:amd64 (1.5.0-0.1build1) ...
compare	Build, verify native launch, calibrate cells and compare processing	2026-09-13T07:55:17.3936792Z Setting up libdrm-common (2.4.131-1) ...
compare	Build, verify native launch, calibrate cells and compare processing	2026-09-13T07:55:17.3961225Z Setting up libjxl0.11:amd64 (0.11.1-6ubuntu4.2) ...
compare	Build, verify native launch, calibrate cells and compare processing	2026-09-13T07:55:17.3985600Z Setting up libjson-c5:amd64 (0.18+ds-3) ...
compare	Build, verify native launch, calibrate cells and compare processing	2026-09-13T07:55:17.4008513Z Setting up libevdev2:amd64 (1.13.6+dfsg-1) ...
compare	Build, verify native launch, calibrate cells and compare processing	2026-09-13T07:55:17.4056797Z Setting up readline-common (8.3-4) ...
compare	Build, verify native launch, calibrate cells and compare processing	2026-09-13T07:55:17.4104077Z Setting up libcc1-0:amd64 (16-20260322-1ubuntu1) ...
compare	Build, verify native launch, calibrate cells and compare processing	2026-09-13T07:55:17.4128139Z Setting up libldap2:amd64 (2.6.10+dfsg-1ubuntu5) ...
compare	Build, verify native launch, calibrate cells and compare processing	2026-09-13T07:55:17.4149960Z Setting up iso-codes (4.20.1-1) ...
compare	Build, verify native launch, calibrate cells and compare processing	2026-09-13T07:55:17.4176353Z Setting up dbus-bin (1.16.2-2ubuntu4) ...
compare	Build, verify native launch, calibrate cells and compare processing	2026-09-13T07:55:17.4201925Z Setting up libbrotli-dev:amd64 (1.2.0-3build1) ...
compare	Build, verify native launch, calibrate cells and compare processing	2026-09-13T07:55:17.4224543Z Setting up libzvbi-common (0.2.44-1ubuntu2) ...
compare	Build, verify native launch, calibrate cells and compare processing	2026-09-13T07:55:17.4248657Z Setting up liblsan0:amd64 (16-20260322-1ubuntu1) ...
compare	Build, verify native launch, calibrate cells and compare processing	2026-09-13T07:55:17.4273787Z Setting up libmp3lame0:amd64 (3.101~svn6525+dfsg-2) ...
compare	Build, verify native launch, calibrate cells and compare processing	2026-09-13T07:55:17.4300118Z Setting up libitm1:amd64 (16-20260322-1ubuntu1) ...
compare	Build, verify native launch, calibrate cells and compare processing	2026-09-13T07:55:17.4324423Z Setting up libvorbisenc2:amd64 (1.3.7-3build2) ...
compare	Build, verify native launch, calibrate cells and compare processing	2026-09-13T07:55:17.4353571Z Setting up libdvdnav4:amd64 (7.0.0-2) ...
compare	Build, verify native launch, calibrate cells and compare processing	2026-09-13T07:55:17.4379088Z Setting up libserd-0-0:amd64 (0.32.6-1) ...
compare	Build, verify native launch, calibrate cells and compare processing	2026-09-13T07:55:17.4409503Z Setting up libwacom-common (2.18.0-1) ...
compare	Build, verify native launch, calibrate cells and compare processing	2026-09-13T07:55:17.4434172Z Setting up ncurses-term (6.6+20251231-1) ...
compare	Build, verify native launch, calibrate cells and compare processing	2026-09-13T07:55:17.4462332Z Setting up libxkbcommon0:amd64 (1.13.1-1) ...
compare	Build, verify native launch, calibrate cells and compare processing	2026-09-13T07:55:17.4488515Z Setting up libwayland-client0:amd64 (1.24.0-2) ...
compare	Build, verify native launch, calibrate cells and compare processing	2026-09-13T07:55:17.4521313Z Setting up libctf0:amd64 (2.46-3ubuntu2) ...
compare	Build, verify native launch, calibrate cells and compare processing	2026-09-13T07:55:17.4553499Z Setting up libjpeg8:amd64 (8c-2ubuntu12) ...
compare	Build, verify native launch, calibrate cells and compare processing	2026-09-13T07:55:17.4578669Z Setting up libwinpr3-3:amd64 (3.31.0+dfsg-0ubuntu0.26.04.1) ...
compare	Build, verify native launch, calibrate cells and compare processing	2026-09-13T07:55:17.4602506Z Setting up bubblewrap (0.11.1-1ubuntu0.1) ...
compare	Build, verify native launch, calibrate cells and compare processing	2026-09-13T07:55:17.4629116Z Setting up libxcb-dri3-0:amd64 (1.17.0-2ubuntu1) ...
compare	Build, verify native launch, calibrate cells and compare processing	2026-09-13T07:55:17.4653067Z Setting up libwayland-server0:amd64 (1.24.0-2) ...
compare	Build, verify native launch, calibrate cells and compare processing	2026-09-13T07:55:17.4678220Z Setting up libx11-xcb1:amd64 (2:1.8.13-1) ...
compare	Build, verify native launch, calibrate cells and compare processing	2026-09-13T07:55:17.4705894Z Setting up libfftw3-single3:amd64 (3.3.10-2fakesync1build3) ...
compare	Build, verify native launch, calibrate cells and compare processing	2026-09-13T07:55:17.4732019Z Setting up libxdamage1:amd64 (1:1.1.7-1) ...
compare	Build, verify native launch, calibrate cells and compare processing	2026-09-13T07:55:17.4756494Z Setting up libgcc-15-dev:amd64 (15.2.0-16ubuntu1) ...
compare	Build, verify native launch, calibrate cells and compare processing	2026-09-13T07:55:17.4784007Z Setting up libzvbi0t64:amd64 (0.2.44-1ubuntu2) ...
compare	Build, verify native launch, calibrate cells and compare processing	2026-09-13T07:55:17.4809428Z Setting up libxrender1:amd64 (1:0.9.12-1build1) ...
compare	Build, verify native launch, calibrate cells and compare processing	2026-09-13T07:55:17.4841309Z Setting up libsoxr0:amd64 (0.1.3-4.1) ...
compare	Build, verify native launch, calibrate cells and compare processing	2026-09-13T07:55:17.4870806Z Setting up fontconfig-config (2.17.1-3ubuntu1) ...
compare	Build, verify native launch, calibrate cells and compare processing	2026-09-13T07:55:17.6934298Z Setting up libavahi-common3:amd64 (0.8-18ubuntu1.1) ...
compare	Build, verify native launch, calibrate cells and compare processing	2026-09-13T07:55:17.6972845Z Setting up libxext6:amd64 (2:1.3.4-1build3) ...
compare	Build, verify native launch, calibrate cells and compare processing	2026-09-13T07:55:17.6998924Z Setting up libidn2-0:amd64 (2.3.8-4build1) ...
compare	Build, verify native launch, calibrate cells and compare processing	2026-09-13T07:55:17.7024903Z Setting up dbus-daemon (1.16.2-2ubuntu4) ...
compare	Build, verify native launch, calibrate cells and compare processing	2026-09-13T07:55:17.7142689Z Setting up cpp-15-x86-64-linux-gnu (15.2.0-16ubuntu1) ...
compare	Build, verify native launch, calibrate cells and compare processing	2026-09-13T07:55:17.7169499Z Setting up pkgconf:amd64 (2.5.1-4) ...
compare	Build, verify native launch, calibrate cells and compare processing	2026-09-13T07:55:17.7197383Z Setting up libxxf86vm1:amd64 (1:1.1.4-2) ...
compare	Build, verify native launch, calibrate cells and compare processing	2026-09-13T07:55:17.7227156Z Setting up librist4:amd64 (0.2.11+dfsg-1build1) ...
compare	Build, verify native launch, calibrate cells and compare processing	2026-09-13T07:55:17.7254765Z Setting up libperl5.40:amd64 (5.40.1-7ubuntu0.3) ...
compare	Build, verify native launch, calibrate cells and compare processing	2026-09-13T07:55:17.7279207Z Setting up libthai0:amd64 (0.1.30-1) ...
compare	Build, verify native launch, calibrate cells and compare processing	2026-09-13T07:55:17.7302076Z Setting up ca-certificates (20260601~26.04.1) ...
compare	Build, verify native launch, calibrate cells and compare processing	2026-09-13T07:55:18.0968895Z Updating certificates in /etc/ssl/certs...
compare	Build, verify native launch, calibrate cells and compare processing	2026-09-13T07:55:19.0737023Z 121 added, 0 removed; done.
compare	Build, verify native launch, calibrate cells and compare processing	2026-09-13T07:55:19.0964318Z Setting up libvorbisfile3:amd64 (1.3.7-3build2) ...
compare	Build, verify native launch, calibrate cells and compare processing	2026-09-13T07:55:19.0993408Z Setting up perl (5.40.1-7ubuntu0.3) ...
compare	Build, verify native launch, calibrate cells and compare processing	2026-09-13T07:55:19.1051851Z Setting up libglib2.0-0t64:amd64 (2.88.0-1) ...
compare	Build, verify native launch, calibrate cells and compare processing	2026-09-13T07:55:19.1137802Z Setting up libgprofng0:amd64 (2.46-3ubuntu2) ...
compare	Build, verify native launch, calibrate cells and compare processing	2026-09-13T07:55:19.1161107Z Setting up libfreetype6:amd64 (2.14.2+dfsg-1ubuntu0.1) ...
compare	Build, verify native launch, calibrate cells and compare processing	2026-09-13T07:55:19.1184085Z Setting up libxfixes3:amd64 (1:6.0.0-2build2) ...
compare	Build, verify native launch, calibrate cells and compare processing	2026-09-13T07:55:19.1209000Z Setting up libllvm21:amd64 (1:21.1.8-6ubuntu1) ...
compare	Build, verify native launch, calibrate cells and compare processing	2026-09-13T07:55:19.1232318Z Setting up dbus (1.16.2-2ubuntu4) ...
compare	Build, verify native launch, calibrate cells and compare processing	2026-09-13T07:55:19.1406967Z Setting up shared-mime-info (2.4-5build3) ...
compare	Build, verify native launch, calibrate cells and compare processing	2026-09-13T07:55:19.8272207Z Setting up libp11-kit0:amd64 (0.26.2-2) ...
compare	Build, verify native launch, calibrate cells and compare processing	2026-09-13T07:55:19.8297867Z Setting up libxinerama1:amd64 (2:1.1.4-3build2) ...
compare	Build, verify native launch, calibrate cells and compare processing	2026-09-13T07:55:19.8322269Z Setting up libxkbcommon-x11-0:amd64 (1.13.1-1) ...
compare	Build, verify native launch, calibrate cells and compare processing	2026-09-13T07:55:19.8345604Z Setting up libgssapi-krb5-2:amd64 (1.22.1-2ubuntu4.1) ...
compare	Build, verify native launch, calibrate cells and compare processing	2026-09-13T07:55:19.8406529Z Setting up libxrandr2:amd64 (2:1.5.4-1build1) ...
compare	Build, verify native launch, calibrate cells and compare processing	2026-09-13T07:55:19.8431079Z Setting up librubberband3:amd64 (4.0.0+dfsg-2ubuntu1) ...
compare	Build, verify native launch, calibrate cells and compare processing	2026-09-13T07:55:19.8455505Z Setting up pkg-config:amd64 (2.5.1-4) ...
compare	Build, verify native launch, calibrate cells and compare processing	2026-09-13T07:55:19.8477532Z Setting up libdpkg-perl (1.23.7ubuntu1) ...
compare	Build, verify native launch, calibrate cells and compare processing	2026-09-13T07:55:19.8500533Z Setting up libssh-4:amd64 (0.11.3-1ubuntu2.1) ...
compare	Build, verify native launch, calibrate cells and compare processing	2026-09-13T07:55:19.8530865Z Setting up libreadline8t64:amd64 (8.3-4) ...
compare	Build, verify native launch, calibrate cells and compare processing	2026-09-13T07:55:19.8557236Z Setting up libdrm2:amd64 (2.4.131-1) ...
compare	Build, verify native launch, calibrate cells and compare processing	2026-09-13T07:55:19.8581545Z Setting up libva-drm2:amd64 (2.23.0-1ubuntu1) ...
compare	Build, verify native launch, calibrate cells and compare processing	2026-09-13T07:55:19.8607057Z Setting up cpp-15 (15.2.0-16ubuntu1) ...
compare	Build, verify native launch, calibrate cells and compare processing	2026-09-13T07:55:19.8630719Z Setting up libvdpau1:amd64 (1.5-4) ...
compare	Build, verify native launch, calibrate cells and compare processing	2026-09-13T07:55:19.8662562Z Setting up libsord-0-0:amd64 (0.16.20-1) ...
compare	Build, verify native launch, calibrate cells and compare processing	2026-09-13T07:55:19.8791164Z Setting up libtiff6:amd64 (4.7.0-3ubuntu5) ...
compare	Build, verify native launch, calibrate cells and compare processing	2026-09-13T07:55:19.8814308Z Setting up libwayland-cursor0:amd64 (1.24.0-2) ...
compare	Build, verify native launch, calibrate cells and compare processing	2026-09-13T07:55:19.8845735Z Setting up libsratom-0-0:amd64 (0.6.20-1) ...
compare	Build, verify native launch, calibrate cells and compare processing	2026-09-13T07:55:19.8883051Z Setting up libpam-systemd:amd64 (259.5-0ubuntu3.4) ...
compare	Build, verify native launch, calibrate cells and compare processing	2026-09-13T07:55:19.9970509Z Setting up libc6-dev:amd64 (2.43-2ubuntu2.4) ...
compare	Build, verify native launch, calibrate cells and compare processing	2026-09-13T07:55:19.9995235Z Setting up libharfbuzz0b:amd64 (12.3.2-2) ...
compare	Build, verify native launch, calibrate cells and compare processing	2026-09-13T07:55:20.0020094Z Setting up libfontconfig1:amd64 (2.17.1-3ubuntu1) ...
compare	Build, verify native launch, calibrate cells and compare processing	2026-09-13T07:55:20.0044063Z Setting up libsndfile1:amd64 (1.2.2-4) ...
compare	Build, verify native launch, calibrate cells and compare processing	2026-09-13T07:55:20.0067274Z Setting up libseat1:amd64 (0.9.2-2) ...
compare	Build, verify native launch, calibrate cells and compare processing	2026-09-13T07:55:20.0094693Z Setting up libva-x11-2:amd64 (2.23.0-1ubuntu1) ...
compare	Build, verify native launch, calibrate cells and compare processing	2026-09-13T07:55:20.0119351Z Setting up liblilv-0-0:amd64 (0.26.2-1) ...
compare	Build, verify native launch, calibrate cells and compare processing	2026-09-13T07:55:20.0156440Z Setting up libopenmpt0t64:amd64 (0.8.4-1) ...
compare	Build, verify native launch, calibrate cells and compare processing	2026-09-13T07:55:20.0180601Z Setting up libavahi-client3:amd64 (0.8-18ubuntu1.1) ...
compare	Build, verify native launch, calibrate cells and compare processing	2026-09-13T07:55:20.0203735Z Setting up libgudev-1.0-0:amd64 (1:238-7build1) ...
compare	Build, verify native launch, calibrate cells and compare processing	2026-09-13T07:55:20.0227134Z Setting up libgstreamer1.0-0:amd64 (1.28.2-1) ...
compare	Build, verify native launch, calibrate cells and compare processing	2026-09-13T07:55:20.0291017Z Setcap worked! gst-ptp-helper is not suid!
compare	Build, verify native launch, calibrate cells and compare processing	2026-09-13T07:55:20.0302719Z Setting up libgraphene-1.0-0:amd64 (1.10.8-5build1) ...
compare	Build, verify native launch, calibrate cells and compare processing	2026-09-13T07:55:20.0327779Z Setting up binutils-x86-64-linux-gnu (2.46-3ubuntu2) ...
compare	Build, verify native launch, calibrate cells and compare processing	2026-09-13T07:55:20.0353356Z Setting up libdrm-amdgpu1:amd64 (2.4.131-1) ...
compare	Build, verify native launch, calibrate cells and compare processing	2026-09-13T07:55:20.0376476Z Setting up libbz2-dev:amd64 (1.0.8-6ubuntu0.1) ...
compare	Build, verify native launch, calibrate cells and compare processing	2026-09-13T07:55:20.0409407Z Setting up cpp-x86-64-linux-gnu (4:15.2.0-5ubuntu1) ...
compare	Build, verify native launch, calibrate cells and compare processing	2026-09-13T07:55:20.0443119Z Setting up libgnutls30t64:amd64 (3.8.12-2ubuntu1.1) ...
compare	Build, verify native launch, calibrate cells and compare processing	2026-09-13T07:55:20.0480980Z Setting up fontconfig (2.17.1-3ubuntu1) ...
compare	Build, verify native launch, calibrate cells and compare processing	2026-09-13T07:55:22.1617888Z Regenerating fonts cache... done.
compare	Build, verify native launch, calibrate cells and compare processing	2026-09-13T07:55:22.1654031Z Setting up libzmq5:amd64 (4.3.5-1build3) ...
compare	Build, verify native launch, calibrate cells and compare processing	2026-09-13T07:55:22.1685184Z Setting up libxi6:amd64 (2:1.8.2-2) ...
compare	Build, verify native launch, calibrate cells and compare processing	2026-09-13T07:55:22.1715020Z Setting up libavutil60:amd64 (7:8.0.1-3ubuntu2) ...
compare	Build, verify native launch, calibrate cells and compare processing	2026-09-13T07:55:22.1743111Z Setting up libpython3.14-stdlib:amd64 (3.14.4-1ubuntu0.2) ...
compare	Build, verify native launch, calibrate cells and compare processing	2026-09-13T07:55:22.1768894Z Setting up libwacom9:amd64 (2.18.0-1) ...
compare	Build, verify native launch, calibrate cells and compare processing	2026-09-13T07:55:22.1792296Z Setting up libxtst6:amd64 (2:1.2.5-1build1) ...
compare	Build, verify native launch, calibrate cells and compare processing	2026-09-13T07:55:22.1814697Z Setting up libxmlb2:amd64 (0.3.24-2) ...
compare	Build, verify native launch, calibrate cells and compare processing	2026-09-13T07:55:22.1837340Z Setting up libxcursor1:amd64 (1:1.2.3-1build1) ...
compare	Build, verify native launch, calibrate cells and compare processing	2026-09-13T07:55:22.1859029Z Setting up libpango-1.0-0:amd64 (1.57.0-1) ...
compare	Build, verify native launch, calibrate cells and compare processing	2026-09-13T07:55:22.1886723Z Setting up libdrm-intel1:amd64 (2.4.131-1) ...
compare	Build, verify native launch, calibrate cells and compare processing	2026-09-13T07:55:22.1909456Z Setting up libpsl5t64:amd64 (0.21.2-1.1build2) ...
compare	Build, verify native launch, calibrate cells and compare processing	2026-09-13T07:55:22.1935990Z Setting up libgstreamer-plugins-base1.0-0:amd64 (1.28.2-1) ...
compare	Build, verify native launch, calibrate cells and compare processing	2026-09-13T07:55:22.1967175Z Setting up binutils (2.46-3ubuntu2) ...
compare	Build, verify native launch, calibrate cells and compare processing	2026-09-13T07:55:22.2002146Z Setting up libcairo2:amd64 (1.18.4-3) ...
compare	Build, verify native launch, calibrate cells and compare processing	2026-09-13T07:55:22.2026652Z Setting up libcolord2:amd64 (1.4.8-3) ...
compare	Build, verify native launch, calibrate cells and compare processing	2026-09-13T07:55:22.2051342Z Setting up dpkg-dev (1.23.7ubuntu1) ...
compare	Build, verify native launch, calibrate cells and compare processing	2026-09-13T07:55:22.2093127Z Setting up libinput-bin (1.31.1-1ubuntu1.1) ...
compare	Build, verify native launch, calibrate cells and compare processing	2026-09-13T07:55:22.2122982Z Setting up libdconf1:amd64 (0.49.0-4) ...
compare	Build, verify native launch, calibrate cells and compare processing	2026-09-13T07:55:22.2151112Z Setting up gcc-15-x86-64-linux-gnu (15.2.0-16ubuntu1) ...
compare	Build, verify native launch, calibrate cells and compare processing	2026-09-13T07:55:22.2177948Z Setting up libxdo3:amd64 (1:3.20160805.1-5.1build1) ...
compare	Build, verify native launch, calibrate cells and compare processing	2026-09-13T07:55:22.2200929Z Setting up libtheoradec2:amd64 (1.2.0+dfsg-6) ...
compare	Build, verify native launch, calibrate cells and compare processing	2026-09-13T07:55:22.2226850Z Setting up dbus-user-session (1.16.2-2ubuntu4) ...
compare	Build, verify native launch, calibrate cells and compare processing	2026-09-13T07:55:22.2258825Z Setting up gcc-15 (15.2.0-16ubuntu1) ...
compare	Build, verify native launch, calibrate cells and compare processing	2026-09-13T07:55:22.2284077Z Setting up libstdc++-15-dev:amd64 (15.2.0-16ubuntu1) ...
compare	Build, verify native launch, calibrate cells and compare processing	2026-09-13T07:55:22.2308383Z Setting up libexpat1-dev:amd64 (2.7.4-1) ...
compare	Build, verify native launch, calibrate cells and compare processing	2026-09-13T07:55:22.2333172Z Setting up libass9:amd64 (1:0.17.4-2) ...
compare	Build, verify native launch, calibrate cells and compare processing	2026-09-13T07:55:22.2356426Z Setting up libgstreamer-plugins-extra1.0-0:amd64 (1.28.2-1ubuntu1.1) ...
compare	Build, verify native launch, calibrate cells and compare processing	2026-09-13T07:55:22.2379456Z Setting up libspa-0.2-modules:amd64 (1.6.2-1ubuntu1.1) ...
compare	Build, verify native launch, calibrate cells and compare processing	2026-09-13T07:55:22.2405636Z Setting up librtmp1:amd64 (2.4+20151223.gitfa8646d.1-3) ...
compare	Build, verify native launch, calibrate cells and compare processing	2026-09-13T07:55:22.2431953Z Setting up libswscale9:amd64 (7:8.0.1-3ubuntu2) ...
compare	Build, verify native launch, calibrate cells and compare processing	2026-09-13T07:55:22.2456898Z Setting up uuid-dev:amd64 (2.41.3-3ubuntu2.2) ...
compare	Build, verify native launch, calibrate cells and compare processing	2026-09-13T07:55:22.2484463Z Setting up libswresample6:amd64 (7:8.0.1-3ubuntu2) ...
compare	Build, verify native launch, calibrate cells and compare processing	2026-09-13T07:55:22.2508656Z Setting up libfreerdp3-3:amd64 (3.31.0+dfsg-0ubuntu0.26.04.1) ...
compare	Build, verify native launch, calibrate cells and compare processing	2026-09-13T07:55:22.2596915Z Setting up zlib1g-dev:amd64 (1:1.3.dfsg+really1.3.1-1ubuntu3.1) ...
compare	Build, verify native launch, calibrate cells and compare processing	2026-09-13T07:55:22.2622883Z Setting up libsrt1.5-gnutls:amd64 (1.5.4-3) ...
compare	Build, verify native launch, calibrate cells and compare processing	2026-09-13T07:55:22.2646635Z Setting up cpp (4:15.2.0-5ubuntu1) ...
compare	Build, verify native launch, calibrate cells and compare processing	2026-09-13T07:55:22.2751515Z Setting up alacritty (0.16.1-2ubuntu1) ...
compare	Build, verify native launch, calibrate cells and compare processing	2026-09-13T07:55:22.2787574Z update-alternatives: using /usr/bin/alacritty to provide /usr/bin/x-terminal-emulator (x-terminal-emulator) in auto mode
compare	Build, verify native launch, calibrate cells and compare processing	2026-09-13T07:55:22.2789203Z update-alternatives: warning: skip creation of /usr/share/man/man1/x-terminal-emulator.1.gz because associated file /usr/share/man/man1/alacritty.1.gz (of link group x-terminal-emulator) does not exist
compare	Build, verify native launch, calibrate cells and compare processing	2026-09-13T07:55:22.2806904Z Setting up libpython3.14:amd64 (3.14.4-1ubuntu0.2) ...
compare	Build, verify native launch, calibrate cells and compare processing	2026-09-13T07:55:22.2832398Z Setting up libharfbuzz-subset0:amd64 (12.3.2-2) ...
compare	Build, verify native launch, calibrate cells and compare processing	2026-09-13T07:55:22.2857947Z Setting up libbluray3:amd64 (1:1.4.1-1) ...
compare	Build, verify native launch, calibrate cells and compare processing	2026-09-13T07:55:22.2883922Z Setting up libcairo-gobject2:amd64 (1.18.4-3) ...
compare	Build, verify native launch, calibrate cells and compare processing	2026-09-13T07:55:22.2930860Z Setting up python3.14 (3.14.4-1ubuntu0.2) ...
compare	Build, verify native launch, calibrate cells and compare processing	2026-09-13T07:55:23.1265536Z Setting up libpangoft2-1.0-0:amd64 (1.57.0-1) ...
compare	Build, verify native launch, calibrate cells and compare processing	2026-09-13T07:55:23.1293261Z Setting up libpipewire-0.3-0t64:amd64 (1.6.2-1ubuntu1.1) ...
compare	Build, verify native launch, calibrate cells and compare processing	2026-09-13T07:55:23.1318372Z Setting up libcups2t64:amd64 (2.4.16-1ubuntu1.3) ...
compare	Build, verify native launch, calibrate cells and compare processing	2026-09-13T07:55:23.1342231Z Setting up libpangocairo-1.0-0:amd64 (1.57.0-1) ...
compare	Build, verify native launch, calibrate cells and compare processing	2026-09-13T07:55:23.1368581Z Setting up libpython3-stdlib:amd64 (3.14.3-0ubuntu2) ...
compare	Build, verify native launch, calibrate cells and compare processing	2026-09-13T07:55:23.1391115Z Setting up libcairo-script-interpreter2:amd64 (1.18.4-3) ...
compare	Build, verify native launch, calibrate cells and compare processing	2026-09-13T07:55:23.1414412Z Setting up libinput10:amd64 (1.31.1-1ubuntu1.1) ...
compare	Build, verify native launch, calibrate cells and compare processing	2026-09-13T07:55:23.1438903Z Setting up g++-15-x86-64-linux-gnu (15.2.0-16ubuntu1) ...
compare	Build, verify native launch, calibrate cells and compare processing	2026-09-13T07:55:23.1479642Z Setting up mesa-libgallium:amd64 (26.0.8-1ubuntu0.3) ...
compare	Build, verify native launch, calibrate cells and compare processing	2026-09-13T07:55:23.1505573Z Setting up gcc-x86-64-linux-gnu (4:15.2.0-5ubuntu1) ...
compare	Build, verify native launch, calibrate cells and compare processing	2026-09-13T07:55:23.1531464Z Setting up xdotool (1:3.20160805.1-5.1build1) ...
compare	Build, verify native launch, calibrate cells and compare processing	2026-09-13T07:55:23.1556511Z Setting up libgbm1:amd64 (26.0.8-1ubuntu0.3) ...
compare	Build, verify native launch, calibrate cells and compare processing	2026-09-13T07:55:23.1586236Z Setting up libgl1-mesa-dri:amd64 (26.0.8-1ubuntu0.3) ...
compare	Build, verify native launch, calibrate cells and compare processing	2026-09-13T07:55:23.1700499Z Setting up libpng-dev:amd64 (1.6.57-1) ...
compare	Build, verify native launch, calibrate cells and compare processing	2026-09-13T07:55:23.1723061Z Setting up libcurl3t64-gnutls:amd64 (8.18.0-1ubuntu2.5) ...
compare	Build, verify native launch, calibrate cells and compare processing	2026-09-13T07:55:23.1747752Z Setting up libappstream5:amd64 (1.1.2-1) ...
compare	Build, verify native launch, calibrate cells and compare processing	2026-09-13T07:55:23.1779369Z Setting up dconf-service (0.49.0-4) ...
compare	Build, verify native launch, calibrate cells and compare processing	2026-09-13T07:55:23.1804105Z Setting up python3 (3.14.3-0ubuntu2) ...
compare	Build, verify native launch, calibrate cells and compare processing	2026-09-13T07:55:23.8795648Z Setting up gcc (4:15.2.0-5ubuntu1) ...
compare	Build, verify native launch, calibrate cells and compare processing	2026-09-13T07:55:23.8880704Z Setting up libfreetype-dev:amd64 (2.14.2+dfsg-1ubuntu0.1) ...
compare	Build, verify native launch, calibrate cells and compare processing	2026-09-13T07:55:23.8902131Z Setting up libegl-mesa0:amd64 (26.0.8-1ubuntu0.3) ...
compare	Build, verify native launch, calibrate cells and compare processing	2026-09-13T07:55:23.8933834Z Setting up libfreerdp-server3-3:amd64 (3.31.0+dfsg-0ubuntu0.26.04.1) ...
compare	Build, verify native launch, calibrate cells and compare processing	2026-09-13T07:55:23.9017838Z Setting up libegl1:amd64 (1.7.0-3) ...
compare	Build, verify native launch, calibrate cells and compare processing	2026-09-13T07:55:23.9040995Z Setting up g++-x86-64-linux-gnu (4:15.2.0-5ubuntu1) ...
compare	Build, verify native launch, calibrate cells and compare processing	2026-09-13T07:55:23.9061700Z Setting up g++-15 (15.2.0-16ubuntu1) ...
compare	Build, verify native launch, calibrate cells and compare processing	2026-09-13T07:55:23.9088071Z Setting up libglx-mesa0:amd64 (26.0.8-1ubuntu0.3) ...
compare	Build, verify native launch, calibrate cells and compare processing	2026-09-13T07:55:23.9111415Z Setting up libglx0:amd64 (1.7.0-3) ...
compare	Build, verify native launch, calibrate cells and compare processing	2026-09-13T07:55:23.9132661Z Setting up dconf-gsettings-backend:amd64 (0.49.0-4) ...
compare	Build, verify native launch, calibrate cells and compare processing	2026-09-13T07:55:23.9156670Z Setting up libfontconfig-dev:amd64 (2.17.1-3ubuntu1) ...
compare	Build, verify native launch, calibrate cells and compare processing	2026-09-13T07:55:23.9178458Z Setting up kitty (0.45.0-1build1) ...
compare	Build, verify native launch, calibrate cells and compare processing	2026-09-13T07:55:24.0362631Z Setting up libgl1:amd64 (1.7.0-3) ...
compare	Build, verify native launch, calibrate cells and compare processing	2026-09-13T07:55:24.0387379Z Setting up g++ (4:15.2.0-5ubuntu1) ...
compare	Build, verify native launch, calibrate cells and compare processing	2026-09-13T07:55:24.0422681Z update-alternatives: using /usr/bin/g++ to provide /usr/bin/c++ (c++) in auto mode
compare	Build, verify native launch, calibrate cells and compare processing	2026-09-13T07:55:24.0424376Z update-alternatives: warning: skip creation of /usr/share/man/man1/c++.1.gz because associated file /usr/share/man/man1/g++.1.gz (of link group c++) does not exist
compare	Build, verify native launch, calibrate cells and compare processing	2026-09-13T07:55:24.0441796Z Setting up build-essential (12.12ubuntu2.26.04.2) ...
compare	Build, verify native launch, calibrate cells and compare processing	2026-09-13T07:55:24.0468109Z Setting up libgtk-4-common (4.22.4+ds-0ubuntu0.1) ...
compare	Build, verify native launch, calibrate cells and compare processing	2026-09-13T07:55:24.0499222Z Setting up libfontconfig1-dev:amd64 (2.17.1-3ubuntu1) ...
compare	Build, verify native launch, calibrate cells and compare processing	2026-09-13T07:55:24.0522867Z Setting up libgstreamer-gl1.0-0:amd64 (1.28.2-1) ...
compare	Build, verify native launch, calibrate cells and compare processing	2026-09-13T07:55:24.0581593Z Setting up libheif-plugin-aomdec:amd64 (1.21.2-3ubuntu0.4) ...
compare	Build, verify native launch, calibrate cells and compare processing	2026-09-13T07:55:24.0623175Z Setting up libheif1:amd64 (1.21.2-3ubuntu0.4) ...
compare	Build, verify native launch, calibrate cells and compare processing	2026-09-13T07:55:24.0695496Z Setting up glycin-loaders (2.1.1+ds-0ubuntu1) ...
compare	Build, verify native launch, calibrate cells and compare processing	2026-09-13T07:55:24.0732047Z Setting up libglycin-2-0:amd64 (2.1.1+ds-0ubuntu1) ...
compare	Build, verify native launch, calibrate cells and compare processing	2026-09-13T07:55:24.0790169Z Setting up glycin-thumbnailers (2.1.1+ds-0ubuntu1) ...
compare	Build, verify native launch, calibrate cells and compare processing	2026-09-13T07:55:24.0840444Z Setting up libgdk-pixbuf-2.0-0:amd64 (2.44.5+dfsg-4ubuntu1) ...
compare	Build, verify native launch, calibrate cells and compare processing	2026-09-13T07:55:24.0886571Z Setting up gtk-update-icon-cache (4.22.4+ds-0ubuntu0.1) ...
compare	Build, verify native launch, calibrate cells and compare processing	2026-09-13T07:55:24.0932984Z Setting up librsvg2-2:amd64 (2.61.3+dfsg-3) ...
compare	Build, verify native launch, calibrate cells and compare processing	2026-09-13T07:55:24.0963954Z Setting up adwaita-icon-theme (50.0-1) ...
compare	Build, verify native launch, calibrate cells and compare processing	2026-09-13T07:55:24.1150399Z update-alternatives: using /usr/share/icons/Adwaita/cursor.theme to provide /usr/share/icons/default/index.theme (x-cursor-theme) in auto mode
compare	Build, verify native launch, calibrate cells and compare processing	2026-09-13T07:55:24.1174713Z Setting up libavcodec62:amd64 (7:8.0.1-3ubuntu2) ...
compare	Build, verify native launch, calibrate cells and compare processing	2026-09-13T07:55:24.1216631Z Setting up libgtk-4-1:amd64 (4.22.4+ds-0ubuntu0.1) ...
compare	Build, verify native launch, calibrate cells and compare processing	2026-09-13T07:55:24.1270279Z Setting up libavformat62:amd64 (7:8.0.1-3ubuntu2) ...
compare	Build, verify native launch, calibrate cells and compare processing	2026-09-13T07:55:24.1322719Z Setting up libadwaita-1-0:amd64 (1.9.1-0ubuntu0.1) ...
compare	Build, verify native launch, calibrate cells and compare processing	2026-09-13T07:55:24.1361619Z Setting up libgtk4-layer-shell0:amd64 (1.3.0-1) ...
compare	Build, verify native launch, calibrate cells and compare processing	2026-09-13T07:55:24.1390006Z Setting up libavfilter11:amd64 (7:8.0.1-3ubuntu2) ...
compare	Build, verify native launch, calibrate cells and compare processing	2026-09-13T07:55:24.1431223Z Setting up ghostty (1.3.0~us1-0ubuntu1.1) ...
compare	Build, verify native launch, calibrate cells and compare processing	2026-09-13T07:55:24.1465248Z Setting up libneatvnc0:amd64 (0.9.1+dfsg-1build1) ...
compare	Build, verify native launch, calibrate cells and compare processing	2026-09-13T07:55:24.1493460Z Setting up libweston-14-0:amd64 (14.0.2-5) ...
compare	Build, verify native launch, calibrate cells and compare processing	2026-09-13T07:55:24.1522269Z Setting up weston (14.0.2-5) ...
compare	Build, verify native launch, calibrate cells and compare processing	2026-09-13T07:55:24.1560944Z Processing triggers for libc-bin (2.43-2ubuntu2.4) ...
compare	Build, verify native launch, calibrate cells and compare processing	2026-09-13T07:55:24.1806638Z Processing triggers for procps (2:4.0.4-9ubuntu1) ...
compare	Build, verify native launch, calibrate cells and compare processing	2026-09-13T07:55:24.1838504Z procps: Applying updated sysctl configuration
compare	Build, verify native launch, calibrate cells and compare processing	2026-09-13T07:55:24.1848871Z sysctl: setting key "kernel.core_pattern", ignoring: Read-only file system
compare	Build, verify native launch, calibrate cells and compare processing	2026-09-13T07:55:24.1850347Z sysctl: setting key "kernel.pid_max", ignoring: Read-only file system
compare	Build, verify native launch, calibrate cells and compare processing	2026-09-13T07:55:24.1851536Z sysctl: setting key "kernel.printk", ignoring: Read-only file system
compare	Build, verify native launch, calibrate cells and compare processing	2026-09-13T07:55:24.1852953Z sysctl: setting key "net.ipv6.conf.all.use_tempaddr", ignoring: Read-only file system
compare	Build, verify native launch, calibrate cells and compare processing	2026-09-13T07:55:24.1853910Z sysctl: setting key "net.ipv6.conf.default.use_tempaddr", ignoring: Read-only file system
compare	Build, verify native launch, calibrate cells and compare processing	2026-09-13T07:55:24.1855031Z sysctl: setting key "kernel.kptr_restrict", ignoring: Read-only file system
compare	Build, verify native launch, calibrate cells and compare processing	2026-09-13T07:55:24.1856108Z sysctl: setting key "kernel.sysrq", ignoring: Read-only file system
compare	Build, verify native launch, calibrate cells and compare processing	2026-09-13T07:55:24.1856766Z sysctl: setting key "vm.max_map_count", ignoring: Read-only file system
compare	Build, verify native launch, calibrate cells and compare processing	2026-09-13T07:55:24.1857750Z sysctl: setting key "net.ipv4.conf.default.rp_filter", ignoring: Read-only file system
compare	Build, verify native launch, calibrate cells and compare processing	2026-09-13T07:55:24.1858479Z sysctl: setting key "net.ipv4.conf.all.rp_filter", ignoring: Read-only file system
compare	Build, verify native launch, calibrate cells and compare processing	2026-09-13T07:55:24.1859316Z sysctl: setting key "kernel.yama.ptrace_scope", ignoring: Read-only file system
compare	Build, verify native launch, calibrate cells and compare processing	2026-09-13T07:55:24.1860166Z sysctl: setting key "vm.mmap_min_addr", ignoring: Read-only file system
compare	Build, verify native launch, calibrate cells and compare processing	2026-09-13T07:55:24.1870731Z Processing triggers for ca-certificates (20260601~26.04.1) ...
compare	Build, verify native launch, calibrate cells and compare processing	2026-09-13T07:55:24.1942321Z Updating certificates in /etc/ssl/certs...
compare	Build, verify native launch, calibrate cells and compare processing	2026-09-13T07:55:24.9012937Z 0 added, 0 removed; done.
compare	Build, verify native launch, calibrate cells and compare processing	2026-09-13T07:55:24.9013507Z Running hooks in /etc/ca-certificates/update.d...
compare	Build, verify native launch, calibrate cells and compare processing	2026-09-13T07:55:24.9022959Z done.
compare	Build, verify native launch, calibrate cells and compare processing	2026-09-13T07:55:25.0167507Z     Updating crates.io index
compare	Build, verify native launch, calibrate cells and compare processing	2026-09-13T07:55:25.5853745Z  Downloading crates ...
compare	Build, verify native launch, calibrate cells and compare processing	2026-09-13T07:55:25.6189903Z   Downloaded ab_glyph_rasterizer v0.1.10
compare	Build, verify native launch, calibrate cells and compare processing	2026-09-13T07:55:25.6229156Z   Downloaded anstyle-query v1.1.5
compare	Build, verify native launch, calibrate cells and compare processing	2026-09-13T07:55:25.6249220Z   Downloaded anstyle-parse v0.2.7
compare	Build, verify native launch, calibrate cells and compare processing	2026-09-13T07:55:25.6276113Z   Downloaded ab_glyph v0.2.32
compare	Build, verify native launch, calibrate cells and compare processing	2026-09-13T07:55:25.6302912Z   Downloaded cc v1.2.57
compare	Build, verify native launch, calibrate cells and compare processing	2026-09-13T07:55:25.6349402Z   Downloaded cfg_aliases v0.2.1
compare	Build, verify native launch, calibrate cells and compare processing	2026-09-13T07:55:25.6372298Z   Downloaded serde_derive v1.0.228
compare	Build, verify native launch, calibrate cells and compare processing	2026-09-13T07:55:25.6425603Z   Downloaded smol_str v0.2.2
compare	Build, verify native launch, calibrate cells and compare processing	2026-09-13T07:55:25.6453788Z   Downloaded slab v0.4.12
compare	Build, verify native launch, calibrate cells and compare processing	2026-09-13T07:55:25.6478759Z   Downloaded wayland-sys v0.31.11
compare	Build, verify native launch, calibrate cells and compare processing	2026-09-13T07:55:25.6502587Z   Downloaded same-file v1.0.6
compare	Build, verify native launch, calibrate cells and compare processing	2026-09-13T07:55:25.6528522Z   Downloaded jobserver v0.1.35
compare	Build, verify native launch, calibrate cells and compare processing	2026-09-13T07:55:25.6571822Z   Downloaded errno v0.3.14
compare	Build, verify native launch, calibrate cells and compare processing	2026-09-13T07:55:25.6599680Z   Downloaded xcursor v0.3.11
compare	Build, verify native launch, calibrate cells and compare processing	2026-09-13T07:55:25.6620562Z   Downloaded xkbcommon-dl v0.4.2
compare	Build, verify native launch, calibrate cells and compare processing	2026-09-13T07:55:25.6641164Z   Downloaded version_check v0.9.5
compare	Build, verify native launch, calibrate cells and compare processing	2026-09-13T07:55:25.6663836Z   Downloaded gethostname v1.1.0
compare	Build, verify native launch, calibrate cells and compare processing	2026-09-13T07:55:25.6684088Z   Downloaded yeslogic-fontconfig-sys v6.0.0
compare	Build, verify native launch, calibrate cells and compare processing	2026-09-13T07:55:25.6700558Z   Downloaded wayland-csd-frame v0.3.0
compare	Build, verify native launch, calibrate cells and compare processing	2026-09-13T07:55:25.6719834Z   Downloaded unicode-bidi-mirroring v0.4.0
compare	Build, verify native launch, calibrate cells and compare processing	2026-09-13T07:55:25.6736242Z   Downloaded wayland-protocols-wlr v0.3.12
compare	Build, verify native launch, calibrate cells and compare processing	2026-09-13T07:55:25.6773345Z   Downloaded wayland-protocols-plasma v0.3.12
compare	Build, verify native launch, calibrate cells and compare processing	2026-09-13T07:55:25.6845779Z   Downloaded toml_datetime v1.0.1+spec-1.1.0
compare	Build, verify native launch, calibrate cells and compare processing	2026-09-13T07:55:25.6867794Z   Downloaded wayland-cursor v0.31.14
compare	Build, verify native launch, calibrate cells and compare processing	2026-09-13T07:55:25.6886084Z   Downloaded wayland-scanner v0.31.11
compare	Build, verify native launch, calibrate cells and compare processing	2026-09-13T07:55:25.6921660Z   Downloaded walkdir v2.5.0
compare	Build, verify native launch, calibrate cells and compare processing	2026-09-13T07:55:25.6952363Z   Downloaded tiny-skia-path v0.11.4
compare	Build, verify native launch, calibrate cells and compare processing	2026-09-13T07:55:25.6983748Z   Downloaded wl-clipboard-rs v0.9.3
compare	Build, verify native launch, calibrate cells and compare processing	2026-09-13T07:55:25.7021957Z   Downloaded unicode-properties v0.1.4
compare	Build, verify native launch, calibrate cells and compare processing	2026-09-13T07:55:25.7052206Z   Downloaded unicode-ident v1.0.24
compare	Build, verify native launch, calibrate cells and compare processing	2026-09-13T07:55:25.7096617Z   Downloaded tracing-core v0.1.36
compare	Build, verify native launch, calibrate cells and compare processing	2026-09-13T07:55:25.7139928Z   Downloaded wayland-backend v0.3.17
compare	Build, verify native launch, calibrate cells and compare processing	2026-09-13T07:55:25.7202834Z   Downloaded x11-dl v2.21.0
compare	Build, verify native launch, calibrate cells and compare processing	2026-09-13T07:55:25.7252131Z   Downloaded wayland-client v0.31.15
compare	Build, verify native launch, calibrate cells and compare processing	2026-09-13T07:55:25.7285051Z   Downloaded softbuffer v0.4.8
compare	Build, verify native launch, calibrate cells and compare processing	2026-09-13T07:55:25.7332091Z   Downloaded polling v3.11.0
compare	Build, verify native launch, calibrate cells and compare processing	2026-09-13T07:55:25.7379608Z   Downloaded xkeysym v0.2.1
compare	Build, verify native launch, calibrate cells and compare processing	2026-09-13T07:55:25.7420839Z   Downloaded unicode-segmentation v1.13.3
compare	Build, verify native launch, calibrate cells and compare processing	2026-09-13T07:55:25.7464030Z   Downloaded serde_core v1.0.228
compare	Build, verify native launch, calibrate cells and compare processing	2026-09-13T07:55:25.7509361Z   Downloaded miniz_oxide v0.8.9
compare	Build, verify native launch, calibrate cells and compare processing	2026-09-13T07:55:25.7549193Z   Downloaded sctk-adwaita v0.10.1
compare	Build, verify native launch, calibrate cells and compare processing	2026-09-13T07:55:25.7588615Z   Downloaded proc-macro2 v1.0.106
compare	Build, verify native launch, calibrate cells and compare processing	2026-09-13T07:55:25.7634168Z   Downloaded arboard v3.6.1
compare	Build, verify native launch, calibrate cells and compare processing	2026-09-13T07:55:25.7676750Z   Downloaded wayland-protocols v0.32.13
compare	Build, verify native launch, calibrate cells and compare processing	2026-09-13T07:55:25.7801831Z   Downloaded serde v1.0.228
compare	Build, verify native launch, calibrate cells and compare processing	2026-09-13T07:55:25.7856738Z   Downloaded winnow v1.0.0
compare	Build, verify native launch, calibrate cells and compare processing	2026-09-13T07:55:25.7993861Z   Downloaded x11rb v0.13.2
compare	Build, verify native launch, calibrate cells and compare processing	2026-09-13T07:55:25.8106210Z   Downloaded png v0.17.16
compare	Build, verify native launch, calibrate cells and compare processing	2026-09-13T07:55:25.8161240Z   Downloaded zerocopy v0.8.56
compare	Build, verify native launch, calibrate cells and compare processing	2026-09-13T07:55:25.8478925Z   Downloaded libm v0.2.16
compare	Build, verify native launch, calibrate cells and compare processing	2026-09-13T07:55:25.8645084Z   Downloaded unicode-width v0.2.2
compare	Build, verify native launch, calibrate cells and compare processing	2026-09-13T07:55:25.8712829Z   Downloaded regex v1.12.3
compare	Build, verify native launch, calibrate cells and compare processing	2026-09-13T07:55:25.8790669Z   Downloaded nom v8.0.0
compare	Build, verify native launch, calibrate cells and compare processing	2026-09-13T07:55:25.8868644Z   Downloaded hashbrown v0.16.1
compare	Build, verify native launch, calibrate cells and compare processing	2026-09-13T07:55:25.8941427Z   Downloaded hashbrown v0.15.5
compare	Build, verify native launch, calibrate cells and compare processing	2026-09-13T07:55:25.9011861Z   Downloaded memchr v2.8.0
compare	Build, verify native launch, calibrate cells and compare processing	2026-09-13T07:55:25.9094989Z   Downloaded tiny-skia v0.11.4
compare	Build, verify native launch, calibrate cells and compare processing	2026-09-13T07:55:25.9296064Z   Downloaded quick-xml v0.41.0
compare	Build, verify native launch, calibrate cells and compare processing	2026-09-13T07:55:25.9383024Z   Downloaded rustybuzz v0.20.1
compare	Build, verify native launch, calibrate cells and compare processing	2026-09-13T07:55:25.9528841Z   Downloaded indexmap v2.13.0
compare	Build, verify native launch, calibrate cells and compare processing	2026-09-13T07:55:25.9592309Z   Downloaded tracing v0.1.44
compare	Build, verify native launch, calibrate cells and compare processing	2026-09-13T07:55:25.9790620Z   Downloaded nix v0.29.0
compare	Build, verify native launch, calibrate cells and compare processing	2026-09-13T07:55:25.9940141Z   Downloaded x11rb-protocol v0.13.2
compare	Build, verify native launch, calibrate cells and compare processing	2026-09-13T07:55:26.0086153Z   Downloaded ttf-parser v0.25.1
compare	Build, verify native launch, calibrate cells and compare processing	2026-09-13T07:55:26.0217261Z   Downloaded regex-syntax v0.8.10
compare	Build, verify native launch, calibrate cells and compare processing	2026-09-13T07:55:26.0299544Z   Downloaded winit v0.30.13
compare	Build, verify native launch, calibrate cells and compare processing	2026-09-13T07:55:26.0584236Z   Downloaded rustix v0.38.44
compare	Build, verify native launch, calibrate cells and compare processing	2026-09-13T07:55:26.0953274Z   Downloaded syn v2.0.117
compare	Build, verify native launch, calibrate cells and compare processing	2026-09-13T07:55:26.1094774Z   Downloaded rustix v1.1.4
compare	Build, verify native launch, calibrate cells and compare processing	2026-09-13T07:55:26.1478784Z   Downloaded font-kit v0.14.3
compare	Build, verify native launch, calibrate cells and compare processing	2026-09-13T07:55:26.1535002Z   Downloaded flate2 v1.1.9
compare	Build, verify native launch, calibrate cells and compare processing	2026-09-13T07:55:26.1608939Z   Downloaded arrayvec v0.7.8
compare	Build, verify native launch, calibrate cells and compare processing	2026-09-13T07:55:26.1641086Z   Downloaded getrandom v0.3.4
compare	Build, verify native launch, calibrate cells and compare processing	2026-09-13T07:55:26.1692907Z   Downloaded memmap2 v0.9.11
compare	Build, verify native launch, calibrate cells and compare processing	2026-09-13T07:55:26.1721423Z   Downloaded pin-project-lite v0.2.17
compare	Build, verify native launch, calibrate cells and compare processing	2026-09-13T07:55:26.1813275Z   Downloaded pathfinder_simd v0.5.5
compare	Build, verify native launch, calibrate cells and compare processing	2026-09-13T07:55:26.1840175Z   Downloaded parking_lot v0.12.5
compare	Build, verify native launch, calibrate cells and compare processing	2026-09-13T07:55:26.1875904Z   Downloaded regex-automata v0.4.14
compare	Build, verify native launch, calibrate cells and compare processing	2026-09-13T07:55:26.2051707Z   Downloaded once_cell v1.21.4
compare	Build, verify native launch, calibrate cells and compare processing	2026-09-13T07:55:26.2089095Z   Downloaded crc32fast v1.5.0
compare	Build, verify native launch, calibrate cells and compare processing	2026-09-13T07:55:26.2114129Z   Downloaded parking_lot_core v0.9.12
compare	Build, verify native launch, calibrate cells and compare processing	2026-09-13T07:55:26.2144661Z   Downloaded bitflags v2.11.0
compare	Build, verify native launch, calibrate cells and compare processing	2026-09-13T07:55:26.2208272Z   Downloaded base64 v0.22.1
compare	Build, verify native launch, calibrate cells and compare processing	2026-09-13T07:55:26.2261301Z   Downloaded toml v1.0.7+spec-1.1.0
compare	Build, verify native launch, calibrate cells and compare processing	2026-09-13T07:55:26.2318778Z   Downloaded libc v0.2.183
compare	Build, verify native launch, calibrate cells and compare processing	2026-09-13T07:55:26.2859404Z   Downloaded log v0.4.29
compare	Build, verify native launch, calibrate cells and compare processing	2026-09-13T07:55:26.2894546Z   Downloaded jiff v0.2.23
compare	Build, verify native launch, calibrate cells and compare processing	2026-09-13T07:55:26.3105113Z   Downloaded toml_parser v1.0.10+spec-1.1.0
compare	Build, verify native launch, calibrate cells and compare processing	2026-09-13T07:55:26.3136619Z   Downloaded petgraph v0.8.3
compare	Build, verify native launch, calibrate cells and compare processing	2026-09-13T07:55:26.3392972Z   Downloaded shlex v1.3.0
compare	Build, verify native launch, calibrate cells and compare processing	2026-09-13T07:55:26.3410150Z   Downloaded byteorder v1.5.0
compare	Build, verify native launch, calibrate cells and compare processing	2026-09-13T07:55:26.3433938Z   Downloaded semver v1.0.27
compare	Build, verify native launch, calibrate cells and compare processing	2026-09-13T07:55:26.3465533Z   Downloaded libloading v0.8.9
compare	Build, verify native launch, calibrate cells and compare processing	2026-09-13T07:55:26.3497885Z   Downloaded fixedbitset v0.5.7
compare	Build, verify native launch, calibrate cells and compare processing	2026-09-13T07:55:26.3524534Z   Downloaded pkg-config v0.3.32
compare	Build, verify native launch, calibrate cells and compare processing	2026-09-13T07:55:26.3546642Z   Downloaded lock_api v0.4.14
compare	Build, verify native launch, calibrate cells and compare processing	2026-09-13T07:55:26.3563639Z   Downloaded foldhash v0.1.5
compare	Build, verify native launch, calibrate cells and compare processing	2026-09-13T07:55:26.3581198Z   Downloaded unicode-script v0.5.8
compare	Build, verify native launch, calibrate cells and compare processing	2026-09-13T07:55:26.3605153Z   Downloaded smithay-client-toolkit v0.19.2
compare	Build, verify native launch, calibrate cells and compare processing	2026-09-13T07:55:26.3693256Z   Downloaded env_logger v0.11.9
compare	Build, verify native launch, calibrate cells and compare processing	2026-09-13T07:55:26.3723819Z   Downloaded bytemuck v1.25.2
compare	Build, verify native launch, calibrate cells and compare processing	2026-09-13T07:55:26.3768358Z   Downloaded bitflags v1.3.2
compare	Build, verify native launch, calibrate cells and compare processing	2026-09-13T07:55:26.3819140Z   Downloaded thiserror-impl v1.0.69
compare	Build, verify native launch, calibrate cells and compare processing	2026-09-13T07:55:26.3838022Z   Downloaded thiserror v2.0.18
compare	Build, verify native launch, calibrate cells and compare processing	2026-09-13T07:55:26.3939449Z   Downloaded pathfinder_geometry v0.5.1
compare	Build, verify native launch, calibrate cells and compare processing	2026-09-13T07:55:26.3955626Z   Downloaded thiserror v1.0.69
compare	Build, verify native launch, calibrate cells and compare processing	2026-09-13T07:55:26.4040833Z   Downloaded scopeguard v1.2.0
compare	Build, verify native launch, calibrate cells and compare processing	2026-09-13T07:55:26.4059071Z   Downloaded fastrand v2.5.0
compare	Build, verify native launch, calibrate cells and compare processing	2026-09-13T07:55:26.4078832Z   Downloaded dtor v0.8.1
compare	Build, verify native launch, calibrate cells and compare processing	2026-09-13T07:55:26.4096119Z   Downloaded option-ext v0.2.0
compare	Build, verify native launch, calibrate cells and compare processing	2026-09-13T07:55:26.4110051Z   Downloaded lazy_static v1.5.0
compare	Build, verify native launch, calibrate cells and compare processing	2026-09-13T07:55:26.4135848Z   Downloaded downcast-rs v1.2.1
compare	Build, verify native launch, calibrate cells and compare processing	2026-09-13T07:55:26.4157820Z   Downloaded as-raw-xcb-connection v1.0.1
compare	Build, verify native launch, calibrate cells and compare processing	2026-09-13T07:55:26.4170247Z   Downloaded serde_spanned v1.0.4
compare	Build, verify native launch, calibrate cells and compare processing	2026-09-13T07:55:26.4186793Z   Downloaded os_pipe v1.2.3
compare	Build, verify native launch, calibrate cells and compare processing	2026-09-13T07:55:26.4207532Z   Downloaded toml_writer v1.0.7+spec-1.1.0
compare	Build, verify native launch, calibrate cells and compare processing	2026-09-13T07:55:26.4226393Z   Downloaded tiny-xlib v0.2.5
compare	Build, verify native launch, calibrate cells and compare processing	2026-09-13T07:55:26.4254630Z   Downloaded thiserror-impl v2.0.18
compare	Build, verify native launch, calibrate cells and compare processing	2026-09-13T07:55:26.4277661Z   Downloaded dlib v0.5.3
compare	Build, verify native launch, calibrate cells and compare processing	2026-09-13T07:55:26.4292119Z   Downloaded utf8parse v0.2.2
compare	Build, verify native launch, calibrate cells and compare processing	2026-09-13T07:55:26.4307128Z   Downloaded scoped-tls v1.0.1
compare	Build, verify native launch, calibrate cells and compare processing	2026-09-13T07:55:26.4321267Z   Downloaded percent-encoding v2.3.2
compare	Build, verify native launch, calibrate cells and compare processing	2026-09-13T07:55:26.4335446Z   Downloaded arrayref v0.3.9
compare	Build, verify native launch, calibrate cells and compare processing	2026-09-13T07:55:26.4355285Z   Downloaded unicode-ccc v0.4.0
compare	Build, verify native launch, calibrate cells and compare processing	2026-09-13T07:55:26.4369760Z   Downloaded raw-window-handle v0.6.2
compare	Build, verify native launch, calibrate cells and compare processing	2026-09-13T07:55:26.4396698Z   Downloaded quote v1.0.45
compare	Build, verify native launch, calibrate cells and compare processing	2026-09-13T07:55:26.4436440Z   Downloaded tree_magic_mini v3.2.2
compare	Build, verify native launch, calibrate cells and compare processing	2026-09-13T07:55:26.4462006Z   Downloaded env_filter v1.0.0
compare	Build, verify native launch, calibrate cells and compare processing	2026-09-13T07:55:26.4481292Z   Downloaded dpi v0.1.2
compare	Build, verify native launch, calibrate cells and compare processing	2026-09-13T07:55:26.4496617Z   Downloaded fdeflate v0.3.7
compare	Build, verify native launch, calibrate cells and compare processing	2026-09-13T07:55:26.4519304Z   Downloaded rustc_version v0.4.1
compare	Build, verify native launch, calibrate cells and compare processing	2026-09-13T07:55:26.4538181Z   Downloaded ctor v0.10.1
compare	Build, verify native launch, calibrate cells and compare processing	2026-09-13T07:55:26.4556584Z   Downloaded calloop v0.13.0
compare	Build, verify native launch, calibrate cells and compare processing	2026-09-13T07:55:26.4602049Z   Downloaded strict-num v0.1.1
compare	Build, verify native launch, calibrate cells and compare processing	2026-09-13T07:55:26.4617355Z   Downloaded smallvec v1.15.2
compare	Build, verify native launch, calibrate cells and compare processing	2026-09-13T07:55:26.4637845Z   Downloaded owned_ttf_parser v0.25.1
compare	Build, verify native launch, calibrate cells and compare processing	2026-09-13T07:55:26.4652617Z   Downloaded is_terminal_polyfill v1.70.2
compare	Build, verify native launch, calibrate cells and compare processing	2026-09-13T07:55:26.4666388Z   Downloaded calloop-wayland-source v0.3.0
compare	Build, verify native launch, calibrate cells and compare processing	2026-09-13T07:55:26.4683351Z   Downloaded float-ord v0.3.2
compare	Build, verify native launch, calibrate cells and compare processing	2026-09-13T07:55:26.4697865Z   Downloaded find-msvc-tools v0.1.9
compare	Build, verify native launch, calibrate cells and compare processing	2026-09-13T07:55:26.4720582Z   Downloaded equivalent v1.0.2
compare	Build, verify native launch, calibrate cells and compare processing	2026-09-13T07:55:26.4736009Z   Downloaded simd-adler32 v0.3.8
compare	Build, verify native launch, calibrate cells and compare processing	2026-09-13T07:55:26.4762838Z   Downloaded dirs v6.0.0
compare	Build, verify native launch, calibrate cells and compare processing	2026-09-13T07:55:26.4782210Z   Downloaded cursor-icon v1.2.0
compare	Build, verify native launch, calibrate cells and compare processing	2026-09-13T07:55:26.4801399Z   Downloaded dirs-sys v0.5.0
compare	Build, verify native launch, calibrate cells and compare processing	2026-09-13T07:55:26.4817541Z   Downloaded core_maths v0.1.1
compare	Build, verify native launch, calibrate cells and compare processing	2026-09-13T07:55:26.4829205Z   Downloaded colorchoice v1.0.5
compare	Build, verify native launch, calibrate cells and compare processing	2026-09-13T07:55:26.4843025Z   Downloaded cfg-if v1.0.4
compare	Build, verify native launch, calibrate cells and compare processing	2026-09-13T07:55:26.4861749Z   Downloaded aho-corasick v1.1.4
compare	Build, verify native launch, calibrate cells and compare processing	2026-09-13T07:55:26.4932254Z   Downloaded anstyle v1.0.14
compare	Build, verify native launch, calibrate cells and compare processing	2026-09-13T07:55:26.4952721Z   Downloaded anstream v0.6.21
compare	Build, verify native launch, calibrate cells and compare processing	2026-09-13T07:55:26.4980496Z   Downloaded ahash v0.8.12
compare	Build, verify native launch, calibrate cells and compare processing	2026-09-13T07:55:26.5012534Z   Downloaded adler2 v2.0.1
compare	Build, verify native launch, calibrate cells and compare processing	2026-09-13T07:55:26.5063037Z   Downloaded linux-raw-sys v0.4.15
compare	Build, verify native launch, calibrate cells and compare processing	2026-09-13T07:55:26.5684025Z   Downloaded linux-raw-sys v0.12.1
compare	Build, verify native launch, calibrate cells and compare processing	2026-09-13T07:55:26.6451146Z   Downloaded freetype-sys v0.20.1
compare	Build, verify native launch, calibrate cells and compare processing	2026-09-13T07:55:26.8209450Z    Compiling cfg-if v1.0.4
compare	Build, verify native launch, calibrate cells and compare processing	2026-09-13T07:55:26.8210033Z    Compiling pkg-config v0.3.32
compare	Build, verify native launch, calibrate cells and compare processing	2026-09-13T07:55:26.8210550Z    Compiling bitflags v2.11.0
compare	Build, verify native launch, calibrate cells and compare processing	2026-09-13T07:55:26.8210978Z    Compiling proc-macro2 v1.0.106
compare	Build, verify native launch, calibrate cells and compare processing	2026-09-13T07:55:26.8543266Z    Compiling log v0.4.29
compare	Build, verify native launch, calibrate cells and compare processing	2026-09-13T07:55:27.0284446Z    Compiling unicode-ident v1.0.24
compare	Build, verify native launch, calibrate cells and compare processing	2026-09-13T07:55:27.0881295Z    Compiling quote v1.0.45
compare	Build, verify native launch, calibrate cells and compare processing	2026-09-13T07:55:27.1569772Z    Compiling find-msvc-tools v0.1.9
compare	Build, verify native launch, calibrate cells and compare processing	2026-09-13T07:55:27.2214531Z    Compiling shlex v1.3.0
compare	Build, verify native launch, calibrate cells and compare processing	2026-09-13T07:55:27.2700954Z    Compiling libloading v0.8.9
compare	Build, verify native launch, calibrate cells and compare processing	2026-09-13T07:55:27.3435734Z    Compiling cc v1.2.57
compare	Build, verify native launch, calibrate cells and compare processing	2026-09-13T07:55:27.3584626Z    Compiling libc v0.2.183
compare	Build, verify native launch, calibrate cells and compare processing	2026-09-13T07:55:27.5845383Z    Compiling once_cell v1.21.4
compare	Build, verify native launch, calibrate cells and compare processing	2026-09-13T07:55:27.6529283Z    Compiling rustix v1.1.4
compare	Build, verify native launch, calibrate cells and compare processing	2026-09-13T07:55:27.7494474Z    Compiling linux-raw-sys v0.12.1
compare	Build, verify native launch, calibrate cells and compare processing	2026-09-13T07:55:27.9274656Z    Compiling dlib v0.5.3
compare	Build, verify native launch, calibrate cells and compare processing	2026-09-13T07:55:27.9874703Z    Compiling smallvec v1.15.2
compare	Build, verify native launch, calibrate cells and compare processing	2026-09-13T07:55:28.1804721Z    Compiling wayland-sys v0.31.11
compare	Build, verify native launch, calibrate cells and compare processing	2026-09-13T07:55:28.6688464Z    Compiling wayland-backend v0.3.17
compare	Build, verify native launch, calibrate cells and compare processing	2026-09-13T07:55:28.7811893Z    Compiling scoped-tls v1.0.1
compare	Build, verify native launch, calibrate cells and compare processing	2026-09-13T07:55:28.8285516Z    Compiling downcast-rs v1.2.1
compare	Build, verify native launch, calibrate cells and compare processing	2026-09-13T07:55:28.8762514Z    Compiling memchr v2.8.0
compare	Build, verify native launch, calibrate cells and compare processing	2026-09-13T07:55:28.8936018Z    Compiling syn v2.0.117
compare	Build, verify native launch, calibrate cells and compare processing	2026-09-13T07:55:29.2312759Z    Compiling wayland-client v0.31.15
compare	Build, verify native launch, calibrate cells and compare processing	2026-09-13T07:55:29.3004239Z    Compiling quick-xml v0.41.0
compare	Build, verify native launch, calibrate cells and compare processing	2026-09-13T07:55:30.2367003Z    Compiling wayland-scanner v0.31.11
compare	Build, verify native launch, calibrate cells and compare processing	2026-09-13T07:55:30.7210769Z    Compiling libm v0.2.16
compare	Build, verify native launch, calibrate cells and compare processing	2026-09-13T07:55:31.3033477Z    Compiling rustix v0.38.44
compare	Build, verify native launch, calibrate cells and compare processing	2026-09-13T07:55:31.5028114Z    Compiling thiserror v1.0.69
compare	Build, verify native launch, calibrate cells and compare processing	2026-09-13T07:55:31.8124332Z    Compiling thiserror-impl v1.0.69
compare	Build, verify native launch, calibrate cells and compare processing	2026-09-13T07:55:31.8370441Z    Compiling linux-raw-sys v0.4.15
compare	Build, verify native launch, calibrate cells and compare processing	2026-09-13T07:55:32.1880058Z    Compiling core_maths v0.1.1
compare	Build, verify native launch, calibrate cells and compare processing	2026-09-13T07:55:32.2450716Z    Compiling serde_core v1.0.228
compare	Build, verify native launch, calibrate cells and compare processing	2026-09-13T07:55:32.4133906Z    Compiling semver v1.0.27
compare	Build, verify native launch, calibrate cells and compare processing	2026-09-13T07:55:32.6540478Z    Compiling cfg_aliases v0.2.1
compare	Build, verify native launch, calibrate cells and compare processing	2026-09-13T07:55:32.6883467Z    Compiling bytemuck v1.25.2
compare	Build, verify native launch, calibrate cells and compare processing	2026-09-13T07:55:32.9033871Z    Compiling rustc_version v0.4.1
compare	Build, verify native launch, calibrate cells and compare processing	2026-09-13T07:55:32.9322457Z    Compiling ttf-parser v0.25.1
compare	Build, verify native launch, calibrate cells and compare processing	2026-09-13T07:55:33.1131102Z    Compiling hashbrown v0.16.1
compare	Build, verify native launch, calibrate cells and compare processing	2026-09-13T07:55:37.3270398Z    Compiling polling v3.11.0
compare	Build, verify native launch, calibrate cells and compare processing	2026-09-13T07:55:37.6555999Z    Compiling equivalent v1.0.2
compare	Build, verify native launch, calibrate cells and compare processing	2026-09-13T07:55:37.6972410Z    Compiling slab v0.4.12
compare	Build, verify native launch, calibrate cells and compare processing	2026-09-13T07:55:37.8388028Z    Compiling foldhash v0.1.5
compare	Build, verify native launch, calibrate cells and compare processing	2026-09-13T07:55:38.0140164Z    Compiling as-raw-xcb-connection v1.0.1
compare	Build, verify native launch, calibrate cells and compare processing	2026-09-13T07:55:38.0518411Z    Compiling hashbrown v0.15.5
compare	Build, verify native launch, calibrate cells and compare processing	2026-09-13T07:55:38.8691120Z    Compiling wayland-protocols v0.32.13
compare	Build, verify native launch, calibrate cells and compare processing	2026-09-13T07:55:39.4103968Z    Compiling calloop v0.13.0
compare	Build, verify native launch, calibrate cells and compare processing	2026-09-13T07:55:39.6384420Z    Compiling indexmap v2.13.0
compare	Build, verify native launch, calibrate cells and compare processing	2026-09-13T07:55:40.4805975Z    Compiling gethostname v1.1.0
compare	Build, verify native launch, calibrate cells and compare processing	2026-09-13T07:55:40.5362628Z    Compiling pathfinder_simd v0.5.5
compare	Build, verify native launch, calibrate cells and compare processing	2026-09-13T07:55:40.6343846Z    Compiling aho-corasick v1.1.4
compare	Build, verify native launch, calibrate cells and compare processing	2026-09-13T07:55:43.0605387Z    Compiling memmap2 v0.9.11
compare	Build, verify native launch, calibrate cells and compare processing	2026-09-13T07:55:43.2320501Z    Compiling freetype-sys v0.20.1
compare	Build, verify native launch, calibrate cells and compare processing	2026-09-13T07:55:43.2975988Z    Compiling yeslogic-fontconfig-sys v6.0.0
compare	Build, verify native launch, calibrate cells and compare processing	2026-09-13T07:55:43.3433918Z    Compiling thiserror v2.0.18
compare	Build, verify native launch, calibrate cells and compare processing	2026-09-13T07:55:43.3823026Z    Compiling cursor-icon v1.2.0
compare	Build, verify native launch, calibrate cells and compare processing	2026-09-13T07:55:43.4648109Z    Compiling xkeysym v0.2.1
compare	Build, verify native launch, calibrate cells and compare processing	2026-09-13T07:55:43.5204720Z    Compiling smithay-client-toolkit v0.19.2
compare	Build, verify native launch, calibrate cells and compare processing	2026-09-13T07:55:43.5984815Z    Compiling regex-syntax v0.8.10
compare	Build, verify native launch, calibrate cells and compare processing	2026-09-13T07:55:45.9974038Z    Compiling wayland-protocols-wlr v0.3.12
compare	Build, verify native launch, calibrate cells and compare processing	2026-09-13T07:55:47.3257391Z    Compiling getrandom v0.3.4
compare	Build, verify native launch, calibrate cells and compare processing	2026-09-13T07:55:47.4955531Z    Compiling version_check v0.9.5
compare	Build, verify native launch, calibrate cells and compare processing	2026-09-13T07:55:47.7097325Z    Compiling pin-project-lite v0.2.17
compare	Build, verify native launch, calibrate cells and compare processing	2026-09-13T07:55:47.7527894Z    Compiling parking_lot_core v0.9.12
compare	Build, verify native launch, calibrate cells and compare processing	2026-09-13T07:55:47.8605173Z    Compiling x11rb-protocol v0.13.2
compare	Build, verify native launch, calibrate cells and compare processing	2026-09-13T07:55:50.6907642Z    Compiling strict-num v0.1.1
compare	Build, verify native launch, calibrate cells and compare processing	2026-09-13T07:55:50.7929627Z    Compiling zerocopy v0.8.56
compare	Build, verify native launch, calibrate cells and compare processing	2026-09-13T07:55:50.8914845Z    Compiling arrayref v0.3.9
compare	Build, verify native launch, calibrate cells and compare processing	2026-09-13T07:55:50.9231423Z    Compiling tracing-core v0.1.36
compare	Build, verify native launch, calibrate cells and compare processing	2026-09-13T07:55:51.0095477Z    Compiling xcursor v0.3.11
compare	Build, verify native launch, calibrate cells and compare processing	2026-09-13T07:55:51.7333296Z    Compiling crc32fast v1.5.0
compare	Build, verify native launch, calibrate cells and compare processing	2026-09-13T07:55:51.8992255Z    Compiling fixedbitset v0.5.7
compare	Build, verify native launch, calibrate cells and compare processing	2026-09-13T07:55:52.0080407Z    Compiling simd-adler32 v0.3.8
compare	Build, verify native launch, calibrate cells and compare processing	2026-09-13T07:55:52.2630022Z    Compiling petgraph v0.8.3
compare	Build, verify native launch, calibrate cells and compare processing	2026-09-13T07:55:52.3819870Z    Compiling tracing v0.1.44
compare	Build, verify native launch, calibrate cells and compare processing	2026-09-13T07:55:52.5891100Z    Compiling wayland-cursor v0.31.14
compare	Build, verify native launch, calibrate cells and compare processing	2026-09-13T07:55:53.3553106Z    Compiling tiny-skia-path v0.11.4
compare	Build, verify native launch, calibrate cells and compare processing	2026-09-13T07:55:54.4840193Z    Compiling ahash v0.8.12
compare	Build, verify native launch, calibrate cells and compare processing	2026-09-13T07:55:54.5823464Z    Compiling regex-automata v0.4.14
compare	Build, verify native launch, calibrate cells and compare processing	2026-09-13T07:55:55.0112017Z    Compiling wayland-csd-frame v0.3.0
compare	Build, verify native launch, calibrate cells and compare processing	2026-09-13T07:55:55.3950686Z    Compiling calloop-wayland-source v0.3.0
compare	Build, verify native launch, calibrate cells and compare processing	2026-09-13T07:55:55.4832806Z    Compiling owned_ttf_parser v0.25.1
compare	Build, verify native launch, calibrate cells and compare processing	2026-09-13T07:55:55.7721619Z    Compiling thiserror-impl v2.0.18
compare	Build, verify native launch, calibrate cells and compare processing	2026-09-13T07:55:56.8487773Z    Compiling nom v8.0.0
compare	Build, verify native launch, calibrate cells and compare processing	2026-09-13T07:56:00.2935422Z    Compiling x11rb v0.13.2
compare	Build, verify native launch, calibrate cells and compare processing	2026-09-13T07:56:00.7990925Z    Compiling x11-dl v2.21.0
compare	Build, verify native launch, calibrate cells and compare processing	2026-09-13T07:56:00.9200622Z    Compiling tiny-xlib v0.2.5
compare	Build, verify native launch, calibrate cells and compare processing	2026-09-13T07:56:01.0487660Z    Compiling arrayvec v0.7.8
compare	Build, verify native launch, calibrate cells and compare processing	2026-09-13T07:56:01.2338511Z    Compiling adler2 v2.0.1
compare	Build, verify native launch, calibrate cells and compare processing	2026-09-13T07:56:01.3304625Z    Compiling option-ext v0.2.0
compare	Build, verify native launch, calibrate cells and compare processing	2026-09-13T07:56:01.3717140Z    Compiling utf8parse v0.2.2
compare	Build, verify native launch, calibrate cells and compare processing	2026-09-13T07:56:01.4263653Z    Compiling ab_glyph_rasterizer v0.1.10
compare	Build, verify native launch, calibrate cells and compare processing	2026-09-13T07:56:01.6355948Z    Compiling scopeguard v1.2.0
compare	Build, verify native launch, calibrate cells and compare processing	2026-09-13T07:56:01.6804553Z    Compiling lock_api v0.4.14
compare	Build, verify native launch, calibrate cells and compare processing	2026-09-13T07:56:01.8847930Z    Compiling ab_glyph v0.2.32
compare	Build, verify native launch, calibrate cells and compare processing	2026-09-13T07:56:03.1366347Z    Compiling anstyle-parse v0.2.7
compare	Build, verify native launch, calibrate cells and compare processing	2026-09-13T07:56:03.2847374Z    Compiling dirs-sys v0.5.0
compare	Build, verify native launch, calibrate cells and compare processing	2026-09-13T07:56:03.6965849Z    Compiling miniz_oxide v0.8.9
compare	Build, verify native launch, calibrate cells and compare processing	2026-09-13T07:56:03.7774355Z    Compiling tiny-skia v0.11.4
compare	Build, verify native launch, calibrate cells and compare processing	2026-09-13T07:56:05.4655372Z    Compiling tree_magic_mini v3.2.2
compare	Build, verify native launch, calibrate cells and compare processing	2026-09-13T07:56:07.5444042Z    Compiling regex v1.12.3
compare	Build, verify native launch, calibrate cells and compare processing	2026-09-13T07:56:10.2355802Z    Compiling nix v0.29.0
compare	Build, verify native launch, calibrate cells and compare processing	2026-09-13T07:56:10.5123147Z    Compiling winit v0.30.13
compare	Build, verify native launch, calibrate cells and compare processing	2026-09-13T07:56:10.7383568Z    Compiling os_pipe v1.2.3
compare	Build, verify native launch, calibrate cells and compare processing	2026-09-13T07:56:10.8459594Z    Compiling raw-window-handle v0.6.2
compare	Build, verify native launch, calibrate cells and compare processing	2026-09-13T07:56:11.1168262Z    Compiling same-file v1.0.6
compare	Build, verify native launch, calibrate cells and compare processing	2026-09-13T07:56:11.2107158Z    Compiling font-kit v0.14.3
compare	Build, verify native launch, calibrate cells and compare processing	2026-09-13T07:56:11.2889243Z    Compiling serde v1.0.228
compare	Build, verify native launch, calibrate cells and compare processing	2026-09-13T07:56:11.3303491Z    Compiling colorchoice v1.0.5
compare	Build, verify native launch, calibrate cells and compare processing	2026-09-13T07:56:11.3830898Z    Compiling anstyle-query v1.1.5
compare	Build, verify native launch, calibrate cells and compare processing	2026-09-13T07:56:11.4313466Z    Compiling anstyle v1.0.14
compare	Build, verify native launch, calibrate cells and compare processing	2026-09-13T07:56:11.4434367Z    Compiling is_terminal_polyfill v1.70.2
compare	Build, verify native launch, calibrate cells and compare processing	2026-09-13T07:56:11.4843528Z    Compiling ctor v0.10.1
compare	Build, verify native launch, calibrate cells and compare processing	2026-09-13T07:56:11.5272906Z    Compiling winnow v1.0.0
compare	Build, verify native launch, calibrate cells and compare processing	2026-09-13T07:56:11.6390239Z    Compiling percent-encoding v2.3.2
compare	Build, verify native launch, calibrate cells and compare processing	2026-09-13T07:56:11.8433218Z    Compiling anstream v0.6.21
compare	Build, verify native launch, calibrate cells and compare processing	2026-09-13T07:56:11.9417631Z    Compiling toml_parser v1.0.10+spec-1.1.0
compare	Build, verify native launch, calibrate cells and compare processing	2026-09-13T07:56:12.8323044Z    Compiling walkdir v2.5.0
compare	Build, verify native launch, calibrate cells and compare processing	2026-09-13T07:56:13.4401939Z    Compiling wl-clipboard-rs v0.9.3
compare	Build, verify native launch, calibrate cells and compare processing	2026-09-13T07:56:13.6491214Z    Compiling flate2 v1.1.9
compare	Build, verify native launch, calibrate cells and compare processing	2026-09-13T07:56:14.1255003Z    Compiling parking_lot v0.12.5
compare	Build, verify native launch, calibrate cells and compare processing	2026-09-13T07:56:14.1822754Z    Compiling pathfinder_geometry v0.5.1
compare	Build, verify native launch, calibrate cells and compare processing	2026-09-13T07:56:14.4117866Z    Compiling sctk-adwaita v0.10.1
compare	Build, verify native launch, calibrate cells and compare processing	2026-09-13T07:56:15.0575187Z    Compiling env_filter v1.0.0
compare	Build, verify native launch, calibrate cells and compare processing	2026-09-13T07:56:16.3092551Z    Compiling dirs v6.0.0
compare	Build, verify native launch, calibrate cells and compare processing	2026-09-13T07:56:16.7297964Z    Compiling fdeflate v0.3.7
compare	Build, verify native launch, calibrate cells and compare processing	2026-09-13T07:56:17.7344726Z    Compiling wayland-protocols-plasma v0.3.12
compare	Build, verify native launch, calibrate cells and compare processing	2026-09-13T07:56:19.4529416Z    Compiling xkbcommon-dl v0.4.2
compare	Build, verify native launch, calibrate cells and compare processing	2026-09-13T07:56:20.4555413Z    Compiling toml_datetime v1.0.1+spec-1.1.0
compare	Build, verify native launch, calibrate cells and compare processing	2026-09-13T07:56:20.8434784Z    Compiling serde_spanned v1.0.4
compare	Build, verify native launch, calibrate cells and compare processing	2026-09-13T07:56:20.9295536Z    Compiling serde_derive v1.0.228
compare	Build, verify native launch, calibrate cells and compare processing	2026-09-13T07:56:23.8621826Z    Compiling unicode-script v0.5.8
compare	Build, verify native launch, calibrate cells and compare processing	2026-09-13T07:56:23.8918669Z    Compiling unicode-properties v0.1.4
compare	Build, verify native launch, calibrate cells and compare processing	2026-09-13T07:56:24.0400509Z    Compiling dpi v0.1.2
compare	Build, verify native launch, calibrate cells and compare processing	2026-09-13T07:56:24.1843672Z    Compiling jiff v0.2.23
compare	Build, verify native launch, calibrate cells and compare processing	2026-09-13T07:56:24.4030813Z    Compiling bitflags v1.3.2
compare	Build, verify native launch, calibrate cells and compare processing	2026-09-13T07:56:24.4373560Z    Compiling unicode-ccc v0.4.0
compare	Build, verify native launch, calibrate cells and compare processing	2026-09-13T07:56:24.5603497Z    Compiling smol_str v0.2.2
compare	Build, verify native launch, calibrate cells and compare processing	2026-09-13T07:56:24.8086294Z    Compiling lazy_static v1.5.0
compare	Build, verify native launch, calibrate cells and compare processing	2026-09-13T07:56:24.8518477Z    Compiling byteorder v1.5.0
compare	Build, verify native launch, calibrate cells and compare processing	2026-09-13T07:56:25.0620964Z    Compiling fastrand v2.5.0
compare	Build, verify native launch, calibrate cells and compare processing	2026-09-13T07:56:25.2840066Z    Compiling toml_writer v1.0.7+spec-1.1.0
compare	Build, verify native launch, calibrate cells and compare processing	2026-09-13T07:56:25.4855756Z    Compiling float-ord v0.3.2
compare	Build, verify native launch, calibrate cells and compare processing	2026-09-13T07:56:25.5385150Z    Compiling unicode-bidi-mirroring v0.4.0
compare	Build, verify native launch, calibrate cells and compare processing	2026-09-13T07:56:25.6096659Z    Compiling rustybuzz v0.20.1
compare	Build, verify native launch, calibrate cells and compare processing	2026-09-13T07:56:27.9462070Z    Compiling env_logger v0.11.9
compare	Build, verify native launch, calibrate cells and compare processing	2026-09-13T07:56:28.3693000Z    Compiling toml v1.0.7+spec-1.1.0
compare	Build, verify native launch, calibrate cells and compare processing	2026-09-13T07:56:29.0242921Z    Compiling softbuffer v0.4.8
compare	Build, verify native launch, calibrate cells and compare processing	2026-09-13T07:56:33.5217828Z    Compiling png v0.17.16
compare	Build, verify native launch, calibrate cells and compare processing	2026-09-13T07:56:36.1325222Z    Compiling arboard v3.6.1
compare	Build, verify native launch, calibrate cells and compare processing	2026-09-13T07:56:36.6108129Z    Compiling unicode-segmentation v1.13.3
compare	Build, verify native launch, calibrate cells and compare processing	2026-09-13T07:56:37.2646636Z    Compiling unicode-width v0.2.2
compare	Build, verify native launch, calibrate cells and compare processing	2026-09-13T07:56:37.4930935Z    Compiling base64 v0.22.1
compare	Build, verify native launch, calibrate cells and compare processing	2026-09-13T07:56:41.7637250Z    Compiling kokuban v0.2.0 (/source)
compare	Build, verify native launch, calibrate cells and compare processing	2026-09-13T07:56:43.0711174Z warning: fields `descent` and `font` are never read
compare	Build, verify native launch, calibrate cells and compare processing	2026-09-13T07:56:43.0713013Z   --> src/glyph_atlas.rs:90:9
compare	Build, verify native launch, calibrate cells and compare processing	2026-09-13T07:56:43.0715002Z    |
compare	Build, verify native launch, calibrate cells and compare processing	2026-09-13T07:56:43.0715409Z 77 | pub struct GlyphAtlas {
compare	Build, verify native launch, calibrate cells and compare processing	2026-09-13T07:56:43.0717684Z    |            ---------- fields in this struct
compare	Build, verify native launch, calibrate cells and compare processing	2026-09-13T07:56:43.0718197Z ...
compare	Build, verify native launch, calibrate cells and compare processing	2026-09-13T07:56:43.0720087Z 90 |     pub descent: f32,
compare	Build, verify native launch, calibrate cells and compare processing	2026-09-13T07:56:43.0720510Z    |         ^^^^^^^
compare	Build, verify native launch, calibrate cells and compare processing	2026-09-13T07:56:43.0720874Z 91 |     font: Font,
compare	Build, verify native launch, calibrate cells and compare processing	2026-09-13T07:56:43.0728918Z    |     ^^^^
compare	Build, verify native launch, calibrate cells and compare processing	2026-09-13T07:56:43.0734936Z    |
compare	Build, verify native launch, calibrate cells and compare processing	2026-09-13T07:56:43.0736330Z    = note: `#[warn(dead_code)]` (part of `#[warn(unused)]`) on by default
compare	Build, verify native launch, calibrate cells and compare processing	2026-09-13T07:56:43.0737841Z 
compare	Build, verify native launch, calibrate cells and compare processing	2026-09-13T07:56:43.0738368Z warning: method `clear_and_resize` is never used
compare	Build, verify native launch, calibrate cells and compare processing	2026-09-13T07:56:43.0746086Z    --> src/glyph_atlas.rs:225:12
compare	Build, verify native launch, calibrate cells and compare processing	2026-09-13T07:56:43.0746574Z     |
compare	Build, verify native launch, calibrate cells and compare processing	2026-09-13T07:56:43.0746914Z 108 | impl GlyphAtlas {
compare	Build, verify native launch, calibrate cells and compare processing	2026-09-13T07:56:43.0747365Z     | --------------- method in this implementation
compare	Build, verify native launch, calibrate cells and compare processing	2026-09-13T07:56:43.0747879Z ...
compare	Build, verify native launch, calibrate cells and compare processing	2026-09-13T07:56:43.0748507Z 225 |     pub fn clear_and_resize(&mut self, new_font_size: f32) -> Result<(), GlyphAtlasError> {
compare	Build, verify native launch, calibrate cells and compare processing	2026-09-13T07:56:43.0749260Z     |            ^^^^^^^^^^^^^^^^
compare	Build, verify native launch, calibrate cells and compare processing	2026-09-13T07:56:43.0749529Z 
compare	Build, verify native launch, calibrate cells and compare processing	2026-09-13T07:56:43.0749696Z warning: field `blinking` is never read
compare	Build, verify native launch, calibrate cells and compare processing	2026-09-13T07:56:43.0750155Z    --> src/grid/mod.rs:120:9
compare	Build, verify native launch, calibrate cells and compare processing	2026-09-13T07:56:43.0750531Z     |
compare	Build, verify native launch, calibrate cells and compare processing	2026-09-13T07:56:43.0750846Z 118 | pub struct CursorStyle {
compare	Build, verify native launch, calibrate cells and compare processing	2026-09-13T07:56:43.0751291Z     |            ----------- field in this struct
compare	Build, verify native launch, calibrate cells and compare processing	2026-09-13T07:56:43.0751775Z 119 |     pub shape: CursorShape,
compare	Build, verify native launch, calibrate cells and compare processing	2026-09-13T07:56:43.0752490Z 120 |     pub blinking: bool,
compare	Build, verify native launch, calibrate cells and compare processing	2026-09-13T07:56:43.0752897Z     |         ^^^^^^^^
compare	Build, verify native launch, calibrate cells and compare processing	2026-09-13T07:56:43.0753265Z     |
compare	Build, verify native launch, calibrate cells and compare processing	2026-09-13T07:56:43.0754188Z     = note: `CursorStyle` has derived impls for the traits `Clone` and `Debug`, but these are intentionally ignored during dead code analysis
compare	Build, verify native launch, calibrate cells and compare processing	2026-09-13T07:56:43.0754933Z 
compare	Build, verify native launch, calibrate cells and compare processing	2026-09-13T07:56:43.0755126Z warning: methods `title_revision` and `scrollback_cell` are never used
compare	Build, verify native launch, calibrate cells and compare processing	2026-09-13T07:56:43.0755502Z    --> src/grid/mod.rs:365:19
compare	Build, verify native launch, calibrate cells and compare processing	2026-09-13T07:56:43.0755725Z     |
compare	Build, verify native launch, calibrate cells and compare processing	2026-09-13T07:56:43.0755899Z 229 | impl Grid {
compare	Build, verify native launch, calibrate cells and compare processing	2026-09-13T07:56:43.0756129Z     | --------- methods in this implementation
compare	Build, verify native launch, calibrate cells and compare processing	2026-09-13T07:56:43.0756393Z ...
compare	Build, verify native launch, calibrate cells and compare processing	2026-09-13T07:56:43.0756672Z 365 |     pub(crate) fn title_revision(&self) -> u64 { self.title_revision }
compare	Build, verify native launch, calibrate cells and compare processing	2026-09-13T07:56:43.0757028Z     |                   ^^^^^^^^^^^^^^
compare	Build, verify native launch, calibrate cells and compare processing	2026-09-13T07:56:43.0757253Z ...
compare	Build, verify native launch, calibrate cells and compare processing	2026-09-13T07:56:43.0757514Z 391 |     pub fn scrollback_cell(&self, row: usize, col: usize) -> char {
compare	Build, verify native launch, calibrate cells and compare processing	2026-09-13T07:56:43.0757853Z     |            ^^^^^^^^^^^^^^^
compare	Build, verify native launch, calibrate cells and compare processing	2026-09-13T07:56:43.0758000Z 
compare	Build, verify native launch, calibrate cells and compare processing	2026-09-13T07:56:43.0758090Z warning: method `text` is never used
compare	Build, verify native launch, calibrate cells and compare processing	2026-09-13T07:56:43.0758342Z   --> src/grid/cell.rs:48:12
compare	Build, verify native launch, calibrate cells and compare processing	2026-09-13T07:56:43.0758562Z    |
compare	Build, verify native launch, calibrate cells and compare processing	2026-09-13T07:56:43.0758729Z 47 | impl Cell {
compare	Build, verify native launch, calibrate cells and compare processing	2026-09-13T07:56:43.0758960Z    | --------- method in this implementation
compare	Build, verify native launch, calibrate cells and compare processing	2026-09-13T07:56:43.0759264Z 48 |     pub fn text(&self) -> Cow<'_, str> {
compare	Build, verify native launch, calibrate cells and compare processing	2026-09-13T07:56:43.0759789Z    |            ^^^^
compare	Build, verify native launch, calibrate cells and compare processing	2026-09-13T07:56:43.0759911Z 
compare	Build, verify native launch, calibrate cells and compare processing	2026-09-13T07:56:43.0760008Z warning: field `kind` is never read
compare	Build, verify native launch, calibrate cells and compare processing	2026-09-13T07:56:43.0760262Z   --> src/grid/marks.rs:11:9
compare	Build, verify native launch, calibrate cells and compare processing	2026-09-13T07:56:43.0760475Z    |
compare	Build, verify native launch, calibrate cells and compare processing	2026-09-13T07:56:43.0760659Z 10 | pub struct PromptMark {
compare	Build, verify native launch, calibrate cells and compare processing	2026-09-13T07:56:43.0760909Z    |            ---------- field in this struct
compare	Build, verify native launch, calibrate cells and compare processing	2026-09-13T07:56:43.0761193Z 11 |     pub kind: PromptMarkKind,
compare	Build, verify native launch, calibrate cells and compare processing	2026-09-13T07:56:43.0761433Z    |         ^^^^
compare	Build, verify native launch, calibrate cells and compare processing	2026-09-13T07:56:43.0761609Z    |
compare	Build, verify native launch, calibrate cells and compare processing	2026-09-13T07:56:43.0762381Z    = note: `PromptMark` has derived impls for the traits `Clone` and `Debug`, but these are intentionally ignored during dead code analysis
compare	Build, verify native launch, calibrate cells and compare processing	2026-09-13T07:56:43.0762870Z 
compare	Build, verify native launch, calibrate cells and compare processing	2026-09-13T07:56:43.0763139Z warning: methods `prev_prompt`, `next_prompt`, `visible_prompt_rows`, and `is_empty` are never used
compare	Build, verify native launch, calibrate cells and compare processing	2026-09-13T07:56:43.0763779Z   --> src/grid/marks.rs:34:12
compare	Build, verify native launch, calibrate cells and compare processing	2026-09-13T07:56:43.0764000Z    |
compare	Build, verify native launch, calibrate cells and compare processing	2026-09-13T07:56:43.0764169Z 20 | impl MarkIndex {
compare	Build, verify native launch, calibrate cells and compare processing	2026-09-13T07:56:43.0764403Z    | -------------- methods in this implementation
compare	Build, verify native launch, calibrate cells and compare processing	2026-09-13T07:56:43.0764676Z ...
compare	Build, verify native launch, calibrate cells and compare processing	2026-09-13T07:56:43.0764939Z 34 |     pub fn prev_prompt(&self, current_row: usize) -> Option<usize> {
compare	Build, verify native launch, calibrate cells and compare processing	2026-09-13T07:56:43.0765285Z    |            ^^^^^^^^^^^
compare	Build, verify native launch, calibrate cells and compare processing	2026-09-13T07:56:43.0765488Z ...
compare	Build, verify native launch, calibrate cells and compare processing	2026-09-13T07:56:43.0765741Z 48 |     pub fn next_prompt(&self, current_row: usize) -> Option<usize> {
compare	Build, verify native launch, calibrate cells and compare processing	2026-09-13T07:56:43.0766071Z    |            ^^^^^^^^^^^
compare	Build, verify native launch, calibrate cells and compare processing	2026-09-13T07:56:43.0766274Z ...
compare	Build, verify native launch, calibrate cells and compare processing	2026-09-13T07:56:43.0766456Z 58 |     pub fn visible_prompt_rows(
compare	Build, verify native launch, calibrate cells and compare processing	2026-09-13T07:56:43.0766709Z    |            ^^^^^^^^^^^^^^^^^^^
compare	Build, verify native launch, calibrate cells and compare processing	2026-09-13T07:56:43.0766932Z ...
compare	Build, verify native launch, calibrate cells and compare processing	2026-09-13T07:56:43.0767122Z 79 |     pub fn is_empty(&self) -> bool {
compare	Build, verify native launch, calibrate cells and compare processing	2026-09-13T07:56:43.0767371Z    |            ^^^^^^^^
compare	Build, verify native launch, calibrate cells and compare processing	2026-09-13T07:56:43.0767508Z 
compare	Build, verify native launch, calibrate cells and compare processing	2026-09-13T07:56:43.0767628Z warning: struct `KeyBind` is never constructed
compare	Build, verify native launch, calibrate cells and compare processing	2026-09-13T07:56:43.0767927Z   --> src/input/keybind.rs:15:12
compare	Build, verify native launch, calibrate cells and compare processing	2026-09-13T07:56:43.0768151Z    |
compare	Build, verify native launch, calibrate cells and compare processing	2026-09-13T07:56:43.0768321Z 15 | pub struct KeyBind {
compare	Build, verify native launch, calibrate cells and compare processing	2026-09-13T07:56:43.0768532Z    |            ^^^^^^^
compare	Build, verify native launch, calibrate cells and compare processing	2026-09-13T07:56:43.0768655Z 
compare	Build, verify native launch, calibrate cells and compare processing	2026-09-13T07:56:43.0768759Z warning: enum `PaneAction` is never used
compare	Build, verify native launch, calibrate cells and compare processing	2026-09-13T07:56:43.0769022Z   --> src/input/keybind.rs:21:10
compare	Build, verify native launch, calibrate cells and compare processing	2026-09-13T07:56:43.0769239Z    |
compare	Build, verify native launch, calibrate cells and compare processing	2026-09-13T07:56:43.0769414Z 21 | pub enum PaneAction {
compare	Build, verify native launch, calibrate cells and compare processing	2026-09-13T07:56:43.0769625Z    |          ^^^^^^^^^^
compare	Build, verify native launch, calibrate cells and compare processing	2026-09-13T07:56:43.0769756Z 
compare	Build, verify native launch, calibrate cells and compare processing	2026-09-13T07:56:43.0769871Z warning: struct `KeybindMap` is never constructed
compare	Build, verify native launch, calibrate cells and compare processing	2026-09-13T07:56:43.0770178Z   --> src/input/keybind.rs:40:12
compare	Build, verify native launch, calibrate cells and compare processing	2026-09-13T07:56:43.0770395Z    |
compare	Build, verify native launch, calibrate cells and compare processing	2026-09-13T07:56:43.0770571Z 40 | pub struct KeybindMap {
compare	Build, verify native launch, calibrate cells and compare processing	2026-09-13T07:56:43.0770789Z    |            ^^^^^^^^^^
compare	Build, verify native launch, calibrate cells and compare processing	2026-09-13T07:56:43.0770914Z 
compare	Build, verify native launch, calibrate cells and compare processing	2026-09-13T07:56:43.0771086Z warning: associated items `from_config` and `lookup` are never used
compare	Build, verify native launch, calibrate cells and compare processing	2026-09-13T07:56:43.0771437Z   --> src/input/keybind.rs:45:12
compare	Build, verify native launch, calibrate cells and compare processing	2026-09-13T07:56:43.0771658Z    |
compare	Build, verify native launch, calibrate cells and compare processing	2026-09-13T07:56:43.0771829Z 44 | impl KeybindMap {
compare	Build, verify native launch, calibrate cells and compare processing	2026-09-13T07:56:43.0772423Z    | --------------- associated items in this implementation
compare	Build, verify native launch, calibrate cells and compare processing	2026-09-13T07:56:43.0772803Z 45 |     pub fn from_config(config: &KeybindConfig) -> Self {
compare	Build, verify native launch, calibrate cells and compare processing	2026-09-13T07:56:43.0773111Z    |            ^^^^^^^^^^^
compare	Build, verify native launch, calibrate cells and compare processing	2026-09-13T07:56:43.0773308Z ...
compare	Build, verify native launch, calibrate cells and compare processing	2026-09-13T07:56:43.0773620Z 74 |     pub fn lookup(&self, key_code: u16, modifiers: KeyModifiers) -> Option<PaneAction> {
compare	Build, verify native launch, calibrate cells and compare processing	2026-09-13T07:56:43.0774019Z    |            ^^^^^^
compare	Build, verify native launch, calibrate cells and compare processing	2026-09-13T07:56:43.0774138Z 
compare	Build, verify native launch, calibrate cells and compare processing	2026-09-13T07:56:43.0774261Z warning: function `parse_keybind` is never used
compare	Build, verify native launch, calibrate cells and compare processing	2026-09-13T07:56:43.0774553Z   --> src/input/keybind.rs:84:4
compare	Build, verify native launch, calibrate cells and compare processing	2026-09-13T07:56:43.0774773Z    |
compare	Build, verify native launch, calibrate cells and compare processing	2026-09-13T07:56:43.0774978Z 84 | fn parse_keybind(s: &str) -> Option<KeyBind> {
compare	Build, verify native launch, calibrate cells and compare processing	2026-09-13T07:56:43.0775258Z    |    ^^^^^^^^^^^^^
compare	Build, verify native launch, calibrate cells and compare processing	2026-09-13T07:56:43.0775380Z 
compare	Build, verify native launch, calibrate cells and compare processing	2026-09-13T07:56:43.0775494Z warning: function `key_name_to_code` is never used
compare	Build, verify native launch, calibrate cells and compare processing	2026-09-13T07:56:43.0781634Z    --> src/input/keybind.rs:103:4
compare	Build, verify native launch, calibrate cells and compare processing	2026-09-13T07:56:43.0782311Z     |
compare	Build, verify native launch, calibrate cells and compare processing	2026-09-13T07:56:43.0782690Z 103 | fn key_name_to_code(name: &str) -> Option<u16> {
compare	Build, verify native launch, calibrate cells and compare processing	2026-09-13T07:56:43.0783169Z     |    ^^^^^^^^^^^^^^^^
compare	Build, verify native launch, calibrate cells and compare processing	2026-09-13T07:56:43.0783605Z 
compare	Build, verify native launch, calibrate cells and compare processing	2026-09-13T07:56:43.0783728Z warning: type alias `PaneId` is never used
compare	Build, verify native launch, calibrate cells and compare processing	2026-09-13T07:56:43.0784015Z  --> src/layout.rs:5:10
compare	Build, verify native launch, calibrate cells and compare processing	2026-09-13T07:56:43.0784222Z   |
compare	Build, verify native launch, calibrate cells and compare processing	2026-09-13T07:56:43.0784407Z 5 | pub type PaneId = u64;
compare	Build, verify native launch, calibrate cells and compare processing	2026-09-13T07:56:43.0784625Z   |          ^^^^^^
compare	Build, verify native launch, calibrate cells and compare processing	2026-09-13T07:56:43.0784746Z 
compare	Build, verify native launch, calibrate cells and compare processing	2026-09-13T07:56:43.0784871Z warning: constant `DIVIDER_THICKNESS` is never used
compare	Build, verify native launch, calibrate cells and compare processing	2026-09-13T07:56:43.0785176Z  --> src/layout.rs:7:11
compare	Build, verify native launch, calibrate cells and compare processing	2026-09-13T07:56:43.0785384Z   |
compare	Build, verify native launch, calibrate cells and compare processing	2026-09-13T07:56:43.0785577Z 7 | pub const DIVIDER_THICKNESS: f32 = 6.0;
compare	Build, verify native launch, calibrate cells and compare processing	2026-09-13T07:56:43.0785848Z   |           ^^^^^^^^^^^^^^^^^
compare	Build, verify native launch, calibrate cells and compare processing	2026-09-13T07:56:43.0785990Z 
compare	Build, verify native launch, calibrate cells and compare processing	2026-09-13T07:56:43.0786105Z warning: enum `SplitDirection` is never used
compare	Build, verify native launch, calibrate cells and compare processing	2026-09-13T07:56:43.0786386Z   --> src/layout.rs:10:10
compare	Build, verify native launch, calibrate cells and compare processing	2026-09-13T07:56:43.0786608Z    |
compare	Build, verify native launch, calibrate cells and compare processing	2026-09-13T07:56:43.0786934Z 10 | pub enum SplitDirection {
compare	Build, verify native launch, calibrate cells and compare processing	2026-09-13T07:56:43.0787173Z    |          ^^^^^^^^^^^^^^
compare	Build, verify native launch, calibrate cells and compare processing	2026-09-13T07:56:43.0787316Z 
compare	Build, verify native launch, calibrate cells and compare processing	2026-09-13T07:56:43.0787434Z warning: struct `PixelRect` is never constructed
compare	Build, verify native launch, calibrate cells and compare processing	2026-09-13T07:56:43.0787737Z   --> src/layout.rs:16:12
compare	Build, verify native launch, calibrate cells and compare processing	2026-09-13T07:56:43.0787949Z    |
compare	Build, verify native launch, calibrate cells and compare processing	2026-09-13T07:56:43.0788131Z 16 | pub struct PixelRect {
compare	Build, verify native launch, calibrate cells and compare processing	2026-09-13T07:56:43.0788346Z    |            ^^^^^^^^^
compare	Build, verify native launch, calibrate cells and compare processing	2026-09-13T07:56:43.0788492Z 
compare	Build, verify native launch, calibrate cells and compare processing	2026-09-13T07:56:43.0788678Z warning: associated items `ZERO`, `split`, and `contains` are never used
compare	Build, verify native launch, calibrate cells and compare processing	2026-09-13T07:56:43.0789079Z   --> src/layout.rs:24:15
compare	Build, verify native launch, calibrate cells and compare processing	2026-09-13T07:56:43.0789286Z    |
compare	Build, verify native launch, calibrate cells and compare processing	2026-09-13T07:56:43.0789455Z 23 | impl PixelRect {
compare	Build, verify native launch, calibrate cells and compare processing	2026-09-13T07:56:43.0789715Z    | -------------- associated items in this implementation
compare	Build, verify native launch, calibrate cells and compare processing	2026-09-13T07:56:43.0790040Z 24 |     pub const ZERO: Self = Self {
compare	Build, verify native launch, calibrate cells and compare processing	2026-09-13T07:56:43.0790287Z    |               ^^^^
compare	Build, verify native launch, calibrate cells and compare processing	2026-09-13T07:56:43.0790481Z ...
compare	Build, verify native launch, calibrate cells and compare processing	2026-09-13T07:56:43.0790817Z 31 |     pub fn split(self, direction: SplitDirection, ratio: f32) -> (PixelRect, PixelRect) {
compare	Build, verify native launch, calibrate cells and compare processing	2026-09-13T07:56:43.0791235Z    |            ^^^^^
compare	Build, verify native launch, calibrate cells and compare processing	2026-09-13T07:56:43.0791425Z ...
compare	Build, verify native launch, calibrate cells and compare processing	2026-09-13T07:56:43.0791640Z 69 |     pub fn contains(&self, x: f32, y: f32) -> bool {
compare	Build, verify native launch, calibrate cells and compare processing	2026-09-13T07:56:43.0792184Z    |            ^^^^^^^^
compare	Build, verify native launch, calibrate cells and compare processing	2026-09-13T07:56:43.0792341Z 
compare	Build, verify native launch, calibrate cells and compare processing	2026-09-13T07:56:43.0792468Z warning: struct `DividerInfo` is never constructed
compare	Build, verify native launch, calibrate cells and compare processing	2026-09-13T07:56:43.0792767Z   --> src/layout.rs:75:12
compare	Build, verify native launch, calibrate cells and compare processing	2026-09-13T07:56:43.0792995Z    |
compare	Build, verify native launch, calibrate cells and compare processing	2026-09-13T07:56:43.0793182Z 75 | pub struct DividerInfo {
compare	Build, verify native launch, calibrate cells and compare processing	2026-09-13T07:56:43.0793411Z    |            ^^^^^^^^^^^
compare	Build, verify native launch, calibrate cells and compare processing	2026-09-13T07:56:43.0793550Z 
compare	Build, verify native launch, calibrate cells and compare processing	2026-09-13T07:56:43.0793666Z warning: function `compute_layout` is never used
compare	Build, verify native launch, calibrate cells and compare processing	2026-09-13T07:56:43.0793963Z   --> src/layout.rs:84:8
compare	Build, verify native launch, calibrate cells and compare processing	2026-09-13T07:56:43.0794167Z    |
compare	Build, verify native launch, calibrate cells and compare processing	2026-09-13T07:56:43.0794344Z 84 | pub fn compute_layout(
compare	Build, verify native launch, calibrate cells and compare processing	2026-09-13T07:56:43.0794564Z    |        ^^^^^^^^^^^^^^
compare	Build, verify native launch, calibrate cells and compare processing	2026-09-13T07:56:43.0794703Z 
compare	Build, verify native launch, calibrate cells and compare processing	2026-09-13T07:56:43.0794821Z warning: function `node_contains` is never used
compare	Build, verify native launch, calibrate cells and compare processing	2026-09-13T07:56:43.0795108Z    --> src/layout.rs:131:4
compare	Build, verify native launch, calibrate cells and compare processing	2026-09-13T07:56:43.0795324Z     |
compare	Build, verify native launch, calibrate cells and compare processing	2026-09-13T07:56:43.0795569Z 131 | fn node_contains(node: &PaneNode, id: PaneId) -> bool {
compare	Build, verify native launch, calibrate cells and compare processing	2026-09-13T07:56:43.0795879Z     |    ^^^^^^^^^^^^^
compare	Build, verify native launch, calibrate cells and compare processing	2026-09-13T07:56:43.0796013Z 
compare	Build, verify native launch, calibrate cells and compare processing	2026-09-13T07:56:43.0796111Z warning: enum `PaneNode` is never used
compare	Build, verify native launch, calibrate cells and compare processing	2026-09-13T07:56:43.0796373Z  --> src/layout/tree.rs:3:10
compare	Build, verify native launch, calibrate cells and compare processing	2026-09-13T07:56:43.0796585Z   |
compare	Build, verify native launch, calibrate cells and compare processing	2026-09-13T07:56:43.0796760Z 3 | pub enum PaneNode {
compare	Build, verify native launch, calibrate cells and compare processing	2026-09-13T07:56:43.0796964Z   |          ^^^^^^^^
compare	Build, verify native launch, calibrate cells and compare processing	2026-09-13T07:56:43.0797088Z 
compare	Build, verify native launch, calibrate cells and compare processing	2026-09-13T07:56:43.0797482Z warning: associated items `split_leaf`, `remove_leaf`, `adjust_ratio`, `contains`, `collect_leaf_ids`, and `is_single_leaf` are never used
compare	Build, verify native launch, calibrate cells and compare processing	2026-09-13T07:56:43.0798056Z    --> src/layout/tree.rs:16:12
compare	Build, verify native launch, calibrate cells and compare processing	2026-09-13T07:56:43.0798277Z     |
compare	Build, verify native launch, calibrate cells and compare processing	2026-09-13T07:56:43.0798453Z  13 | impl PaneNode {
compare	Build, verify native launch, calibrate cells and compare processing	2026-09-13T07:56:43.0798709Z     | ------------- associated items in this implementation
compare	Build, verify native launch, calibrate cells and compare processing	2026-09-13T07:56:43.0798995Z ...
compare	Build, verify native launch, calibrate cells and compare processing	2026-09-13T07:56:43.0799170Z  16 |     pub fn split_leaf(
compare	Build, verify native launch, calibrate cells and compare processing	2026-09-13T07:56:43.0799391Z     |            ^^^^^^^^^^
compare	Build, verify native launch, calibrate cells and compare processing	2026-09-13T07:56:43.0799590Z ...
compare	Build, verify native launch, calibrate cells and compare processing	2026-09-13T07:56:43.0799835Z  44 |     pub fn remove_leaf(&mut self, target_id: PaneId) -> bool {
compare	Build, verify native launch, calibrate cells and compare processing	2026-09-13T07:56:43.0800313Z     |            ^^^^^^^^^^^
compare	Build, verify native launch, calibrate cells and compare processing	2026-09-13T07:56:43.0800517Z ...
compare	Build, verify native launch, calibrate cells and compare processing	2026-09-13T07:56:43.0800794Z  72 |     pub fn adjust_ratio(&mut self, target_id: PaneId, delta: f32) -> bool {
compare	Build, verify native launch, calibrate cells and compare processing	2026-09-13T07:56:43.0801157Z     |            ^^^^^^^^^^^^
compare	Build, verify native launch, calibrate cells and compare processing	2026-09-13T07:56:43.0801364Z ...
compare	Build, verify native launch, calibrate cells and compare processing	2026-09-13T07:56:43.0801598Z 104 |     pub fn contains(node: &PaneNode, id: PaneId) -> bool {
compare	Build, verify native launch, calibrate cells and compare processing	2026-09-13T07:56:43.0802169Z     |            ^^^^^^^^
compare	Build, verify native launch, calibrate cells and compare processing	2026-09-13T07:56:43.0802433Z ...
compare	Build, verify native launch, calibrate cells and compare processing	2026-09-13T07:56:43.0802670Z 113 |     pub fn collect_leaf_ids(&self, out: &mut Vec<PaneId>) {
compare	Build, verify native launch, calibrate cells and compare processing	2026-09-13T07:56:43.0802981Z     |            ^^^^^^^^^^^^^^^^
compare	Build, verify native launch, calibrate cells and compare processing	2026-09-13T07:56:43.0803196Z ...
compare	Build, verify native launch, calibrate cells and compare processing	2026-09-13T07:56:43.0803403Z 123 |     pub fn is_single_leaf(&self) -> bool {
compare	Build, verify native launch, calibrate cells and compare processing	2026-09-13T07:56:43.0803675Z     |            ^^^^^^^^^^^^^^
compare	Build, verify native launch, calibrate cells and compare processing	2026-09-13T07:56:43.0803813Z 
compare	Build, verify native launch, calibrate cells and compare processing	2026-09-13T07:56:43.0804049Z warning: enum `Action` is never used
compare	Build, verify native launch, calibrate cells and compare processing	2026-09-13T07:56:43.0804308Z  --> src/parser/mod.rs:6:10
compare	Build, verify native launch, calibrate cells and compare processing	2026-09-13T07:56:43.0804517Z   |
compare	Build, verify native launch, calibrate cells and compare processing	2026-09-13T07:56:43.0804686Z 6 | pub enum Action {
compare	Build, verify native launch, calibrate cells and compare processing	2026-09-13T07:56:43.0804889Z   |          ^^^^^^
compare	Build, verify native launch, calibrate cells and compare processing	2026-09-13T07:56:43.0805008Z 
compare	Build, verify native launch, calibrate cells and compare processing	2026-09-13T07:56:43.0805096Z warning: method `feed` is never used
compare	Build, verify native launch, calibrate cells and compare processing	2026-09-13T07:56:43.0805354Z    --> src/parser/ansi.rs:113:12
compare	Build, verify native launch, calibrate cells and compare processing	2026-09-13T07:56:43.0805577Z     |
compare	Build, verify native launch, calibrate cells and compare processing	2026-09-13T07:56:43.0805754Z  77 | impl Parser {
compare	Build, verify native launch, calibrate cells and compare processing	2026-09-13T07:56:43.0805984Z     | ----------- method in this implementation
compare	Build, verify native launch, calibrate cells and compare processing	2026-09-13T07:56:43.0806257Z ...
compare	Build, verify native launch, calibrate cells and compare processing	2026-09-13T07:56:43.0806515Z 113 |     pub fn feed(&mut self, input: &[u8], grid: &mut Grid) {
compare	Build, verify native launch, calibrate cells and compare processing	2026-09-13T07:56:43.0806819Z     |            ^^^^
compare	Build, verify native launch, calibrate cells and compare processing	2026-09-13T07:56:43.0806942Z 
compare	Build, verify native launch, calibrate cells and compare processing	2026-09-13T07:56:43.0807077Z warning: methods `master_fd` and `resize` are never used
compare	Build, verify native launch, calibrate cells and compare processing	2026-09-13T07:56:43.0807393Z    --> src/pty/unix.rs:178:12
compare	Build, verify native launch, calibrate cells and compare processing	2026-09-13T07:56:43.0807616Z     |
compare	Build, verify native launch, calibrate cells and compare processing	2026-09-13T07:56:43.0807783Z  35 | impl Pty {
compare	Build, verify native launch, calibrate cells and compare processing	2026-09-13T07:56:43.0808001Z     | -------- methods in this implementation
compare	Build, verify native launch, calibrate cells and compare processing	2026-09-13T07:56:43.0808267Z ...
compare	Build, verify native launch, calibrate cells and compare processing	2026-09-13T07:56:43.0808458Z 178 |     pub fn master_fd(&self) -> RawFd {
compare	Build, verify native launch, calibrate cells and compare processing	2026-09-13T07:56:43.0808728Z     |            ^^^^^^^^^
compare	Build, verify native launch, calibrate cells and compare processing	2026-09-13T07:56:43.0808929Z ...
compare	Build, verify native launch, calibrate cells and compare processing	2026-09-13T07:56:43.0814696Z 243 |     pub fn resize(&self, cols: u16, rows: u16) -> std::io::Result<()> {
compare	Build, verify native launch, calibrate cells and compare processing	2026-09-13T07:56:43.0815096Z     |            ^^^^^^
compare	Build, verify native launch, calibrate cells and compare processing	2026-09-13T07:56:43.0815240Z 
compare	Build, verify native launch, calibrate cells and compare processing	2026-09-13T07:56:43.0815384Z warning: struct `PaneRenderData` is never constructed
compare	Build, verify native launch, calibrate cells and compare processing	2026-09-13T07:56:43.0815710Z  --> src/render_scene.rs:5:12
compare	Build, verify native launch, calibrate cells and compare processing	2026-09-13T07:56:43.0815946Z   |
compare	Build, verify native launch, calibrate cells and compare processing	2026-09-13T07:56:43.0816147Z 5 | pub struct PaneRenderData<'a> {
compare	Build, verify native launch, calibrate cells and compare processing	2026-09-13T07:56:43.0816413Z   |            ^^^^^^^^^^^^^^
compare	Build, verify native launch, calibrate cells and compare processing	2026-09-13T07:56:43.0816562Z 
compare	Build, verify native launch, calibrate cells and compare processing	2026-09-13T07:56:43.0816715Z warning: struct `ConfirmOverlayInfo` is never constructed
compare	Build, verify native launch, calibrate cells and compare processing	2026-09-13T07:56:43.0817053Z   --> src/render_scene.rs:16:12
compare	Build, verify native launch, calibrate cells and compare processing	2026-09-13T07:56:43.0817279Z    |
compare	Build, verify native launch, calibrate cells and compare processing	2026-09-13T07:56:43.0817476Z 16 | pub struct ConfirmOverlayInfo {
compare	Build, verify native launch, calibrate cells and compare processing	2026-09-13T07:56:43.0817743Z    |            ^^^^^^^^^^^^^^^^^^
compare	Build, verify native launch, calibrate cells and compare processing	2026-09-13T07:56:43.0817899Z 
compare	Build, verify native launch, calibrate cells and compare processing	2026-09-13T07:56:43.0818025Z warning: struct `ChromeColors` is never constructed
compare	Build, verify native launch, calibrate cells and compare processing	2026-09-13T07:56:43.0818337Z   --> src/render_scene.rs:23:12
compare	Build, verify native launch, calibrate cells and compare processing	2026-09-13T07:56:43.0818566Z    |
compare	Build, verify native launch, calibrate cells and compare processing	2026-09-13T07:56:43.0818758Z 23 | pub struct ChromeColors {
compare	Build, verify native launch, calibrate cells and compare processing	2026-09-13T07:56:43.0818996Z    |            ^^^^^^^^^^^^
compare	Build, verify native launch, calibrate cells and compare processing	2026-09-13T07:56:43.0819134Z 
compare	Build, verify native launch, calibrate cells and compare processing	2026-09-13T07:56:43.0819281Z warning: methods `contains` and `get_text` are never used
compare	Build, verify native launch, calibrate cells and compare processing	2026-09-13T07:56:43.0819607Z    --> src/selection.rs:85:12
compare	Build, verify native launch, calibrate cells and compare processing	2026-09-13T07:56:43.0819834Z     |
compare	Build, verify native launch, calibrate cells and compare processing	2026-09-13T07:56:43.0820021Z  32 | impl SelectionState {
compare	Build, verify native launch, calibrate cells and compare processing	2026-09-13T07:56:43.0820296Z     | ------------------- methods in this implementation
compare	Build, verify native launch, calibrate cells and compare processing	2026-09-13T07:56:43.0820582Z ...
compare	Build, verify native launch, calibrate cells and compare processing	2026-09-13T07:56:43.0820767Z  85 |     pub fn contains(
compare	Build, verify native launch, calibrate cells and compare processing	2026-09-13T07:56:43.0820987Z     |            ^^^^^^^^
compare	Build, verify native launch, calibrate cells and compare processing	2026-09-13T07:56:43.0821199Z ...
compare	Build, verify native launch, calibrate cells and compare processing	2026-09-13T07:56:43.0821424Z 145 |     pub fn get_text(&self, grid: &Grid) -> String {
compare	Build, verify native launch, calibrate cells and compare processing	2026-09-13T07:56:43.0821720Z     |            ^^^^^^^^
compare	Build, verify native launch, calibrate cells and compare processing	2026-09-13T07:56:43.0821852Z 
compare	Build, verify native launch, calibrate cells and compare processing	2026-09-13T07:56:43.0822210Z warning: variant `UnexpectedProtocolEvent` is never constructed
compare	Build, verify native launch, calibrate cells and compare processing	2026-09-13T07:56:43.0822762Z   --> src/terminal_reader.rs:53:5
compare	Build, verify native launch, calibrate cells and compare processing	2026-09-13T07:56:43.0822995Z    |
compare	Build, verify native launch, calibrate cells and compare processing	2026-09-13T07:56:43.0823185Z 45 | pub(crate) enum ReaderExit {
compare	Build, verify native launch, calibrate cells and compare processing	2026-09-13T07:56:43.0823449Z    |                 ---------- variant in this enum
compare	Build, verify native launch, calibrate cells and compare processing	2026-09-13T07:56:43.0823715Z ...
compare	Build, verify native launch, calibrate cells and compare processing	2026-09-13T07:56:43.0823901Z 53 |     UnexpectedProtocolEvent,
compare	Build, verify native launch, calibrate cells and compare processing	2026-09-13T07:56:43.0824138Z    |     ^^^^^^^^^^^^^^^^^^^^^^^
compare	Build, verify native launch, calibrate cells and compare processing	2026-09-13T07:56:43.0824351Z    |
compare	Build, verify native launch, calibrate cells and compare processing	2026-09-13T07:56:43.0824788Z    = note: `ReaderExit` has a derived impl for the trait `Debug`, but this is intentionally ignored during dead code analysis
compare	Build, verify native launch, calibrate cells and compare processing	2026-09-13T07:56:43.0825226Z 
compare	Build, verify native launch, calibrate cells and compare processing	2026-09-13T07:56:43.0825441Z warning: associated functions `spawn_text` and `spawn_with_io` are never used
compare	Build, verify native launch, calibrate cells and compare processing	2026-09-13T07:56:43.0825845Z    --> src/terminal_reader.rs:64:19
compare	Build, verify native launch, calibrate cells and compare processing	2026-09-13T07:56:43.0826089Z     |
compare	Build, verify native launch, calibrate cells and compare processing	2026-09-13T07:56:43.0826277Z  63 | impl TerminalReader {
compare	Build, verify native launch, calibrate cells and compare processing	2026-09-13T07:56:43.0826698Z     | ------------------- associated functions in this implementation
compare	Build, verify native launch, calibrate cells and compare processing	2026-09-13T07:56:43.0827044Z  64 |     pub(crate) fn spawn_text<U, X>(
compare	Build, verify native launch, calibrate cells and compare processing	2026-09-13T07:56:43.0827313Z     |                   ^^^^^^^^^^
compare	Build, verify native launch, calibrate cells and compare processing	2026-09-13T07:56:43.0827534Z ...
compare	Build, verify native launch, calibrate cells and compare processing	2026-09-13T07:56:43.0827713Z 111 |     fn spawn_with_io<I, U, X>(
compare	Build, verify native launch, calibrate cells and compare processing	2026-09-13T07:56:43.0827954Z     |        ^^^^^^^^^^^^^
compare	Build, verify native launch, calibrate cells and compare processing	2026-09-13T07:56:43.0828096Z 
compare	Build, verify native launch, calibrate cells and compare processing	2026-09-13T07:56:43.0828215Z warning: struct `Vertex` is never constructed
compare	Build, verify native launch, calibrate cells and compare processing	2026-09-13T07:56:43.0828504Z   --> src/renderer/mod.rs:21:12
compare	Build, verify native launch, calibrate cells and compare processing	2026-09-13T07:56:43.0828729Z    |
compare	Build, verify native launch, calibrate cells and compare processing	2026-09-13T07:56:43.0828906Z 21 | pub struct Vertex {
compare	Build, verify native launch, calibrate cells and compare processing	2026-09-13T07:56:43.0829115Z    |            ^^^^^^
compare	Build, verify native launch, calibrate cells and compare processing	2026-09-13T07:56:43.0829236Z 
compare	Build, verify native launch, calibrate cells and compare processing	2026-09-13T07:56:43.0829357Z warning: associated function `new` is never used
compare	Build, verify native launch, calibrate cells and compare processing	2026-09-13T07:56:43.0829655Z   --> src/renderer/mod.rs:29:12
compare	Build, verify native launch, calibrate cells and compare processing	2026-09-13T07:56:43.0829877Z    |
compare	Build, verify native launch, calibrate cells and compare processing	2026-09-13T07:56:43.0830051Z 28 | impl Vertex {
compare	Build, verify native launch, calibrate cells and compare processing	2026-09-13T07:56:43.0830305Z    | ----------- associated function in this implementation
compare	Build, verify native launch, calibrate cells and compare processing	2026-09-13T07:56:43.0830706Z 29 |     pub fn new(x: f32, y: f32, u: f32, v: f32, fg: u32, bg: u32) -> Self {
compare	Build, verify native launch, calibrate cells and compare processing	2026-09-13T07:56:43.0831053Z    |            ^^^
compare	Build, verify native launch, calibrate cells and compare processing	2026-09-13T07:56:43.0831173Z 
compare	Build, verify native launch, calibrate cells and compare processing	2026-09-13T07:56:43.0831298Z warning: function `box_drawing_lines` is never used
compare	Build, verify native launch, calibrate cells and compare processing	2026-09-13T07:56:43.0831607Z  --> src/renderer/box_drawing.rs:4:8
compare	Build, verify native launch, calibrate cells and compare processing	2026-09-13T07:56:43.0831853Z   |
compare	Build, verify native launch, calibrate cells and compare processing	2026-09-13T07:56:43.0832327Z 4 | pub fn box_drawing_lines(c: char, w: f32, h: f32) -> Option<Vec<(f32, f32, f32, f32)>> {
compare	Build, verify native launch, calibrate cells and compare processing	2026-09-13T07:56:43.0832737Z   |        ^^^^^^^^^^^^^^^^^
compare	Build, verify native launch, calibrate cells and compare processing	2026-09-13T07:56:43.0832887Z 
compare	Build, verify native launch, calibrate cells and compare processing	2026-09-13T07:56:43.0833006Z warning: function `is_box_drawing` is never used
compare	Build, verify native launch, calibrate cells and compare processing	2026-09-13T07:56:43.0833322Z    --> src/renderer/box_drawing.rs:124:8
compare	Build, verify native launch, calibrate cells and compare processing	2026-09-13T07:56:43.0833575Z     |
compare	Build, verify native launch, calibrate cells and compare processing	2026-09-13T07:56:43.0833790Z 124 | pub fn is_box_drawing(c: char) -> bool {
compare	Build, verify native launch, calibrate cells and compare processing	2026-09-13T07:56:43.0834060Z     |        ^^^^^^^^^^^^^^
compare	Build, verify native launch, calibrate cells and compare processing	2026-09-13T07:56:43.0834198Z 
compare	Build, verify native launch, calibrate cells and compare processing	2026-09-13T07:56:43.0834314Z warning: function `is_braille` is never used
compare	Build, verify native launch, calibrate cells and compare processing	2026-09-13T07:56:43.0834607Z  --> src/renderer/braille.rs:2:8
compare	Build, verify native launch, calibrate cells and compare processing	2026-09-13T07:56:43.0834837Z   |
compare	Build, verify native launch, calibrate cells and compare processing	2026-09-13T07:56:43.0835032Z 2 | pub fn is_braille(c: char) -> bool {
compare	Build, verify native launch, calibrate cells and compare processing	2026-09-13T07:56:43.0835285Z   |        ^^^^^^^^^^
compare	Build, verify native launch, calibrate cells and compare processing	2026-09-13T07:56:43.0835410Z 
compare	Build, verify native launch, calibrate cells and compare processing	2026-09-13T07:56:43.0835518Z warning: function `braille_dots` is never used
compare	Build, verify native launch, calibrate cells and compare processing	2026-09-13T07:56:43.0835807Z   --> src/renderer/braille.rs:12:8
compare	Build, verify native launch, calibrate cells and compare processing	2026-09-13T07:56:43.0836039Z    |
compare	Build, verify native launch, calibrate cells and compare processing	2026-09-13T07:56:43.0836251Z 12 | pub fn braille_dots(c: char) -> Vec<(u8, u8)> {
compare	Build, verify native launch, calibrate cells and compare processing	2026-09-13T07:56:43.0836538Z    |        ^^^^^^^^^^^^
compare	Build, verify native launch, calibrate cells and compare processing	2026-09-13T07:56:43.0836665Z 
compare	Build, verify native launch, calibrate cells and compare processing	2026-09-13T07:56:43.0836793Z warning: variant `Unsupported` is never constructed
compare	Build, verify native launch, calibrate cells and compare processing	2026-09-13T07:56:43.0837109Z   --> src/renderer/image_animation.rs:20:5
compare	Build, verify native launch, calibrate cells and compare processing	2026-09-13T07:56:43.0837368Z    |
compare	Build, verify native launch, calibrate cells and compare processing	2026-09-13T07:56:43.0837551Z 19 | pub enum AnimationError {
compare	Build, verify native launch, calibrate cells and compare processing	2026-09-13T07:56:43.0837809Z    |          -------------- variant in this enum
compare	Build, verify native launch, calibrate cells and compare processing	2026-09-13T07:56:43.0838082Z 20 |     Unsupported,
compare	Build, verify native launch, calibrate cells and compare processing	2026-09-13T07:56:43.0838279Z    |     ^^^^^^^^^^^
compare	Build, verify native launch, calibrate cells and compare processing	2026-09-13T07:56:43.0838468Z    |
compare	Build, verify native launch, calibrate cells and compare processing	2026-09-13T07:56:43.0838969Z    = note: `AnimationError` has derived impls for the traits `Debug` and `Clone`, but these are intentionally ignored during dead code analysis
compare	Build, verify native launch, calibrate cells and compare processing	2026-09-13T07:56:43.0839593Z 
compare	Build, verify native launch, calibrate cells and compare processing	2026-09-13T07:56:51.9671578Z warning: `kokuban` (bin "kokuban") generated 39 warnings
compare	Build, verify native launch, calibrate cells and compare processing	2026-09-13T07:56:51.9672223Z     Finished `release` profile [optimized] target(s) in 1m 26s
compare	Build, verify native launch, calibrate cells and compare processing	2026-09-13T07:57:15.6347434Z could not load cursor 'dnd-copy'
compare	Build, verify native launch, calibrate cells and compare processing	2026-09-13T07:57:15.6348037Z could not load cursor 'dnd-none'
compare	Build, verify native launch, calibrate cells and compare processing	2026-09-13T07:57:15.6361280Z could not load cursor 'dnd-copy'
compare	Build, verify native launch, calibrate cells and compare processing	2026-09-13T07:57:15.6362152Z could not load cursor 'dnd-none'
compare	Build, verify native launch, calibrate cells and compare processing	2026-09-13T07:57:16.2078214Z cell calibration baseline: kokuban
compare	Build, verify native launch, calibrate cells and compare processing	2026-09-13T07:57:17.3297095Z cell calibration baseline: ghostty
compare	Build, verify native launch, calibrate cells and compare processing	2026-09-13T07:57:19.4306975Z cell calibration baseline: alacritty
compare	Build, verify native launch, calibrate cells and compare processing	2026-09-13T07:57:20.6333241Z cell calibration baseline: kitty
compare	Build, verify native launch, calibrate cells and compare processing	2026-09-13T07:57:21.5085440Z dbus-daemon[10559]: [session uid=0 pid=10559 pidfd=5] Activating service name='org.freedesktop.systemd1' requested by ':1.7' (uid=0 pid=10619 comm="/usr/bin/kitty --config NONE --override font_famil" label="docker-default (enforce)")
compare	Build, verify native launch, calibrate cells and compare processing	2026-09-13T07:57:21.5126355Z dbus-daemon[10559]: [session uid=0 pid=10559 pidfd=5] Activated service 'org.freedesktop.systemd1' failed: Process org.freedesktop.systemd1 exited with status 1
compare	Build, verify native launch, calibrate cells and compare processing	2026-09-13T07:57:22.8677006Z cell calibration adjusted: kokuban
compare	Build, verify native launch, calibrate cells and compare processing	2026-09-13T07:57:23.9897428Z cell calibration adjusted: ghostty
compare	Build, verify native launch, calibrate cells and compare processing	2026-09-13T07:57:26.0911919Z cell calibration adjusted: alacritty
compare	Build, verify native launch, calibrate cells and compare processing	2026-09-13T07:57:27.2939336Z cell calibration adjusted: kitty
compare	Build, verify native launch, calibrate cells and compare processing	2026-09-13T07:57:27.5351576Z dbus-daemon[10559]: [session uid=0 pid=10559 pidfd=5] Activating service name='org.freedesktop.systemd1' requested by ':1.15' (uid=0 pid=10692 comm="/usr/bin/kitty --config NONE --override font_famil" label="docker-default (enforce)")
compare	Build, verify native launch, calibrate cells and compare processing	2026-09-13T07:57:27.5390621Z dbus-daemon[10559]: [session uid=0 pid=10559 pidfd=5] Activated service 'org.freedesktop.systemd1' failed: Process org.freedesktop.systemd1 exited with status 1
compare	Build, verify native launch, calibrate cells and compare processing	2026-09-13T07:57:28.8527289Z sample 1/5: kokuban
compare	Build, verify native launch, calibrate cells and compare processing	2026-09-13T07:57:35.6503727Z sample 1/5: ghostty
compare	Build, verify native launch, calibrate cells and compare processing	2026-09-13T07:57:48.2833573Z sample 1/5: alacritty
compare	Build, verify native launch, calibrate cells and compare processing	2026-09-13T07:57:54.5807128Z sample 1/5: kitty
compare	Build, verify native launch, calibrate cells and compare processing	2026-09-13T07:57:54.8231310Z dbus-daemon[10559]: [session uid=0 pid=10559 pidfd=5] Activating service name='org.freedesktop.systemd1' requested by ':1.23' (uid=0 pid=10767 comm="/usr/bin/kitty --config NONE --override font_famil" label="docker-default (enforce)")
compare	Build, verify native launch, calibrate cells and compare processing	2026-09-13T07:57:54.8283935Z dbus-daemon[10559]: [session uid=0 pid=10559 pidfd=5] Activated service 'org.freedesktop.systemd1' failed: Process org.freedesktop.systemd1 exited with status 1
compare	Build, verify native launch, calibrate cells and compare processing	2026-09-13T07:58:04.2527380Z sample 2/5: ghostty
compare	Build, verify native launch, calibrate cells and compare processing	2026-09-13T07:58:16.7259803Z sample 2/5: alacritty
compare	Build, verify native launch, calibrate cells and compare processing	2026-09-13T07:58:22.9857536Z sample 2/5: kitty
compare	Build, verify native launch, calibrate cells and compare processing	2026-09-13T07:58:23.2285641Z dbus-daemon[10559]: [session uid=0 pid=10559 pidfd=5] Activating service name='org.freedesktop.systemd1' requested by ':1.29' (uid=0 pid=10829 comm="/usr/bin/kitty --config NONE --override font_famil" label="docker-default (enforce)")
compare	Build, verify native launch, calibrate cells and compare processing	2026-09-13T07:58:23.2314343Z dbus-daemon[10559]: [session uid=0 pid=10559 pidfd=5] Activated service 'org.freedesktop.systemd1' failed: Process org.freedesktop.systemd1 exited with status 1
compare	Build, verify native launch, calibrate cells and compare processing	2026-09-13T07:58:32.7239408Z sample 2/5: kokuban
compare	Build, verify native launch, calibrate cells and compare processing	2026-09-13T07:58:39.4930828Z sample 3/5: alacritty
compare	Build, verify native launch, calibrate cells and compare processing	2026-09-13T07:58:45.7933184Z sample 3/5: kitty
compare	Build, verify native launch, calibrate cells and compare processing	2026-09-13T07:58:46.0358828Z dbus-daemon[10559]: [session uid=0 pid=10559 pidfd=5] Activating service name='org.freedesktop.systemd1' requested by ':1.35' (uid=0 pid=10879 comm="/usr/bin/kitty --config NONE --override font_famil" label="docker-default (enforce)")
compare	Build, verify native launch, calibrate cells and compare processing	2026-09-13T07:58:46.0393181Z dbus-daemon[10559]: [session uid=0 pid=10559 pidfd=5] Activated service 'org.freedesktop.systemd1' failed: Process org.freedesktop.systemd1 exited with status 1
compare	Build, verify native launch, calibrate cells and compare processing	2026-09-13T07:58:55.5651876Z sample 3/5: kokuban
compare	Build, verify native launch, calibrate cells and compare processing	2026-09-13T07:59:02.3232892Z sample 3/5: ghostty
compare	Build, verify native launch, calibrate cells and compare processing	2026-09-13T07:59:14.8357022Z sample 4/5: kitty
compare	Build, verify native launch, calibrate cells and compare processing	2026-09-13T07:59:15.0766217Z dbus-daemon[10559]: [session uid=0 pid=10559 pidfd=5] Activating service name='org.freedesktop.systemd1' requested by ':1.41' (uid=0 pid=10933 comm="/usr/bin/kitty --config NONE --override font_famil" label="docker-default (enforce)")
compare	Build, verify native launch, calibrate cells and compare processing	2026-09-13T07:59:15.0796232Z dbus-daemon[10559]: [session uid=0 pid=10559 pidfd=5] Activated service 'org.freedesktop.systemd1' failed: Process org.freedesktop.systemd1 exited with status 1
compare	Build, verify native launch, calibrate cells and compare processing	2026-09-13T07:59:24.3934273Z sample 4/5: kokuban
compare	Build, verify native launch, calibrate cells and compare processing	2026-09-13T07:59:31.1919193Z sample 4/5: ghostty
compare	Build, verify native launch, calibrate cells and compare processing	2026-09-13T07:59:43.6236513Z sample 4/5: alacritty
compare	Build, verify native launch, calibrate cells and compare processing	2026-09-13T07:59:49.8944535Z sample 5/5: kokuban
compare	Build, verify native launch, calibrate cells and compare processing	2026-09-13T07:59:56.6540089Z sample 5/5: ghostty
compare	Build, verify native launch, calibrate cells and compare processing	2026-09-13T08:00:09.0802516Z sample 5/5: alacritty
compare	Build, verify native launch, calibrate cells and compare processing	2026-09-13T08:00:15.3744560Z sample 5/5: kitty
compare	Build, verify native launch, calibrate cells and compare processing	2026-09-13T08:00:15.6164198Z dbus-daemon[10559]: [session uid=0 pid=10559 pidfd=5] Activating service name='org.freedesktop.systemd1' requested by ':1.55' (uid=0 pid=11058 comm="/usr/bin/kitty --config NONE --override font_famil" label="docker-default (enforce)")
compare	Build, verify native launch, calibrate cells and compare processing	2026-09-13T08:00:15.6193530Z dbus-daemon[10559]: [session uid=0 pid=10559 pidfd=5] Activated service 'org.freedesktop.systemd1' failed: Process org.freedesktop.systemd1 exited with status 1
compare	Build, verify native launch, calibrate cells and compare processing	2026-09-13T08:00:25.3047782Z {
compare	Build, verify native launch, calibrate cells and compare processing	2026-09-13T08:00:25.3048185Z   "report": "/evidence/measurements/report.json",
compare	Build, verify native launch, calibrate cells and compare processing	2026-09-13T08:00:25.3048575Z   "comparability": {
compare	Build, verify native launch, calibrate cells and compare processing	2026-09-13T08:00:25.3048878Z     "geometry_and_history_checks_passed": true,
compare	Build, verify native launch, calibrate cells and compare processing	2026-09-13T08:00:25.3049224Z     "reasons": [],
compare	Build, verify native launch, calibrate cells and compare processing	2026-09-13T08:00:25.3049474Z     "geometries_rows_cols_pixels": [
compare	Build, verify native launch, calibrate cells and compare processing	2026-09-13T08:00:25.3049766Z       [
compare	Build, verify native launch, calibrate cells and compare processing	2026-09-13T08:00:25.3049969Z         24,
compare	Build, verify native launch, calibrate cells and compare processing	2026-09-13T08:00:25.3050173Z         80,
compare	Build, verify native launch, calibrate cells and compare processing	2026-09-13T08:00:25.3050385Z         720,
compare	Build, verify native launch, calibrate cells and compare processing	2026-09-13T08:00:25.3050632Z         408
compare	Build, verify native launch, calibrate cells and compare processing	2026-09-13T08:00:25.3050834Z       ]
compare	Build, verify native launch, calibrate cells and compare processing	2026-09-13T08:00:25.3051032Z     ],
compare	Build, verify native launch, calibrate cells and compare processing	2026-09-13T08:00:25.3051273Z     "rendering_equivalence_verified": false,
compare	Build, verify native launch, calibrate cells and compare processing	2026-09-13T08:00:25.3051617Z     "rendering_limitations": [
compare	Build, verify native launch, calibrate cells and compare processing	2026-09-13T08:00:25.3052420Z       "DSR validates the final marker reply, not workload text or rendered pixels",
compare	Build, verify native launch, calibrate cells and compare processing	2026-09-13T08:00:25.3053219Z       "Unicode grapheme and font fallback fidelity must be checked separately from this throughput workload",
compare	Build, verify native launch, calibrate cells and compare processing	2026-09-13T08:00:25.3054007Z       "Installed fallback fonts can differ between terminals and affect rendered output"
compare	Build, verify native launch, calibrate cells and compare processing	2026-09-13T08:00:25.3054499Z     ],
compare	Build, verify native launch, calibrate cells and compare processing	2026-09-13T08:00:25.3054715Z     "ranking": null,
compare	Build, verify native launch, calibrate cells and compare processing	2026-09-13T08:00:25.3055159Z     "scope": "Processing throughput and protocol RTT only; no overall performance ranking"
compare	Build, verify native launch, calibrate cells and compare processing	2026-09-13T08:00:25.3055664Z   }
compare	Build, verify native launch, calibrate cells and compare processing	2026-09-13T08:00:25.3055859Z }
compare	Make container evidence readable by the artifact uploader	﻿2026-09-13T08:00:26.5053625Z ##[group]Run evidence_directory="$RUNNER_TEMP/kokuban-four-terminal-evidence"
compare	Make container evidence readable by the artifact uploader	2026-09-13T08:00:26.5054234Z [36;1mevidence_directory="$RUNNER_TEMP/kokuban-four-terminal-evidence"[0m
compare	Make container evidence readable by the artifact uploader	2026-09-13T08:00:26.5054658Z [36;1mif test -d "$evidence_directory"; then[0m
compare	Make container evidence readable by the artifact uploader	2026-09-13T08:00:26.5055089Z [36;1m  sudo chown -R --no-dereference -- "$(id -u):$(id -g)" "$evidence_directory"[0m
compare	Make container evidence readable by the artifact uploader	2026-09-13T08:00:26.5055479Z [36;1mfi[0m
compare	Make container evidence readable by the artifact uploader	2026-09-13T08:00:26.5091513Z shell: /usr/bin/bash --noprofile --norc -e -o pipefail {0}
compare	Make container evidence readable by the artifact uploader	2026-09-13T08:00:26.5091840Z env:
compare	Make container evidence readable by the artifact uploader	2026-09-13T08:00:26.5092346Z   SOURCE_REF: d54f801e9dec41a6eb4f159397e45939c367531d
compare	Make container evidence readable by the artifact uploader	2026-09-13T08:00:26.5092656Z ##[endgroup]
compare	Upload comparisons and provenance even on failure	﻿2026-09-13T08:00:26.5512658Z Node 20 is being deprecated. This workflow is running with Node 24 by default. If you need to temporarily use Node 20, you can set the ACTIONS_ALLOW_USE_UNSECURE_NODE_VERSION=true environment variable. For more information see: https://github.blog/changelog/2025-09-19-deprecation-of-node-20-on-github-actions-runners/
compare	Upload comparisons and provenance even on failure	2026-09-13T08:00:26.5514624Z ##[group]Run actions/upload-artifact@ea165f8d65b6e75b540449e92b4886f43607fa02
compare	Upload comparisons and provenance even on failure	2026-09-13T08:00:26.5515018Z with:
compare	Upload comparisons and provenance even on failure	2026-09-13T08:00:26.5515257Z   name: linux-four-terminal-comparison
compare	Upload comparisons and provenance even on failure	2026-09-13T08:00:26.5515848Z   path: /home/runner/work/_temp/kokuban-four-terminal-evidence
compare	Upload comparisons and provenance even on failure	!/home/runner/work/_temp/kokuban-four-terminal-evidence/**/*.bin
compare	Upload comparisons and provenance even on failure	
compare	Upload comparisons and provenance even on failure	2026-09-13T08:00:26.5516430Z   if-no-files-found: ignore
compare	Upload comparisons and provenance even on failure	2026-09-13T08:00:26.5516679Z   retention-days: 7
compare	Upload comparisons and provenance even on failure	2026-09-13T08:00:26.5516888Z   compression-level: 6
compare	Upload comparisons and provenance even on failure	2026-09-13T08:00:26.5517102Z   overwrite: false
compare	Upload comparisons and provenance even on failure	2026-09-13T08:00:26.5517306Z   include-hidden-files: false
compare	Upload comparisons and provenance even on failure	2026-09-13T08:00:26.5517536Z env:
compare	Upload comparisons and provenance even on failure	2026-09-13T08:00:26.5517753Z   SOURCE_REF: d54f801e9dec41a6eb4f159397e45939c367531d
compare	Upload comparisons and provenance even on failure	2026-09-13T08:00:26.5518075Z ##[endgroup]
compare	Upload comparisons and provenance even on failure	2026-09-13T08:00:26.7255959Z (node:13690) [DEP0040] DeprecationWarning: The `punycode` module is deprecated. Please use a userland alternative instead.
compare	Upload comparisons and provenance even on failure	2026-09-13T08:00:26.7256726Z (Use `node --trace-deprecation ...` to show where the warning was created)
compare	Upload comparisons and provenance even on failure	2026-09-13T08:00:27.0879198Z With the provided path, there will be 837 files uploaded
compare	Upload comparisons and provenance even on failure	2026-09-13T08:00:27.0884919Z Artifact name is valid!
compare	Upload comparisons and provenance even on failure	2026-09-13T08:00:27.0885837Z Root directory input is valid!
compare	Upload comparisons and provenance even on failure	2026-09-13T08:00:27.3080603Z Beginning upload of artifact content to blob storage
compare	Upload comparisons and provenance even on failure	2026-09-13T08:00:28.0413282Z (node:13690) [DEP0169] DeprecationWarning: `url.parse()` behavior is not standardized and prone to errors that have security implications. Use the WHATWG URL API instead. CVEs are not issued for `url.parse()` vulnerabilities.
compare	Upload comparisons and provenance even on failure	2026-09-13T08:00:28.1772456Z Uploaded bytes 1979060
compare	Upload comparisons and provenance even on failure	2026-09-13T08:00:28.1954732Z Finished uploading artifact content to blob storage!
compare	Upload comparisons and provenance even on failure	2026-09-13T08:00:28.1955873Z SHA256 digest of uploaded artifact zip is 58c7a7387f9e9aed049fce6087f9d255dd467aa149b6b72cccc813f0acb57662
compare	Upload comparisons and provenance even on failure	2026-09-13T08:00:28.1958404Z Finalizing artifact upload
compare	Upload comparisons and provenance even on failure	2026-09-13T08:00:28.3851283Z Artifact linux-four-terminal-comparison.zip successfully finalized. Artifact ID 10313709231
compare	Upload comparisons and provenance even on failure	2026-09-13T08:00:28.3853126Z Artifact linux-four-terminal-comparison has been successfully uploaded! Final size is 1979060 bytes. Artifact ID is 10313709231
compare	Upload comparisons and provenance even on failure	2026-09-13T08:00:28.3859523Z Artifact download URL: https://github.com/guicybercode/kokuban.rs/actions/runs/34746364220/artifacts/10313709231
compare	Post Check out harness and source history	﻿2026-09-13T08:00:28.4137572Z Post job cleanup.
compare	Post Check out harness and source history	2026-09-13T08:00:28.4991115Z [command]/usr/bin/git version
compare	Post Check out harness and source history	2026-09-13T08:00:28.5037044Z git version 2.55.0
compare	Post Check out harness and source history	2026-09-13T08:00:28.5081394Z Temporarily overriding HOME='/home/runner/work/_temp/d22307ca-3d4f-43fb-9565-23514c443805' before making global git config changes
compare	Post Check out harness and source history	2026-09-13T08:00:28.5083053Z Adding repository directory to the temporary git global config as a safe directory
compare	Post Check out harness and source history	2026-09-13T08:00:28.5086732Z [command]/usr/bin/git config --global --add safe.directory /home/runner/work/kokuban.rs/kokuban.rs
compare	Post Check out harness and source history	2026-09-13T08:00:28.5120969Z Removing SSH command configuration
compare	Post Check out harness and source history	2026-09-13T08:00:28.5127656Z [command]/usr/bin/git config --local --name-only --get-regexp core\.sshCommand
compare	Post Check out harness and source history	2026-09-13T08:00:28.5165569Z [command]/usr/bin/git submodule foreach --recursive sh -c "git config --local --name-only --get-regexp 'core\.sshCommand' && git config --local --unset-all 'core.sshCommand' || :"
compare	Post Check out harness and source history	2026-09-13T08:00:28.5414498Z Removing HTTP extra header
compare	Post Check out harness and source history	2026-09-13T08:00:28.5420009Z [command]/usr/bin/git config --local --name-only --get-regexp http\.https\:\/\/github\.com\/\.extraheader
compare	Post Check out harness and source history	2026-09-13T08:00:28.5465760Z [command]/usr/bin/git submodule foreach --recursive sh -c "git config --local --name-only --get-regexp 'http\.https\:\/\/github\.com\/\.extraheader' && git config --local --unset-all 'http.https://github.com/.extraheader' || :"
compare	Post Check out harness and source history	2026-09-13T08:00:28.5715442Z Removing includeIf entries pointing to credentials config files
compare	Post Check out harness and source history	2026-09-13T08:00:28.5721604Z [command]/usr/bin/git config --local --name-only --get-regexp ^includeIf\.gitdir:
compare	Post Check out harness and source history	2026-09-13T08:00:28.5756819Z includeif.gitdir:/home/runner/work/kokuban.rs/kokuban.rs/.git.path
compare	Post Check out harness and source history	2026-09-13T08:00:28.5757951Z includeif.gitdir:/home/runner/work/kokuban.rs/kokuban.rs/.git/worktrees/*.path
compare	Post Check out harness and source history	2026-09-13T08:00:28.5759044Z includeif.gitdir:/github/workspace/.git.path
compare	Post Check out harness and source history	2026-09-13T08:00:28.5759942Z includeif.gitdir:/github/workspace/.git/worktrees/*.path
compare	Post Check out harness and source history	2026-09-13T08:00:28.5777568Z [command]/usr/bin/git config --local --get-all includeif.gitdir:/home/runner/work/kokuban.rs/kokuban.rs/.git.path
compare	Post Check out harness and source history	2026-09-13T08:00:28.5801320Z /home/runner/work/_temp/git-credentials-1ab23017-63f9-4f7b-8244-6e3edd8840c2.config
compare	Post Check out harness and source history	2026-09-13T08:00:28.5815821Z [command]/usr/bin/git config --local --unset includeif.gitdir:/home/runner/work/kokuban.rs/kokuban.rs/.git.path \/home\/runner\/work\/_temp\/git\-credentials\-1ab23017\-63f9\-4f7b\-8244\-6e3edd8840c2\.config
compare	Post Check out harness and source history	2026-09-13T08:00:28.5866284Z [command]/usr/bin/git config --local --get-all includeif.gitdir:/home/runner/work/kokuban.rs/kokuban.rs/.git/worktrees/*.path
compare	Post Check out harness and source history	2026-09-13T08:00:28.5896453Z /home/runner/work/_temp/git-credentials-1ab23017-63f9-4f7b-8244-6e3edd8840c2.config
compare	Post Check out harness and source history	2026-09-13T08:00:28.5914759Z [command]/usr/bin/git config --local --unset includeif.gitdir:/home/runner/work/kokuban.rs/kokuban.rs/.git/worktrees/*.path \/home\/runner\/work\/_temp\/git\-credentials\-1ab23017\-63f9\-4f7b\-8244\-6e3edd8840c2\.config
compare	Post Check out harness and source history	2026-09-13T08:00:28.5958704Z [command]/usr/bin/git config --local --get-all includeif.gitdir:/github/workspace/.git.path
compare	Post Check out harness and source history	2026-09-13T08:00:28.5989030Z /github/runner_temp/git-credentials-1ab23017-63f9-4f7b-8244-6e3edd8840c2.config
compare	Post Check out harness and source history	2026-09-13T08:00:28.5996892Z [command]/usr/bin/git config --local --unset includeif.gitdir:/github/workspace/.git.path \/github\/runner_temp\/git\-credentials\-1ab23017\-63f9\-4f7b\-8244\-6e3edd8840c2\.config
compare	Post Check out harness and source history	2026-09-13T08:00:28.6034515Z [command]/usr/bin/git config --local --get-all includeif.gitdir:/github/workspace/.git/worktrees/*.path
compare	Post Check out harness and source history	2026-09-13T08:00:28.6063311Z /github/runner_temp/git-credentials-1ab23017-63f9-4f7b-8244-6e3edd8840c2.config
compare	Post Check out harness and source history	2026-09-13T08:00:28.6072827Z [command]/usr/bin/git config --local --unset includeif.gitdir:/github/workspace/.git/worktrees/*.path \/github\/runner_temp\/git\-credentials\-1ab23017\-63f9\-4f7b\-8244\-6e3edd8840c2\.config
compare	Post Check out harness and source history	2026-09-13T08:00:28.6112986Z [command]/usr/bin/git submodule foreach --recursive git config --local --show-origin --name-only --get-regexp remote.origin.url
compare	Post Check out harness and source history	2026-09-13T08:00:28.6361011Z Removing credentials config '/home/runner/work/_temp/git-credentials-1ab23017-63f9-4f7b-8244-6e3edd8840c2.config'
compare	Complete job	﻿2026-09-13T08:00:28.6518915Z Cleaning up orphan processes
compare	Complete job	2026-09-13T08:00:28.6933093Z ##[warning]Node.js 20 is deprecated. The following actions target Node.js 20 but are being forced to run on Node.js 24: actions/upload-artifact@ea165f8d65b6e75b540449e92b4886f43607fa02. For more information see: https://github.blog/changelog/2025-09-19-deprecation-of-node-20-on-github-actions-runners/
