compare	Set up job	﻿2026-09-12T22:01:57.1023623Z Current runner version: '2.337.0'
compare	Set up job	2026-09-12T22:01:57.1050227Z ##[group]Runner Image Provisioner
compare	Set up job	2026-09-12T22:01:57.1051505Z Hosted Compute Agent
compare	Set up job	2026-09-12T22:01:57.1052151Z Version: 20260828.587
compare	Set up job	2026-09-12T22:01:57.1052912Z Commit: abac92662cab4cc7352de4f9f9d2e2419aad9c29
compare	Set up job	2026-09-12T22:01:57.1053692Z Build Date: 2026-08-28T16:44:25Z
compare	Set up job	2026-09-12T22:01:57.1054437Z Worker ID: {f445ef46-ab36-464c-bd98-0b12ecaf8e77}
compare	Set up job	2026-09-12T22:01:57.1055230Z Azure Region: westcentralus
compare	Set up job	2026-09-12T22:01:57.1055872Z ##[endgroup]
compare	Set up job	2026-09-12T22:01:57.1057470Z ##[group]Operating System
compare	Set up job	2026-09-12T22:01:57.1058144Z Ubuntu
compare	Set up job	2026-09-12T22:01:57.1058700Z 24.04.5
compare	Set up job	2026-09-12T22:01:57.1059293Z LTS
compare	Set up job	2026-09-12T22:01:57.1059863Z ##[endgroup]
compare	Set up job	2026-09-12T22:01:57.1060463Z ##[group]Runner Image
compare	Set up job	2026-09-12T22:01:57.1061410Z Image: ubuntu-24.04
compare	Set up job	2026-09-12T22:01:57.1062006Z Version: 20260907.300.1
compare	Set up job	2026-09-12T22:01:57.1063147Z Included Software: https://github.com/actions/runner-images/blob/ubuntu24/20260907.300/images/ubuntu/Ubuntu2404-Readme.md
compare	Set up job	2026-09-12T22:01:57.1064990Z Image Release: https://github.com/actions/runner-images/releases/tag/ubuntu24%2F20260907.300
compare	Set up job	2026-09-12T22:01:57.1066080Z ##[endgroup]
compare	Set up job	2026-09-12T22:01:57.1067215Z ##[group]GITHUB_TOKEN Permissions
compare	Set up job	2026-09-12T22:01:57.1069567Z Contents: read
compare	Set up job	2026-09-12T22:01:57.1070240Z Metadata: read
compare	Set up job	2026-09-12T22:01:57.1071059Z ##[endgroup]
compare	Set up job	2026-09-12T22:01:57.1073257Z Secret source: Actions
compare	Set up job	2026-09-12T22:01:57.1074291Z Cache mode: write
compare	Set up job	2026-09-12T22:01:57.1075043Z Prepare workflow directory
compare	Set up job	2026-09-12T22:01:57.1675777Z Prepare all required actions
compare	Set up job	2026-09-12T22:01:57.1723587Z Getting action download info
compare	Set up job	2026-09-12T22:01:57.4638880Z Download action repository 'actions/checkout@3d3c42e5aac5ba805825da76410c181273ba90b1' (SHA:3d3c42e5aac5ba805825da76410c181273ba90b1)
compare	Set up job	2026-09-12T22:01:57.5460613Z Download action repository 'actions/upload-artifact@ea165f8d65b6e75b540449e92b4886f43607fa02' (SHA:ea165f8d65b6e75b540449e92b4886f43607fa02)
compare	Set up job	2026-09-12T22:01:57.7520435Z Complete job name: compare
compare	Check out harness and source history	﻿2026-09-12T22:01:57.8209511Z ##[group]Run actions/checkout@3d3c42e5aac5ba805825da76410c181273ba90b1
compare	Check out harness and source history	2026-09-12T22:01:57.8210656Z with:
compare	Check out harness and source history	2026-09-12T22:01:57.8211255Z   fetch-depth: 0
compare	Check out harness and source history	2026-09-12T22:01:57.8211738Z   repository: guicybercode/kokuban.rs
compare	Check out harness and source history	2026-09-12T22:01:57.8215932Z   token: ***
compare	Check out harness and source history	2026-09-12T22:01:57.8216390Z   ssh-strict: true
compare	Check out harness and source history	2026-09-12T22:01:57.8216837Z   ssh-user: git
compare	Check out harness and source history	2026-09-12T22:01:57.8217283Z   persist-credentials: true
compare	Check out harness and source history	2026-09-12T22:01:57.8217779Z   clean: true
compare	Check out harness and source history	2026-09-12T22:01:57.8218231Z   sparse-checkout-cone-mode: true
compare	Check out harness and source history	2026-09-12T22:01:57.8218762Z   fetch-tags: false
compare	Check out harness and source history	2026-09-12T22:01:57.8219250Z   show-progress: true
compare	Check out harness and source history	2026-09-12T22:01:57.8219695Z   lfs: false
compare	Check out harness and source history	2026-09-12T22:01:57.8220107Z   submodules: false
compare	Check out harness and source history	2026-09-12T22:01:57.8220556Z   set-safe-directory: true
compare	Check out harness and source history	2026-09-12T22:01:57.8221255Z   allow-unsafe-pr-checkout: false
compare	Check out harness and source history	2026-09-12T22:01:57.8222067Z env:
compare	Check out harness and source history	2026-09-12T22:01:57.8222567Z   SOURCE_REF: 74eaad83dbf813cb15bd883b45d52adf0dc729bd
compare	Check out harness and source history	2026-09-12T22:01:57.8223173Z ##[endgroup]
compare	Check out harness and source history	2026-09-12T22:01:57.9239933Z Syncing repository: guicybercode/kokuban.rs
compare	Check out harness and source history	2026-09-12T22:01:57.9242716Z ##[group]Getting Git version info
compare	Check out harness and source history	2026-09-12T22:01:57.9243840Z Working directory is '/home/runner/work/kokuban.rs/kokuban.rs'
compare	Check out harness and source history	2026-09-12T22:01:57.9245545Z [command]/usr/bin/git version
compare	Check out harness and source history	2026-09-12T22:01:57.9247315Z git version 2.55.0
compare	Check out harness and source history	2026-09-12T22:01:57.9266883Z ##[endgroup]
compare	Check out harness and source history	2026-09-12T22:01:57.9277761Z Temporarily overriding HOME='/home/runner/work/_temp/15ca37c8-ce65-4e70-aa5c-bc6395b550db' before making global git config changes
compare	Check out harness and source history	2026-09-12T22:01:57.9280045Z Adding repository directory to the temporary git global config as a safe directory
compare	Check out harness and source history	2026-09-12T22:01:57.9283478Z [command]/usr/bin/git config --global --add safe.directory /home/runner/work/kokuban.rs/kokuban.rs
compare	Check out harness and source history	2026-09-12T22:01:57.9324914Z Deleting the contents of '/home/runner/work/kokuban.rs/kokuban.rs'
compare	Check out harness and source history	2026-09-12T22:01:57.9328242Z ##[group]Determining repository object format
compare	Check out harness and source history	2026-09-12T22:01:57.9329761Z ##[endgroup]
compare	Check out harness and source history	2026-09-12T22:01:57.9331102Z ##[group]Initializing the repository
compare	Check out harness and source history	2026-09-12T22:01:57.9334332Z [command]/usr/bin/git init /home/runner/work/kokuban.rs/kokuban.rs
compare	Check out harness and source history	2026-09-12T22:01:57.9417397Z hint: Using 'master' as the name for the initial branch. This default branch name
compare	Check out harness and source history	2026-09-12T22:01:57.9419122Z hint: will change to "main" in Git 3.0. To configure the initial branch name
compare	Check out harness and source history	2026-09-12T22:01:57.9420673Z hint: to use in all of your new repositories, which will suppress this warning,
compare	Check out harness and source history	2026-09-12T22:01:57.9422120Z hint: call:
compare	Check out harness and source history	2026-09-12T22:01:57.9422859Z hint:
compare	Check out harness and source history	2026-09-12T22:01:57.9423727Z hint: 	git config --global init.defaultBranch <name>
compare	Check out harness and source history	2026-09-12T22:01:57.9424761Z hint:
compare	Check out harness and source history	2026-09-12T22:01:57.9425719Z hint: Names commonly chosen instead of 'master' are 'main', 'trunk' and
compare	Check out harness and source history	2026-09-12T22:01:57.9427285Z hint: 'development'. The just-created branch can be renamed via this command:
compare	Check out harness and source history	2026-09-12T22:01:57.9428511Z hint:
compare	Check out harness and source history	2026-09-12T22:01:57.9429534Z hint: 	git branch -m <name>
compare	Check out harness and source history	2026-09-12T22:01:57.9430345Z hint:
compare	Check out harness and source history	2026-09-12T22:01:57.9431590Z hint: Disable this message with "git config set advice.defaultBranchName false"
compare	Check out harness and source history	2026-09-12T22:01:57.9433328Z Initialized empty Git repository in /home/runner/work/kokuban.rs/kokuban.rs/.git/
compare	Check out harness and source history	2026-09-12T22:01:57.9436111Z [command]/usr/bin/git remote add origin https://github.com/guicybercode/kokuban.rs
compare	Check out harness and source history	2026-09-12T22:01:57.9478170Z ##[endgroup]
compare	Check out harness and source history	2026-09-12T22:01:57.9479432Z ##[group]Disabling automatic garbage collection
compare	Check out harness and source history	2026-09-12T22:01:57.9481000Z [command]/usr/bin/git config --local gc.auto 0
compare	Check out harness and source history	2026-09-12T22:01:57.9513423Z ##[endgroup]
compare	Check out harness and source history	2026-09-12T22:01:57.9514965Z ##[group]Setting up auth
compare	Check out harness and source history	2026-09-12T22:01:57.9516091Z Removing SSH command configuration
compare	Check out harness and source history	2026-09-12T22:01:57.9518899Z [command]/usr/bin/git config --local --name-only --get-regexp core\.sshCommand
compare	Check out harness and source history	2026-09-12T22:01:57.9552623Z [command]/usr/bin/git submodule foreach --recursive sh -c "git config --local --name-only --get-regexp 'core\.sshCommand' && git config --local --unset-all 'core.sshCommand' || :"
compare	Check out harness and source history	2026-09-12T22:01:57.9873979Z Removing HTTP extra header
compare	Check out harness and source history	2026-09-12T22:01:57.9881264Z [command]/usr/bin/git config --local --name-only --get-regexp http\.https\:\/\/github\.com\/\.extraheader
compare	Check out harness and source history	2026-09-12T22:01:57.9918984Z [command]/usr/bin/git submodule foreach --recursive sh -c "git config --local --name-only --get-regexp 'http\.https\:\/\/github\.com\/\.extraheader' && git config --local --unset-all 'http.https://github.com/.extraheader' || :"
compare	Check out harness and source history	2026-09-12T22:01:58.0184622Z Removing includeIf entries pointing to credentials config files
compare	Check out harness and source history	2026-09-12T22:01:58.0188964Z [command]/usr/bin/git config --local --name-only --get-regexp ^includeIf\.gitdir:
compare	Check out harness and source history	2026-09-12T22:01:58.0236385Z [command]/usr/bin/git submodule foreach --recursive git config --local --show-origin --name-only --get-regexp remote.origin.url
compare	Check out harness and source history	2026-09-12T22:01:58.0477767Z [command]/usr/bin/git config --file /home/runner/work/_temp/git-credentials-15211697-b685-4181-8a55-fe6e7a246032.config http.https://github.com/.extraheader AUTHORIZATION: basic ***
compare	Check out harness and source history	2026-09-12T22:01:58.0519065Z [command]/usr/bin/git config --local includeIf.gitdir:/home/runner/work/kokuban.rs/kokuban.rs/.git.path /home/runner/work/_temp/git-credentials-15211697-b685-4181-8a55-fe6e7a246032.config
compare	Check out harness and source history	2026-09-12T22:01:58.0554629Z [command]/usr/bin/git config --local includeIf.gitdir:/home/runner/work/kokuban.rs/kokuban.rs/.git/worktrees/*.path /home/runner/work/_temp/git-credentials-15211697-b685-4181-8a55-fe6e7a246032.config
compare	Check out harness and source history	2026-09-12T22:01:58.0593364Z [command]/usr/bin/git config --local includeIf.gitdir:/github/workspace/.git.path /github/runner_temp/git-credentials-15211697-b685-4181-8a55-fe6e7a246032.config
compare	Check out harness and source history	2026-09-12T22:01:58.0631957Z [command]/usr/bin/git config --local includeIf.gitdir:/github/workspace/.git/worktrees/*.path /github/runner_temp/git-credentials-15211697-b685-4181-8a55-fe6e7a246032.config
compare	Check out harness and source history	2026-09-12T22:01:58.0665308Z ##[endgroup]
compare	Check out harness and source history	2026-09-12T22:01:58.0671882Z ##[group]Fetching the repository
compare	Check out harness and source history	2026-09-12T22:01:58.0673267Z [command]/usr/bin/git -c protocol.version=2 fetch --no-tags --prune --no-recurse-submodules origin +refs/heads/*:refs/remotes/origin/* +refs/tags/*:refs/tags/*
compare	Check out harness and source history	2026-09-12T22:01:59.7019523Z From https://github.com/guicybercode/kokuban.rs
compare	Check out harness and source history	2026-09-12T22:01:59.7021907Z  * [new branch]      build/linux-core-check  -> origin/build/linux-core-check
compare	Check out harness and source history	2026-09-12T22:01:59.7023754Z  * [new branch]      build/linux-glyph-atlas -> origin/build/linux-glyph-atlas
compare	Check out harness and source history	2026-09-12T22:01:59.7025476Z  * [new branch]      ci/macos-linux-core     -> origin/ci/macos-linux-core
compare	Check out harness and source history	2026-09-12T22:01:59.7027100Z  * [new branch]      codex/android-native    -> origin/codex/android-native
compare	Check out harness and source history	2026-09-12T22:01:59.7028849Z  * [new branch]      codex/linux-animation   -> origin/codex/linux-animation
compare	Check out harness and source history	2026-09-12T22:01:59.7030517Z  * [new branch]      codex/linux-clipboard   -> origin/codex/linux-clipboard
compare	Check out harness and source history	2026-09-12T22:01:59.7032346Z  * [new branch]      codex/linux-graphics    -> origin/codex/linux-graphics
compare	Check out harness and source history	2026-09-12T22:01:59.7033824Z  * [new branch]      codex/linux-video       -> origin/codex/linux-video
compare	Check out harness and source history	2026-09-12T22:01:59.7035328Z  * [new branch]      codex/omarchy-live-theme -> origin/codex/omarchy-live-theme
compare	Check out harness and source history	2026-09-12T22:01:59.7037117Z  * [new branch]      codex/terminal-compatibility -> origin/codex/terminal-compatibility
compare	Check out harness and source history	2026-09-12T22:01:59.7039054Z  * [new branch]      cursor/add-brand-image-readme-6117 -> origin/cursor/add-brand-image-readme-6117
compare	Check out harness and source history	2026-09-12T22:01:59.7041327Z  * [new branch]      cursor/product-readme-9228 -> origin/cursor/product-readme-9228
compare	Check out harness and source history	2026-09-12T22:01:59.7043576Z  * [new branch]      cursor/setup-dev-environment-1e59 -> origin/cursor/setup-dev-environment-1e59
compare	Check out harness and source history	2026-09-12T22:01:59.7048408Z  * [new branch]      feat/alternate-scroll-mode -> origin/feat/alternate-scroll-mode
compare	Check out harness and source history	2026-09-12T22:01:59.7050367Z  * [new branch]      feat/application-cursor-keys -> origin/feat/application-cursor-keys
compare	Check out harness and source history	2026-09-12T22:01:59.7052329Z  * [new branch]      feat/decawm-auto-wrap   -> origin/feat/decawm-auto-wrap
compare	Check out harness and source history	2026-09-12T22:01:59.7053982Z  * [new branch]      feat/linux-focus-reporting -> origin/feat/linux-focus-reporting
compare	Check out harness and source history	2026-09-12T22:01:59.7056156Z  * [new branch]      feat/linux-glyph-first-frame -> origin/feat/linux-glyph-first-frame
compare	Check out harness and source history	2026-09-12T22:01:59.7058510Z  * [new branch]      feat/linux-grid-rendering -> origin/feat/linux-grid-rendering
compare	Check out harness and source history	2026-09-12T22:01:59.7060538Z  * [new branch]      feat/linux-ime-commit   -> origin/feat/linux-ime-commit
compare	Check out harness and source history	2026-09-12T22:01:59.7062375Z  * [new branch]      feat/linux-ime-cursor-area -> origin/feat/linux-ime-cursor-area
compare	Check out harness and source history	2026-09-12T22:01:59.7064075Z  * [new branch]      feat/linux-ime-preedit  -> origin/feat/linux-ime-preedit
compare	Check out harness and source history	2026-09-12T22:01:59.7065666Z  * [new branch]      feat/linux-keyboard-input -> origin/feat/linux-keyboard-input
compare	Check out harness and source history	2026-09-12T22:01:59.7067253Z  * [new branch]      feat/linux-mouse-buttons -> origin/feat/linux-mouse-buttons
compare	Check out harness and source history	2026-09-12T22:01:59.7068760Z  * [new branch]      feat/linux-mouse-motion -> origin/feat/linux-mouse-motion
compare	Check out harness and source history	2026-09-12T22:01:59.7070335Z  * [new branch]      feat/linux-mouse-wheel  -> origin/feat/linux-mouse-wheel
compare	Check out harness and source history	2026-09-12T22:01:59.7072487Z  * [new branch]      feat/linux-osc-window-title -> origin/feat/linux-osc-window-title
compare	Check out harness and source history	2026-09-12T22:01:59.7074769Z  * [new branch]      feat/linux-scrollback-shortcuts -> origin/feat/linux-scrollback-shortcuts
compare	Check out harness and source history	2026-09-12T22:01:59.7077130Z  * [new branch]      feat/linux-terminal-resize -> origin/feat/linux-terminal-resize
compare	Check out harness and source history	2026-09-12T22:01:59.7079422Z  * [new branch]      feat/linux-terminal-session -> origin/feat/linux-terminal-session
compare	Check out harness and source history	2026-09-12T22:01:59.7082008Z  * [new branch]      feat/linux-terminal-writer -> origin/feat/linux-terminal-writer
compare	Check out harness and source history	2026-09-12T22:01:59.7084076Z  * [new branch]      feat/linux-window-bootstrap -> origin/feat/linux-window-bootstrap
compare	Check out harness and source history	2026-09-12T22:01:59.7086141Z  * [new branch]      feat/macos-osc-window-title -> origin/feat/macos-osc-window-title
compare	Check out harness and source history	2026-09-12T22:01:59.7088212Z  * [new branch]      feat/modified-terminal-keys -> origin/feat/modified-terminal-keys
compare	Check out harness and source history	2026-09-12T22:01:59.7090336Z  * [new branch]      feat/portable-a8-compositor -> origin/feat/portable-a8-compositor
compare	Check out harness and source history	2026-09-12T22:01:59.7092720Z  * [new branch]      feat/portable-terminal-reader -> origin/feat/portable-terminal-reader
compare	Check out harness and source history	2026-09-12T22:01:59.7095207Z  * [new branch]      feat/terminal-insert-key -> origin/feat/terminal-insert-key
compare	Check out harness and source history	2026-09-12T22:01:59.7097710Z  * [new branch]      fix/atomic-image-store-replacement -> origin/fix/atomic-image-store-replacement
compare	Check out harness and source history	2026-09-12T22:01:59.7100149Z  * [new branch]      fix/cancellable-pty-responses -> origin/fix/cancellable-pty-responses
compare	Check out harness and source history	2026-09-12T22:01:59.7103157Z  * [new branch]      fix/consume-csi-private-markers -> origin/fix/consume-csi-private-markers
compare	Check out harness and source history	2026-09-12T22:01:59.7105390Z  * [new branch]      fix/control-string-bounds -> origin/fix/control-string-bounds
compare	Check out harness and source history	2026-09-12T22:01:59.7107312Z  * [new branch]      fix/csi-3j-scrollback   -> origin/fix/csi-3j-scrollback
compare	Check out harness and source history	2026-09-12T22:01:59.7109061Z  * [new branch]      fix/csi-parser-bounds   -> origin/fix/csi-parser-bounds
compare	Check out harness and source history	2026-09-12T22:01:59.7111066Z  * [new branch]      fix/fallible-glyph-atlas -> origin/fix/fallible-glyph-atlas
compare	Check out harness and source history	2026-09-12T22:01:59.7113022Z  * [new branch]      fix/graphics-config-gates -> origin/fix/graphics-config-gates
compare	Check out harness and source history	2026-09-12T22:01:59.7115195Z  * [new branch]      fix/graphics-parser-capabilities -> origin/fix/graphics-parser-capabilities
compare	Check out harness and source history	2026-09-12T22:01:59.7117450Z  * [new branch]      fix/grid-resize-cursor-bounds -> origin/fix/grid-resize-cursor-bounds
compare	Check out harness and source history	2026-09-12T22:01:59.7119778Z  * [new branch]      fix/image-screen-buffer-lifecycle -> origin/fix/image-screen-buffer-lifecycle
compare	Check out harness and source history	2026-09-12T22:01:59.7122241Z  * [new branch]      fix/kitty-c1-placement-mode -> origin/fix/kitty-c1-placement-mode
compare	Check out harness and source history	2026-09-12T22:01:59.7124171Z  * [new branch]      fix/kitty-chunk-assembly -> origin/fix/kitty-chunk-assembly
compare	Check out harness and source history	2026-09-12T22:01:59.7126010Z  * [new branch]      fix/kitty-chunk-size-limit -> origin/fix/kitty-chunk-size-limit
compare	Check out harness and source history	2026-09-12T22:01:59.7127897Z  * [new branch]      fix/kitty-cursor-advance -> origin/fix/kitty-cursor-advance
compare	Check out harness and source history	2026-09-12T22:01:59.7130006Z  * [new branch]      fix/kitty-delete-selector-parsing -> origin/fix/kitty-delete-selector-parsing
compare	Check out harness and source history	2026-09-12T22:01:59.7132787Z  * [new branch]      fix/kitty-file-transfer-policy -> origin/fix/kitty-file-transfer-policy
compare	Check out harness and source history	2026-09-12T22:01:59.7134979Z  * [new branch]      fix/kitty-graphics-event-order -> origin/fix/kitty-graphics-event-order
compare	Check out harness and source history	2026-09-12T22:01:59.7137368Z  * [new branch]      fix/kitty-image-number-semantics -> origin/fix/kitty-image-number-semantics
compare	Check out harness and source history	2026-09-12T22:01:59.7139667Z  * [new branch]      fix/kitty-inline-cursor-motion -> origin/fix/kitty-inline-cursor-motion
compare	Check out harness and source history	2026-09-12T22:01:59.7142005Z  * [new branch]      fix/kitty-inline-pixel-offsets -> origin/fix/kitty-inline-pixel-offsets
compare	Check out harness and source history	2026-09-12T22:01:59.7144062Z  * [new branch]      fix/kitty-native-auto-size -> origin/fix/kitty-native-auto-size
compare	Check out harness and source history	2026-09-12T22:01:59.7146162Z  * [new branch]      fix/kitty-pane-scoped-image-ids -> origin/fix/kitty-pane-scoped-image-ids
compare	Check out harness and source history	2026-09-12T22:01:59.7148240Z  * [new branch]      fix/kitty-png-transmission -> origin/fix/kitty-png-transmission
compare	Check out harness and source history	2026-09-12T22:01:59.7150289Z  * [new branch]      fix/kitty-query-preserves-images -> origin/fix/kitty-query-preserves-images
compare	Check out harness and source history	2026-09-12T22:01:59.7152617Z  * [new branch]      fix/kitty-query-validation -> origin/fix/kitty-query-validation
compare	Check out harness and source history	2026-09-12T22:01:59.7154830Z  * [new branch]      fix/kitty-retransmission-placements -> origin/fix/kitty-retransmission-placements
compare	Check out harness and source history	2026-09-12T22:01:59.7157026Z  * [new branch]      fix/kitty-safe-hard-delete -> origin/fix/kitty-safe-hard-delete
compare	Check out harness and source history	2026-09-12T22:01:59.7159086Z  * [new branch]      fix/kitty-single-axis-aspect-ratio -> origin/fix/kitty-single-axis-aspect-ratio
compare	Check out harness and source history	2026-09-12T22:01:59.7161442Z  * [new branch]      fix/kitty-zlib-limits   -> origin/fix/kitty-zlib-limits
compare	Check out harness and source history	2026-09-12T22:01:59.7163563Z  * [new branch]      fix/linux-pointer-device-routing -> origin/fix/linux-pointer-device-routing
compare	Check out harness and source history	2026-09-12T22:01:59.7165804Z  * [new branch]      fix/linux-underline-rendering -> origin/fix/linux-underline-rendering
compare	Check out harness and source history	2026-09-12T22:01:59.7168205Z  * [new branch]      fix/lossless-terminal-input-headroom -> origin/fix/lossless-terminal-input-headroom
compare	Check out harness and source history	2026-09-12T22:01:59.7171263Z  * [new branch]      fix/macos-exact-keybind-modifiers -> origin/fix/macos-exact-keybind-modifiers
compare	Check out harness and source history	2026-09-12T22:01:59.7173873Z  * [new branch]      fix/macos-exact-scrollback-modifiers -> origin/fix/macos-exact-scrollback-modifiers
compare	Check out harness and source history	2026-09-12T22:01:59.7176132Z  * [new branch]      fix/macos-focus-reporting -> origin/fix/macos-focus-reporting
compare	Check out harness and source history	2026-09-12T22:01:59.7180275Z  * [new branch]      fix/macos-graphics-metric-race -> origin/fix/macos-graphics-metric-race
compare	Check out harness and source history	2026-09-12T22:01:59.7182834Z  * [new branch]      fix/macos-option-meta-text -> origin/fix/macos-option-meta-text
compare	Check out harness and source history	2026-09-12T22:01:59.7185095Z  * [new branch]      fix/macos-pane-focus-reporting -> origin/fix/macos-pane-focus-reporting
compare	Check out harness and source history	2026-09-12T22:01:59.7187351Z  * [new branch]      fix/macos-paste-preflight -> origin/fix/macos-paste-preflight
compare	Check out harness and source history	2026-09-12T22:01:59.7189280Z  * [new branch]      fix/macos-queued-pty-writes -> origin/fix/macos-queued-pty-writes
compare	Check out harness and source history	2026-09-12T22:01:59.7191451Z  * [new branch]      fix/macos-scroll-deltas -> origin/fix/macos-scroll-deltas
compare	Check out harness and source history	2026-09-12T22:01:59.7193906Z  * [new branch]      fix/macos-transactional-pane-resize -> origin/fix/macos-transactional-pane-resize
compare	Check out harness and source history	2026-09-12T22:01:59.7196092Z  * [new branch]      fix/macos-wheel-modifiers -> origin/fix/macos-wheel-modifiers
compare	Check out harness and source history	2026-09-12T22:01:59.7198079Z  * [new branch]      fix/portable-pty-lifecycle -> origin/fix/portable-pty-lifecycle
compare	Check out harness and source history	2026-09-12T22:01:59.7200002Z  * [new branch]      fix/preserve-pending-wrap -> origin/fix/preserve-pending-wrap
compare	Check out harness and source history	2026-09-12T22:01:59.7202317Z  * [new branch]      fix/preserve-terminal-content -> origin/fix/preserve-terminal-content
compare	Check out harness and source history	2026-09-12T22:01:59.7204590Z  * [new branch]      fix/pty-child-failure-cleanup -> origin/fix/pty-child-failure-cleanup
compare	Check out harness and source history	2026-09-12T22:01:59.7206843Z  * [new branch]      fix/pty-child-stage-write -> origin/fix/pty-child-stage-write
compare	Check out harness and source history	2026-09-12T22:01:59.7209077Z  * [new branch]      fix/pty-child-startup-deadline -> origin/fix/pty-child-startup-deadline
compare	Check out harness and source history	2026-09-12T22:01:59.7211602Z  * [new branch]      fix/pty-graphics-environment -> origin/fix/pty-graphics-environment
compare	Check out harness and source history	2026-09-12T22:01:59.7213853Z  * [new branch]      fix/pty-resize-eintr    -> origin/fix/pty-resize-eintr
compare	Check out harness and source history	2026-09-12T22:01:59.7215821Z  * [new branch]      fix/pty-write-errno     -> origin/fix/pty-write-errno
compare	Check out harness and source history	2026-09-12T22:01:59.7217748Z  * [new branch]      fix/serialized-pty-output -> origin/fix/serialized-pty-output
compare	Check out harness and source history	2026-09-12T22:01:59.7219874Z  * [new branch]      fix/sgr-colon-truecolor -> origin/fix/sgr-colon-truecolor
compare	Check out harness and source history	2026-09-12T22:01:59.7222341Z  * [new branch]      fix/sgr-conceal-rendering -> origin/fix/sgr-conceal-rendering
compare	Check out harness and source history	2026-09-12T22:01:59.7224549Z  * [new branch]      fix/sgr-faint-rendering -> origin/fix/sgr-faint-rendering
compare	Check out harness and source history	2026-09-12T22:01:59.7226575Z  * [new branch]      fix/sixel-event-ordering -> origin/fix/sixel-event-ordering
compare	Check out harness and source history	2026-09-12T22:01:59.7228897Z  * [new branch]      fix/sixel-resource-limits -> origin/fix/sixel-resource-limits
compare	Check out harness and source history	2026-09-12T22:01:59.7231473Z  * [new branch]      fix/terminal-input-byte-budget -> origin/fix/terminal-input-byte-budget
compare	Check out harness and source history	2026-09-12T22:01:59.7234110Z  * [new branch]      fix/terminal-pixel-report-overflow -> origin/fix/terminal-pixel-report-overflow
compare	Check out harness and source history	2026-09-12T22:01:59.7236674Z  * [new branch]      fix/utf8-control-strings -> origin/fix/utf8-control-strings
compare	Check out harness and source history	2026-09-12T22:01:59.7238524Z  * [new branch]      fix/xterm-color-cube    -> origin/fix/xterm-color-cube
compare	Check out harness and source history	2026-09-12T22:01:59.7240099Z  * [new branch]      main                    -> origin/main
compare	Check out harness and source history	2026-09-12T22:01:59.7241904Z  * [new branch]      perf/mixed-utf8-spans   -> origin/perf/mixed-utf8-spans
compare	Check out harness and source history	2026-09-12T22:01:59.7244030Z  * [new branch]      refactor/64-bit-image-store-ids -> origin/refactor/64-bit-image-store-ids
compare	Check out harness and source history	2026-09-12T22:01:59.7246742Z  * [new branch]      refactor/integer-glyph-atlas-coordinates -> origin/refactor/integer-glyph-atlas-coordinates
compare	Check out harness and source history	2026-09-12T22:01:59.7249620Z  * [new branch]      refactor/portable-graphics-types -> origin/refactor/portable-graphics-types
compare	Check out harness and source history	2026-09-12T22:01:59.7252446Z  * [new branch]      refactor/portable-pane-layout -> origin/refactor/portable-pane-layout
compare	Check out harness and source history	2026-09-12T22:01:59.7254774Z  * [new branch]      refactor/portable-render-scene -> origin/refactor/portable-render-scene
compare	Check out harness and source history	2026-09-12T22:01:59.7257217Z  * [new branch]      refactor/portable-selection-state -> origin/refactor/portable-selection-state
compare	Check out harness and source history	2026-09-12T22:01:59.7259913Z  * [new branch]      refactor/portable-terminal-colors -> origin/refactor/portable-terminal-colors
compare	Check out harness and source history	2026-09-12T22:01:59.7262958Z  * [new branch]      refactor/portable-terminal-decoder -> origin/refactor/portable-terminal-decoder
compare	Check out harness and source history	2026-09-12T22:01:59.7265523Z  * [new branch]      refactor/pty-readiness  -> origin/refactor/pty-readiness
compare	Check out harness and source history	2026-09-12T22:01:59.7267883Z  * [new branch]      refactor/shared-window-title-policy -> origin/refactor/shared-window-title-policy
compare	Check out harness and source history	2026-09-12T22:01:59.7270045Z  * [new branch]      upgrade                 -> origin/upgrade
compare	Check out harness and source history	2026-09-12T22:01:59.7271698Z  * [new tag]         v0.1                    -> v0.1
compare	Check out harness and source history	2026-09-12T22:01:59.7274610Z [command]/usr/bin/git branch --list --remote origin/perf/mixed-utf8-spans
compare	Check out harness and source history	2026-09-12T22:01:59.7276295Z   origin/perf/mixed-utf8-spans
compare	Check out harness and source history	2026-09-12T22:01:59.7278757Z [command]/usr/bin/git rev-parse refs/remotes/origin/perf/mixed-utf8-spans
compare	Check out harness and source history	2026-09-12T22:01:59.7280346Z 74eaad83dbf813cb15bd883b45d52adf0dc729bd
compare	Check out harness and source history	2026-09-12T22:01:59.7283133Z ##[endgroup]
compare	Check out harness and source history	2026-09-12T22:01:59.7284440Z ##[group]Determining the checkout info
compare	Check out harness and source history	2026-09-12T22:01:59.7285973Z ##[endgroup]
compare	Check out harness and source history	2026-09-12T22:01:59.7286829Z [command]/usr/bin/git sparse-checkout disable
compare	Check out harness and source history	2026-09-12T22:01:59.7289664Z [command]/usr/bin/git config --local --unset-all extensions.worktreeConfig
compare	Check out harness and source history	2026-09-12T22:01:59.7293146Z ##[group]Checking out the ref
compare	Check out harness and source history	2026-09-12T22:01:59.7294603Z [command]/usr/bin/git checkout --progress --force -B perf/mixed-utf8-spans refs/remotes/origin/perf/mixed-utf8-spans
compare	Check out harness and source history	2026-09-12T22:01:59.7864553Z Switched to a new branch 'perf/mixed-utf8-spans'
compare	Check out harness and source history	2026-09-12T22:01:59.7869038Z branch 'perf/mixed-utf8-spans' set up to track 'origin/perf/mixed-utf8-spans'.
compare	Check out harness and source history	2026-09-12T22:01:59.7880278Z ##[endgroup]
compare	Check out harness and source history	2026-09-12T22:01:59.7933849Z [command]/usr/bin/git log -1 --format=%H
compare	Check out harness and source history	2026-09-12T22:01:59.7965108Z 74eaad83dbf813cb15bd883b45d52adf0dc729bd
compare	Install fixed Rust toolchain and validate harness	﻿2026-09-12T22:01:59.8202419Z ##[group]Run rustup toolchain install 1.94.1 --profile minimal
compare	Install fixed Rust toolchain and validate harness	2026-09-12T22:01:59.8203929Z [36;1mrustup toolchain install 1.94.1 --profile minimal[0m
compare	Install fixed Rust toolchain and validate harness	2026-09-12T22:01:59.8205058Z [36;1mrustup default 1.94.1[0m
compare	Install fixed Rust toolchain and validate harness	2026-09-12T22:01:59.8206246Z [36;1mpython3 -B -m unittest discover -s scripts -p 'test_compare_*.py'[0m
compare	Install fixed Rust toolchain and validate harness	2026-09-12T22:01:59.8252583Z shell: /usr/bin/bash --noprofile --norc -e -o pipefail {0}
compare	Install fixed Rust toolchain and validate harness	2026-09-12T22:01:59.8253795Z env:
compare	Install fixed Rust toolchain and validate harness	2026-09-12T22:01:59.8254488Z   SOURCE_REF: 74eaad83dbf813cb15bd883b45d52adf0dc729bd
compare	Install fixed Rust toolchain and validate harness	2026-09-12T22:01:59.8255506Z ##[endgroup]
compare	Install fixed Rust toolchain and validate harness	2026-09-12T22:01:59.8701908Z info: syncing channel updates for 1.94.1-x86_64-unknown-linux-gnu
compare	Install fixed Rust toolchain and validate harness	2026-09-12T22:02:00.1633271Z info: latest update on 2026-03-26 for version 1.94.1 (e408947bf 2026-03-25)
compare	Install fixed Rust toolchain and validate harness	2026-09-12T22:02:00.1635494Z info: downloading 3 components
compare	Install fixed Rust toolchain and validate harness	2026-09-12T22:02:08.0730589Z 
compare	Install fixed Rust toolchain and validate harness	2026-09-12T22:02:08.0806092Z   1.94.1-x86_64-unknown-linux-gnu installed - rustc 1.94.1 (e408947bf 2026-03-25)
compare	Install fixed Rust toolchain and validate harness	2026-09-12T22:02:08.0806839Z 
compare	Install fixed Rust toolchain and validate harness	2026-09-12T22:02:08.0890644Z info: using existing install for 1.94.1-x86_64-unknown-linux-gnu
compare	Install fixed Rust toolchain and validate harness	2026-09-12T22:02:08.0895626Z info: default toolchain set to 1.94.1-x86_64-unknown-linux-gnu
compare	Install fixed Rust toolchain and validate harness	2026-09-12T22:02:08.0897071Z 
compare	Install fixed Rust toolchain and validate harness	2026-09-12T22:02:08.0972289Z   1.94.1-x86_64-unknown-linux-gnu unchanged - rustc 1.94.1 (e408947bf 2026-03-25)
compare	Install fixed Rust toolchain and validate harness	2026-09-12T22:02:08.0972994Z 
compare	Install fixed Rust toolchain and validate harness	2026-09-12T22:02:08.5334597Z .......................
compare	Install fixed Rust toolchain and validate harness	2026-09-12T22:02:08.5335283Z ----------------------------------------------------------------------
compare	Install fixed Rust toolchain and validate harness	2026-09-12T22:02:08.5336186Z Ran 23 tests in 0.322s
compare	Install fixed Rust toolchain and validate harness	2026-09-12T22:02:08.5336488Z 
compare	Install fixed Rust toolchain and validate harness	2026-09-12T22:02:08.5336675Z OK
compare	Resolve source and official Ubuntu image	﻿2026-09-12T22:02:08.5525082Z ##[group]Run evidence_directory="$RUNNER_TEMP/kokuban-four-terminal-evidence"
compare	Resolve source and official Ubuntu image	2026-09-12T22:02:08.5525714Z [36;1mevidence_directory="$RUNNER_TEMP/kokuban-four-terminal-evidence"[0m
compare	Resolve source and official Ubuntu image	2026-09-12T22:02:08.5526434Z [36;1msource_directory="$RUNNER_TEMP/kokuban-comparison-source"[0m
compare	Resolve source and official Ubuntu image	2026-09-12T22:02:08.5526863Z [36;1mmkdir -p "$evidence_directory" "$source_directory"[0m
compare	Resolve source and official Ubuntu image	2026-09-12T22:02:08.5527309Z [36;1mgit rev-parse HEAD > "$evidence_directory/harness-revision.txt"[0m
compare	Resolve source and official Ubuntu image	2026-09-12T22:02:08.5527878Z [36;1mrevision="$(git rev-parse --verify --end-of-options "${SOURCE_REF}^{commit}")"[0m
compare	Resolve source and official Ubuntu image	2026-09-12T22:02:08.5528439Z [36;1mprintf '%s\n' "$revision" > "$evidence_directory/source-revision.txt"[0m
compare	Resolve source and official Ubuntu image	2026-09-12T22:02:08.5528900Z [36;1mgit archive "$revision" | tar -x -C "$source_directory"[0m
compare	Resolve source and official Ubuntu image	2026-09-12T22:02:08.5529302Z [36;1mdocker pull --platform linux/amd64 ubuntu:26.04[0m
compare	Resolve source and official Ubuntu image	2026-09-12T22:02:08.5529861Z [36;1mdocker image inspect ubuntu:26.04 --format '{{index .RepoDigests 0}}' > "$evidence_directory/image-reference.txt"[0m
compare	Resolve source and official Ubuntu image	2026-09-12T22:02:08.5530550Z [36;1mdocker image inspect ubuntu:26.04 > "$evidence_directory/container-image.json"[0m
compare	Resolve source and official Ubuntu image	2026-09-12T22:02:08.5572535Z shell: /usr/bin/bash --noprofile --norc -e -o pipefail {0}
compare	Resolve source and official Ubuntu image	2026-09-12T22:02:08.5572901Z env:
compare	Resolve source and official Ubuntu image	2026-09-12T22:02:08.5573162Z   SOURCE_REF: 74eaad83dbf813cb15bd883b45d52adf0dc729bd
compare	Resolve source and official Ubuntu image	2026-09-12T22:02:08.5573475Z ##[endgroup]
compare	Resolve source and official Ubuntu image	2026-09-12T22:02:09.3921959Z 26.04: Pulling from library/ubuntu
compare	Resolve source and official Ubuntu image	2026-09-12T22:02:09.6091444Z 08f5f5b2a2b0: Pulling fs layer
compare	Resolve source and official Ubuntu image	2026-09-12T22:02:09.6092123Z 6a7c4f6d8c38: Pulling fs layer
compare	Resolve source and official Ubuntu image	2026-09-12T22:02:09.8456703Z 6a7c4f6d8c38: Verifying Checksum
compare	Resolve source and official Ubuntu image	2026-09-12T22:02:09.8457312Z 6a7c4f6d8c38: Download complete
compare	Resolve source and official Ubuntu image	2026-09-12T22:02:10.3250635Z 08f5f5b2a2b0: Verifying Checksum
compare	Resolve source and official Ubuntu image	2026-09-12T22:02:10.3262088Z 08f5f5b2a2b0: Download complete
compare	Resolve source and official Ubuntu image	2026-09-12T22:02:12.6154769Z 08f5f5b2a2b0: Pull complete
compare	Resolve source and official Ubuntu image	2026-09-12T22:02:12.6379309Z 6a7c4f6d8c38: Pull complete
compare	Resolve source and official Ubuntu image	2026-09-12T22:02:13.0082458Z Digest: sha256:513c074113a871b51a8d16ab445c88779d6452d937a164fb5cc479f32668a41d
compare	Resolve source and official Ubuntu image	2026-09-12T22:02:13.7013654Z Status: Downloaded newer image for ubuntu:26.04
compare	Resolve source and official Ubuntu image	2026-09-12T22:02:13.7026343Z docker.io/library/ubuntu:26.04
compare	Build, verify native launch, calibrate cells and compare processing	﻿2026-09-12T22:02:13.8063277Z ##[group]Run evidence_directory="$RUNNER_TEMP/kokuban-four-terminal-evidence"
compare	Build, verify native launch, calibrate cells and compare processing	2026-09-12T22:02:13.8064277Z [36;1mevidence_directory="$RUNNER_TEMP/kokuban-four-terminal-evidence"[0m
compare	Build, verify native launch, calibrate cells and compare processing	2026-09-12T22:02:13.8065096Z [36;1mimage_reference="$(cat "$evidence_directory/image-reference.txt")"[0m
compare	Build, verify native launch, calibrate cells and compare processing	2026-09-12T22:02:13.8065906Z [36;1mtoolchain_directory="$(dirname "$(dirname "$(rustup which cargo)")")"[0m
compare	Build, verify native launch, calibrate cells and compare processing	2026-09-12T22:02:13.8066766Z [36;1mcontainer_name="kokuban-four-terminal-$GITHUB_RUN_ID-$GITHUB_RUN_ATTEMPT"[0m
compare	Build, verify native launch, calibrate cells and compare processing	2026-09-12T22:02:13.8067616Z [36;1mtrap 'docker rm --force "$container_name" >/dev/null 2>&1 || true' EXIT[0m
compare	Build, verify native launch, calibrate cells and compare processing	2026-09-12T22:02:13.8068402Z [36;1mtimeout --kill-after=10s 30m docker run --rm --init --interactive \[0m
compare	Build, verify native launch, calibrate cells and compare processing	2026-09-12T22:02:13.8069111Z [36;1m  --name "$container_name" --platform linux/amd64 \[0m
compare	Build, verify native launch, calibrate cells and compare processing	2026-09-12T22:02:13.8069801Z [36;1m  --mount "type=bind,src=$toolchain_directory,dst=/opt/rust,readonly" \[0m
compare	Build, verify native launch, calibrate cells and compare processing	2026-09-12T22:02:13.8070693Z [36;1m  --mount "type=bind,src=$RUNNER_TEMP/kokuban-comparison-source,dst=/source,readonly" \[0m
compare	Build, verify native launch, calibrate cells and compare processing	2026-09-12T22:02:13.8071754Z [36;1m  --mount "type=bind,src=$GITHUB_WORKSPACE/scripts,dst=/harness,readonly" \[0m
compare	Build, verify native launch, calibrate cells and compare processing	2026-09-12T22:02:13.8072236Z [36;1m  --mount "type=bind,src=$evidence_directory,dst=/evidence" \[0m
compare	Build, verify native launch, calibrate cells and compare processing	2026-09-12T22:02:13.8072674Z [36;1m  --workdir /source "$image_reference" bash -seu <<'CONTAINER'[0m
compare	Build, verify native launch, calibrate cells and compare processing	2026-09-12T22:02:13.8073037Z [36;1mset -o pipefail[0m
compare	Build, verify native launch, calibrate cells and compare processing	2026-09-12T22:02:13.8073326Z [36;1mexport DEBIAN_FRONTEND=noninteractive[0m
compare	Build, verify native launch, calibrate cells and compare processing	2026-09-12T22:02:13.8073633Z [36;1mapt-get update[0m
compare	Build, verify native launch, calibrate cells and compare processing	2026-09-12T22:02:13.8073930Z [36;1mapt-get install --yes --no-install-recommends \[0m
compare	Build, verify native launch, calibrate cells and compare processing	2026-09-12T22:02:13.8074382Z [36;1m  alacritty ca-certificates build-essential dbus-daemon fontconfig \[0m
compare	Build, verify native launch, calibrate cells and compare processing	2026-09-12T22:02:13.8074905Z [36;1m  fonts-dejavu-core fonts-noto-cjk fonts-noto-color-emoji ghostty kitty \[0m
compare	Build, verify native launch, calibrate cells and compare processing	2026-09-12T22:02:13.8075417Z [36;1m  libegl-mesa0 libgl1-mesa-dri libglx-mesa0 libfontconfig1-dev \[0m
compare	Build, verify native launch, calibrate cells and compare processing	2026-09-12T22:02:13.8075949Z [36;1m  libfreetype6-dev libxkbcommon-x11-0 pkg-config python3 util-linux weston xdotool[0m
compare	Build, verify native launch, calibrate cells and compare processing	2026-09-12T22:02:13.8076596Z [36;1mexport PATH="/opt/rust/bin:$PATH"[0m
compare	Build, verify native launch, calibrate cells and compare processing	2026-09-12T22:02:13.8076905Z [36;1mexport CARGO_HOME=/build/cargo-home[0m
compare	Build, verify native launch, calibrate cells and compare processing	2026-09-12T22:02:13.8077211Z [36;1mexport CARGO_TARGET_DIR=/build/target[0m
compare	Build, verify native launch, calibrate cells and compare processing	2026-09-12T22:02:13.8077580Z [36;1mexport CARGO_INCREMENTAL=0 CARGO_PROFILE_RELEASE_DEBUG=0[0m
compare	Build, verify native launch, calibrate cells and compare processing	2026-09-12T22:02:13.8077929Z [36;1mmkdir -p /build[0m
compare	Build, verify native launch, calibrate cells and compare processing	2026-09-12T22:02:13.8078214Z [36;1mrustc --version --verbose > /evidence/rustc.txt[0m
compare	Build, verify native launch, calibrate cells and compare processing	2026-09-12T22:02:13.8078558Z [36;1mcargo build --release --locked[0m
compare	Build, verify native launch, calibrate cells and compare processing	2026-09-12T22:02:13.8078965Z [36;1mcargo test --release --locked --all-targets > /evidence/rust-tests.txt 2>&1[0m
compare	Build, verify native launch, calibrate cells and compare processing	2026-09-12T22:02:13.8079407Z [36;1mcargo tree --locked > /evidence/cargo-tree.txt[0m
compare	Build, verify native launch, calibrate cells and compare processing	2026-09-12T22:02:13.8079740Z [36;1mcp Cargo.toml Cargo.lock /evidence/[0m
compare	Build, verify native launch, calibrate cells and compare processing	2026-09-12T22:02:13.8080165Z [36;1msha256sum /build/target/release/kokuban > /evidence/kokuban-binary-sha256.txt[0m
compare	Build, verify native launch, calibrate cells and compare processing	2026-09-12T22:02:13.8080888Z [36;1mdpkg-query -W alacritty ghostty kitty weston fonts-dejavu-core \[0m
compare	Build, verify native launch, calibrate cells and compare processing	2026-09-12T22:02:13.8081430Z [36;1m  fonts-noto-cjk fonts-noto-color-emoji libfontconfig1 libfreetype6 \[0m
compare	Build, verify native launch, calibrate cells and compare processing	2026-09-12T22:02:13.8081946Z [36;1m  libegl-mesa0 libgl1-mesa-dri libglx-mesa0 > /evidence/system-packages.txt[0m
compare	Build, verify native launch, calibrate cells and compare processing	2026-09-12T22:02:13.8082408Z [36;1mdpkg-query -W > /evidence/all-system-packages.txt[0m
compare	Build, verify native launch, calibrate cells and compare processing	2026-09-12T22:02:13.8082883Z [36;1mfc-match -s 'DejaVu Sans Mono' -f '%{family}|%{file}\n' > /evidence/font-fallbacks.txt[0m
compare	Build, verify native launch, calibrate cells and compare processing	2026-09-12T22:02:13.8083376Z [36;1mfc-match -s 'DejaVu Sans Mono' -f '%{file}\n' | sort -u | \[0m
compare	Build, verify native launch, calibrate cells and compare processing	2026-09-12T22:02:13.8083898Z [36;1m  while IFS= read -r font_file; do sha256sum "$font_file"; done > /evidence/font-files-sha256.txt[0m
compare	Build, verify native launch, calibrate cells and compare processing	2026-09-12T22:02:13.8084363Z [36;1mlscpu > /evidence/cpu.txt[0m
compare	Build, verify native launch, calibrate cells and compare processing	2026-09-12T22:02:13.8084632Z [36;1mexport XDG_RUNTIME_DIR[0m
compare	Build, verify native launch, calibrate cells and compare processing	2026-09-12T22:02:13.8084897Z [36;1mXDG_RUNTIME_DIR="$(mktemp -d)"[0m
compare	Build, verify native launch, calibrate cells and compare processing	2026-09-12T22:02:13.8085235Z [36;1mexport WAYLAND_DISPLAY=wayland-kokuban-comparison[0m
compare	Build, verify native launch, calibrate cells and compare processing	2026-09-12T22:02:13.8085820Z [36;1mexport LIBGL_ALWAYS_SOFTWARE=1 GALLIUM_DRIVER=llvmpipe[0m
compare	Build, verify native launch, calibrate cells and compare processing	2026-09-12T22:02:13.8086179Z [36;1munset DISPLAY WAYLAND_SOCKET[0m
compare	Build, verify native launch, calibrate cells and compare processing	2026-09-12T22:02:13.8086528Z [36;1mweston --backend=headless --renderer=pixman --no-config \[0m
compare	Build, verify native launch, calibrate cells and compare processing	2026-09-12T22:02:13.8086983Z [36;1m  --socket="$WAYLAND_DISPLAY" --idle-time=0 --width=1280 --height=900 \[0m
compare	Build, verify native launch, calibrate cells and compare processing	2026-09-12T22:02:13.8087382Z [36;1m  --log=/evidence/weston.log &[0m
compare	Build, verify native launch, calibrate cells and compare processing	2026-09-12T22:02:13.8087647Z [36;1mweston_pid=$![0m
compare	Build, verify native launch, calibrate cells and compare processing	2026-09-12T22:02:13.8088034Z [36;1mtrap 'kill "$weston_pid" 2>/dev/null || true; wait "$weston_pid" 2>/dev/null || true' EXIT[0m
compare	Build, verify native launch, calibrate cells and compare processing	2026-09-12T22:02:13.8088454Z [36;1mfor _attempt in {1..100}; do[0m
compare	Build, verify native launch, calibrate cells and compare processing	2026-09-12T22:02:13.8088767Z [36;1m  test ! -S "$XDG_RUNTIME_DIR/$WAYLAND_DISPLAY" || break[0m
compare	Build, verify native launch, calibrate cells and compare processing	2026-09-12T22:02:13.8089098Z [36;1m  kill -0 "$weston_pid"[0m
compare	Build, verify native launch, calibrate cells and compare processing	2026-09-12T22:02:13.8089349Z [36;1m  sleep 0.1[0m
compare	Build, verify native launch, calibrate cells and compare processing	2026-09-12T22:02:13.8089562Z [36;1mdone[0m
compare	Build, verify native launch, calibrate cells and compare processing	2026-09-12T22:02:13.8089808Z [36;1mtest -S "$XDG_RUNTIME_DIR/$WAYLAND_DISPLAY"[0m
compare	Build, verify native launch, calibrate cells and compare processing	2026-09-12T22:02:13.8090236Z [36;1mtimeout --kill-after=5s 60s python3 /harness/linux-launch-smoke.py \[0m
compare	Build, verify native launch, calibrate cells and compare processing	2026-09-12T22:02:13.8090951Z [36;1m  /build/target/release/kokuban --backend wayland > /evidence/native-launch.txt 2>&1[0m
compare	Build, verify native launch, calibrate cells and compare processing	2026-09-12T22:02:13.8091459Z [36;1mtimeout --kill-after=10s 20m dbus-run-session -- \[0m
compare	Build, verify native launch, calibrate cells and compare processing	2026-09-12T22:02:13.8091860Z [36;1m  python3 /harness/compare-terminal-performance.py \[0m
compare	Build, verify native launch, calibrate cells and compare processing	2026-09-12T22:02:13.8092229Z [36;1m    --kokuban /build/target/release/kokuban \[0m
compare	Build, verify native launch, calibrate cells and compare processing	2026-09-12T22:02:13.8092616Z [36;1m    --output-dir /evidence/measurements --backend wayland \[0m
compare	Build, verify native launch, calibrate cells and compare processing	2026-09-12T22:02:13.8093051Z [36;1m    --screen alternate --samples 5 --bytes 33554432 --timeout 180 \[0m
compare	Build, verify native launch, calibrate cells and compare processing	2026-09-12T22:02:13.8093454Z [36;1m    --match-cell-size --environment-note \[0m
compare	Build, verify native launch, calibrate cells and compare processing	2026-09-12T22:02:13.8094342Z [36;1m    'Official Ubuntu26.04 container on GitHub hosted x86_64; Weston headless pixman; Mesa llvmpipe; full runner CPU affinity; fonts include real CJK/emoji fallback; processing/DSR only, not physical Omarchy/GPU performance'[0m
compare	Build, verify native launch, calibrate cells and compare processing	2026-09-12T22:02:13.8095340Z [36;1mCONTAINER[0m
compare	Build, verify native launch, calibrate cells and compare processing	2026-09-12T22:02:13.8134349Z shell: /usr/bin/bash --noprofile --norc -e -o pipefail {0}
compare	Build, verify native launch, calibrate cells and compare processing	2026-09-12T22:02:13.8134696Z env:
compare	Build, verify native launch, calibrate cells and compare processing	2026-09-12T22:02:13.8134952Z   SOURCE_REF: 74eaad83dbf813cb15bd883b45d52adf0dc729bd
compare	Build, verify native launch, calibrate cells and compare processing	2026-09-12T22:02:13.8135260Z ##[endgroup]
compare	Build, verify native launch, calibrate cells and compare processing	2026-09-12T22:02:14.6657239Z Get:1 http://security.ubuntu.com/ubuntu resolute-security InRelease [137 kB]
compare	Build, verify native launch, calibrate cells and compare processing	2026-09-12T22:02:14.8465560Z Get:2 http://archive.ubuntu.com/ubuntu resolute InRelease [136 kB]
compare	Build, verify native launch, calibrate cells and compare processing	2026-09-12T22:02:14.9357792Z Get:3 http://security.ubuntu.com/ubuntu resolute-security/multiverse amd64 Packages [13.6 kB]
compare	Build, verify native launch, calibrate cells and compare processing	2026-09-12T22:02:15.0003556Z Get:4 http://security.ubuntu.com/ubuntu resolute-security/universe amd64 Packages [212 kB]
compare	Build, verify native launch, calibrate cells and compare processing	2026-09-12T22:02:15.0856365Z Get:5 http://security.ubuntu.com/ubuntu resolute-security/restricted amd64 Packages [493 kB]
compare	Build, verify native launch, calibrate cells and compare processing	2026-09-12T22:02:15.2225970Z Get:6 http://security.ubuntu.com/ubuntu resolute-security/main amd64 Packages [579 kB]
compare	Build, verify native launch, calibrate cells and compare processing	2026-09-12T22:02:15.5023586Z Get:7 http://archive.ubuntu.com/ubuntu resolute-updates InRelease [137 kB]
compare	Build, verify native launch, calibrate cells and compare processing	2026-09-12T22:02:15.8154376Z Get:8 http://archive.ubuntu.com/ubuntu resolute-backports InRelease [137 kB]
compare	Build, verify native launch, calibrate cells and compare processing	2026-09-12T22:02:16.0243738Z Get:9 http://archive.ubuntu.com/ubuntu resolute/restricted amd64 Packages [189 kB]
compare	Build, verify native launch, calibrate cells and compare processing	2026-09-12T22:02:16.1133191Z Get:10 http://archive.ubuntu.com/ubuntu resolute/multiverse amd64 Packages [352 kB]
compare	Build, verify native launch, calibrate cells and compare processing	2026-09-12T22:02:16.3264547Z Get:11 http://archive.ubuntu.com/ubuntu resolute/main amd64 Packages [1874 kB]
compare	Build, verify native launch, calibrate cells and compare processing	2026-09-12T22:02:16.7588453Z Get:12 http://archive.ubuntu.com/ubuntu resolute/universe amd64 Packages [20.1 MB]
compare	Build, verify native launch, calibrate cells and compare processing	2026-09-12T22:02:17.6274439Z Get:13 http://archive.ubuntu.com/ubuntu resolute-updates/restricted amd64 Packages [505 kB]
compare	Build, verify native launch, calibrate cells and compare processing	2026-09-12T22:02:17.6290396Z Get:14 http://archive.ubuntu.com/ubuntu resolute-updates/multiverse amd64 Packages [14.6 kB]
compare	Build, verify native launch, calibrate cells and compare processing	2026-09-12T22:02:17.6294639Z Get:15 http://archive.ubuntu.com/ubuntu resolute-updates/main amd64 Packages [745 kB]
compare	Build, verify native launch, calibrate cells and compare processing	2026-09-12T22:02:17.6370861Z Get:16 http://archive.ubuntu.com/ubuntu resolute-updates/universe amd64 Packages [359 kB]
compare	Build, verify native launch, calibrate cells and compare processing	2026-09-12T22:02:17.6405517Z Get:17 http://archive.ubuntu.com/ubuntu resolute-backports/universe amd64 Packages [3306 B]
compare	Build, verify native launch, calibrate cells and compare processing	2026-09-12T22:02:18.3605323Z Fetched 26.0 MB in 4s (6638 kB/s)
compare	Build, verify native launch, calibrate cells and compare processing	2026-09-12T22:02:18.9844754Z Reading package lists...
compare	Build, verify native launch, calibrate cells and compare processing	2026-09-12T22:02:19.6391138Z Reading package lists...
compare	Build, verify native launch, calibrate cells and compare processing	2026-09-12T22:02:19.7739109Z Building dependency tree...
compare	Build, verify native launch, calibrate cells and compare processing	2026-09-12T22:02:19.7739608Z Reading state information...
compare	Build, verify native launch, calibrate cells and compare processing	2026-09-12T22:02:19.8004194Z util-linux is already the newest version (2.41.3-3ubuntu2.2).
compare	Build, verify native launch, calibrate cells and compare processing	2026-09-12T22:02:19.8663827Z Solving dependencies...
compare	Build, verify native launch, calibrate cells and compare processing	2026-09-12T22:02:19.9515233Z The following additional packages will be installed:
compare	Build, verify native launch, calibrate cells and compare processing	2026-09-12T22:02:19.9516094Z   adwaita-icon-theme binutils binutils-common binutils-x86-64-linux-gnu
compare	Build, verify native launch, calibrate cells and compare processing	2026-09-12T22:02:19.9517376Z   bubblewrap bzip2 cpp cpp-15 cpp-15-x86-64-linux-gnu cpp-x86-64-linux-gnu
compare	Build, verify native launch, calibrate cells and compare processing	2026-09-12T22:02:19.9518526Z   dbus dbus-bin dbus-session-bus-common dbus-system-bus-common
compare	Build, verify native launch, calibrate cells and compare processing	2026-09-12T22:02:19.9519511Z   dbus-user-session dconf-gsettings-backend dconf-service dpkg-dev
compare	Build, verify native launch, calibrate cells and compare processing	2026-09-12T22:02:19.9520419Z   fontconfig-config fonts-dejavu-mono g++ g++-15 g++-15-x86-64-linux-gnu
compare	Build, verify native launch, calibrate cells and compare processing	2026-09-12T22:02:19.9521487Z   g++-x86-64-linux-gnu gcc gcc-15 gcc-15-base gcc-15-x86-64-linux-gnu
compare	Build, verify native launch, calibrate cells and compare processing	2026-09-12T22:02:19.9522284Z   gcc-x86-64-linux-gnu glycin-loaders glycin-thumbnailers
compare	Build, verify native launch, calibrate cells and compare processing	2026-09-12T22:02:19.9523166Z   gtk-update-icon-cache hicolor-icon-theme iso-codes kitty-shell-integration
compare	Build, verify native launch, calibrate cells and compare processing	2026-09-12T22:02:19.9524292Z   kitty-terminfo libadwaita-1-0 libaml0t64 libaom3 libapparmor1 libappstream5
compare	Build, verify native launch, calibrate cells and compare processing	2026-09-12T22:02:19.9525276Z   libasan8 libasound2-data libasound2t64 libass9 libatomic1 libavahi-client3
compare	Build, verify native launch, calibrate cells and compare processing	2026-09-12T22:02:19.9526222Z   libavahi-common-data libavahi-common3 libavcodec62 libavfilter11
compare	Build, verify native launch, calibrate cells and compare processing	2026-09-12T22:02:19.9527171Z   libavformat62 libavutil60 libbinutils libbluray3 libbrotli-dev libbrotli1
compare	Build, verify native launch, calibrate cells and compare processing	2026-09-12T22:02:19.9528159Z   libbs2b0 libbz2-dev libc-bin libc-dev-bin libc-gconv-modules-extra libc6
compare	Build, verify native launch, calibrate cells and compare processing	2026-09-12T22:02:19.9529539Z   libc6-dev libcairo-gobject2 libcairo-script-interpreter2 libcairo2 libcap2
compare	Build, verify native launch, calibrate cells and compare processing	2026-09-12T22:02:19.9530541Z   libcap2-bin libcc1-0 libchromaprint1 libcjson1 libcodec2-1.2 libcolord2
compare	Build, verify native launch, calibrate cells and compare processing	2026-09-12T22:02:19.9532162Z   libcrypt-dev libctf-nobfd0 libctf0 libcups2t64 libcurl3t64-gnutls libdatrie1
compare	Build, verify native launch, calibrate cells and compare processing	2026-09-12T22:02:19.9533166Z   libdav1d7 libdbus-1-3 libdconf1 libdeflate0 libdisplay-info3 libdpkg-perl
compare	Build, verify native launch, calibrate cells and compare processing	2026-09-12T22:02:19.9534461Z   libdrm-amdgpu1 libdrm-common libdrm-intel1 libdrm2 libdvdnav4 libdvdread8t64
compare	Build, verify native launch, calibrate cells and compare processing	2026-09-12T22:02:19.9535598Z   libedit2 libegl1 libelf1t64 libepoxy0 libevdev2 libexpat1 libexpat1-dev
compare	Build, verify native launch, calibrate cells and compare processing	2026-09-12T22:02:19.9536523Z   libffi8 libfftw3-double3 libfftw3-single3 libflac14 libflite1
compare	Build, verify native launch, calibrate cells and compare processing	2026-09-12T22:02:19.9537406Z   libfontconfig-dev libfontconfig1 libfreerdp-server3-3 libfreerdp3-3
compare	Build, verify native launch, calibrate cells and compare processing	2026-09-12T22:02:19.9538394Z   libfreetype6 libfribidi0 libfyaml0 libgbm1 libgcc-15-dev libgdbm-compat4t64
compare	Build, verify native launch, calibrate cells and compare processing	2026-09-12T22:02:19.9539423Z   libgdbm6t64 libgdk-pixbuf-2.0-0 libgdk-pixbuf2.0-common libgl1 libgles2
compare	Build, verify native launch, calibrate cells and compare processing	2026-09-12T22:02:19.9540396Z   libglib2.0-0t64 libglvnd0 libglx0 libglycin-2-0 libgme0 libgnutls30t64
compare	Build, verify native launch, calibrate cells and compare processing	2026-09-12T22:02:19.9541459Z   libgomp1 libgprofng0 libgraphene-1.0-0 libgraphite2-3 libgsm1
compare	Build, verify native launch, calibrate cells and compare processing	2026-09-12T22:02:19.9542339Z   libgssapi-krb5-2 libgstreamer-gl1.0-0 libgstreamer-plugins-base1.0-0
compare	Build, verify native launch, calibrate cells and compare processing	2026-09-12T22:02:19.9543342Z   libgstreamer-plugins-extra1.0-0 libgstreamer1.0-0 libgtk-4-1 libgtk-4-common
compare	Build, verify native launch, calibrate cells and compare processing	2026-09-12T22:02:19.9544327Z   libgtk4-layer-shell0 libgudev-1.0-0 libharfbuzz-subset0 libharfbuzz0b
compare	Build, verify native launch, calibrate cells and compare processing	2026-09-12T22:02:19.9545332Z   libheif-plugin-aomdec libheif1 libhogweed6t64 libhwasan0 libhwy1t64 libicu78
compare	Build, verify native launch, calibrate cells and compare processing	2026-09-12T22:02:19.9546348Z   libidn2-0 libinput-bin libinput10 libisl23 libitm1 libjansson4 libjbig0
compare	Build, verify native launch, calibrate cells and compare processing	2026-09-12T22:02:19.9547308Z   libjpeg-turbo8 libjpeg8 libjson-c5 libjxl0.11 libk5crypto3 libkeyutils1
compare	Build, verify native launch, calibrate cells and compare processing	2026-09-12T22:02:19.9552839Z   libkrb5-3 libkrb5support0 liblcms2-2 libldap-common libldap2 liblerc4
compare	Build, verify native launch, calibrate cells and compare processing	2026-09-12T22:02:19.9553862Z   liblilv-0-0 libllvm21 liblsan0 liblzo2-2 libmbedcrypto16 libmp3lame0 libmpc3
compare	Build, verify native launch, calibrate cells and compare processing	2026-09-12T22:02:19.9555212Z   libmpfr6 libmpg123-0t64 libmtdev1t64 libmysofa1 libneatvnc0 libnettle8t64
compare	Build, verify native launch, calibrate cells and compare processing	2026-09-12T22:02:19.9556186Z   libnghttp2-14 libnorm1t64 libnuma1 libogg0 libopenjp2-7 libopenmpt0t64
compare	Build, verify native launch, calibrate cells and compare processing	2026-09-12T22:02:19.9557124Z   libopus0 liborc-0.4-0t64 libp11-kit0 libpam-systemd libpango-1.0-0
compare	Build, verify native launch, calibrate cells and compare processing	2026-09-12T22:02:19.9558034Z   libpangocairo-1.0-0 libpangoft2-1.0-0 libpciaccess0 libperl5.40
compare	Build, verify native launch, calibrate cells and compare processing	2026-09-12T22:02:19.9558995Z   libpgm-5.3-0t64 libpipewire-0.3-0t64 libpixman-1-0 libpkgconf7 libplacebo360
compare	Build, verify native launch, calibrate cells and compare processing	2026-09-12T22:02:19.9560016Z   libpng-dev libpng16-16t64 libpsl5t64 libpython3-stdlib libpython3.14
compare	Build, verify native launch, calibrate cells and compare processing	2026-09-12T22:02:19.9561391Z   libpython3.14-minimal libpython3.14-stdlib libquadmath0 librabbitmq4
compare	Build, verify native launch, calibrate cells and compare processing	2026-09-12T22:02:19.9562441Z   librav1e0.8 libreadline8t64 librist4 librsvg2-2 librtmp1 librubberband3
compare	Build, verify native launch, calibrate cells and compare processing	2026-09-12T22:02:19.9563446Z   libsamplerate0 libsasl2-2 libsasl2-modules-db libseat1 libsensors-config
compare	Build, verify native launch, calibrate cells and compare processing	2026-09-12T22:02:19.9564437Z   libsensors5 libserd-0-0 libsframe3 libsharpyuv0 libshine3 libsnappy1v5
compare	Build, verify native launch, calibrate cells and compare processing	2026-09-12T22:02:19.9565461Z   libsndfile1 libsodium23 libsord-0-0 libsoxr0 libspa-0.2-modules libspeex1
compare	Build, verify native launch, calibrate cells and compare processing	2026-09-12T22:02:19.9566416Z   libsqlite3-0 libsratom-0-0 libsrt1.5-gnutls libssh-4 libssh2-1t64
compare	Build, verify native launch, calibrate cells and compare processing	2026-09-12T22:02:19.9567393Z   libstdc++-15-dev libstemmer0d libsvtav1enc2 libswresample6 libswscale9
compare	Build, verify native launch, calibrate cells and compare processing	2026-09-12T22:02:19.9568353Z   libsystemd-shared libtasn1-6 libthai-data libthai0 libtheoradec2
compare	Build, verify native launch, calibrate cells and compare processing	2026-09-12T22:02:19.9569407Z   libtheoraenc2 libtiff6 libtsan2 libturbojpeg0 libtwolame0 libubsan1
compare	Build, verify native launch, calibrate cells and compare processing	2026-09-12T22:02:19.9570339Z   libudfread3 libunibreak6 libunistring5 libva-drm2 libva-x11-2 libva2
compare	Build, verify native launch, calibrate cells and compare processing	2026-09-12T22:02:19.9571553Z   libvdpau1 libvidstab1.1 libvorbis0a libvorbisenc2 libvorbisfile3 libvpl2
compare	Build, verify native launch, calibrate cells and compare processing	2026-09-12T22:02:19.9572519Z   libvpx12 libvulkan1 libwacom-common libwacom9 libwayland-client0
compare	Build, verify native launch, calibrate cells and compare processing	2026-09-12T22:02:19.9573458Z   libwayland-cursor0 libwayland-egl1 libwayland-server0 libwebp7 libwebpmux3
compare	Build, verify native launch, calibrate cells and compare processing	2026-09-12T22:02:19.9574462Z   libwebrtc-audio-processing-1-3 libweston-14-0 libwinpr3-3 libx11-6
compare	Build, verify native launch, calibrate cells and compare processing	2026-09-12T22:02:19.9575801Z   libx11-data libx11-xcb1 libx264-165 libx265-215 libxau6 libxcb-composite0
compare	Build, verify native launch, calibrate cells and compare processing	2026-09-12T22:02:19.9576877Z   libxcb-dri3-0 libxcb-glx0 libxcb-present0 libxcb-randr0 libxcb-render0
compare	Build, verify native launch, calibrate cells and compare processing	2026-09-12T22:02:19.9577824Z   libxcb-shm0 libxcb-sync1 libxcb-xfixes0 libxcb-xkb1 libxcb1 libxcursor1
compare	Build, verify native launch, calibrate cells and compare processing	2026-09-12T22:02:19.9578783Z   libxdamage1 libxdmcp6 libxdo3 libxext6 libxfixes3 libxi6 libxinerama1
compare	Build, verify native launch, calibrate cells and compare processing	2026-09-12T22:02:19.9579718Z   libxkbcommon0 libxkbfile1 libxml2-16 libxmlb2 libxrandr2 libxrender1
compare	Build, verify native launch, calibrate cells and compare processing	2026-09-12T22:02:19.9580682Z   libxshmfence1 libxtst6 libxvidcore4 libxxf86vm1 libzimg2 libzix-0-0 libzmq5
compare	Build, verify native launch, calibrate cells and compare processing	2026-09-12T22:02:19.9581930Z   libzvbi-common libzvbi0t64 linux-libc-dev lto-disabled-list make media-types
compare	Build, verify native launch, calibrate cells and compare processing	2026-09-12T22:02:19.9582964Z   mesa-libgallium ncurses-term netbase ocl-icd-libopencl1 openssl patch perl
compare	Build, verify native launch, calibrate cells and compare processing	2026-09-12T22:02:19.9584045Z   perl-base perl-modules-5.40 pkgconf pkgconf-bin python3-minimal python3.14
compare	Build, verify native launch, calibrate cells and compare processing	2026-09-12T22:02:19.9585033Z   python3.14-minimal readline-common rpcsvc-proto shared-mime-info systemd
compare	Build, verify native launch, calibrate cells and compare processing	2026-09-12T22:02:19.9586023Z   systemd-sysv tzdata uuid-dev x11-common xkb-data xz-utils zlib1g-dev
compare	Build, verify native launch, calibrate cells and compare processing	2026-09-12T22:02:19.9586780Z Suggested packages:
compare	Build, verify native launch, calibrate cells and compare processing	2026-09-12T22:02:19.9587515Z   adwaita-icon-theme-legacy binutils-doc gprofng-gui binutils-gold bzip2-doc
compare	Build, verify native launch, calibrate cells and compare processing	2026-09-12T22:02:19.9588501Z   cpp-doc gcc-15-locales cpp-15-doc debian-keyring debian-tag2upload-keyring
compare	Build, verify native launch, calibrate cells and compare processing	2026-09-12T22:02:19.9589443Z   fonts-noto-cjk-extra g++-multilib g++-15-multilib gcc-15-doc gcc-multilib
compare	Build, verify native launch, calibrate cells and compare processing	2026-09-12T22:02:19.9590350Z   manpages-dev autoconf automake libtool flex bison gdb gcc-doc
compare	Build, verify native launch, calibrate cells and compare processing	2026-09-12T22:02:19.9591408Z   gcc-15-multilib gdb-x86-64-linux-gnu libheif-plugin-x265
compare	Build, verify native launch, calibrate cells and compare processing	2026-09-12T22:02:19.9592312Z   | libheif-plugin-kvazaar isoquery imagemagick alsa-utils libasound2-plugins
compare	Build, verify native launch, calibrate cells and compare processing	2026-09-12T22:02:19.9593342Z   libcuda1 libnvcuvid1 libnvidia-encode1 libbluray-bdj libc-devtools glibc-doc
compare	Build, verify native launch, calibrate cells and compare processing	2026-09-12T22:02:19.9594324Z   colord cups-common sq | sqop | rsop | gosop | pgpainless-cli | gpg-sq
compare	Build, verify native launch, calibrate cells and compare processing	2026-09-12T22:02:19.9595542Z   | gnupg git bzr libdvdcss2 libfftw3-bin libfftw3-dev freerdp-x11
compare	Build, verify native launch, calibrate cells and compare processing	2026-09-12T22:02:19.9596450Z   freetype2-doc gdbm-l10n low-memory-monitor gnutls-bin krb5-doc krb5-user
compare	Build, verify native launch, calibrate cells and compare processing	2026-09-12T22:02:19.9597408Z   libvisual-0.4-plugins gstreamer1.0-tools gvfs libheif-plugin-libde265
compare	Build, verify native launch, calibrate cells and compare processing	2026-09-12T22:02:19.9598396Z   libheif-plugin-x265 libheif-plugin-ffmpegdec libheif-plugin-jpegdec
compare	Build, verify native launch, calibrate cells and compare processing	2026-09-12T22:02:19.9599366Z   libheif-plugin-jpegenc libheif-plugin-j2kdec libheif-plugin-j2kenc
compare	Build, verify native launch, calibrate cells and compare processing	2026-09-12T22:02:19.9600310Z   libheif-plugin-kvazaar libheif-plugin-rav1e libheif-plugin-svtenc
compare	Build, verify native launch, calibrate cells and compare processing	2026-09-12T22:02:19.9601419Z   liblcms2-utils opus-tools libcryptsetup12 libtss2-esys-3.0.2-0t64
compare	Build, verify native launch, calibrate cells and compare processing	2026-09-12T22:02:19.9602322Z   libtss2-mu-4.0.1-0t64 libtss2-rc0t64 pciutils pipewire librsvg2-bin
compare	Build, verify native launch, calibrate cells and compare processing	2026-09-12T22:02:19.9603232Z   lm-sensors serdi sordi speex libstdc++-15-doc libarchive13t64 libbpf1
compare	Build, verify native launch, calibrate cells and compare processing	2026-09-12T22:02:19.9604152Z   libdw1t64 libfido2-1 libpwquality1 libqrencode4 libwacom-bin make-doc
compare	Build, verify native launch, calibrate cells and compare processing	2026-09-12T22:02:19.9605065Z   opencl-icd ed diffutils-doc perl-doc libterm-readline-gnu-perl
compare	Build, verify native launch, calibrate cells and compare processing	2026-09-12T22:02:19.9606006Z   | libterm-readline-perl-perl libtap-harness-archive-perl python3-doc
compare	Build, verify native launch, calibrate cells and compare processing	2026-09-12T22:02:19.9606995Z   python3-tk python3-venv python3.14-venv python3.14-doc binfmt-support
compare	Build, verify native launch, calibrate cells and compare processing	2026-09-12T22:02:19.9607980Z   readline-doc systemd-container systemd-homed systemd-userdbd systemd-boot
compare	Build, verify native launch, calibrate cells and compare processing	2026-09-12T22:02:19.9608907Z   systemd-repart libtss2-tcti-device0 polkitd wayland-utils
compare	Build, verify native launch, calibrate cells and compare processing	2026-09-12T22:02:19.9609615Z Recommended packages:
compare	Build, verify native launch, calibrate cells and compare processing	2026-09-12T22:02:19.9610338Z   librsvg2-common fakeroot gnupg | sq | sqop | rsop | gosop | pgpainless-cli
compare	Build, verify native launch, calibrate cells and compare processing	2026-09-12T22:02:19.9611469Z   | gpg-sq libalgorithm-merge-perl libheif-plugin-aomenc
compare	Build, verify native launch, calibrate cells and compare processing	2026-09-12T22:02:19.9612359Z   | libheif-plugin-rav1e | libheif-plugin-svtenc kitty-doc libcanberra0
compare	Build, verify native launch, calibrate cells and compare processing	2026-09-12T22:02:19.9613345Z   alsa-ucm-conf alsa-topology-conf libaacs0 bzip2-doc manpages manpages-dev
compare	Build, verify native launch, calibrate cells and compare processing	2026-09-12T22:02:19.9614362Z   libpam-cap libfile-fcntllock-perl liblocale-gettext-perl libglib2.0-data
compare	Build, verify native launch, calibrate cells and compare processing	2026-09-12T22:02:19.9615635Z   xdg-user-dirs gstreamer1.0-gl gstreamer1.0-plugins-base libgtk-4-bin
compare	Build, verify native launch, calibrate cells and compare processing	2026-09-12T22:02:19.9616582Z   ibus-gtk4 libheif-plugin-aomenc krb5-locales libpipewire-0.3-common
compare	Build, verify native launch, calibrate cells and compare processing	2026-09-12T22:02:19.9617582Z   libpng-tools publicsuffix libsasl2-modules libkmod2 mesa-vulkan-drivers
compare	Build, verify native launch, calibrate cells and compare processing	2026-09-12T22:02:19.9618527Z   | vulkan-icd linux-sysctl-defaults systemd-timesyncd | time-daemon
compare	Build, verify native launch, calibrate cells and compare processing	2026-09-12T22:02:19.9619402Z   systemd-resolved systemd-cryptsetup libnss-systemd xwayland
compare	Build, verify native launch, calibrate cells and compare processing	2026-09-12T22:02:20.4769115Z The following NEW packages will be installed:
compare	Build, verify native launch, calibrate cells and compare processing	2026-09-12T22:02:20.4770170Z   adwaita-icon-theme alacritty binutils binutils-common
compare	Build, verify native launch, calibrate cells and compare processing	2026-09-12T22:02:20.4771097Z   binutils-x86-64-linux-gnu bubblewrap build-essential bzip2 ca-certificates
compare	Build, verify native launch, calibrate cells and compare processing	2026-09-12T22:02:20.4771866Z   cpp cpp-15 cpp-15-x86-64-linux-gnu cpp-x86-64-linux-gnu dbus dbus-bin
compare	Build, verify native launch, calibrate cells and compare processing	2026-09-12T22:02:20.4772650Z   dbus-daemon dbus-session-bus-common dbus-system-bus-common dbus-user-session
compare	Build, verify native launch, calibrate cells and compare processing	2026-09-12T22:02:20.4773520Z   dconf-gsettings-backend dconf-service dpkg-dev fontconfig fontconfig-config
compare	Build, verify native launch, calibrate cells and compare processing	2026-09-12T22:02:20.4774392Z   fonts-dejavu-core fonts-dejavu-mono fonts-noto-cjk fonts-noto-color-emoji
compare	Build, verify native launch, calibrate cells and compare processing	2026-09-12T22:02:20.4775106Z   g++ g++-15 g++-15-x86-64-linux-gnu g++-x86-64-linux-gnu gcc gcc-15
compare	Build, verify native launch, calibrate cells and compare processing	2026-09-12T22:02:20.4775753Z   gcc-15-base gcc-15-x86-64-linux-gnu gcc-x86-64-linux-gnu ghostty
compare	Build, verify native launch, calibrate cells and compare processing	2026-09-12T22:02:20.4776510Z   glycin-loaders glycin-thumbnailers gtk-update-icon-cache hicolor-icon-theme
compare	Build, verify native launch, calibrate cells and compare processing	2026-09-12T22:02:20.4777316Z   iso-codes kitty kitty-shell-integration kitty-terminfo libadwaita-1-0
compare	Build, verify native launch, calibrate cells and compare processing	2026-09-12T22:02:20.4778086Z   libaml0t64 libaom3 libapparmor1 libappstream5 libasan8 libasound2-data
compare	Build, verify native launch, calibrate cells and compare processing	2026-09-12T22:02:20.4778839Z   libasound2t64 libass9 libatomic1 libavahi-client3 libavahi-common-data
compare	Build, verify native launch, calibrate cells and compare processing	2026-09-12T22:02:20.4779659Z   libavahi-common3 libavcodec62 libavfilter11 libavformat62 libavutil60
compare	Build, verify native launch, calibrate cells and compare processing	2026-09-12T22:02:20.4780409Z   libbinutils libbluray3 libbrotli-dev libbrotli1 libbs2b0 libbz2-dev
compare	Build, verify native launch, calibrate cells and compare processing	2026-09-12T22:02:20.4781215Z   libc-dev-bin libc6-dev libcairo-gobject2 libcairo-script-interpreter2
compare	Build, verify native launch, calibrate cells and compare processing	2026-09-12T22:02:20.4782008Z   libcairo2 libcap2 libcap2-bin libcc1-0 libchromaprint1 libcjson1
compare	Build, verify native launch, calibrate cells and compare processing	2026-09-12T22:02:20.4782467Z   libcodec2-1.2 libcolord2 libcrypt-dev libctf-nobfd0 libctf0 libcups2t64
compare	Build, verify native launch, calibrate cells and compare processing	2026-09-12T22:02:20.4782951Z   libcurl3t64-gnutls libdatrie1 libdav1d7 libdbus-1-3 libdconf1 libdeflate0
compare	Build, verify native launch, calibrate cells and compare processing	2026-09-12T22:02:20.4783444Z   libdisplay-info3 libdpkg-perl libdrm-amdgpu1 libdrm-common libdrm-intel1
compare	Build, verify native launch, calibrate cells and compare processing	2026-09-12T22:02:20.4783945Z   libdrm2 libdvdnav4 libdvdread8t64 libedit2 libegl-mesa0 libegl1 libelf1t64
compare	Build, verify native launch, calibrate cells and compare processing	2026-09-12T22:02:20.4784425Z   libepoxy0 libevdev2 libexpat1 libexpat1-dev libffi8 libfftw3-double3
compare	Build, verify native launch, calibrate cells and compare processing	2026-09-12T22:02:20.4784882Z   libfftw3-single3 libflac14 libflite1 libfontconfig-dev libfontconfig1
compare	Build, verify native launch, calibrate cells and compare processing	2026-09-12T22:02:20.4785341Z   libfontconfig1-dev libfreerdp-server3-3 libfreerdp3-3 libfreetype-dev
compare	Build, verify native launch, calibrate cells and compare processing	2026-09-12T22:02:20.4785826Z   libfreetype6 libfribidi0 libfyaml0 libgbm1 libgcc-15-dev libgdbm-compat4t64
compare	Build, verify native launch, calibrate cells and compare processing	2026-09-12T22:02:20.4786292Z   libgdbm6t64 libgdk-pixbuf-2.0-0 libgdk-pixbuf2.0-common libgl1
compare	Build, verify native launch, calibrate cells and compare processing	2026-09-12T22:02:20.4786740Z   libgl1-mesa-dri libgles2 libglib2.0-0t64 libglvnd0 libglx-mesa0 libglx0
compare	Build, verify native launch, calibrate cells and compare processing	2026-09-12T22:02:20.4787210Z   libglycin-2-0 libgme0 libgnutls30t64 libgomp1 libgprofng0 libgraphene-1.0-0
compare	Build, verify native launch, calibrate cells and compare processing	2026-09-12T22:02:20.4787671Z   libgraphite2-3 libgsm1 libgssapi-krb5-2 libgstreamer-gl1.0-0
compare	Build, verify native launch, calibrate cells and compare processing	2026-09-12T22:02:20.4788110Z   libgstreamer-plugins-base1.0-0 libgstreamer-plugins-extra1.0-0
compare	Build, verify native launch, calibrate cells and compare processing	2026-09-12T22:02:20.4788557Z   libgstreamer1.0-0 libgtk-4-1 libgtk-4-common libgtk4-layer-shell0
compare	Build, verify native launch, calibrate cells and compare processing	2026-09-12T22:02:20.4789014Z   libgudev-1.0-0 libharfbuzz-subset0 libharfbuzz0b libheif-plugin-aomdec
compare	Build, verify native launch, calibrate cells and compare processing	2026-09-12T22:02:20.4789469Z   libheif1 libhogweed6t64 libhwasan0 libhwy1t64 libicu78 libidn2-0
compare	Build, verify native launch, calibrate cells and compare processing	2026-09-12T22:02:20.4789937Z   libinput-bin libinput10 libisl23 libitm1 libjansson4 libjbig0 libjpeg-turbo8
compare	Build, verify native launch, calibrate cells and compare processing	2026-09-12T22:02:20.4790410Z   libjpeg8 libjson-c5 libjxl0.11 libk5crypto3 libkeyutils1 libkrb5-3
compare	Build, verify native launch, calibrate cells and compare processing	2026-09-12T22:02:20.4791330Z   libkrb5support0 liblcms2-2 libldap-common libldap2 liblerc4 liblilv-0-0
compare	Build, verify native launch, calibrate cells and compare processing	2026-09-12T22:02:20.4792421Z   libllvm21 liblsan0 liblzo2-2 libmbedcrypto16 libmp3lame0 libmpc3 libmpfr6
compare	Build, verify native launch, calibrate cells and compare processing	2026-09-12T22:02:20.4792899Z   libmpg123-0t64 libmtdev1t64 libmysofa1 libneatvnc0 libnettle8t64
compare	Build, verify native launch, calibrate cells and compare processing	2026-09-12T22:02:20.4793475Z   libnghttp2-14 libnorm1t64 libnuma1 libogg0 libopenjp2-7 libopenmpt0t64
compare	Build, verify native launch, calibrate cells and compare processing	2026-09-12T22:02:20.4793931Z   libopus0 liborc-0.4-0t64 libp11-kit0 libpam-systemd libpango-1.0-0
compare	Build, verify native launch, calibrate cells and compare processing	2026-09-12T22:02:20.4794422Z   libpangocairo-1.0-0 libpangoft2-1.0-0 libpciaccess0 libperl5.40
compare	Build, verify native launch, calibrate cells and compare processing	2026-09-12T22:02:20.4794960Z   libpgm-5.3-0t64 libpipewire-0.3-0t64 libpixman-1-0 libpkgconf7 libplacebo360
compare	Build, verify native launch, calibrate cells and compare processing	2026-09-12T22:02:20.4795466Z   libpng-dev libpng16-16t64 libpsl5t64 libpython3-stdlib libpython3.14
compare	Build, verify native launch, calibrate cells and compare processing	2026-09-12T22:02:20.4795922Z   libpython3.14-minimal libpython3.14-stdlib libquadmath0 librabbitmq4
compare	Build, verify native launch, calibrate cells and compare processing	2026-09-12T22:02:20.4796380Z   librav1e0.8 libreadline8t64 librist4 librsvg2-2 librtmp1 librubberband3
compare	Build, verify native launch, calibrate cells and compare processing	2026-09-12T22:02:20.4796860Z   libsamplerate0 libsasl2-2 libsasl2-modules-db libseat1 libsensors-config
compare	Build, verify native launch, calibrate cells and compare processing	2026-09-12T22:02:20.4797372Z   libsensors5 libserd-0-0 libsframe3 libsharpyuv0 libshine3 libsnappy1v5
compare	Build, verify native launch, calibrate cells and compare processing	2026-09-12T22:02:20.4797851Z   libsndfile1 libsodium23 libsord-0-0 libsoxr0 libspa-0.2-modules libspeex1
compare	Build, verify native launch, calibrate cells and compare processing	2026-09-12T22:02:20.4798311Z   libsqlite3-0 libsratom-0-0 libsrt1.5-gnutls libssh-4 libssh2-1t64
compare	Build, verify native launch, calibrate cells and compare processing	2026-09-12T22:02:20.4798758Z   libstdc++-15-dev libstemmer0d libsvtav1enc2 libswresample6 libswscale9
compare	Build, verify native launch, calibrate cells and compare processing	2026-09-12T22:02:20.4799195Z   libsystemd-shared libtasn1-6 libthai-data libthai0 libtheoradec2
compare	Build, verify native launch, calibrate cells and compare processing	2026-09-12T22:02:20.4799632Z   libtheoraenc2 libtiff6 libtsan2 libturbojpeg0 libtwolame0 libubsan1
compare	Build, verify native launch, calibrate cells and compare processing	2026-09-12T22:02:20.4800097Z   libudfread3 libunibreak6 libunistring5 libva-drm2 libva-x11-2 libva2
compare	Build, verify native launch, calibrate cells and compare processing	2026-09-12T22:02:20.4800553Z   libvdpau1 libvidstab1.1 libvorbis0a libvorbisenc2 libvorbisfile3 libvpl2
compare	Build, verify native launch, calibrate cells and compare processing	2026-09-12T22:02:20.4801210Z   libvpx12 libvulkan1 libwacom-common libwacom9 libwayland-client0
compare	Build, verify native launch, calibrate cells and compare processing	2026-09-12T22:02:20.4801685Z   libwayland-cursor0 libwayland-egl1 libwayland-server0 libwebp7 libwebpmux3
compare	Build, verify native launch, calibrate cells and compare processing	2026-09-12T22:02:20.4802175Z   libwebrtc-audio-processing-1-3 libweston-14-0 libwinpr3-3 libx11-6
compare	Build, verify native launch, calibrate cells and compare processing	2026-09-12T22:02:20.4802841Z   libx11-data libx11-xcb1 libx264-165 libx265-215 libxau6 libxcb-composite0
compare	Build, verify native launch, calibrate cells and compare processing	2026-09-12T22:02:20.4803330Z   libxcb-dri3-0 libxcb-glx0 libxcb-present0 libxcb-randr0 libxcb-render0
compare	Build, verify native launch, calibrate cells and compare processing	2026-09-12T22:02:20.4803787Z   libxcb-shm0 libxcb-sync1 libxcb-xfixes0 libxcb-xkb1 libxcb1 libxcursor1
compare	Build, verify native launch, calibrate cells and compare processing	2026-09-12T22:02:20.4804245Z   libxdamage1 libxdmcp6 libxdo3 libxext6 libxfixes3 libxi6 libxinerama1
compare	Build, verify native launch, calibrate cells and compare processing	2026-09-12T22:02:20.4804728Z   libxkbcommon-x11-0 libxkbcommon0 libxkbfile1 libxml2-16 libxmlb2 libxrandr2
compare	Build, verify native launch, calibrate cells and compare processing	2026-09-12T22:02:20.4805203Z   libxrender1 libxshmfence1 libxtst6 libxvidcore4 libxxf86vm1 libzimg2
compare	Build, verify native launch, calibrate cells and compare processing	2026-09-12T22:02:20.4805627Z   libzix-0-0 libzmq5 libzvbi-common libzvbi0t64 linux-libc-dev
compare	Build, verify native launch, calibrate cells and compare processing	2026-09-12T22:02:20.4806061Z   lto-disabled-list make media-types mesa-libgallium ncurses-term netbase
compare	Build, verify native launch, calibrate cells and compare processing	2026-09-12T22:02:20.4806548Z   ocl-icd-libopencl1 openssl patch perl perl-modules-5.40 pkg-config pkgconf
compare	Build, verify native launch, calibrate cells and compare processing	2026-09-12T22:02:20.4807007Z   pkgconf-bin python3 python3-minimal python3.14 python3.14-minimal
compare	Build, verify native launch, calibrate cells and compare processing	2026-09-12T22:02:20.4807475Z   readline-common rpcsvc-proto shared-mime-info systemd systemd-sysv tzdata
compare	Build, verify native launch, calibrate cells and compare processing	2026-09-12T22:02:20.4807948Z   uuid-dev weston x11-common xdotool xkb-data xz-utils zlib1g-dev
compare	Build, verify native launch, calibrate cells and compare processing	2026-09-12T22:02:20.4808316Z The following packages will be upgraded:
compare	Build, verify native launch, calibrate cells and compare processing	2026-09-12T22:02:20.4808645Z   libc-bin libc-gconv-modules-extra libc6 perl-base
compare	Build, verify native launch, calibrate cells and compare processing	2026-09-12T22:02:20.9451086Z 4 upgraded, 362 newly installed, 0 to remove and 3 not upgraded.
compare	Build, verify native launch, calibrate cells and compare processing	2026-09-12T22:02:20.9451560Z Need to get 383 MB of archives.
compare	Build, verify native launch, calibrate cells and compare processing	2026-09-12T22:02:20.9451923Z After this operation, 1188 MB of additional disk space will be used.
compare	Build, verify native launch, calibrate cells and compare processing	2026-09-12T22:02:20.9452537Z Get:1 http://archive.ubuntu.com/ubuntu resolute-updates/main amd64 perl-base amd64 5.40.1-7ubuntu0.3 [1850 kB]
compare	Build, verify native launch, calibrate cells and compare processing	2026-09-12T22:02:22.5950636Z Get:2 http://archive.ubuntu.com/ubuntu resolute-updates/main amd64 libc-gconv-modules-extra amd64 2.43-2ubuntu2.4 [1362 kB]
compare	Build, verify native launch, calibrate cells and compare processing	2026-09-12T22:02:22.7979749Z Get:3 http://archive.ubuntu.com/ubuntu resolute-updates/main amd64 libc6 amd64 2.43-2ubuntu2.4 [2104 kB]
compare	Build, verify native launch, calibrate cells and compare processing	2026-09-12T22:02:23.0143840Z Get:4 http://archive.ubuntu.com/ubuntu resolute-updates/main amd64 libc-bin amd64 2.43-2ubuntu2.4 [701 kB]
compare	Build, verify native launch, calibrate cells and compare processing	2026-09-12T22:02:23.1054655Z Get:5 http://archive.ubuntu.com/ubuntu resolute/main amd64 libexpat1 amd64 2.7.4-1 [94.0 kB]
compare	Build, verify native launch, calibrate cells and compare processing	2026-09-12T22:02:23.1109043Z Get:6 http://archive.ubuntu.com/ubuntu resolute-updates/main amd64 libpython3.14-minimal amd64 3.14.4-1ubuntu0.2 [916 kB]
compare	Build, verify native launch, calibrate cells and compare processing	2026-09-12T22:02:23.1679427Z Get:7 http://archive.ubuntu.com/ubuntu resolute-updates/main amd64 python3.14-minimal amd64 3.14.4-1ubuntu0.2 [2579 kB]
compare	Build, verify native launch, calibrate cells and compare processing	2026-09-12T22:02:23.2988545Z Get:8 http://archive.ubuntu.com/ubuntu resolute/main amd64 python3-minimal amd64 3.14.3-0ubuntu2 [25.8 kB]
compare	Build, verify native launch, calibrate cells and compare processing	2026-09-12T22:02:23.2994556Z Get:9 http://archive.ubuntu.com/ubuntu resolute/main amd64 media-types all 14.0.0build1 [31.4 kB]
compare	Build, verify native launch, calibrate cells and compare processing	2026-09-12T22:02:23.3000375Z Get:10 http://archive.ubuntu.com/ubuntu resolute/main amd64 netbase all 6.5build1 [13.0 kB]
compare	Build, verify native launch, calibrate cells and compare processing	2026-09-12T22:02:23.3007316Z Get:11 http://archive.ubuntu.com/ubuntu resolute-updates/main amd64 tzdata all 2026c-0ubuntu0.26.04.1 [193 kB]
compare	Build, verify native launch, calibrate cells and compare processing	2026-09-12T22:02:23.3065946Z Get:12 http://archive.ubuntu.com/ubuntu resolute/main amd64 libffi8 amd64 3.5.2-4 [26.3 kB]
compare	Build, verify native launch, calibrate cells and compare processing	2026-09-12T22:02:23.3075183Z Get:13 http://archive.ubuntu.com/ubuntu resolute/main amd64 readline-common all 8.3-4 [61.5 kB]
compare	Build, verify native launch, calibrate cells and compare processing	2026-09-12T22:02:23.3290321Z Get:14 http://archive.ubuntu.com/ubuntu resolute/main amd64 libreadline8t64 amd64 8.3-4 [164 kB]
compare	Build, verify native launch, calibrate cells and compare processing	2026-09-12T22:02:23.3337422Z Get:15 http://archive.ubuntu.com/ubuntu resolute-updates/main amd64 libsqlite3-0 amd64 3.46.1-9ubuntu0.2 [719 kB]
compare	Build, verify native launch, calibrate cells and compare processing	2026-09-12T22:02:23.3851267Z Get:16 http://archive.ubuntu.com/ubuntu resolute-updates/main amd64 libpython3.14-stdlib amd64 3.14.4-1ubuntu0.2 [2415 kB]
compare	Build, verify native launch, calibrate cells and compare processing	2026-09-12T22:02:23.4864148Z Get:17 http://archive.ubuntu.com/ubuntu resolute-updates/main amd64 python3.14 amd64 3.14.4-1ubuntu0.2 [830 kB]
compare	Build, verify native launch, calibrate cells and compare processing	2026-09-12T22:02:23.5035909Z Get:18 http://archive.ubuntu.com/ubuntu resolute/main amd64 libpython3-stdlib amd64 3.14.3-0ubuntu2 [8476 B]
compare	Build, verify native launch, calibrate cells and compare processing	2026-09-12T22:02:23.5037181Z Get:19 http://archive.ubuntu.com/ubuntu resolute/main amd64 python3 amd64 3.14.3-0ubuntu2 [22.9 kB]
compare	Build, verify native launch, calibrate cells and compare processing	2026-09-12T22:02:23.5049007Z Get:20 http://archive.ubuntu.com/ubuntu resolute-updates/main amd64 libsystemd-shared amd64 259.5-0ubuntu3.4 [2462 kB]
compare	Build, verify native launch, calibrate cells and compare processing	2026-09-12T22:02:23.5742717Z Get:21 http://archive.ubuntu.com/ubuntu resolute-updates/main amd64 systemd amd64 259.5-0ubuntu3.4 [3129 kB]
compare	Build, verify native launch, calibrate cells and compare processing	2026-09-12T22:02:23.6223029Z Get:22 http://archive.ubuntu.com/ubuntu resolute-updates/main amd64 systemd-sysv amd64 259.5-0ubuntu3.4 [9250 B]
compare	Build, verify native launch, calibrate cells and compare processing	2026-09-12T22:02:23.6224362Z Get:23 http://archive.ubuntu.com/ubuntu resolute-updates/main amd64 openssl amd64 3.5.5-1ubuntu3.5 [1243 kB]
compare	Build, verify native launch, calibrate cells and compare processing	2026-09-12T22:02:23.6556969Z Get:24 http://archive.ubuntu.com/ubuntu resolute-updates/main amd64 ca-certificates all 20260601~26.04.1 [139 kB]
compare	Build, verify native launch, calibrate cells and compare processing	2026-09-12T22:02:23.6600671Z Get:25 http://archive.ubuntu.com/ubuntu resolute/main amd64 libdbus-1-3 amd64 1.16.2-2ubuntu4 [186 kB]
compare	Build, verify native launch, calibrate cells and compare processing	2026-09-12T22:02:23.6946185Z Get:26 http://archive.ubuntu.com/ubuntu resolute/main amd64 dbus-bin amd64 1.16.2-2ubuntu4 [40.1 kB]
compare	Build, verify native launch, calibrate cells and compare processing	2026-09-12T22:02:23.8002878Z Get:27 http://archive.ubuntu.com/ubuntu resolute/main amd64 dbus-session-bus-common all 1.16.2-2ubuntu4 [54.5 kB]
compare	Build, verify native launch, calibrate cells and compare processing	2026-09-12T22:02:23.8008742Z Get:28 http://archive.ubuntu.com/ubuntu resolute-updates/main amd64 libapparmor1 amd64 5.0.2-0ubuntu1~26.04.1 [51.3 kB]
compare	Build, verify native launch, calibrate cells and compare processing	2026-09-12T22:02:23.8021718Z Get:29 http://archive.ubuntu.com/ubuntu resolute/main amd64 dbus-daemon amd64 1.16.2-2ubuntu4 [119 kB]
compare	Build, verify native launch, calibrate cells and compare processing	2026-09-12T22:02:23.8024195Z Get:30 http://archive.ubuntu.com/ubuntu resolute/main amd64 dbus-system-bus-common all 1.16.2-2ubuntu4 [55.9 kB]
compare	Build, verify native launch, calibrate cells and compare processing	2026-09-12T22:02:23.8035029Z Get:31 http://archive.ubuntu.com/ubuntu resolute/main amd64 dbus amd64 1.16.2-2ubuntu4 [24.2 kB]
compare	Build, verify native launch, calibrate cells and compare processing	2026-09-12T22:02:23.8035784Z Get:32 http://archive.ubuntu.com/ubuntu resolute-updates/main amd64 libpam-systemd amd64 259.5-0ubuntu3.4 [274 kB]
compare	Build, verify native launch, calibrate cells and compare processing	2026-09-12T22:02:23.9572904Z Get:33 http://archive.ubuntu.com/ubuntu resolute/main amd64 dbus-user-session amd64 1.16.2-2ubuntu4 [9682 B]
compare	Build, verify native launch, calibrate cells and compare processing	2026-09-12T22:02:23.9576326Z Get:34 http://archive.ubuntu.com/ubuntu resolute/main amd64 iso-codes all 4.20.1-1 [3899 kB]
compare	Build, verify native launch, calibrate cells and compare processing	2026-09-12T22:02:23.9880979Z Get:35 http://archive.ubuntu.com/ubuntu resolute/main amd64 libatomic1 amd64 16-20260322-1ubuntu1 [11.4 kB]
compare	Build, verify native launch, calibrate cells and compare processing	2026-09-12T22:02:23.9882170Z Get:36 http://archive.ubuntu.com/ubuntu resolute/main amd64 libcap2 amd64 1:2.75-10ubuntu2 [29.3 kB]
compare	Build, verify native launch, calibrate cells and compare processing	2026-09-12T22:02:24.1144990Z Get:37 http://archive.ubuntu.com/ubuntu resolute/main amd64 libcap2-bin amd64 1:2.75-10ubuntu2 [33.5 kB]
compare	Build, verify native launch, calibrate cells and compare processing	2026-09-12T22:02:24.1147904Z Get:38 http://archive.ubuntu.com/ubuntu resolute/main amd64 libedit2 amd64 3.1-20251016-1 [96.9 kB]
compare	Build, verify native launch, calibrate cells and compare processing	2026-09-12T22:02:24.1156040Z Get:39 http://archive.ubuntu.com/ubuntu resolute/main amd64 libelf1t64 amd64 0.194-4 [57.1 kB]
compare	Build, verify native launch, calibrate cells and compare processing	2026-09-12T22:02:24.1164411Z Get:40 http://archive.ubuntu.com/ubuntu resolute/main amd64 libfribidi0 amd64 1.0.16-5 [26.6 kB]
compare	Build, verify native launch, calibrate cells and compare processing	2026-09-12T22:02:24.1168680Z Get:41 http://archive.ubuntu.com/ubuntu resolute/main amd64 libglib2.0-0t64 amd64 2.88.0-1 [1597 kB]
compare	Build, verify native launch, calibrate cells and compare processing	2026-09-12T22:02:24.1281525Z Get:42 http://archive.ubuntu.com/ubuntu resolute/main amd64 libnettle8t64 amd64 3.10.2-1 [185 kB]
compare	Build, verify native launch, calibrate cells and compare processing	2026-09-12T22:02:24.2713416Z Get:43 http://archive.ubuntu.com/ubuntu resolute/main amd64 libhogweed6t64 amd64 3.10.2-1 [201 kB]
compare	Build, verify native launch, calibrate cells and compare processing	2026-09-12T22:02:24.2729612Z Get:44 http://archive.ubuntu.com/ubuntu resolute/main amd64 libunistring5 amd64 1.3-2build1 [610 kB]
compare	Build, verify native launch, calibrate cells and compare processing	2026-09-12T22:02:24.2771912Z Get:45 http://archive.ubuntu.com/ubuntu resolute/main amd64 libidn2-0 amd64 2.3.8-4build1 [67.6 kB]
compare	Build, verify native launch, calibrate cells and compare processing	2026-09-12T22:02:24.2778829Z Get:46 http://archive.ubuntu.com/ubuntu resolute/main amd64 libp11-kit0 amd64 0.26.2-2 [313 kB]
compare	Build, verify native launch, calibrate cells and compare processing	2026-09-12T22:02:24.4282856Z Get:47 http://archive.ubuntu.com/ubuntu resolute/main amd64 libtasn1-6 amd64 4.21.0-2 [45.3 kB]
compare	Build, verify native launch, calibrate cells and compare processing	2026-09-12T22:02:24.4289087Z Get:48 http://archive.ubuntu.com/ubuntu resolute-updates/main amd64 libgnutls30t64 amd64 3.8.12-2ubuntu1.1 [1029 kB]
compare	Build, verify native launch, calibrate cells and compare processing	2026-09-12T22:02:24.4363854Z Get:49 http://archive.ubuntu.com/ubuntu resolute-updates/main amd64 libkrb5support0 amd64 1.22.1-2ubuntu4.1 [33.5 kB]
compare	Build, verify native launch, calibrate cells and compare processing	2026-09-12T22:02:24.4367947Z Get:50 http://archive.ubuntu.com/ubuntu resolute-updates/main amd64 libk5crypto3 amd64 1.22.1-2ubuntu4.1 [82.0 kB]
compare	Build, verify native launch, calibrate cells and compare processing	2026-09-12T22:02:24.4377002Z Get:51 http://archive.ubuntu.com/ubuntu resolute/main amd64 libkeyutils1 amd64 1.6.3-6ubuntu3 [10.6 kB]
compare	Build, verify native launch, calibrate cells and compare processing	2026-09-12T22:02:24.4380244Z Get:52 http://archive.ubuntu.com/ubuntu resolute-updates/main amd64 libkrb5-3 amd64 1.22.1-2ubuntu4.1 [361 kB]
compare	Build, verify native launch, calibrate cells and compare processing	2026-09-12T22:02:24.5853960Z Get:53 http://archive.ubuntu.com/ubuntu resolute-updates/main amd64 libgssapi-krb5-2 amd64 1.22.1-2ubuntu4.1 [147 kB]
compare	Build, verify native launch, calibrate cells and compare processing	2026-09-12T22:02:24.5865600Z Get:54 http://archive.ubuntu.com/ubuntu resolute/main amd64 libjson-c5 amd64 0.18+ds-3 [35.9 kB]
compare	Build, verify native launch, calibrate cells and compare processing	2026-09-12T22:02:24.5870158Z Get:55 http://archive.ubuntu.com/ubuntu resolute-updates/main amd64 libxml2-16 amd64 2.15.2+dfsg-0.1ubuntu0.1 [606 kB]
compare	Build, verify native launch, calibrate cells and compare processing	2026-09-12T22:02:24.5911966Z Get:56 http://archive.ubuntu.com/ubuntu resolute/main amd64 shared-mime-info amd64 2.4-5build3 [476 kB]
compare	Build, verify native launch, calibrate cells and compare processing	2026-09-12T22:02:24.7423303Z Get:57 http://archive.ubuntu.com/ubuntu resolute/main amd64 xkb-data all 2.46-2 [393 kB]
compare	Build, verify native launch, calibrate cells and compare processing	2026-09-12T22:02:24.7451635Z Get:58 http://archive.ubuntu.com/ubuntu resolute/main amd64 libdrm-common all 2.4.131-1 [9774 B]
compare	Build, verify native launch, calibrate cells and compare processing	2026-09-12T22:02:24.7452691Z Get:59 http://archive.ubuntu.com/ubuntu resolute/main amd64 libdrm2 amd64 2.4.131-1 [42.3 kB]
compare	Build, verify native launch, calibrate cells and compare processing	2026-09-12T22:02:24.7458506Z Get:60 http://archive.ubuntu.com/ubuntu resolute/main amd64 libevdev2 amd64 1.13.6+dfsg-1 [37.7 kB]
compare	Build, verify native launch, calibrate cells and compare processing	2026-09-12T22:02:24.7463542Z Get:61 http://archive.ubuntu.com/ubuntu resolute/main amd64 libgdbm6t64 amd64 1.26-1build1 [36.5 kB]
compare	Build, verify native launch, calibrate cells and compare processing	2026-09-12T22:02:24.7468671Z Get:62 http://archive.ubuntu.com/ubuntu resolute/main amd64 libjansson4 amd64 2.14-2build4 [33.2 kB]
compare	Build, verify native launch, calibrate cells and compare processing	2026-09-12T22:02:24.8993386Z Get:63 http://archive.ubuntu.com/ubuntu resolute-updates/main amd64 libnghttp2-14 amd64 1.68.0-2ubuntu0.2 [71.0 kB]
compare	Build, verify native launch, calibrate cells and compare processing	2026-09-12T22:02:24.9000320Z Get:64 http://archive.ubuntu.com/ubuntu resolute/main amd64 libnuma1 amd64 2.0.19-1build1 [23.7 kB]
compare	Build, verify native launch, calibrate cells and compare processing	2026-09-12T22:02:24.9015149Z Get:65 http://archive.ubuntu.com/ubuntu resolute/main amd64 libpng16-16t64 amd64 1.6.57-1 [194 kB]
compare	Build, verify native launch, calibrate cells and compare processing	2026-09-12T22:02:24.9020658Z Get:66 http://archive.ubuntu.com/ubuntu resolute/main amd64 libpsl5t64 amd64 0.21.2-1.1build2 [59.5 kB]
compare	Build, verify native launch, calibrate cells and compare processing	2026-09-12T22:02:25.0564997Z Get:67 http://archive.ubuntu.com/ubuntu resolute/main amd64 libsensors-config all 1:3.6.2-2build1 [6862 B]
compare	Build, verify native launch, calibrate cells and compare processing	2026-09-12T22:02:25.0568080Z Get:68 http://archive.ubuntu.com/ubuntu resolute/main amd64 libsensors5 amd64 1:3.6.2-2build1 [28.9 kB]
compare	Build, verify native launch, calibrate cells and compare processing	2026-09-12T22:02:25.0573803Z Get:69 http://archive.ubuntu.com/ubuntu resolute/main amd64 libxau6 amd64 1:1.0.11-1build2 [7502 B]
compare	Build, verify native launch, calibrate cells and compare processing	2026-09-12T22:02:25.0578477Z Get:70 http://archive.ubuntu.com/ubuntu resolute/main amd64 libxdmcp6 amd64 1:1.1.5-2 [10.8 kB]
compare	Build, verify native launch, calibrate cells and compare processing	2026-09-12T22:02:25.0581537Z Get:71 http://archive.ubuntu.com/ubuntu resolute/main amd64 libxcb1 amd64 1.17.0-2ubuntu1 [49.0 kB]
compare	Build, verify native launch, calibrate cells and compare processing	2026-09-12T22:02:25.0587517Z Get:72 http://archive.ubuntu.com/ubuntu resolute/main amd64 libx11-data all 2:1.8.13-1 [114 kB]
compare	Build, verify native launch, calibrate cells and compare processing	2026-09-12T22:02:25.2135884Z Get:73 http://archive.ubuntu.com/ubuntu resolute/main amd64 libx11-6 amd64 2:1.8.13-1 [657 kB]
compare	Build, verify native launch, calibrate cells and compare processing	2026-09-12T22:02:25.2184359Z Get:74 http://archive.ubuntu.com/ubuntu resolute/main amd64 libxext6 amd64 2:1.3.4-1build3 [30.8 kB]
compare	Build, verify native launch, calibrate cells and compare processing	2026-09-12T22:02:25.2190300Z Get:75 http://archive.ubuntu.com/ubuntu resolute/main amd64 libxkbcommon0 amd64 1.13.1-1 [159 kB]
compare	Build, verify native launch, calibrate cells and compare processing	2026-09-12T22:02:25.2204996Z Get:76 http://archive.ubuntu.com/ubuntu resolute/main amd64 xz-utils amd64 5.8.3-1 [406 kB]
compare	Build, verify native launch, calibrate cells and compare processing	2026-09-12T22:02:25.3702904Z Get:77 http://archive.ubuntu.com/ubuntu resolute-updates/main amd64 bubblewrap amd64 0.11.1-1ubuntu0.1 [50.8 kB]
compare	Build, verify native launch, calibrate cells and compare processing	2026-09-12T22:02:25.3708640Z Get:78 http://archive.ubuntu.com/ubuntu resolute/main amd64 libbrotli1 amd64 1.2.0-3build1 [343 kB]
compare	Build, verify native launch, calibrate cells and compare processing	2026-09-12T22:02:25.3736549Z Get:79 http://archive.ubuntu.com/ubuntu resolute-updates/main amd64 libfreetype6 amd64 2.14.2+dfsg-1ubuntu0.1 [409 kB]
compare	Build, verify native launch, calibrate cells and compare processing	2026-09-12T22:02:25.3768262Z Get:80 http://archive.ubuntu.com/ubuntu resolute/main amd64 fonts-dejavu-mono all 2.37-8build1 [502 kB]
compare	Build, verify native launch, calibrate cells and compare processing	2026-09-12T22:02:25.3807751Z Get:81 http://archive.ubuntu.com/ubuntu resolute/main amd64 fonts-dejavu-core all 2.37-8build1 [834 kB]
compare	Build, verify native launch, calibrate cells and compare processing	2026-09-12T22:02:25.3867904Z Get:82 http://archive.ubuntu.com/ubuntu resolute/main amd64 fontconfig-config amd64 2.17.1-3ubuntu1 [38.5 kB]
compare	Build, verify native launch, calibrate cells and compare processing	2026-09-12T22:02:25.5271914Z Get:83 http://archive.ubuntu.com/ubuntu resolute/main amd64 libfontconfig1 amd64 2.17.1-3ubuntu1 [144 kB]
compare	Build, verify native launch, calibrate cells and compare processing	2026-09-12T22:02:25.5283767Z Get:84 http://archive.ubuntu.com/ubuntu resolute/main amd64 libpixman-1-0 amd64 0.46.4-1 [287 kB]
compare	Build, verify native launch, calibrate cells and compare processing	2026-09-12T22:02:25.5305031Z Get:85 http://archive.ubuntu.com/ubuntu resolute/main amd64 libxcb-render0 amd64 1.17.0-2ubuntu1 [16.2 kB]
compare	Build, verify native launch, calibrate cells and compare processing	2026-09-12T22:02:25.5311054Z Get:86 http://archive.ubuntu.com/ubuntu resolute/main amd64 libxcb-shm0 amd64 1.17.0-2ubuntu1 [5808 B]
compare	Build, verify native launch, calibrate cells and compare processing	2026-09-12T22:02:25.6843161Z Get:87 http://archive.ubuntu.com/ubuntu resolute/main amd64 libxrender1 amd64 1:0.9.12-1build1 [19.2 kB]
compare	Build, verify native launch, calibrate cells and compare processing	2026-09-12T22:02:25.6847413Z Get:88 http://archive.ubuntu.com/ubuntu resolute/main amd64 libcairo2 amd64 1.18.4-3 [579 kB]
compare	Build, verify native launch, calibrate cells and compare processing	2026-09-12T22:02:25.6892477Z Get:89 http://archive.ubuntu.com/ubuntu resolute/main amd64 libsharpyuv0 amd64 1.5.0-0.1build1 [17.6 kB]
compare	Build, verify native launch, calibrate cells and compare processing	2026-09-12T22:02:25.6900280Z Get:90 http://archive.ubuntu.com/ubuntu resolute/main amd64 libaom3 amd64 3.13.1-2 [1970 kB]
compare	Build, verify native launch, calibrate cells and compare processing	2026-09-12T22:02:25.7054330Z Get:91 http://archive.ubuntu.com/ubuntu resolute-updates/main amd64 libheif-plugin-aomdec amd64 1.21.2-3ubuntu0.4 [14.7 kB]
compare	Build, verify native launch, calibrate cells and compare processing	2026-09-12T22:02:25.7062418Z Get:92 http://archive.ubuntu.com/ubuntu resolute-updates/main amd64 libheif1 amd64 1.21.2-3ubuntu0.4 [546 kB]
compare	Build, verify native launch, calibrate cells and compare processing	2026-09-12T22:02:25.8413108Z Get:93 http://archive.ubuntu.com/ubuntu resolute/main amd64 libhwy1t64 amd64 1.3.0-2 [768 kB]
compare	Build, verify native launch, calibrate cells and compare processing	2026-09-12T22:02:25.8475300Z Get:94 http://archive.ubuntu.com/ubuntu resolute-updates/main amd64 liblcms2-2 amd64 2.17-1ubuntu0.2 [169 kB]
compare	Build, verify native launch, calibrate cells and compare processing	2026-09-12T22:02:25.8493147Z Get:95 http://archive.ubuntu.com/ubuntu resolute-updates/main amd64 libjxl0.11 amd64 0.11.1-6ubuntu4.2 [1269 kB]
compare	Build, verify native launch, calibrate cells and compare processing	2026-09-12T22:02:25.8591526Z Get:96 http://archive.ubuntu.com/ubuntu resolute/main amd64 libcairo-gobject2 amd64 1.18.4-3 [127 kB]
compare	Build, verify native launch, calibrate cells and compare processing	2026-09-12T22:02:25.9981840Z Get:97 http://archive.ubuntu.com/ubuntu resolute/main amd64 fontconfig amd64 2.17.1-3ubuntu1 [180 kB]
compare	Build, verify native launch, calibrate cells and compare processing	2026-09-12T22:02:26.0000106Z Get:98 http://archive.ubuntu.com/ubuntu resolute-updates/main amd64 libgraphite2-3 amd64 1.3.14-11ubuntu1.1 [72.9 kB]
compare	Build, verify native launch, calibrate cells and compare processing	2026-09-12T22:02:26.0009346Z Get:99 http://archive.ubuntu.com/ubuntu resolute/main amd64 libharfbuzz0b amd64 12.3.2-2 [519 kB]
compare	Build, verify native launch, calibrate cells and compare processing	2026-09-12T22:02:26.0052260Z Get:100 http://archive.ubuntu.com/ubuntu resolute/main amd64 libthai-data all 0.1.30-1 [155 kB]
compare	Build, verify native launch, calibrate cells and compare processing	2026-09-12T22:02:26.0064181Z Get:101 http://archive.ubuntu.com/ubuntu resolute/main amd64 libdatrie1 amd64 0.2.14-1 [19.8 kB]
compare	Build, verify native launch, calibrate cells and compare processing	2026-09-12T22:02:26.4278483Z Get:102 http://archive.ubuntu.com/ubuntu resolute/main amd64 libthai0 amd64 0.1.30-1 [19.2 kB]
compare	Build, verify native launch, calibrate cells and compare processing	2026-09-12T22:02:26.7377289Z Get:103 http://archive.ubuntu.com/ubuntu resolute/main amd64 libpango-1.0-0 amd64 1.57.0-1 [241 kB]
compare	Build, verify native launch, calibrate cells and compare processing	2026-09-12T22:02:27.2642438Z Get:104 http://archive.ubuntu.com/ubuntu resolute/main amd64 libpangoft2-1.0-0 amd64 1.57.0-1 [53.3 kB]
compare	Build, verify native launch, calibrate cells and compare processing	2026-09-12T22:02:27.3601758Z Get:105 http://archive.ubuntu.com/ubuntu resolute/main amd64 libpangocairo-1.0-0 amd64 1.57.0-1 [29.0 kB]
compare	Build, verify native launch, calibrate cells and compare processing	2026-09-12T22:02:27.3817451Z Get:106 http://archive.ubuntu.com/ubuntu resolute/main amd64 librsvg2-2 amd64 2.61.3+dfsg-3 [1865 kB]
compare	Build, verify native launch, calibrate cells and compare processing	2026-09-12T22:02:28.1275600Z Get:107 http://archive.ubuntu.com/ubuntu resolute/main amd64 glycin-loaders amd64 2.1.1+ds-0ubuntu1 [2979 kB]
compare	Build, verify native launch, calibrate cells and compare processing	2026-09-12T22:02:28.4684632Z Get:108 http://archive.ubuntu.com/ubuntu resolute/main amd64 libglycin-2-0 amd64 2.1.1+ds-0ubuntu1 [1484 kB]
compare	Build, verify native launch, calibrate cells and compare processing	2026-09-12T22:02:28.5970109Z Get:109 http://archive.ubuntu.com/ubuntu resolute/main amd64 glycin-thumbnailers amd64 2.1.1+ds-0ubuntu1 [223 kB]
compare	Build, verify native launch, calibrate cells and compare processing	2026-09-12T22:02:28.6048499Z Get:110 http://archive.ubuntu.com/ubuntu resolute/main amd64 libgdk-pixbuf2.0-common all 2.44.5+dfsg-4ubuntu1 [5754 B]
compare	Build, verify native launch, calibrate cells and compare processing	2026-09-12T22:02:28.6070351Z Get:111 http://archive.ubuntu.com/ubuntu resolute/main amd64 libgdk-pixbuf-2.0-0 amd64 2.44.5+dfsg-4ubuntu1 [101 kB]
compare	Build, verify native launch, calibrate cells and compare processing	2026-09-12T22:02:28.6086307Z Get:112 http://archive.ubuntu.com/ubuntu resolute-updates/main amd64 gtk-update-icon-cache amd64 4.22.4+ds-0ubuntu0.1 [42.7 kB]
compare	Build, verify native launch, calibrate cells and compare processing	2026-09-12T22:02:28.6098286Z Get:113 http://archive.ubuntu.com/ubuntu resolute/main amd64 hicolor-icon-theme all 0.18-2build1 [13.2 kB]
compare	Build, verify native launch, calibrate cells and compare processing	2026-09-12T22:02:28.6108068Z Get:114 http://archive.ubuntu.com/ubuntu resolute/main amd64 adwaita-icon-theme all 50.0-1 [580 kB]
compare	Build, verify native launch, calibrate cells and compare processing	2026-09-12T22:02:28.6299538Z Get:115 http://archive.ubuntu.com/ubuntu resolute/main amd64 libwayland-client0 amd64 1.24.0-2 [28.5 kB]
compare	Build, verify native launch, calibrate cells and compare processing	2026-09-12T22:02:28.6309942Z Get:116 http://archive.ubuntu.com/ubuntu resolute/main amd64 libwayland-egl1 amd64 1.24.0-2 [6248 B]
compare	Build, verify native launch, calibrate cells and compare processing	2026-09-12T22:02:28.6310948Z Get:117 http://archive.ubuntu.com/ubuntu resolute/main amd64 libxcb-xkb1 amd64 1.17.0-2ubuntu1 [32.7 kB]
compare	Build, verify native launch, calibrate cells and compare processing	2026-09-12T22:02:28.7748292Z Get:118 http://archive.ubuntu.com/ubuntu resolute/main amd64 libxkbcommon-x11-0 amd64 1.13.1-1 [15.0 kB]
compare	Build, verify native launch, calibrate cells and compare processing	2026-09-12T22:02:28.7752438Z Get:119 http://archive.ubuntu.com/ubuntu resolute/main amd64 ncurses-term all 6.6+20251231-1 [280 kB]
compare	Build, verify native launch, calibrate cells and compare processing	2026-09-12T22:02:28.7814020Z Get:120 http://archive.ubuntu.com/ubuntu resolute/universe amd64 alacritty amd64 0.16.1-2ubuntu1 [2664 kB]
compare	Build, verify native launch, calibrate cells and compare processing	2026-09-12T22:02:28.8442602Z Get:121 http://archive.ubuntu.com/ubuntu resolute/main amd64 libsframe3 amd64 2.46-3ubuntu2 [20.6 kB]
compare	Build, verify native launch, calibrate cells and compare processing	2026-09-12T22:02:28.8447391Z Get:122 http://archive.ubuntu.com/ubuntu resolute/main amd64 binutils-common amd64 2.46-3ubuntu2 [222 kB]
compare	Build, verify native launch, calibrate cells and compare processing	2026-09-12T22:02:28.8490870Z Get:123 http://archive.ubuntu.com/ubuntu resolute/main amd64 libbinutils amd64 2.46-3ubuntu2 [602 kB]
compare	Build, verify native launch, calibrate cells and compare processing	2026-09-12T22:02:28.9322638Z Get:124 http://archive.ubuntu.com/ubuntu resolute/main amd64 libgprofng0 amd64 2.46-3ubuntu2 [898 kB]
compare	Build, verify native launch, calibrate cells and compare processing	2026-09-12T22:02:28.9538410Z Get:125 http://archive.ubuntu.com/ubuntu resolute/main amd64 libctf-nobfd0 amd64 2.46-3ubuntu2 [102 kB]
compare	Build, verify native launch, calibrate cells and compare processing	2026-09-12T22:02:28.9556196Z Get:126 http://archive.ubuntu.com/ubuntu resolute/main amd64 libctf0 amd64 2.46-3ubuntu2 [100 kB]
compare	Build, verify native launch, calibrate cells and compare processing	2026-09-12T22:02:28.9586538Z Get:127 http://archive.ubuntu.com/ubuntu resolute/main amd64 binutils-x86-64-linux-gnu amd64 2.46-3ubuntu2 [1150 kB]
compare	Build, verify native launch, calibrate cells and compare processing	2026-09-12T22:02:29.0787255Z Get:128 http://archive.ubuntu.com/ubuntu resolute/main amd64 binutils amd64 2.46-3ubuntu2 [225 kB]
compare	Build, verify native launch, calibrate cells and compare processing	2026-09-12T22:02:29.0810946Z Get:129 http://archive.ubuntu.com/ubuntu resolute-updates/main amd64 libc-dev-bin amd64 2.43-2ubuntu2.4 [23.3 kB]
compare	Build, verify native launch, calibrate cells and compare processing	2026-09-12T22:02:29.0816069Z Get:130 http://archive.ubuntu.com/ubuntu resolute-updates/main amd64 linux-libc-dev amd64 7.0.0-31.31 [1645 kB]
compare	Build, verify native launch, calibrate cells and compare processing	2026-09-12T22:02:29.1060207Z Get:131 http://archive.ubuntu.com/ubuntu resolute/main amd64 rpcsvc-proto amd64 1.4.3-1build1 [68.3 kB]
compare	Build, verify native launch, calibrate cells and compare processing	2026-09-12T22:02:29.1067581Z Get:132 http://archive.ubuntu.com/ubuntu resolute-updates/main amd64 libc6-dev amd64 2.43-2ubuntu2.4 [2294 kB]
compare	Build, verify native launch, calibrate cells and compare processing	2026-09-12T22:02:29.2306702Z Get:133 http://archive.ubuntu.com/ubuntu resolute/main amd64 gcc-15-base amd64 15.2.0-16ubuntu1 [39.0 kB]
compare	Build, verify native launch, calibrate cells and compare processing	2026-09-12T22:02:29.2311101Z Get:134 http://archive.ubuntu.com/ubuntu resolute/main amd64 libisl23 amd64 0.27-1build1 [691 kB]
compare	Build, verify native launch, calibrate cells and compare processing	2026-09-12T22:02:29.2415022Z Get:135 http://archive.ubuntu.com/ubuntu resolute/main amd64 libmpfr6 amd64 4.2.2-3 [361 kB]
compare	Build, verify native launch, calibrate cells and compare processing	2026-09-12T22:02:29.2464839Z Get:136 http://archive.ubuntu.com/ubuntu resolute/main amd64 libmpc3 amd64 1.3.1-3 [54.6 kB]
compare	Build, verify native launch, calibrate cells and compare processing	2026-09-12T22:02:29.2471556Z Get:137 http://archive.ubuntu.com/ubuntu resolute/main amd64 cpp-15-x86-64-linux-gnu amd64 15.2.0-16ubuntu1 [12.9 MB]
compare	Build, verify native launch, calibrate cells and compare processing	2026-09-12T22:02:29.4665622Z Get:138 http://archive.ubuntu.com/ubuntu resolute/main amd64 cpp-15 amd64 15.2.0-16ubuntu1 [1030 B]
compare	Build, verify native launch, calibrate cells and compare processing	2026-09-12T22:02:29.4669269Z Get:139 http://archive.ubuntu.com/ubuntu resolute/main amd64 cpp-x86-64-linux-gnu amd64 4:15.2.0-5ubuntu1 [5840 B]
compare	Build, verify native launch, calibrate cells and compare processing	2026-09-12T22:02:29.4677751Z Get:140 http://archive.ubuntu.com/ubuntu resolute/main amd64 cpp amd64 4:15.2.0-5ubuntu1 [22.4 kB]
compare	Build, verify native launch, calibrate cells and compare processing	2026-09-12T22:02:29.4679518Z Get:141 http://archive.ubuntu.com/ubuntu resolute/main amd64 libcc1-0 amd64 16-20260322-1ubuntu1 [51.2 kB]
compare	Build, verify native launch, calibrate cells and compare processing	2026-09-12T22:02:29.4681889Z Get:142 http://archive.ubuntu.com/ubuntu resolute/main amd64 libgomp1 amd64 16-20260322-1ubuntu1 [162 kB]
compare	Build, verify native launch, calibrate cells and compare processing	2026-09-12T22:02:29.5346433Z Get:143 http://archive.ubuntu.com/ubuntu resolute/main amd64 libitm1 amd64 16-20260322-1ubuntu1 [30.0 kB]
compare	Build, verify native launch, calibrate cells and compare processing	2026-09-12T22:02:29.5351614Z Get:144 http://archive.ubuntu.com/ubuntu resolute/main amd64 libasan8 amd64 16-20260322-1ubuntu1 [3184 kB]
compare	Build, verify native launch, calibrate cells and compare processing	2026-09-12T22:02:29.5587421Z Get:145 http://archive.ubuntu.com/ubuntu resolute/main amd64 liblsan0 amd64 16-20260322-1ubuntu1 [1394 kB]
compare	Build, verify native launch, calibrate cells and compare processing	2026-09-12T22:02:29.5690351Z Get:146 http://archive.ubuntu.com/ubuntu resolute/main amd64 libtsan2 amd64 16-20260322-1ubuntu1 [2849 kB]
compare	Build, verify native launch, calibrate cells and compare processing	2026-09-12T22:02:29.6866250Z Get:147 http://archive.ubuntu.com/ubuntu resolute/main amd64 libubsan1 amd64 16-20260322-1ubuntu1 [1240 kB]
compare	Build, verify native launch, calibrate cells and compare processing	2026-09-12T22:02:29.6945301Z Get:148 http://archive.ubuntu.com/ubuntu resolute/main amd64 libhwasan0 amd64 16-20260322-1ubuntu1 [1731 kB]
compare	Build, verify native launch, calibrate cells and compare processing	2026-09-12T22:02:29.7054576Z Get:149 http://archive.ubuntu.com/ubuntu resolute/main amd64 libquadmath0 amd64 16-20260322-1ubuntu1 [155 kB]
compare	Build, verify native launch, calibrate cells and compare processing	2026-09-12T22:02:29.7067793Z Get:150 http://archive.ubuntu.com/ubuntu resolute/main amd64 libgcc-15-dev amd64 15.2.0-16ubuntu1 [2866 kB]
compare	Build, verify native launch, calibrate cells and compare processing	2026-09-12T22:02:29.7252098Z Get:151 http://archive.ubuntu.com/ubuntu resolute/main amd64 gcc-15-x86-64-linux-gnu amd64 15.2.0-16ubuntu1 [25.4 MB]
compare	Build, verify native launch, calibrate cells and compare processing	2026-09-12T22:02:30.0104182Z Get:152 http://archive.ubuntu.com/ubuntu resolute/main amd64 gcc-15 amd64 15.2.0-16ubuntu1 [539 kB]
compare	Build, verify native launch, calibrate cells and compare processing	2026-09-12T22:02:30.0148355Z Get:153 http://archive.ubuntu.com/ubuntu resolute/main amd64 gcc-x86-64-linux-gnu amd64 4:15.2.0-5ubuntu1 [1208 B]
compare	Build, verify native launch, calibrate cells and compare processing	2026-09-12T22:02:30.0149631Z Get:154 http://archive.ubuntu.com/ubuntu resolute/main amd64 gcc amd64 4:15.2.0-5ubuntu1 [5010 B]
compare	Build, verify native launch, calibrate cells and compare processing	2026-09-12T22:02:30.0155136Z Get:155 http://archive.ubuntu.com/ubuntu resolute/main amd64 libstdc++-15-dev amd64 15.2.0-16ubuntu1 [2920 kB]
compare	Build, verify native launch, calibrate cells and compare processing	2026-09-12T22:02:30.0322407Z Get:156 http://archive.ubuntu.com/ubuntu resolute/main amd64 g++-15-x86-64-linux-gnu amd64 15.2.0-16ubuntu1 [14.4 MB]
compare	Build, verify native launch, calibrate cells and compare processing	2026-09-12T22:02:30.1125563Z Get:157 http://archive.ubuntu.com/ubuntu resolute/main amd64 g++-15 amd64 15.2.0-16ubuntu1 [26.7 kB]
compare	Build, verify native launch, calibrate cells and compare processing	2026-09-12T22:02:30.1135491Z Get:158 http://archive.ubuntu.com/ubuntu resolute/main amd64 g++-x86-64-linux-gnu amd64 4:15.2.0-5ubuntu1 [968 B]
compare	Build, verify native launch, calibrate cells and compare processing	2026-09-12T22:02:30.1136613Z Get:159 http://archive.ubuntu.com/ubuntu resolute/main amd64 g++ amd64 4:15.2.0-5ubuntu1 [1100 B]
compare	Build, verify native launch, calibrate cells and compare processing	2026-09-12T22:02:30.1137909Z Get:160 http://archive.ubuntu.com/ubuntu resolute/main amd64 make amd64 4.4.1-3 [197 kB]
compare	Build, verify native launch, calibrate cells and compare processing	2026-09-12T22:02:30.1641998Z Get:161 http://archive.ubuntu.com/ubuntu resolute-updates/main amd64 perl-modules-5.40 all 5.40.1-7ubuntu0.3 [3212 kB]
compare	Build, verify native launch, calibrate cells and compare processing	2026-09-12T22:02:30.3169429Z Get:162 http://archive.ubuntu.com/ubuntu resolute/main amd64 libgdbm-compat4t64 amd64 1.26-1build1 [6796 B]
compare	Build, verify native launch, calibrate cells and compare processing	2026-09-12T22:02:30.3173177Z Get:163 http://archive.ubuntu.com/ubuntu resolute-updates/main amd64 libperl5.40 amd64 5.40.1-7ubuntu0.3 [4889 kB]
compare	Build, verify native launch, calibrate cells and compare processing	2026-09-12T22:02:30.3447830Z Get:164 http://archive.ubuntu.com/ubuntu resolute-updates/main amd64 perl amd64 5.40.1-7ubuntu0.3 [262 kB]
compare	Build, verify native launch, calibrate cells and compare processing	2026-09-12T22:02:30.3465123Z Get:165 http://archive.ubuntu.com/ubuntu resolute/main amd64 libdpkg-perl all 1.23.7ubuntu1 [289 kB]
compare	Build, verify native launch, calibrate cells and compare processing	2026-09-12T22:02:30.3484065Z Get:166 http://archive.ubuntu.com/ubuntu resolute-updates/main amd64 bzip2 amd64 1.0.8-6ubuntu0.1 [34.3 kB]
compare	Build, verify native launch, calibrate cells and compare processing	2026-09-12T22:02:30.3497626Z Get:167 http://archive.ubuntu.com/ubuntu resolute/main amd64 patch amd64 2.8-2build1 [95.7 kB]
compare	Build, verify native launch, calibrate cells and compare processing	2026-09-12T22:02:30.3502107Z Get:168 http://archive.ubuntu.com/ubuntu resolute/main amd64 lto-disabled-list all 79 [14.2 kB]
compare	Build, verify native launch, calibrate cells and compare processing	2026-09-12T22:02:30.3503023Z Get:169 http://archive.ubuntu.com/ubuntu resolute/main amd64 dpkg-dev all 1.23.7ubuntu1 [1062 kB]
compare	Build, verify native launch, calibrate cells and compare processing	2026-09-12T22:02:30.3562558Z Get:170 http://archive.ubuntu.com/ubuntu resolute/main amd64 libcrypt-dev amd64 1:4.5.1-1 [122 kB]
compare	Build, verify native launch, calibrate cells and compare processing	2026-09-12T22:02:30.4687634Z Get:171 http://archive.ubuntu.com/ubuntu resolute-updates/main amd64 build-essential amd64 12.12ubuntu2.26.04.2 [5158 B]
compare	Build, verify native launch, calibrate cells and compare processing	2026-09-12T22:02:30.6208973Z Get:172 http://archive.ubuntu.com/ubuntu resolute/main amd64 libdconf1 amd64 0.49.0-4 [40.5 kB]
compare	Build, verify native launch, calibrate cells and compare processing	2026-09-12T22:02:30.6214114Z Get:173 http://archive.ubuntu.com/ubuntu resolute/main amd64 dconf-service amd64 0.49.0-4 [27.7 kB]
compare	Build, verify native launch, calibrate cells and compare processing	2026-09-12T22:02:30.6227066Z Get:174 http://archive.ubuntu.com/ubuntu resolute/main amd64 dconf-gsettings-backend amd64 0.49.0-4 [22.2 kB]
compare	Build, verify native launch, calibrate cells and compare processing	2026-09-12T22:02:30.6228401Z Get:175 http://archive.ubuntu.com/ubuntu resolute/main amd64 fonts-noto-cjk all 1:20240730+repack1-1build1 [61.2 MB]
compare	Build, verify native launch, calibrate cells and compare processing	2026-09-12T22:02:31.0712556Z Get:176 http://archive.ubuntu.com/ubuntu resolute/main amd64 fonts-noto-color-emoji all 2.051-1build1 [9967 kB]
compare	Build, verify native launch, calibrate cells and compare processing	2026-09-12T22:02:31.1274211Z Get:177 http://archive.ubuntu.com/ubuntu resolute/main amd64 libsasl2-modules-db amd64 2.1.28+dfsg1-9ubuntu3 [21.1 kB]
compare	Build, verify native launch, calibrate cells and compare processing	2026-09-12T22:02:31.1275625Z Get:178 http://archive.ubuntu.com/ubuntu resolute/main amd64 libsasl2-2 amd64 2.1.28+dfsg1-9ubuntu3 [54.0 kB]
compare	Build, verify native launch, calibrate cells and compare processing	2026-09-12T22:02:31.1281741Z Get:179 http://archive.ubuntu.com/ubuntu resolute/main amd64 libldap-common all 2.6.10+dfsg-1ubuntu5 [36.0 kB]
compare	Build, verify native launch, calibrate cells and compare processing	2026-09-12T22:02:31.1287181Z Get:180 http://archive.ubuntu.com/ubuntu resolute/main amd64 libldap2 amd64 2.6.10+dfsg-1ubuntu5 [204 kB]
compare	Build, verify native launch, calibrate cells and compare processing	2026-09-12T22:02:31.1302615Z Get:181 http://archive.ubuntu.com/ubuntu resolute/main amd64 librtmp1 amd64 2.4+20151223.gitfa8646d.1-3 [59.0 kB]
compare	Build, verify native launch, calibrate cells and compare processing	2026-09-12T22:02:31.1308515Z Get:182 http://archive.ubuntu.com/ubuntu resolute-updates/main amd64 libssh2-1t64 amd64 1.11.1-1ubuntu0.26.04.4 [138 kB]
compare	Build, verify native launch, calibrate cells and compare processing	2026-09-12T22:02:31.1319893Z Get:183 http://archive.ubuntu.com/ubuntu resolute-updates/main amd64 libcurl3t64-gnutls amd64 8.18.0-1ubuntu2.5 [419 kB]
compare	Build, verify native launch, calibrate cells and compare processing	2026-09-12T22:02:31.1345841Z Get:184 http://archive.ubuntu.com/ubuntu resolute/main amd64 libfyaml0 amd64 0.9.4-1 [301 kB]
compare	Build, verify native launch, calibrate cells and compare processing	2026-09-12T22:02:31.2248564Z Get:185 http://archive.ubuntu.com/ubuntu resolute/main amd64 libstemmer0d amd64 3.0.1-1 [172 kB]
compare	Build, verify native launch, calibrate cells and compare processing	2026-09-12T22:02:31.3774406Z Get:186 http://archive.ubuntu.com/ubuntu resolute/main amd64 libxmlb2 amd64 0.3.24-2 [68.2 kB]
compare	Build, verify native launch, calibrate cells and compare processing	2026-09-12T22:02:31.3782326Z Get:187 http://archive.ubuntu.com/ubuntu resolute/main amd64 libappstream5 amd64 1.1.2-1 [241 kB]
compare	Build, verify native launch, calibrate cells and compare processing	2026-09-12T22:02:31.3795845Z Get:188 http://archive.ubuntu.com/ubuntu resolute/main amd64 libgraphene-1.0-0 amd64 1.10.8-5build1 [46.2 kB]
compare	Build, verify native launch, calibrate cells and compare processing	2026-09-12T22:02:31.3801290Z Get:189 http://archive.ubuntu.com/ubuntu resolute/main amd64 liblzo2-2 amd64 2.10-3build2 [56.0 kB]
compare	Build, verify native launch, calibrate cells and compare processing	2026-09-12T22:02:31.3806939Z Get:190 http://archive.ubuntu.com/ubuntu resolute/main amd64 libcairo-script-interpreter2 amd64 1.18.4-3 [61.4 kB]
compare	Build, verify native launch, calibrate cells and compare processing	2026-09-12T22:02:31.3813341Z Get:191 http://archive.ubuntu.com/ubuntu resolute/main amd64 libcolord2 amd64 1.4.8-3 [150 kB]
compare	Build, verify native launch, calibrate cells and compare processing	2026-09-12T22:02:31.3825815Z Get:192 http://archive.ubuntu.com/ubuntu resolute-updates/main amd64 libavahi-common-data amd64 0.8-18ubuntu1.1 [27.2 kB]
compare	Build, verify native launch, calibrate cells and compare processing	2026-09-12T22:02:31.3829935Z Get:193 http://archive.ubuntu.com/ubuntu resolute-updates/main amd64 libavahi-common3 amd64 0.8-18ubuntu1.1 [23.6 kB]
compare	Build, verify native launch, calibrate cells and compare processing	2026-09-12T22:02:31.3833578Z Get:194 http://archive.ubuntu.com/ubuntu resolute-updates/main amd64 libavahi-client3 amd64 0.8-18ubuntu1.1 [27.2 kB]
compare	Build, verify native launch, calibrate cells and compare processing	2026-09-12T22:02:31.5293608Z Get:195 http://archive.ubuntu.com/ubuntu resolute-updates/main amd64 libcups2t64 amd64 2.4.16-1ubuntu1.3 [269 kB]
compare	Build, verify native launch, calibrate cells and compare processing	2026-09-12T22:02:31.6814480Z Get:196 http://archive.ubuntu.com/ubuntu resolute/main amd64 libepoxy0 amd64 1.5.10-2build1 [226 kB]
compare	Build, verify native launch, calibrate cells and compare processing	2026-09-12T22:02:31.6829416Z Get:197 http://archive.ubuntu.com/ubuntu resolute/main amd64 libglvnd0 amd64 1.7.0-3 [64.1 kB]
compare	Build, verify native launch, calibrate cells and compare processing	2026-09-12T22:02:31.6835822Z Get:198 http://archive.ubuntu.com/ubuntu resolute/main amd64 libdrm-amdgpu1 amd64 2.4.131-1 [23.2 kB]
compare	Build, verify native launch, calibrate cells and compare processing	2026-09-12T22:02:31.6844118Z Get:199 http://archive.ubuntu.com/ubuntu resolute-updates/main amd64 libpciaccess0 amd64 0.18.1-1ubuntu4.1 [19.0 kB]
compare	Build, verify native launch, calibrate cells and compare processing	2026-09-12T22:02:31.6845372Z Get:200 http://archive.ubuntu.com/ubuntu resolute/main amd64 libdrm-intel1 amd64 2.4.131-1 [66.7 kB]
compare	Build, verify native launch, calibrate cells and compare processing	2026-09-12T22:02:31.6852390Z Get:201 http://archive.ubuntu.com/ubuntu resolute/main amd64 libllvm21 amd64 1:21.1.8-6ubuntu1 [30.7 MB]
compare	Build, verify native launch, calibrate cells and compare processing	2026-09-12T22:02:31.8811070Z Get:202 http://archive.ubuntu.com/ubuntu resolute/main amd64 libx11-xcb1 amd64 2:1.8.13-1 [7960 B]
compare	Build, verify native launch, calibrate cells and compare processing	2026-09-12T22:02:32.1158512Z Get:203 http://archive.ubuntu.com/ubuntu resolute/main amd64 libxcb-dri3-0 amd64 1.17.0-2ubuntu1 [7540 B]
compare	Build, verify native launch, calibrate cells and compare processing	2026-09-12T22:02:32.1731253Z Get:204 http://archive.ubuntu.com/ubuntu resolute/main amd64 libxcb-present0 amd64 1.17.0-2ubuntu1 [6112 B]
compare	Build, verify native launch, calibrate cells and compare processing	2026-09-12T22:02:32.1777407Z Get:205 http://archive.ubuntu.com/ubuntu resolute/main amd64 libxcb-randr0 amd64 1.17.0-2ubuntu1 [17.9 kB]
compare	Build, verify native launch, calibrate cells and compare processing	2026-09-12T22:02:32.2294549Z Get:206 http://archive.ubuntu.com/ubuntu resolute/main amd64 libxcb-sync1 amd64 1.17.0-2ubuntu1 [9348 B]
compare	Build, verify native launch, calibrate cells and compare processing	2026-09-12T22:02:32.2432057Z Get:207 http://archive.ubuntu.com/ubuntu resolute/main amd64 libxcb-xfixes0 amd64 1.17.0-2ubuntu1 [10.2 kB]
compare	Build, verify native launch, calibrate cells and compare processing	2026-09-12T22:02:32.2586164Z Get:208 http://archive.ubuntu.com/ubuntu resolute/main amd64 libxshmfence1 amd64 1.3.3-1build1 [5284 B]
compare	Build, verify native launch, calibrate cells and compare processing	2026-09-12T22:02:32.2624428Z Get:209 http://archive.ubuntu.com/ubuntu resolute-updates/main amd64 mesa-libgallium amd64 26.0.8-1ubuntu0.3 [11.2 MB]
compare	Build, verify native launch, calibrate cells and compare processing	2026-09-12T22:02:32.9729682Z Get:210 http://archive.ubuntu.com/ubuntu resolute-updates/main amd64 libgbm1 amd64 26.0.8-1ubuntu0.3 [49.2 kB]
compare	Build, verify native launch, calibrate cells and compare processing	2026-09-12T22:02:32.9733051Z Get:211 http://archive.ubuntu.com/ubuntu resolute-updates/main amd64 libegl-mesa0 amd64 26.0.8-1ubuntu0.3 [134 kB]
compare	Build, verify native launch, calibrate cells and compare processing	2026-09-12T22:02:32.9745223Z Get:212 http://archive.ubuntu.com/ubuntu resolute/main amd64 libegl1 amd64 1.7.0-3 [29.7 kB]
compare	Build, verify native launch, calibrate cells and compare processing	2026-09-12T22:02:32.9750425Z Get:213 http://archive.ubuntu.com/ubuntu resolute/main amd64 libvulkan1 amd64 1.4.341.0-1 [157 kB]
compare	Build, verify native launch, calibrate cells and compare processing	2026-09-12T22:02:32.9763093Z Get:214 http://archive.ubuntu.com/ubuntu resolute-updates/main amd64 libgl1-mesa-dri amd64 26.0.8-1ubuntu0.3 [38.2 kB]
compare	Build, verify native launch, calibrate cells and compare processing	2026-09-12T22:02:32.9767406Z Get:215 http://archive.ubuntu.com/ubuntu resolute/main amd64 libxcb-glx0 amd64 1.17.0-2ubuntu1 [24.7 kB]
compare	Build, verify native launch, calibrate cells and compare processing	2026-09-12T22:02:32.9771961Z Get:216 http://archive.ubuntu.com/ubuntu resolute/main amd64 libxxf86vm1 amd64 1:1.1.4-2 [10.6 kB]
compare	Build, verify native launch, calibrate cells and compare processing	2026-09-12T22:02:32.9785257Z Get:217 http://archive.ubuntu.com/ubuntu resolute-updates/main amd64 libglx-mesa0 amd64 26.0.8-1ubuntu0.3 [126 kB]
compare	Build, verify native launch, calibrate cells and compare processing	2026-09-12T22:02:32.9788007Z Get:218 http://archive.ubuntu.com/ubuntu resolute/main amd64 libglx0 amd64 1.7.0-3 [38.9 kB]
compare	Build, verify native launch, calibrate cells and compare processing	2026-09-12T22:02:33.0309115Z Get:219 http://archive.ubuntu.com/ubuntu resolute/main amd64 libgl1 amd64 1.7.0-3 [98.3 kB]
compare	Build, verify native launch, calibrate cells and compare processing	2026-09-12T22:02:33.0873123Z Get:220 http://archive.ubuntu.com/ubuntu resolute/main amd64 libgstreamer1.0-0 amd64 1.28.2-1 [1218 kB]
compare	Build, verify native launch, calibrate cells and compare processing	2026-09-12T22:02:33.0946093Z Get:221 http://archive.ubuntu.com/ubuntu resolute/main amd64 liborc-0.4-0t64 amd64 1:0.4.42-2 [283 kB]
compare	Build, verify native launch, calibrate cells and compare processing	2026-09-12T22:02:33.0965788Z Get:222 http://archive.ubuntu.com/ubuntu resolute/main amd64 libgstreamer-plugins-base1.0-0 amd64 1.28.2-1 [921 kB]
compare	Build, verify native launch, calibrate cells and compare processing	2026-09-12T22:02:33.1021864Z Get:223 http://archive.ubuntu.com/ubuntu resolute/main amd64 libgudev-1.0-0 amd64 1:238-7build1 [15.9 kB]
compare	Build, verify native launch, calibrate cells and compare processing	2026-09-12T22:02:33.1025034Z Get:224 http://archive.ubuntu.com/ubuntu resolute/main amd64 libwayland-cursor0 amd64 1.24.0-2 [10.8 kB]
compare	Build, verify native launch, calibrate cells and compare processing	2026-09-12T22:02:33.1028956Z Get:225 http://archive.ubuntu.com/ubuntu resolute/main amd64 libgstreamer-gl1.0-0 amd64 1.28.2-1 [230 kB]
compare	Build, verify native launch, calibrate cells and compare processing	2026-09-12T22:02:33.1046617Z Get:226 http://archive.ubuntu.com/ubuntu resolute/main amd64 libva2 amd64 2.23.0-1ubuntu1 [76.5 kB]
compare	Build, verify native launch, calibrate cells and compare processing	2026-09-12T22:02:33.1053482Z Get:227 http://archive.ubuntu.com/ubuntu resolute/main amd64 libva-drm2 amd64 2.23.0-1ubuntu1 [7112 B]
compare	Build, verify native launch, calibrate cells and compare processing	2026-09-12T22:02:33.1065035Z Get:228 http://archive.ubuntu.com/ubuntu resolute-updates/main amd64 libgstreamer-plugins-extra1.0-0 amd64 1.28.2-1ubuntu1.1 [510 kB]
compare	Build, verify native launch, calibrate cells and compare processing	2026-09-12T22:02:33.1436384Z Get:229 http://archive.ubuntu.com/ubuntu resolute/main amd64 libharfbuzz-subset0 amd64 12.3.2-2 [492 kB]
compare	Build, verify native launch, calibrate cells and compare processing	2026-09-12T22:02:33.2002658Z Get:230 http://archive.ubuntu.com/ubuntu resolute/main amd64 libjpeg-turbo8 amd64 2.1.5-4ubuntu4 [153 kB]
compare	Build, verify native launch, calibrate cells and compare processing	2026-09-12T22:02:33.2014317Z Get:231 http://archive.ubuntu.com/ubuntu resolute/main amd64 libjpeg8 amd64 8c-2ubuntu12 [2142 B]
compare	Build, verify native launch, calibrate cells and compare processing	2026-09-12T22:02:33.2016361Z Get:232 http://archive.ubuntu.com/ubuntu resolute/main amd64 libdeflate0 amd64 1.23-2ubuntu1 [51.7 kB]
compare	Build, verify native launch, calibrate cells and compare processing	2026-09-12T22:02:33.2022657Z Get:233 http://archive.ubuntu.com/ubuntu resolute/main amd64 libjbig0 amd64 2.1-6.1ubuntu3 [30.0 kB]
compare	Build, verify native launch, calibrate cells and compare processing	2026-09-12T22:02:33.2028534Z Get:234 http://archive.ubuntu.com/ubuntu resolute/main amd64 liblerc4 amd64 4.0.0+ds-5ubuntu2 [207 kB]
compare	Build, verify native launch, calibrate cells and compare processing	2026-09-12T22:02:33.2044124Z Get:235 http://archive.ubuntu.com/ubuntu resolute/main amd64 libwebp7 amd64 1.5.0-0.1build1 [264 kB]
compare	Build, verify native launch, calibrate cells and compare processing	2026-09-12T22:02:33.2062323Z Get:236 http://archive.ubuntu.com/ubuntu resolute-updates/main amd64 libtiff6 amd64 4.7.0-3ubuntu5 [206 kB]
compare	Build, verify native launch, calibrate cells and compare processing	2026-09-12T22:02:33.2073791Z Get:237 http://archive.ubuntu.com/ubuntu resolute/main amd64 libxfixes3 amd64 1:6.0.0-2build2 [11.1 kB]
compare	Build, verify native launch, calibrate cells and compare processing	2026-09-12T22:02:33.2075533Z Get:238 http://archive.ubuntu.com/ubuntu resolute/main amd64 libxcursor1 amd64 1:1.2.3-1build1 [22.1 kB]
compare	Build, verify native launch, calibrate cells and compare processing	2026-09-12T22:02:33.2566428Z Get:239 http://archive.ubuntu.com/ubuntu resolute/main amd64 libxdamage1 amd64 1:1.1.7-1 [6582 B]
compare	Build, verify native launch, calibrate cells and compare processing	2026-09-12T22:02:33.3132529Z Get:240 http://archive.ubuntu.com/ubuntu resolute/main amd64 libxi6 amd64 2:1.8.2-2 [33.1 kB]
compare	Build, verify native launch, calibrate cells and compare processing	2026-09-12T22:02:33.3140230Z Get:241 http://archive.ubuntu.com/ubuntu resolute/main amd64 libxinerama1 amd64 2:1.1.4-3build2 [6472 B]
compare	Build, verify native launch, calibrate cells and compare processing	2026-09-12T22:02:33.3143901Z Get:242 http://archive.ubuntu.com/ubuntu resolute/main amd64 libxrandr2 amd64 2:1.5.4-1build1 [19.6 kB]
compare	Build, verify native launch, calibrate cells and compare processing	2026-09-12T22:02:33.3150205Z Get:243 http://archive.ubuntu.com/ubuntu resolute/main amd64 libgles2 amd64 1.7.0-3 [17.5 kB]
compare	Build, verify native launch, calibrate cells and compare processing	2026-09-12T22:02:33.3155619Z Get:244 http://archive.ubuntu.com/ubuntu resolute-updates/main amd64 libgtk-4-common all 4.22.4+ds-0ubuntu0.1 [1546 kB]
compare	Build, verify native launch, calibrate cells and compare processing	2026-09-12T22:02:33.3272449Z Get:245 http://archive.ubuntu.com/ubuntu resolute-updates/main amd64 libgtk-4-1 amd64 4.22.4+ds-0ubuntu0.1 [3552 kB]
compare	Build, verify native launch, calibrate cells and compare processing	2026-09-12T22:02:33.3525634Z Get:246 http://archive.ubuntu.com/ubuntu resolute-updates/main amd64 libadwaita-1-0 amd64 1.9.1-0ubuntu0.1 [530 kB]
compare	Build, verify native launch, calibrate cells and compare processing	2026-09-12T22:02:33.3558984Z Get:247 http://archive.ubuntu.com/ubuntu resolute/universe amd64 libgtk4-layer-shell0 amd64 1.3.0-1 [22.6 kB]
compare	Build, verify native launch, calibrate cells and compare processing	2026-09-12T22:02:33.3573483Z Get:248 http://archive.ubuntu.com/ubuntu resolute-updates/universe amd64 ghostty amd64 1.3.0~us1-0ubuntu1.1 [17.0 MB]
compare	Build, verify native launch, calibrate cells and compare processing	2026-09-12T22:02:33.4992487Z Get:249 http://archive.ubuntu.com/ubuntu resolute/universe amd64 kitty-shell-integration all 0.45.0-1build1 [40.3 kB]
compare	Build, verify native launch, calibrate cells and compare processing	2026-09-12T22:02:33.4998769Z Get:250 http://archive.ubuntu.com/ubuntu resolute/universe amd64 kitty-terminfo all 0.45.0-1build1 [19.4 kB]
compare	Build, verify native launch, calibrate cells and compare processing	2026-09-12T22:02:33.5004980Z Get:251 http://archive.ubuntu.com/ubuntu resolute-updates/main amd64 libpython3.14 amd64 3.14.4-1ubuntu0.2 [2579 kB]
compare	Build, verify native launch, calibrate cells and compare processing	2026-09-12T22:02:33.5175136Z Get:252 http://archive.ubuntu.com/ubuntu resolute/universe amd64 kitty amd64 0.45.0-1build1 [9842 kB]
compare	Build, verify native launch, calibrate cells and compare processing	2026-09-12T22:02:33.5763162Z Get:253 http://archive.ubuntu.com/ubuntu resolute/universe amd64 libaml0t64 amd64 0.3.0-3build1 [11.8 kB]
compare	Build, verify native launch, calibrate cells and compare processing	2026-09-12T22:02:33.5765588Z Get:254 http://archive.ubuntu.com/ubuntu resolute-updates/main amd64 libasound2-data all 1.2.15.3-1ubuntu1.1 [19.6 kB]
compare	Build, verify native launch, calibrate cells and compare processing	2026-09-12T22:02:33.5769745Z Get:255 http://archive.ubuntu.com/ubuntu resolute-updates/main amd64 libasound2t64 amd64 1.2.15.3-1ubuntu1.1 [416 kB]
compare	Build, verify native launch, calibrate cells and compare processing	2026-09-12T22:02:33.5795122Z Get:256 http://archive.ubuntu.com/ubuntu resolute/universe amd64 libunibreak6 amd64 6.1-3build1 [25.0 kB]
compare	Build, verify native launch, calibrate cells and compare processing	2026-09-12T22:02:33.5798516Z Get:257 http://archive.ubuntu.com/ubuntu resolute/universe amd64 libass9 amd64 1:0.17.4-2 [114 kB]
compare	Build, verify native launch, calibrate cells and compare processing	2026-09-12T22:02:33.5807647Z Get:258 http://archive.ubuntu.com/ubuntu resolute/universe amd64 libva-x11-2 amd64 2.23.0-1ubuntu1 [12.2 kB]
compare	Build, verify native launch, calibrate cells and compare processing	2026-09-12T22:02:33.6132675Z Get:259 http://archive.ubuntu.com/ubuntu resolute/main amd64 libvdpau1 amd64 1.5-4 [27.8 kB]
compare	Build, verify native launch, calibrate cells and compare processing	2026-09-12T22:02:33.6136812Z Get:260 http://archive.ubuntu.com/ubuntu resolute/universe amd64 libvpl2 amd64 1:2.16.0-1 [134 kB]
compare	Build, verify native launch, calibrate cells and compare processing	2026-09-12T22:02:33.6147674Z Get:261 http://archive.ubuntu.com/ubuntu resolute/main amd64 ocl-icd-libopencl1 amd64 2.3.4-1 [40.9 kB]
compare	Build, verify native launch, calibrate cells and compare processing	2026-09-12T22:02:33.6697180Z Get:262 http://archive.ubuntu.com/ubuntu resolute/universe amd64 libavutil60 amd64 7:8.0.1-3ubuntu2 [449 kB]
compare	Build, verify native launch, calibrate cells and compare processing	2026-09-12T22:02:33.6740956Z Get:263 http://archive.ubuntu.com/ubuntu resolute/universe amd64 libcodec2-1.2 amd64 1.2.0-4 [9015 kB]
compare	Build, verify native launch, calibrate cells and compare processing	2026-09-12T22:02:33.7309183Z Get:264 http://archive.ubuntu.com/ubuntu resolute/universe amd64 libdav1d7 amd64 1.5.3-1 [626 kB]
compare	Build, verify native launch, calibrate cells and compare processing	2026-09-12T22:02:33.7361520Z Get:265 http://archive.ubuntu.com/ubuntu resolute/universe amd64 libgsm1 amd64 1.0.23-2 [28.9 kB]
compare	Build, verify native launch, calibrate cells and compare processing	2026-09-12T22:02:33.7366011Z Get:266 http://archive.ubuntu.com/ubuntu resolute/main amd64 libmpg123-0t64 amd64 1.33.3-2 [176 kB]
compare	Build, verify native launch, calibrate cells and compare processing	2026-09-12T22:02:33.7381909Z Get:267 http://archive.ubuntu.com/ubuntu resolute/main amd64 libmp3lame0 amd64 3.101~svn6525+dfsg-2 [121 kB]
compare	Build, verify native launch, calibrate cells and compare processing	2026-09-12T22:02:33.7390910Z Get:268 http://archive.ubuntu.com/ubuntu resolute-updates/main amd64 libopenjp2-7 amd64 2.5.4-1ubuntu0.1 [187 kB]
compare	Build, verify native launch, calibrate cells and compare processing	2026-09-12T22:02:33.7405159Z Get:269 http://archive.ubuntu.com/ubuntu resolute/main amd64 libopus0 amd64 1.6.1-1 [3564 kB]
compare	Build, verify native launch, calibrate cells and compare processing	2026-09-12T22:02:33.7607259Z Get:270 http://archive.ubuntu.com/ubuntu resolute/universe amd64 librav1e0.8 amd64 0.8.1-7 [1062 kB]
compare	Build, verify native launch, calibrate cells and compare processing	2026-09-12T22:02:33.7669324Z Get:271 http://archive.ubuntu.com/ubuntu resolute/universe amd64 libshine3 amd64 3.1.1-3build1 [23.5 kB]
compare	Build, verify native launch, calibrate cells and compare processing	2026-09-12T22:02:33.7826589Z Get:272 http://archive.ubuntu.com/ubuntu resolute/main amd64 libsnappy1v5 amd64 1.2.2-2 [30.8 kB]
compare	Build, verify native launch, calibrate cells and compare processing	2026-09-12T22:02:33.8391302Z Get:273 http://archive.ubuntu.com/ubuntu resolute/main amd64 libspeex1 amd64 1.2.1-3build1 [63.3 kB]
compare	Build, verify native launch, calibrate cells and compare processing	2026-09-12T22:02:33.8397993Z Get:274 http://archive.ubuntu.com/ubuntu resolute/universe amd64 libsvtav1enc2 amd64 2.3.0+dfsg-1build1 [2742 kB]
compare	Build, verify native launch, calibrate cells and compare processing	2026-09-12T22:02:33.8553231Z Get:275 http://archive.ubuntu.com/ubuntu resolute/universe amd64 libsoxr0 amd64 0.1.3-4.1 [82.7 kB]
compare	Build, verify native launch, calibrate cells and compare processing	2026-09-12T22:02:33.8559776Z Get:276 http://archive.ubuntu.com/ubuntu resolute/universe amd64 libswresample6 amd64 7:8.0.1-3ubuntu2 [77.0 kB]
compare	Build, verify native launch, calibrate cells and compare processing	2026-09-12T22:02:33.8568192Z Get:277 http://archive.ubuntu.com/ubuntu resolute/main amd64 libtheoradec2 amd64 1.2.0+dfsg-6 [55.6 kB]
compare	Build, verify native launch, calibrate cells and compare processing	2026-09-12T22:02:33.8574766Z Get:278 http://archive.ubuntu.com/ubuntu resolute/main amd64 libogg0 amd64 1.3.6-2 [23.4 kB]
compare	Build, verify native launch, calibrate cells and compare processing	2026-09-12T22:02:33.8579141Z Get:279 http://archive.ubuntu.com/ubuntu resolute/main amd64 libtheoraenc2 amd64 1.2.0+dfsg-6 [106 kB]
compare	Build, verify native launch, calibrate cells and compare processing	2026-09-12T22:02:33.8588866Z Get:280 http://archive.ubuntu.com/ubuntu resolute/main amd64 libtwolame0 amd64 0.4.0-2build4 [52.6 kB]
compare	Build, verify native launch, calibrate cells and compare processing	2026-09-12T22:02:33.8594486Z Get:281 http://archive.ubuntu.com/ubuntu resolute/main amd64 libvorbis0a amd64 1.3.7-3build2 [101 kB]
compare	Build, verify native launch, calibrate cells and compare processing	2026-09-12T22:02:33.8953908Z Get:282 http://archive.ubuntu.com/ubuntu resolute/main amd64 libvorbisenc2 amd64 1.3.7-3build2 [79.6 kB]
compare	Build, verify native launch, calibrate cells and compare processing	2026-09-12T22:02:33.9520361Z Get:283 http://archive.ubuntu.com/ubuntu resolute/main amd64 libvpx12 amd64 1.16.0-3 [1244 kB]
compare	Build, verify native launch, calibrate cells and compare processing	2026-09-12T22:02:33.9597482Z Get:284 http://archive.ubuntu.com/ubuntu resolute/main amd64 libwebpmux3 amd64 1.5.0-0.1build1 [26.4 kB]
compare	Build, verify native launch, calibrate cells and compare processing	2026-09-12T22:02:33.9605115Z Get:285 http://archive.ubuntu.com/ubuntu resolute/universe amd64 libx264-165 amd64 2:0.165.3222+gitb35605ac-3build1 [609 kB]
compare	Build, verify native launch, calibrate cells and compare processing	2026-09-12T22:02:33.9640229Z Get:286 http://archive.ubuntu.com/ubuntu resolute/universe amd64 libx265-215 amd64 4.1-4 [1331 kB]
compare	Build, verify native launch, calibrate cells and compare processing	2026-09-12T22:02:33.9717888Z Get:287 http://archive.ubuntu.com/ubuntu resolute/universe amd64 libxvidcore4 amd64 2:1.3.7-3 [220 kB]
compare	Build, verify native launch, calibrate cells and compare processing	2026-09-12T22:02:33.9734071Z Get:288 http://archive.ubuntu.com/ubuntu resolute/universe amd64 libzvbi-common all 0.2.44-1ubuntu2 [43.0 kB]
compare	Build, verify native launch, calibrate cells and compare processing	2026-09-12T22:02:33.9738952Z Get:289 http://archive.ubuntu.com/ubuntu resolute/universe amd64 libzvbi0t64 amd64 0.2.44-1ubuntu2 [264 kB]
compare	Build, verify native launch, calibrate cells and compare processing	2026-09-12T22:02:33.9757211Z Get:290 http://archive.ubuntu.com/ubuntu resolute/universe amd64 libavcodec62 amd64 7:8.0.1-3ubuntu2 [9711 kB]
compare	Build, verify native launch, calibrate cells and compare processing	2026-09-12T22:02:34.0291790Z Get:291 http://archive.ubuntu.com/ubuntu resolute/universe amd64 libudfread3 amd64 1.2.0-2 [17.3 kB]
compare	Build, verify native launch, calibrate cells and compare processing	2026-09-12T22:02:34.0295793Z Get:292 http://archive.ubuntu.com/ubuntu resolute/universe amd64 libbluray3 amd64 1:1.4.1-1 [133 kB]
compare	Build, verify native launch, calibrate cells and compare processing	2026-09-12T22:02:34.0653839Z Get:293 http://archive.ubuntu.com/ubuntu resolute/universe amd64 libchromaprint1 amd64 1.6.0-2build1 [33.4 kB]
compare	Build, verify native launch, calibrate cells and compare processing	2026-09-12T22:02:34.0659749Z Get:294 http://archive.ubuntu.com/ubuntu resolute/universe amd64 libdvdread8t64 amd64 7.0.1-1 [63.3 kB]
compare	Build, verify native launch, calibrate cells and compare processing	2026-09-12T22:02:34.0665244Z Get:295 http://archive.ubuntu.com/ubuntu resolute/universe amd64 libdvdnav4 amd64 7.0.0-2 [40.3 kB]
compare	Build, verify native launch, calibrate cells and compare processing	2026-09-12T22:02:34.0669714Z Get:296 http://archive.ubuntu.com/ubuntu resolute/universe amd64 libgme0 amd64 0.6.4-1 [146 kB]
compare	Build, verify native launch, calibrate cells and compare processing	2026-09-12T22:02:34.0682308Z Get:297 http://archive.ubuntu.com/ubuntu resolute/main amd64 libvorbisfile3 amd64 1.3.7-3build2 [17.2 kB]
compare	Build, verify native launch, calibrate cells and compare processing	2026-09-12T22:02:34.0694877Z Get:298 http://archive.ubuntu.com/ubuntu resolute/universe amd64 libopenmpt0t64 amd64 0.8.4-1 [744 kB]
compare	Build, verify native launch, calibrate cells and compare processing	2026-09-12T22:02:34.0732671Z Get:299 http://archive.ubuntu.com/ubuntu resolute-updates/main amd64 librabbitmq4 amd64 0.15.0-1ubuntu0.26.04.2 [37.7 kB]
compare	Build, verify native launch, calibrate cells and compare processing	2026-09-12T22:02:34.1218363Z Get:300 http://archive.ubuntu.com/ubuntu resolute/universe amd64 libcjson1 amd64 1.7.19-2 [22.8 kB]
compare	Build, verify native launch, calibrate cells and compare processing	2026-09-12T22:02:34.1222170Z Get:301 http://archive.ubuntu.com/ubuntu resolute/universe amd64 libmbedcrypto16 amd64 3.6.5-0.1ubuntu2 [259 kB]
compare	Build, verify native launch, calibrate cells and compare processing	2026-09-12T22:02:34.1240195Z Get:302 http://archive.ubuntu.com/ubuntu resolute/universe amd64 librist4 amd64 0.2.11+dfsg-1build1 [76.0 kB]
compare	Build, verify native launch, calibrate cells and compare processing	2026-09-12T22:02:34.1781489Z Get:303 http://archive.ubuntu.com/ubuntu resolute/universe amd64 libsrt1.5-gnutls amd64 1.5.4-3 [334 kB]
compare	Build, verify native launch, calibrate cells and compare processing	2026-09-12T22:02:34.3129518Z Get:304 http://archive.ubuntu.com/ubuntu resolute-updates/main amd64 libssh-4 amd64 0.11.3-1ubuntu2.1 [208 kB]
compare	Build, verify native launch, calibrate cells and compare processing	2026-09-12T22:02:34.6261026Z Get:305 http://archive.ubuntu.com/ubuntu resolute/universe amd64 libnorm1t64 amd64 1.5.9+dfsg-4 [158 kB]
compare	Build, verify native launch, calibrate cells and compare processing	2026-09-12T22:02:34.6598014Z Get:306 http://archive.ubuntu.com/ubuntu resolute/universe amd64 libpgm-5.3-0t64 amd64 5.3.128~dfsg-2.1build2 [168 kB]
compare	Build, verify native launch, calibrate cells and compare processing	2026-09-12T22:02:34.7437157Z Get:307 http://archive.ubuntu.com/ubuntu resolute/main amd64 libsodium23 amd64 1.0.18-2 [165 kB]
compare	Build, verify native launch, calibrate cells and compare processing	2026-09-12T22:02:34.7634964Z Get:308 http://archive.ubuntu.com/ubuntu resolute/universe amd64 libzmq5 amd64 4.3.5-1build3 [262 kB]
compare	Build, verify native launch, calibrate cells and compare processing	2026-09-12T22:02:34.8150294Z Get:309 http://archive.ubuntu.com/ubuntu resolute/universe amd64 libavformat62 amd64 7:8.0.1-3ubuntu2 [1291 kB]
compare	Build, verify native launch, calibrate cells and compare processing	2026-09-12T22:02:34.9467988Z Get:310 http://archive.ubuntu.com/ubuntu resolute/universe amd64 libbs2b0 amd64 3.1.0+dfsg-8build1 [11.7 kB]
compare	Build, verify native launch, calibrate cells and compare processing	2026-09-12T22:02:34.9468848Z Get:311 http://archive.ubuntu.com/ubuntu resolute/universe amd64 libflite1 amd64 2.2-7build1 [13.5 MB]
compare	Build, verify native launch, calibrate cells and compare processing	2026-09-12T22:02:35.2804487Z Get:312 http://archive.ubuntu.com/ubuntu resolute/universe amd64 libserd-0-0 amd64 0.32.6-1 [44.7 kB]
compare	Build, verify native launch, calibrate cells and compare processing	2026-09-12T22:02:35.2818670Z Get:313 http://archive.ubuntu.com/ubuntu resolute/universe amd64 libzix-0-0 amd64 0.8.0-1 [24.9 kB]
compare	Build, verify native launch, calibrate cells and compare processing	2026-09-12T22:02:35.2819813Z Get:314 http://archive.ubuntu.com/ubuntu resolute/universe amd64 libsord-0-0 amd64 0.16.20-1 [16.0 kB]
compare	Build, verify native launch, calibrate cells and compare processing	2026-09-12T22:02:35.2821259Z Get:315 http://archive.ubuntu.com/ubuntu resolute/universe amd64 libsratom-0-0 amd64 0.6.20-1 [17.8 kB]
compare	Build, verify native launch, calibrate cells and compare processing	2026-09-12T22:02:35.2824007Z Get:316 http://archive.ubuntu.com/ubuntu resolute/universe amd64 liblilv-0-0 amd64 0.26.2-1 [44.2 kB]
compare	Build, verify native launch, calibrate cells and compare processing	2026-09-12T22:02:35.2829453Z Get:317 http://archive.ubuntu.com/ubuntu resolute/universe amd64 libmysofa1 amd64 1.3.3+dfsg-1ubuntu2 [1158 kB]
compare	Build, verify native launch, calibrate cells and compare processing	2026-09-12T22:02:35.2905229Z Get:318 http://archive.ubuntu.com/ubuntu resolute/universe amd64 libplacebo360 amd64 7.360.0-3 [2982 kB]
compare	Build, verify native launch, calibrate cells and compare processing	2026-09-12T22:02:35.3114296Z Get:319 http://archive.ubuntu.com/ubuntu resolute/main amd64 libfftw3-double3 amd64 3.3.10-2fakesync1build3 [833 kB]
compare	Build, verify native launch, calibrate cells and compare processing	2026-09-12T22:02:35.3362595Z Get:320 http://archive.ubuntu.com/ubuntu resolute/main amd64 libsamplerate0 amd64 0.2.2-4build2 [1343 kB]
compare	Build, verify native launch, calibrate cells and compare processing	2026-09-12T22:02:35.3447706Z Get:321 http://archive.ubuntu.com/ubuntu resolute/universe amd64 librubberband3 amd64 4.0.0+dfsg-2ubuntu1 [152 kB]
compare	Build, verify native launch, calibrate cells and compare processing	2026-09-12T22:02:35.3459288Z Get:322 http://archive.ubuntu.com/ubuntu resolute/universe amd64 libswscale9 amd64 7:8.0.1-3ubuntu2 [411 kB]
compare	Build, verify native launch, calibrate cells and compare processing	2026-09-12T22:02:35.3991708Z Get:323 http://archive.ubuntu.com/ubuntu resolute/universe amd64 libvidstab1.1 amd64 1.1.0-2.1 [38.4 kB]
compare	Build, verify native launch, calibrate cells and compare processing	2026-09-12T22:02:35.4001256Z Get:324 http://archive.ubuntu.com/ubuntu resolute/universe amd64 libzimg2 amd64 3.0.6+ds1-1 [205 kB]
compare	Build, verify native launch, calibrate cells and compare processing	2026-09-12T22:02:35.4018006Z Get:325 http://archive.ubuntu.com/ubuntu resolute/universe amd64 libavfilter11 amd64 7:8.0.1-3ubuntu2 [4873 kB]
compare	Build, verify native launch, calibrate cells and compare processing	2026-09-12T22:02:35.4314971Z Get:326 http://archive.ubuntu.com/ubuntu resolute/main amd64 libbrotli-dev amd64 1.2.0-3build1 [364 kB]
compare	Build, verify native launch, calibrate cells and compare processing	2026-09-12T22:02:35.4338016Z Get:327 http://archive.ubuntu.com/ubuntu resolute-updates/main amd64 libbz2-dev amd64 1.0.8-6ubuntu0.1 [36.2 kB]
compare	Build, verify native launch, calibrate cells and compare processing	2026-09-12T22:02:35.4359724Z Get:328 http://archive.ubuntu.com/ubuntu resolute/main amd64 libdisplay-info3 amd64 0.3.0-1 [87.8 kB]
compare	Build, verify native launch, calibrate cells and compare processing	2026-09-12T22:02:35.4361300Z Get:329 http://archive.ubuntu.com/ubuntu resolute/main amd64 libexpat1-dev amd64 2.7.4-1 [145 kB]
compare	Build, verify native launch, calibrate cells and compare processing	2026-09-12T22:02:35.4580435Z Get:330 http://archive.ubuntu.com/ubuntu resolute/main amd64 libfftw3-single3 amd64 3.3.10-2fakesync1build3 [865 kB]
compare	Build, verify native launch, calibrate cells and compare processing	2026-09-12T22:02:35.4636114Z Get:331 http://archive.ubuntu.com/ubuntu resolute/main amd64 libflac14 amd64 1.5.0+ds-5 [168 kB]
compare	Build, verify native launch, calibrate cells and compare processing	2026-09-12T22:02:35.4648753Z Get:332 http://archive.ubuntu.com/ubuntu resolute-updates/main amd64 zlib1g-dev amd64 1:1.3.dfsg+really1.3.1-1ubuntu3.1 [895 kB]
compare	Build, verify native launch, calibrate cells and compare processing	2026-09-12T22:02:35.5166022Z Get:333 http://archive.ubuntu.com/ubuntu resolute/main amd64 libpng-dev amd64 1.6.57-1 [274 kB]
compare	Build, verify native launch, calibrate cells and compare processing	2026-09-12T22:02:35.5187674Z Get:334 http://archive.ubuntu.com/ubuntu resolute-updates/main amd64 libfreetype-dev amd64 2.14.2+dfsg-1ubuntu0.1 [586 kB]
compare	Build, verify native launch, calibrate cells and compare processing	2026-09-12T22:02:35.5222943Z Get:335 http://archive.ubuntu.com/ubuntu resolute-updates/main amd64 uuid-dev amd64 2.41.3-3ubuntu2.2 [49.1 kB]
compare	Build, verify native launch, calibrate cells and compare processing	2026-09-12T22:02:35.5227859Z Get:336 http://archive.ubuntu.com/ubuntu resolute/main amd64 libpkgconf7 amd64 2.5.1-4 [38.8 kB]
compare	Build, verify native launch, calibrate cells and compare processing	2026-09-12T22:02:35.5232960Z Get:337 http://archive.ubuntu.com/ubuntu resolute/main amd64 pkgconf-bin amd64 2.5.1-4 [22.7 kB]
compare	Build, verify native launch, calibrate cells and compare processing	2026-09-12T22:02:35.5237290Z Get:338 http://archive.ubuntu.com/ubuntu resolute/main amd64 pkgconf amd64 2.5.1-4 [20.0 kB]
compare	Build, verify native launch, calibrate cells and compare processing	2026-09-12T22:02:35.5241912Z Get:339 http://archive.ubuntu.com/ubuntu resolute/main amd64 libfontconfig-dev amd64 2.17.1-3ubuntu1 [166 kB]
compare	Build, verify native launch, calibrate cells and compare processing	2026-09-12T22:02:35.5754501Z Get:340 http://archive.ubuntu.com/ubuntu resolute/main amd64 libfontconfig1-dev amd64 2.17.1-3ubuntu1 [1828 B]
compare	Build, verify native launch, calibrate cells and compare processing	2026-09-12T22:02:35.5760185Z Get:341 http://archive.ubuntu.com/ubuntu resolute/main amd64 libicu78 amd64 78.2-2ubuntu1 [11.5 MB]
compare	Build, verify native launch, calibrate cells and compare processing	2026-09-12T22:02:35.6583356Z Get:342 http://archive.ubuntu.com/ubuntu resolute-updates/main amd64 libwinpr3-3 amd64 3.31.0+dfsg-0ubuntu0.26.04.1 [399 kB]
compare	Build, verify native launch, calibrate cells and compare processing	2026-09-12T22:02:35.6607371Z Get:343 http://archive.ubuntu.com/ubuntu resolute/main amd64 libxkbfile1 amd64 1:1.1.0-1build5 [70.1 kB]
compare	Build, verify native launch, calibrate cells and compare processing	2026-09-12T22:02:35.6614213Z Get:344 http://archive.ubuntu.com/ubuntu resolute-updates/main amd64 libfreerdp3-3 amd64 3.31.0+dfsg-0ubuntu0.26.04.1 [813 kB]
compare	Build, verify native launch, calibrate cells and compare processing	2026-09-12T22:02:35.6664679Z Get:345 http://archive.ubuntu.com/ubuntu resolute-updates/main amd64 libfreerdp-server3-3 amd64 3.31.0+dfsg-0ubuntu0.26.04.1 [103 kB]
compare	Build, verify native launch, calibrate cells and compare processing	2026-09-12T22:02:35.6673112Z Get:346 http://archive.ubuntu.com/ubuntu resolute/main amd64 libwacom-common all 2.18.0-1 [117 kB]
compare	Build, verify native launch, calibrate cells and compare processing	2026-09-12T22:02:35.6683800Z Get:347 http://archive.ubuntu.com/ubuntu resolute/main amd64 libwacom9 amd64 2.18.0-1 [28.4 kB]
compare	Build, verify native launch, calibrate cells and compare processing	2026-09-12T22:02:35.6688634Z Get:348 http://archive.ubuntu.com/ubuntu resolute-updates/main amd64 libinput-bin amd64 1.31.1-1ubuntu1.1 [24.3 kB]
compare	Build, verify native launch, calibrate cells and compare processing	2026-09-12T22:02:35.6693488Z Get:349 http://archive.ubuntu.com/ubuntu resolute/main amd64 libmtdev1t64 amd64 1.1.7-1build1 [15.2 kB]
compare	Build, verify native launch, calibrate cells and compare processing	2026-09-12T22:02:35.6922413Z Get:350 http://archive.ubuntu.com/ubuntu resolute-updates/main amd64 libinput10 amd64 1.31.1-1ubuntu1.1 [161 kB]
compare	Build, verify native launch, calibrate cells and compare processing	2026-09-12T22:02:35.7512622Z Get:351 http://archive.ubuntu.com/ubuntu resolute/universe amd64 libturbojpeg0 amd64 1:2.1.5-4ubuntu4 [196 kB]
compare	Build, verify native launch, calibrate cells and compare processing	2026-09-12T22:02:35.7541528Z Get:352 http://archive.ubuntu.com/ubuntu resolute/universe amd64 libneatvnc0 amd64 0.9.1+dfsg-1build1 [70.0 kB]
compare	Build, verify native launch, calibrate cells and compare processing	2026-09-12T22:02:35.7554657Z Get:353 http://archive.ubuntu.com/ubuntu resolute/main amd64 libsndfile1 amd64 1.2.2-4 [219 kB]
compare	Build, verify native launch, calibrate cells and compare processing	2026-09-12T22:02:35.7570678Z Get:354 http://archive.ubuntu.com/ubuntu resolute/main amd64 libwebrtc-audio-processing-1-3 amd64 1.3-3build2 [411 kB]
compare	Build, verify native launch, calibrate cells and compare processing	2026-09-12T22:02:35.7597609Z Get:355 http://archive.ubuntu.com/ubuntu resolute-updates/main amd64 libspa-0.2-modules amd64 1.6.2-1ubuntu1.1 [1152 kB]
compare	Build, verify native launch, calibrate cells and compare processing	2026-09-12T22:02:35.7665476Z Get:356 http://archive.ubuntu.com/ubuntu resolute-updates/main amd64 libpipewire-0.3-0t64 amd64 1.6.2-1ubuntu1.1 [301 kB]
compare	Build, verify native launch, calibrate cells and compare processing	2026-09-12T22:02:35.7685174Z Get:357 http://archive.ubuntu.com/ubuntu resolute/universe amd64 libseat1 amd64 0.9.2-2 [28.1 kB]
compare	Build, verify native launch, calibrate cells and compare processing	2026-09-12T22:02:35.7689257Z Get:358 http://archive.ubuntu.com/ubuntu resolute/main amd64 libwayland-server0 amd64 1.24.0-2 [35.9 kB]
compare	Build, verify native launch, calibrate cells and compare processing	2026-09-12T22:02:35.7695352Z Get:359 http://archive.ubuntu.com/ubuntu resolute/main amd64 libxcb-composite0 amd64 1.17.0-2ubuntu1 [5368 B]
compare	Build, verify native launch, calibrate cells and compare processing	2026-09-12T22:02:35.8097884Z Get:360 http://archive.ubuntu.com/ubuntu resolute/universe amd64 libweston-14-0 amd64 14.0.2-5 [447 kB]
compare	Build, verify native launch, calibrate cells and compare processing	2026-09-12T22:02:35.8684834Z Get:361 http://archive.ubuntu.com/ubuntu resolute/main amd64 x11-common all 1:7.7+26ubuntu1 [22.5 kB]
compare	Build, verify native launch, calibrate cells and compare processing	2026-09-12T22:02:35.8694648Z Get:362 http://archive.ubuntu.com/ubuntu resolute/main amd64 libxtst6 amd64 2:1.2.5-1build1 [13.1 kB]
compare	Build, verify native launch, calibrate cells and compare processing	2026-09-12T22:02:35.8700157Z Get:363 http://archive.ubuntu.com/ubuntu resolute/main amd64 pkg-config amd64 2.5.1-4 [7684 B]
compare	Build, verify native launch, calibrate cells and compare processing	2026-09-12T22:02:35.8704829Z Get:364 http://archive.ubuntu.com/ubuntu resolute/universe amd64 weston amd64 14.0.2-5 [988 kB]
compare	Build, verify native launch, calibrate cells and compare processing	2026-09-12T22:02:35.8762064Z Get:365 http://archive.ubuntu.com/ubuntu resolute/universe amd64 libxdo3 amd64 1:3.20160805.1-5.1build1 [22.5 kB]
compare	Build, verify native launch, calibrate cells and compare processing	2026-09-12T22:02:35.8766001Z Get:366 http://archive.ubuntu.com/ubuntu resolute/universe amd64 xdotool amd64 1:3.20160805.1-5.1build1 [43.0 kB]
compare	Build, verify native launch, calibrate cells and compare processing	2026-09-12T22:02:43.7762250Z Preconfiguring packages ...
compare	Build, verify native launch, calibrate cells and compare processing	2026-09-12T22:02:43.8591635Z Fetched 383 MB in 15s (24.9 MB/s)
compare	Build, verify native launch, calibrate cells and compare processing	2026-09-12T22:02:43.8710401Z (Reading database ... 
compare	Build, verify native launch, calibrate cells and compare processing	2026-09-12T22:02:43.8710938Z (Reading database ... 5%
compare	Build, verify native launch, calibrate cells and compare processing	2026-09-12T22:02:43.8711323Z (Reading database ... 10%
compare	Build, verify native launch, calibrate cells and compare processing	2026-09-12T22:02:43.8711611Z (Reading database ... 15%
compare	Build, verify native launch, calibrate cells and compare processing	2026-09-12T22:02:43.8711978Z (Reading database ... 20%
compare	Build, verify native launch, calibrate cells and compare processing	2026-09-12T22:02:43.8712295Z (Reading database ... 25%
compare	Build, verify native launch, calibrate cells and compare processing	2026-09-12T22:02:43.8712647Z (Reading database ... 30%
compare	Build, verify native launch, calibrate cells and compare processing	2026-09-12T22:02:43.8712950Z (Reading database ... 35%
compare	Build, verify native launch, calibrate cells and compare processing	2026-09-12T22:02:43.8713299Z (Reading database ... 40%
compare	Build, verify native launch, calibrate cells and compare processing	2026-09-12T22:02:43.8713640Z (Reading database ... 45%
compare	Build, verify native launch, calibrate cells and compare processing	2026-09-12T22:02:43.8713978Z (Reading database ... 50%
compare	Build, verify native launch, calibrate cells and compare processing	2026-09-12T22:02:43.8714312Z (Reading database ... 55%
compare	Build, verify native launch, calibrate cells and compare processing	2026-09-12T22:02:43.8714653Z (Reading database ... 60%
compare	Build, verify native launch, calibrate cells and compare processing	2026-09-12T22:02:43.8719594Z (Reading database ... 65%
compare	Build, verify native launch, calibrate cells and compare processing	2026-09-12T22:02:43.8735205Z (Reading database ... 70%
compare	Build, verify native launch, calibrate cells and compare processing	2026-09-12T22:02:43.8738157Z (Reading database ... 75%
compare	Build, verify native launch, calibrate cells and compare processing	2026-09-12T22:02:43.8741401Z (Reading database ... 80%
compare	Build, verify native launch, calibrate cells and compare processing	2026-09-12T22:02:43.8744159Z (Reading database ... 85%
compare	Build, verify native launch, calibrate cells and compare processing	2026-09-12T22:02:43.8746810Z (Reading database ... 90%
compare	Build, verify native launch, calibrate cells and compare processing	2026-09-12T22:02:43.8754120Z (Reading database ... 95%
compare	Build, verify native launch, calibrate cells and compare processing	2026-09-12T22:02:43.8754528Z (Reading database ... 100%
compare	Build, verify native launch, calibrate cells and compare processing	2026-09-12T22:02:43.8755063Z (Reading database ... 7724 files and directories currently installed.)
compare	Build, verify native launch, calibrate cells and compare processing	2026-09-12T22:02:43.8757569Z Preparing to unpack .../perl-base_5.40.1-7ubuntu0.3_amd64.deb ...
compare	Build, verify native launch, calibrate cells and compare processing	2026-09-12T22:02:43.8780018Z Unpacking perl-base (5.40.1-7ubuntu0.3) over (5.40.1-7ubuntu0.1) ...
compare	Build, verify native launch, calibrate cells and compare processing	2026-09-12T22:02:44.3026417Z Setting up perl-base (5.40.1-7ubuntu0.3) ...
compare	Build, verify native launch, calibrate cells and compare processing	2026-09-12T22:02:44.3149503Z (Reading database ... 
compare	Build, verify native launch, calibrate cells and compare processing	2026-09-12T22:02:44.3149946Z (Reading database ... 5%
compare	Build, verify native launch, calibrate cells and compare processing	2026-09-12T22:02:44.3150315Z (Reading database ... 10%
compare	Build, verify native launch, calibrate cells and compare processing	2026-09-12T22:02:44.3150682Z (Reading database ... 15%
compare	Build, verify native launch, calibrate cells and compare processing	2026-09-12T22:02:44.3151405Z (Reading database ... 20%
compare	Build, verify native launch, calibrate cells and compare processing	2026-09-12T22:02:44.3151750Z (Reading database ... 25%
compare	Build, verify native launch, calibrate cells and compare processing	2026-09-12T22:02:44.3152352Z (Reading database ... 30%
compare	Build, verify native launch, calibrate cells and compare processing	2026-09-12T22:02:44.3152691Z (Reading database ... 35%
compare	Build, verify native launch, calibrate cells and compare processing	2026-09-12T22:02:44.3153287Z (Reading database ... 40%
compare	Build, verify native launch, calibrate cells and compare processing	2026-09-12T22:02:44.3154091Z (Reading database ... 45%
compare	Build, verify native launch, calibrate cells and compare processing	2026-09-12T22:02:44.3154443Z (Reading database ... 50%
compare	Build, verify native launch, calibrate cells and compare processing	2026-09-12T22:02:44.3154781Z (Reading database ... 55%
compare	Build, verify native launch, calibrate cells and compare processing	2026-09-12T22:02:44.3155122Z (Reading database ... 60%
compare	Build, verify native launch, calibrate cells and compare processing	2026-09-12T22:02:44.3155494Z (Reading database ... 65%
compare	Build, verify native launch, calibrate cells and compare processing	2026-09-12T22:02:44.3169368Z (Reading database ... 70%
compare	Build, verify native launch, calibrate cells and compare processing	2026-09-12T22:02:44.3171558Z (Reading database ... 75%
compare	Build, verify native launch, calibrate cells and compare processing	2026-09-12T22:02:44.3192603Z (Reading database ... 80%
compare	Build, verify native launch, calibrate cells and compare processing	2026-09-12T22:02:44.3193150Z (Reading database ... 85%
compare	Build, verify native launch, calibrate cells and compare processing	2026-09-12T22:02:44.3193409Z (Reading database ... 90%
compare	Build, verify native launch, calibrate cells and compare processing	2026-09-12T22:02:44.3193733Z (Reading database ... 95%
compare	Build, verify native launch, calibrate cells and compare processing	2026-09-12T22:02:44.3194031Z (Reading database ... 100%
compare	Build, verify native launch, calibrate cells and compare processing	2026-09-12T22:02:44.3194452Z (Reading database ... 7724 files and directories currently installed.)
compare	Build, verify native launch, calibrate cells and compare processing	2026-09-12T22:02:44.3195102Z Preparing to unpack .../libc-gconv-modules-extra_2.43-2ubuntu2.4_amd64.deb ...
compare	Build, verify native launch, calibrate cells and compare processing	2026-09-12T22:02:44.3209409Z Unpacking libc-gconv-modules-extra:amd64 (2.43-2ubuntu2.4) over (2.43-2ubuntu2.3) ...
compare	Build, verify native launch, calibrate cells and compare processing	2026-09-12T22:02:44.5078563Z Setting up libc-gconv-modules-extra:amd64 (2.43-2ubuntu2.4) ...
compare	Build, verify native launch, calibrate cells and compare processing	2026-09-12T22:02:44.5235541Z (Reading database ... 
compare	Build, verify native launch, calibrate cells and compare processing	2026-09-12T22:02:44.5236453Z (Reading database ... 5%
compare	Build, verify native launch, calibrate cells and compare processing	2026-09-12T22:02:44.5237241Z (Reading database ... 10%
compare	Build, verify native launch, calibrate cells and compare processing	2026-09-12T22:02:44.5237667Z (Reading database ... 15%
compare	Build, verify native launch, calibrate cells and compare processing	2026-09-12T22:02:44.5238337Z (Reading database ... 20%
compare	Build, verify native launch, calibrate cells and compare processing	2026-09-12T22:02:44.5238685Z (Reading database ... 25%
compare	Build, verify native launch, calibrate cells and compare processing	2026-09-12T22:02:44.5239037Z (Reading database ... 30%
compare	Build, verify native launch, calibrate cells and compare processing	2026-09-12T22:02:44.5239374Z (Reading database ... 35%
compare	Build, verify native launch, calibrate cells and compare processing	2026-09-12T22:02:44.5239723Z (Reading database ... 40%
compare	Build, verify native launch, calibrate cells and compare processing	2026-09-12T22:02:44.5239944Z (Reading database ... 45%
compare	Build, verify native launch, calibrate cells and compare processing	2026-09-12T22:02:44.5240162Z (Reading database ... 50%
compare	Build, verify native launch, calibrate cells and compare processing	2026-09-12T22:02:44.5240379Z (Reading database ... 55%
compare	Build, verify native launch, calibrate cells and compare processing	2026-09-12T22:02:44.5240599Z (Reading database ... 60%
compare	Build, verify native launch, calibrate cells and compare processing	2026-09-12T22:02:44.5241047Z (Reading database ... 65%
compare	Build, verify native launch, calibrate cells and compare processing	2026-09-12T22:02:44.5249894Z (Reading database ... 70%
compare	Build, verify native launch, calibrate cells and compare processing	2026-09-12T22:02:44.5252864Z (Reading database ... 75%
compare	Build, verify native launch, calibrate cells and compare processing	2026-09-12T22:02:44.5255687Z (Reading database ... 80%
compare	Build, verify native launch, calibrate cells and compare processing	2026-09-12T22:02:44.5258342Z (Reading database ... 85%
compare	Build, verify native launch, calibrate cells and compare processing	2026-09-12T22:02:44.5262028Z (Reading database ... 90%
compare	Build, verify native launch, calibrate cells and compare processing	2026-09-12T22:02:44.5267723Z (Reading database ... 95%
compare	Build, verify native launch, calibrate cells and compare processing	2026-09-12T22:02:44.5268225Z (Reading database ... 100%
compare	Build, verify native launch, calibrate cells and compare processing	2026-09-12T22:02:44.5268761Z (Reading database ... 7724 files and directories currently installed.)
compare	Build, verify native launch, calibrate cells and compare processing	2026-09-12T22:02:44.5272027Z Preparing to unpack .../libc6_2.43-2ubuntu2.4_amd64.deb ...
compare	Build, verify native launch, calibrate cells and compare processing	2026-09-12T22:02:44.6150529Z Unpacking libc6:amd64 (2.43-2ubuntu2.4) over (2.43-2ubuntu2.3) ...
compare	Build, verify native launch, calibrate cells and compare processing	2026-09-12T22:02:44.6711656Z Setting up libc6:amd64 (2.43-2ubuntu2.4) ...
compare	Build, verify native launch, calibrate cells and compare processing	2026-09-12T22:02:44.7479034Z (Reading database ... 
compare	Build, verify native launch, calibrate cells and compare processing	2026-09-12T22:02:44.7479666Z (Reading database ... 5%
compare	Build, verify native launch, calibrate cells and compare processing	2026-09-12T22:02:44.7480305Z (Reading database ... 10%
compare	Build, verify native launch, calibrate cells and compare processing	2026-09-12T22:02:44.7480888Z (Reading database ... 15%
compare	Build, verify native launch, calibrate cells and compare processing	2026-09-12T22:02:44.7481867Z (Reading database ... 20%
compare	Build, verify native launch, calibrate cells and compare processing	2026-09-12T22:02:44.7482356Z (Reading database ... 25%
compare	Build, verify native launch, calibrate cells and compare processing	2026-09-12T22:02:44.7482699Z (Reading database ... 30%
compare	Build, verify native launch, calibrate cells and compare processing	2026-09-12T22:02:44.7483046Z (Reading database ... 35%
compare	Build, verify native launch, calibrate cells and compare processing	2026-09-12T22:02:44.7483396Z (Reading database ... 40%
compare	Build, verify native launch, calibrate cells and compare processing	2026-09-12T22:02:44.7483779Z (Reading database ... 45%
compare	Build, verify native launch, calibrate cells and compare processing	2026-09-12T22:02:44.7484109Z (Reading database ... 50%
compare	Build, verify native launch, calibrate cells and compare processing	2026-09-12T22:02:44.7484435Z (Reading database ... 55%
compare	Build, verify native launch, calibrate cells and compare processing	2026-09-12T22:02:44.7484778Z (Reading database ... 60%
compare	Build, verify native launch, calibrate cells and compare processing	2026-09-12T22:02:44.7485122Z (Reading database ... 65%
compare	Build, verify native launch, calibrate cells and compare processing	2026-09-12T22:02:44.7495779Z (Reading database ... 70%
compare	Build, verify native launch, calibrate cells and compare processing	2026-09-12T22:02:44.7498683Z (Reading database ... 75%
compare	Build, verify native launch, calibrate cells and compare processing	2026-09-12T22:02:44.7501301Z (Reading database ... 80%
compare	Build, verify native launch, calibrate cells and compare processing	2026-09-12T22:02:44.7504087Z (Reading database ... 85%
compare	Build, verify native launch, calibrate cells and compare processing	2026-09-12T22:02:44.7506734Z (Reading database ... 90%
compare	Build, verify native launch, calibrate cells and compare processing	2026-09-12T22:02:44.7513887Z (Reading database ... 95%
compare	Build, verify native launch, calibrate cells and compare processing	2026-09-12T22:02:44.7514366Z (Reading database ... 100%
compare	Build, verify native launch, calibrate cells and compare processing	2026-09-12T22:02:44.7514883Z (Reading database ... 7724 files and directories currently installed.)
compare	Build, verify native launch, calibrate cells and compare processing	2026-09-12T22:02:44.7517951Z Preparing to unpack .../libc-bin_2.43-2ubuntu2.4_amd64.deb ...
compare	Build, verify native launch, calibrate cells and compare processing	2026-09-12T22:02:44.7537344Z Unpacking libc-bin (2.43-2ubuntu2.4) over (2.43-2ubuntu2.3) ...
compare	Build, verify native launch, calibrate cells and compare processing	2026-09-12T22:02:44.7924210Z Setting up libc-bin (2.43-2ubuntu2.4) ...
compare	Build, verify native launch, calibrate cells and compare processing	2026-09-12T22:02:44.8173815Z Selecting previously unselected package libexpat1:amd64.
compare	Build, verify native launch, calibrate cells and compare processing	2026-09-12T22:02:44.8183326Z (Reading database ... 
compare	Build, verify native launch, calibrate cells and compare processing	2026-09-12T22:02:44.8183995Z (Reading database ... 5%
compare	Build, verify native launch, calibrate cells and compare processing	2026-09-12T22:02:44.8184784Z (Reading database ... 10%
compare	Build, verify native launch, calibrate cells and compare processing	2026-09-12T22:02:44.8185192Z (Reading database ... 15%
compare	Build, verify native launch, calibrate cells and compare processing	2026-09-12T22:02:44.8185550Z (Reading database ... 20%
compare	Build, verify native launch, calibrate cells and compare processing	2026-09-12T22:02:44.8185889Z (Reading database ... 25%
compare	Build, verify native launch, calibrate cells and compare processing	2026-09-12T22:02:44.8186207Z (Reading database ... 30%
compare	Build, verify native launch, calibrate cells and compare processing	2026-09-12T22:02:44.8186580Z (Reading database ... 35%
compare	Build, verify native launch, calibrate cells and compare processing	2026-09-12T22:02:44.8186930Z (Reading database ... 40%
compare	Build, verify native launch, calibrate cells and compare processing	2026-09-12T22:02:44.8187238Z (Reading database ... 45%
compare	Build, verify native launch, calibrate cells and compare processing	2026-09-12T22:02:44.8187578Z (Reading database ... 50%
compare	Build, verify native launch, calibrate cells and compare processing	2026-09-12T22:02:44.8187906Z (Reading database ... 55%
compare	Build, verify native launch, calibrate cells and compare processing	2026-09-12T22:02:44.8188247Z (Reading database ... 60%
compare	Build, verify native launch, calibrate cells and compare processing	2026-09-12T22:02:44.8193437Z (Reading database ... 65%
compare	Build, verify native launch, calibrate cells and compare processing	2026-09-12T22:02:44.8208584Z (Reading database ... 70%
compare	Build, verify native launch, calibrate cells and compare processing	2026-09-12T22:02:44.8211851Z (Reading database ... 75%
compare	Build, verify native launch, calibrate cells and compare processing	2026-09-12T22:02:44.8213896Z (Reading database ... 80%
compare	Build, verify native launch, calibrate cells and compare processing	2026-09-12T22:02:44.8216899Z (Reading database ... 85%
compare	Build, verify native launch, calibrate cells and compare processing	2026-09-12T22:02:44.8219597Z (Reading database ... 90%
compare	Build, verify native launch, calibrate cells and compare processing	2026-09-12T22:02:44.8226413Z (Reading database ... 95%
compare	Build, verify native launch, calibrate cells and compare processing	2026-09-12T22:02:44.8226805Z (Reading database ... 100%
compare	Build, verify native launch, calibrate cells and compare processing	2026-09-12T22:02:44.8227352Z (Reading database ... 7724 files and directories currently installed.)
compare	Build, verify native launch, calibrate cells and compare processing	2026-09-12T22:02:44.8231343Z Preparing to unpack .../libexpat1_2.7.4-1_amd64.deb ...
compare	Build, verify native launch, calibrate cells and compare processing	2026-09-12T22:02:44.8245684Z Unpacking libexpat1:amd64 (2.7.4-1) ...
compare	Build, verify native launch, calibrate cells and compare processing	2026-09-12T22:02:44.8377037Z Selecting previously unselected package libpython3.14-minimal:amd64.
compare	Build, verify native launch, calibrate cells and compare processing	2026-09-12T22:02:44.8383774Z Preparing to unpack .../libpython3.14-minimal_3.14.4-1ubuntu0.2_amd64.deb ...
compare	Build, verify native launch, calibrate cells and compare processing	2026-09-12T22:02:44.8390648Z Unpacking libpython3.14-minimal:amd64 (3.14.4-1ubuntu0.2) ...
compare	Build, verify native launch, calibrate cells and compare processing	2026-09-12T22:02:44.9056229Z Selecting previously unselected package python3.14-minimal.
compare	Build, verify native launch, calibrate cells and compare processing	2026-09-12T22:02:44.9066316Z Preparing to unpack .../python3.14-minimal_3.14.4-1ubuntu0.2_amd64.deb ...
compare	Build, verify native launch, calibrate cells and compare processing	2026-09-12T22:02:44.9130159Z Unpacking python3.14-minimal (3.14.4-1ubuntu0.2) ...
compare	Build, verify native launch, calibrate cells and compare processing	2026-09-12T22:02:44.9531828Z Setting up libpython3.14-minimal:amd64 (3.14.4-1ubuntu0.2) ...
compare	Build, verify native launch, calibrate cells and compare processing	2026-09-12T22:02:44.9564162Z Setting up libexpat1:amd64 (2.7.4-1) ...
compare	Build, verify native launch, calibrate cells and compare processing	2026-09-12T22:02:44.9581611Z Setting up python3.14-minimal (3.14.4-1ubuntu0.2) ...
compare	Build, verify native launch, calibrate cells and compare processing	2026-09-12T22:02:45.7831711Z Selecting previously unselected package python3-minimal.
compare	Build, verify native launch, calibrate cells and compare processing	2026-09-12T22:02:45.7840198Z (Reading database ... 
compare	Build, verify native launch, calibrate cells and compare processing	2026-09-12T22:02:45.7840632Z (Reading database ... 5%
compare	Build, verify native launch, calibrate cells and compare processing	2026-09-12T22:02:45.7841456Z (Reading database ... 10%
compare	Build, verify native launch, calibrate cells and compare processing	2026-09-12T22:02:45.7841837Z (Reading database ... 15%
compare	Build, verify native launch, calibrate cells and compare processing	2026-09-12T22:02:45.7842194Z (Reading database ... 20%
compare	Build, verify native launch, calibrate cells and compare processing	2026-09-12T22:02:45.7842545Z (Reading database ... 25%
compare	Build, verify native launch, calibrate cells and compare processing	2026-09-12T22:02:45.7842896Z (Reading database ... 30%
compare	Build, verify native launch, calibrate cells and compare processing	2026-09-12T22:02:45.7843244Z (Reading database ... 35%
compare	Build, verify native launch, calibrate cells and compare processing	2026-09-12T22:02:45.7843604Z (Reading database ... 40%
compare	Build, verify native launch, calibrate cells and compare processing	2026-09-12T22:02:45.7843969Z (Reading database ... 45%
compare	Build, verify native launch, calibrate cells and compare processing	2026-09-12T22:02:45.7844325Z (Reading database ... 50%
compare	Build, verify native launch, calibrate cells and compare processing	2026-09-12T22:02:45.7844684Z (Reading database ... 55%
compare	Build, verify native launch, calibrate cells and compare processing	2026-09-12T22:02:45.7845077Z (Reading database ... 60%
compare	Build, verify native launch, calibrate cells and compare processing	2026-09-12T22:02:45.7856582Z (Reading database ... 65%
compare	Build, verify native launch, calibrate cells and compare processing	2026-09-12T22:02:45.7875334Z (Reading database ... 70%
compare	Build, verify native launch, calibrate cells and compare processing	2026-09-12T22:02:45.7877956Z (Reading database ... 75%
compare	Build, verify native launch, calibrate cells and compare processing	2026-09-12T22:02:45.7880893Z (Reading database ... 80%
compare	Build, verify native launch, calibrate cells and compare processing	2026-09-12T22:02:45.7883566Z (Reading database ... 85%
compare	Build, verify native launch, calibrate cells and compare processing	2026-09-12T22:02:45.7887759Z (Reading database ... 90%
compare	Build, verify native launch, calibrate cells and compare processing	2026-09-12T22:02:45.7894238Z (Reading database ... 95%
compare	Build, verify native launch, calibrate cells and compare processing	2026-09-12T22:02:45.7894563Z (Reading database ... 100%
compare	Build, verify native launch, calibrate cells and compare processing	2026-09-12T22:02:45.7894902Z (Reading database ... 8078 files and directories currently installed.)
compare	Build, verify native launch, calibrate cells and compare processing	2026-09-12T22:02:45.7898740Z Preparing to unpack .../00-python3-minimal_3.14.3-0ubuntu2_amd64.deb ...
compare	Build, verify native launch, calibrate cells and compare processing	2026-09-12T22:02:45.7906261Z Unpacking python3-minimal (3.14.3-0ubuntu2) ...
compare	Build, verify native launch, calibrate cells and compare processing	2026-09-12T22:02:45.8027208Z Selecting previously unselected package media-types.
compare	Build, verify native launch, calibrate cells and compare processing	2026-09-12T22:02:45.8037194Z Preparing to unpack .../01-media-types_14.0.0build1_all.deb ...
compare	Build, verify native launch, calibrate cells and compare processing	2026-09-12T22:02:45.8043783Z Unpacking media-types (14.0.0build1) ...
compare	Build, verify native launch, calibrate cells and compare processing	2026-09-12T22:02:45.8158665Z Selecting previously unselected package netbase.
compare	Build, verify native launch, calibrate cells and compare processing	2026-09-12T22:02:45.8167481Z Preparing to unpack .../02-netbase_6.5build1_all.deb ...
compare	Build, verify native launch, calibrate cells and compare processing	2026-09-12T22:02:45.8175132Z Unpacking netbase (6.5build1) ...
compare	Build, verify native launch, calibrate cells and compare processing	2026-09-12T22:02:45.8296919Z Selecting previously unselected package tzdata.
compare	Build, verify native launch, calibrate cells and compare processing	2026-09-12T22:02:45.8306348Z Preparing to unpack .../03-tzdata_2026c-0ubuntu0.26.04.1_all.deb ...
compare	Build, verify native launch, calibrate cells and compare processing	2026-09-12T22:02:45.8314443Z Unpacking tzdata (2026c-0ubuntu0.26.04.1) ...
compare	Build, verify native launch, calibrate cells and compare processing	2026-09-12T22:02:45.8967787Z Selecting previously unselected package libffi8:amd64.
compare	Build, verify native launch, calibrate cells and compare processing	2026-09-12T22:02:45.8980153Z Preparing to unpack .../04-libffi8_3.5.2-4_amd64.deb ...
compare	Build, verify native launch, calibrate cells and compare processing	2026-09-12T22:02:45.8988011Z Unpacking libffi8:amd64 (3.5.2-4) ...
compare	Build, verify native launch, calibrate cells and compare processing	2026-09-12T22:02:45.9096401Z Selecting previously unselected package readline-common.
compare	Build, verify native launch, calibrate cells and compare processing	2026-09-12T22:02:45.9105468Z Preparing to unpack .../05-readline-common_8.3-4_all.deb ...
compare	Build, verify native launch, calibrate cells and compare processing	2026-09-12T22:02:45.9113546Z Unpacking readline-common (8.3-4) ...
compare	Build, verify native launch, calibrate cells and compare processing	2026-09-12T22:02:45.9236331Z Selecting previously unselected package libreadline8t64:amd64.
compare	Build, verify native launch, calibrate cells and compare processing	2026-09-12T22:02:45.9243809Z Preparing to unpack .../06-libreadline8t64_8.3-4_amd64.deb ...
compare	Build, verify native launch, calibrate cells and compare processing	2026-09-12T22:02:45.9281434Z Adding 'diversion of /lib/x86_64-linux-gnu/libhistory.so.8 to /lib/x86_64-linux-gnu/libhistory.so.8.usr-is-merged by libreadline8t64'
compare	Build, verify native launch, calibrate cells and compare processing	2026-09-12T22:02:45.9317386Z Adding 'diversion of /lib/x86_64-linux-gnu/libhistory.so.8.2 to /lib/x86_64-linux-gnu/libhistory.so.8.2.usr-is-merged by libreadline8t64'
compare	Build, verify native launch, calibrate cells and compare processing	2026-09-12T22:02:45.9346643Z Adding 'diversion of /lib/x86_64-linux-gnu/libreadline.so.8 to /lib/x86_64-linux-gnu/libreadline.so.8.usr-is-merged by libreadline8t64'
compare	Build, verify native launch, calibrate cells and compare processing	2026-09-12T22:02:45.9375825Z Adding 'diversion of /lib/x86_64-linux-gnu/libreadline.so.8.2 to /lib/x86_64-linux-gnu/libreadline.so.8.2.usr-is-merged by libreadline8t64'
compare	Build, verify native launch, calibrate cells and compare processing	2026-09-12T22:02:45.9391115Z Unpacking libreadline8t64:amd64 (8.3-4) ...
compare	Build, verify native launch, calibrate cells and compare processing	2026-09-12T22:02:45.9531020Z Selecting previously unselected package libsqlite3-0:amd64.
compare	Build, verify native launch, calibrate cells and compare processing	2026-09-12T22:02:45.9540207Z Preparing to unpack .../07-libsqlite3-0_3.46.1-9ubuntu0.2_amd64.deb ...
compare	Build, verify native launch, calibrate cells and compare processing	2026-09-12T22:02:45.9548232Z Unpacking libsqlite3-0:amd64 (3.46.1-9ubuntu0.2) ...
compare	Build, verify native launch, calibrate cells and compare processing	2026-09-12T22:02:45.9722253Z Selecting previously unselected package libpython3.14-stdlib:amd64.
compare	Build, verify native launch, calibrate cells and compare processing	2026-09-12T22:02:45.9732772Z Preparing to unpack .../08-libpython3.14-stdlib_3.14.4-1ubuntu0.2_amd64.deb ...
compare	Build, verify native launch, calibrate cells and compare processing	2026-09-12T22:02:45.9740350Z Unpacking libpython3.14-stdlib:amd64 (3.14.4-1ubuntu0.2) ...
compare	Build, verify native launch, calibrate cells and compare processing	2026-09-12T22:02:46.0605417Z Selecting previously unselected package python3.14.
compare	Build, verify native launch, calibrate cells and compare processing	2026-09-12T22:02:46.0619188Z Preparing to unpack .../09-python3.14_3.14.4-1ubuntu0.2_amd64.deb ...
compare	Build, verify native launch, calibrate cells and compare processing	2026-09-12T22:02:46.0626810Z Unpacking python3.14 (3.14.4-1ubuntu0.2) ...
compare	Build, verify native launch, calibrate cells and compare processing	2026-09-12T22:02:46.0764792Z Selecting previously unselected package libpython3-stdlib:amd64.
compare	Build, verify native launch, calibrate cells and compare processing	2026-09-12T22:02:46.0777715Z Preparing to unpack .../10-libpython3-stdlib_3.14.3-0ubuntu2_amd64.deb ...
compare	Build, verify native launch, calibrate cells and compare processing	2026-09-12T22:02:46.0784685Z Unpacking libpython3-stdlib:amd64 (3.14.3-0ubuntu2) ...
compare	Build, verify native launch, calibrate cells and compare processing	2026-09-12T22:02:46.0918026Z Setting up python3-minimal (3.14.3-0ubuntu2) ...
compare	Build, verify native launch, calibrate cells and compare processing	2026-09-12T22:02:46.2249488Z Selecting previously unselected package python3.
compare	Build, verify native launch, calibrate cells and compare processing	2026-09-12T22:02:46.2259615Z (Reading database ... 
compare	Build, verify native launch, calibrate cells and compare processing	2026-09-12T22:02:46.2260066Z (Reading database ... 5%
compare	Build, verify native launch, calibrate cells and compare processing	2026-09-12T22:02:46.2260446Z (Reading database ... 10%
compare	Build, verify native launch, calibrate cells and compare processing	2026-09-12T22:02:46.2261485Z (Reading database ... 15%
compare	Build, verify native launch, calibrate cells and compare processing	2026-09-12T22:02:46.2261851Z (Reading database ... 20%
compare	Build, verify native launch, calibrate cells and compare processing	2026-09-12T22:02:46.2262199Z (Reading database ... 25%
compare	Build, verify native launch, calibrate cells and compare processing	2026-09-12T22:02:46.2262557Z (Reading database ... 30%
compare	Build, verify native launch, calibrate cells and compare processing	2026-09-12T22:02:46.2262860Z (Reading database ... 35%
compare	Build, verify native launch, calibrate cells and compare processing	2026-09-12T22:02:46.2263076Z (Reading database ... 40%
compare	Build, verify native launch, calibrate cells and compare processing	2026-09-12T22:02:46.2263294Z (Reading database ... 45%
compare	Build, verify native launch, calibrate cells and compare processing	2026-09-12T22:02:46.2263509Z (Reading database ... 50%
compare	Build, verify native launch, calibrate cells and compare processing	2026-09-12T22:02:46.2263731Z (Reading database ... 55%
compare	Build, verify native launch, calibrate cells and compare processing	2026-09-12T22:02:46.2263955Z (Reading database ... 60%
compare	Build, verify native launch, calibrate cells and compare processing	2026-09-12T22:02:46.2269364Z (Reading database ... 65%
compare	Build, verify native launch, calibrate cells and compare processing	2026-09-12T22:02:46.2284516Z (Reading database ... 70%
compare	Build, verify native launch, calibrate cells and compare processing	2026-09-12T22:02:46.2287536Z (Reading database ... 75%
compare	Build, verify native launch, calibrate cells and compare processing	2026-09-12T22:02:46.2291067Z (Reading database ... 80%
compare	Build, verify native launch, calibrate cells and compare processing	2026-09-12T22:02:46.2294375Z (Reading database ... 85%
compare	Build, verify native launch, calibrate cells and compare processing	2026-09-12T22:02:46.2298842Z (Reading database ... 90%
compare	Build, verify native launch, calibrate cells and compare processing	2026-09-12T22:02:46.2306033Z (Reading database ... 95%
compare	Build, verify native launch, calibrate cells and compare processing	2026-09-12T22:02:46.2306477Z (Reading database ... 100%
compare	Build, verify native launch, calibrate cells and compare processing	2026-09-12T22:02:46.2307002Z (Reading database ... 9109 files and directories currently installed.)
compare	Build, verify native launch, calibrate cells and compare processing	2026-09-12T22:02:46.2309912Z Preparing to unpack .../python3_3.14.3-0ubuntu2_amd64.deb ...
compare	Build, verify native launch, calibrate cells and compare processing	2026-09-12T22:02:46.2338509Z Unpacking python3 (3.14.3-0ubuntu2) ...
compare	Build, verify native launch, calibrate cells and compare processing	2026-09-12T22:02:46.2460644Z Selecting previously unselected package libsystemd-shared:amd64.
compare	Build, verify native launch, calibrate cells and compare processing	2026-09-12T22:02:46.2470549Z Preparing to unpack .../libsystemd-shared_259.5-0ubuntu3.4_amd64.deb ...
compare	Build, verify native launch, calibrate cells and compare processing	2026-09-12T22:02:46.2487341Z Unpacking libsystemd-shared:amd64 (259.5-0ubuntu3.4) ...
compare	Build, verify native launch, calibrate cells and compare processing	2026-09-12T22:02:46.2886386Z Setting up libsystemd-shared:amd64 (259.5-0ubuntu3.4) ...
compare	Build, verify native launch, calibrate cells and compare processing	2026-09-12T22:02:46.3028416Z Selecting previously unselected package systemd.
compare	Build, verify native launch, calibrate cells and compare processing	2026-09-12T22:02:46.3040563Z (Reading database ... 
compare	Build, verify native launch, calibrate cells and compare processing	2026-09-12T22:02:46.3041596Z (Reading database ... 5%
compare	Build, verify native launch, calibrate cells and compare processing	2026-09-12T22:02:46.3041947Z (Reading database ... 10%
compare	Build, verify native launch, calibrate cells and compare processing	2026-09-12T22:02:46.3042331Z (Reading database ... 15%
compare	Build, verify native launch, calibrate cells and compare processing	2026-09-12T22:02:46.3042684Z (Reading database ... 20%
compare	Build, verify native launch, calibrate cells and compare processing	2026-09-12T22:02:46.3043035Z (Reading database ... 25%
compare	Build, verify native launch, calibrate cells and compare processing	2026-09-12T22:02:46.3043364Z (Reading database ... 30%
compare	Build, verify native launch, calibrate cells and compare processing	2026-09-12T22:02:46.3043697Z (Reading database ... 35%
compare	Build, verify native launch, calibrate cells and compare processing	2026-09-12T22:02:46.3044027Z (Reading database ... 40%
compare	Build, verify native launch, calibrate cells and compare processing	2026-09-12T22:02:46.3044364Z (Reading database ... 45%
compare	Build, verify native launch, calibrate cells and compare processing	2026-09-12T22:02:46.3044702Z (Reading database ... 50%
compare	Build, verify native launch, calibrate cells and compare processing	2026-09-12T22:02:46.3045038Z (Reading database ... 55%
compare	Build, verify native launch, calibrate cells and compare processing	2026-09-12T22:02:46.3045370Z (Reading database ... 60%
compare	Build, verify native launch, calibrate cells and compare processing	2026-09-12T22:02:46.3045704Z (Reading database ... 65%
compare	Build, verify native launch, calibrate cells and compare processing	2026-09-12T22:02:46.3071057Z (Reading database ... 70%
compare	Build, verify native launch, calibrate cells and compare processing	2026-09-12T22:02:46.3075668Z (Reading database ... 75%
compare	Build, verify native launch, calibrate cells and compare processing	2026-09-12T22:02:46.3078616Z (Reading database ... 80%
compare	Build, verify native launch, calibrate cells and compare processing	2026-09-12T22:02:46.3081552Z (Reading database ... 85%
compare	Build, verify native launch, calibrate cells and compare processing	2026-09-12T22:02:46.3086724Z (Reading database ... 90%
compare	Build, verify native launch, calibrate cells and compare processing	2026-09-12T22:02:46.3094825Z (Reading database ... 95%
compare	Build, verify native launch, calibrate cells and compare processing	2026-09-12T22:02:46.3095147Z (Reading database ... 100%
compare	Build, verify native launch, calibrate cells and compare processing	2026-09-12T22:02:46.3095746Z (Reading database ... 9138 files and directories currently installed.)
compare	Build, verify native launch, calibrate cells and compare processing	2026-09-12T22:02:46.3099135Z Preparing to unpack .../systemd_259.5-0ubuntu3.4_amd64.deb ...
compare	Build, verify native launch, calibrate cells and compare processing	2026-09-12T22:02:46.3167093Z Unpacking systemd (259.5-0ubuntu3.4) ...
compare	Build, verify native launch, calibrate cells and compare processing	2026-09-12T22:02:46.4396289Z Setting up systemd (259.5-0ubuntu3.4) ...
compare	Build, verify native launch, calibrate cells and compare processing	2026-09-12T22:02:46.4514766Z Created symlink '/etc/systemd/system/getty.target.wants/getty@tty1.service' → '/usr/lib/systemd/system/getty@.service'.
compare	Build, verify native launch, calibrate cells and compare processing	2026-09-12T22:02:46.4548391Z Created symlink '/etc/systemd/system/multi-user.target.wants/remote-fs.target' → '/usr/lib/systemd/system/remote-fs.target'.
compare	Build, verify native launch, calibrate cells and compare processing	2026-09-12T22:02:46.4586065Z Created symlink '/etc/systemd/system/sysinit.target.wants/systemd-pstore.service' → '/usr/lib/systemd/system/systemd-pstore.service'.
compare	Build, verify native launch, calibrate cells and compare processing	2026-09-12T22:02:46.4610353Z Initializing machine ID from random generator.
compare	Build, verify native launch, calibrate cells and compare processing	2026-09-12T22:02:46.4809730Z Creating group 'systemd-journal' with GID 999.
compare	Build, verify native launch, calibrate cells and compare processing	2026-09-12T22:02:46.4811372Z Creating group 'systemd-network' with GID 998.
compare	Build, verify native launch, calibrate cells and compare processing	2026-09-12T22:02:46.4812137Z Creating user 'systemd-network' (systemd Network Management) with UID 998 and GID 998.
compare	Build, verify native launch, calibrate cells and compare processing	2026-09-12T22:02:46.6055606Z Selecting previously unselected package systemd-sysv.
compare	Build, verify native launch, calibrate cells and compare processing	2026-09-12T22:02:46.6066425Z (Reading database ... 
compare	Build, verify native launch, calibrate cells and compare processing	2026-09-12T22:02:46.6067009Z (Reading database ... 5%
compare	Build, verify native launch, calibrate cells and compare processing	2026-09-12T22:02:46.6067371Z (Reading database ... 10%
compare	Build, verify native launch, calibrate cells and compare processing	2026-09-12T22:02:46.6067729Z (Reading database ... 15%
compare	Build, verify native launch, calibrate cells and compare processing	2026-09-12T22:02:46.6068085Z (Reading database ... 20%
compare	Build, verify native launch, calibrate cells and compare processing	2026-09-12T22:02:46.6068433Z (Reading database ... 25%
compare	Build, verify native launch, calibrate cells and compare processing	2026-09-12T22:02:46.6068770Z (Reading database ... 30%
compare	Build, verify native launch, calibrate cells and compare processing	2026-09-12T22:02:46.6069103Z (Reading database ... 35%
compare	Build, verify native launch, calibrate cells and compare processing	2026-09-12T22:02:46.6069434Z (Reading database ... 40%
compare	Build, verify native launch, calibrate cells and compare processing	2026-09-12T22:02:46.6069767Z (Reading database ... 45%
compare	Build, verify native launch, calibrate cells and compare processing	2026-09-12T22:02:46.6070119Z (Reading database ... 50%
compare	Build, verify native launch, calibrate cells and compare processing	2026-09-12T22:02:46.6070456Z (Reading database ... 55%
compare	Build, verify native launch, calibrate cells and compare processing	2026-09-12T22:02:46.6070970Z (Reading database ... 60%
compare	Build, verify native launch, calibrate cells and compare processing	2026-09-12T22:02:46.6071307Z (Reading database ... 65%
compare	Build, verify native launch, calibrate cells and compare processing	2026-09-12T22:02:46.6080215Z (Reading database ... 70%
compare	Build, verify native launch, calibrate cells and compare processing	2026-09-12T22:02:46.6093200Z (Reading database ... 75%
compare	Build, verify native launch, calibrate cells and compare processing	2026-09-12T22:02:46.6096530Z (Reading database ... 80%
compare	Build, verify native launch, calibrate cells and compare processing	2026-09-12T22:02:46.6099600Z (Reading database ... 85%
compare	Build, verify native launch, calibrate cells and compare processing	2026-09-12T22:02:46.6105015Z (Reading database ... 90%
compare	Build, verify native launch, calibrate cells and compare processing	2026-09-12T22:02:46.6115153Z (Reading database ... 95%
compare	Build, verify native launch, calibrate cells and compare processing	2026-09-12T22:02:46.6115543Z (Reading database ... 100%
compare	Build, verify native launch, calibrate cells and compare processing	2026-09-12T22:02:46.6116047Z (Reading database ... 10116 files and directories currently installed.)
compare	Build, verify native launch, calibrate cells and compare processing	2026-09-12T22:02:46.6121144Z Preparing to unpack .../000-systemd-sysv_259.5-0ubuntu3.4_amd64.deb ...
compare	Build, verify native launch, calibrate cells and compare processing	2026-09-12T22:02:46.6128279Z Unpacking systemd-sysv (259.5-0ubuntu3.4) ...
compare	Build, verify native launch, calibrate cells and compare processing	2026-09-12T22:02:46.6245437Z Selecting previously unselected package openssl.
compare	Build, verify native launch, calibrate cells and compare processing	2026-09-12T22:02:46.6255734Z Preparing to unpack .../001-openssl_3.5.5-1ubuntu3.5_amd64.deb ...
compare	Build, verify native launch, calibrate cells and compare processing	2026-09-12T22:02:46.6263269Z Unpacking openssl (3.5.5-1ubuntu3.5) ...
compare	Build, verify native launch, calibrate cells and compare processing	2026-09-12T22:02:46.6519347Z Selecting previously unselected package ca-certificates.
compare	Build, verify native launch, calibrate cells and compare processing	2026-09-12T22:02:46.6532128Z Preparing to unpack .../002-ca-certificates_20260601~26.04.1_all.deb ...
compare	Build, verify native launch, calibrate cells and compare processing	2026-09-12T22:02:46.6540428Z Unpacking ca-certificates (20260601~26.04.1) ...
compare	Build, verify native launch, calibrate cells and compare processing	2026-09-12T22:02:46.6819599Z Selecting previously unselected package libdbus-1-3:amd64.
compare	Build, verify native launch, calibrate cells and compare processing	2026-09-12T22:02:46.6829967Z Preparing to unpack .../003-libdbus-1-3_1.16.2-2ubuntu4_amd64.deb ...
compare	Build, verify native launch, calibrate cells and compare processing	2026-09-12T22:02:46.6837340Z Unpacking libdbus-1-3:amd64 (1.16.2-2ubuntu4) ...
compare	Build, verify native launch, calibrate cells and compare processing	2026-09-12T22:02:46.6956420Z Selecting previously unselected package dbus-bin.
compare	Build, verify native launch, calibrate cells and compare processing	2026-09-12T22:02:46.6965762Z Preparing to unpack .../004-dbus-bin_1.16.2-2ubuntu4_amd64.deb ...
compare	Build, verify native launch, calibrate cells and compare processing	2026-09-12T22:02:46.6972715Z Unpacking dbus-bin (1.16.2-2ubuntu4) ...
compare	Build, verify native launch, calibrate cells and compare processing	2026-09-12T22:02:46.7088797Z Selecting previously unselected package dbus-session-bus-common.
compare	Build, verify native launch, calibrate cells and compare processing	2026-09-12T22:02:46.7098956Z Preparing to unpack .../005-dbus-session-bus-common_1.16.2-2ubuntu4_all.deb ...
compare	Build, verify native launch, calibrate cells and compare processing	2026-09-12T22:02:46.7105781Z Unpacking dbus-session-bus-common (1.16.2-2ubuntu4) ...
compare	Build, verify native launch, calibrate cells and compare processing	2026-09-12T22:02:46.7220485Z Selecting previously unselected package libapparmor1:amd64.
compare	Build, verify native launch, calibrate cells and compare processing	2026-09-12T22:02:46.7230674Z Preparing to unpack .../006-libapparmor1_5.0.2-0ubuntu1~26.04.1_amd64.deb ...
compare	Build, verify native launch, calibrate cells and compare processing	2026-09-12T22:02:46.7237921Z Unpacking libapparmor1:amd64 (5.0.2-0ubuntu1~26.04.1) ...
compare	Build, verify native launch, calibrate cells and compare processing	2026-09-12T22:02:46.7354080Z Selecting previously unselected package dbus-daemon.
compare	Build, verify native launch, calibrate cells and compare processing	2026-09-12T22:02:46.7365052Z Preparing to unpack .../007-dbus-daemon_1.16.2-2ubuntu4_amd64.deb ...
compare	Build, verify native launch, calibrate cells and compare processing	2026-09-12T22:02:46.7371906Z Unpacking dbus-daemon (1.16.2-2ubuntu4) ...
compare	Build, verify native launch, calibrate cells and compare processing	2026-09-12T22:02:46.7497331Z Selecting previously unselected package dbus-system-bus-common.
compare	Build, verify native launch, calibrate cells and compare processing	2026-09-12T22:02:46.7507434Z Preparing to unpack .../008-dbus-system-bus-common_1.16.2-2ubuntu4_all.deb ...
compare	Build, verify native launch, calibrate cells and compare processing	2026-09-12T22:02:46.7514269Z Unpacking dbus-system-bus-common (1.16.2-2ubuntu4) ...
compare	Build, verify native launch, calibrate cells and compare processing	2026-09-12T22:02:46.7640043Z Selecting previously unselected package dbus.
compare	Build, verify native launch, calibrate cells and compare processing	2026-09-12T22:02:46.7648045Z Preparing to unpack .../009-dbus_1.16.2-2ubuntu4_amd64.deb ...
compare	Build, verify native launch, calibrate cells and compare processing	2026-09-12T22:02:46.7666377Z Unpacking dbus (1.16.2-2ubuntu4) ...
compare	Build, verify native launch, calibrate cells and compare processing	2026-09-12T22:02:46.7806101Z Selecting previously unselected package libpam-systemd:amd64.
compare	Build, verify native launch, calibrate cells and compare processing	2026-09-12T22:02:46.7815285Z Preparing to unpack .../010-libpam-systemd_259.5-0ubuntu3.4_amd64.deb ...
compare	Build, verify native launch, calibrate cells and compare processing	2026-09-12T22:02:46.7822806Z Unpacking libpam-systemd:amd64 (259.5-0ubuntu3.4) ...
compare	Build, verify native launch, calibrate cells and compare processing	2026-09-12T22:02:46.7978254Z Selecting previously unselected package dbus-user-session.
compare	Build, verify native launch, calibrate cells and compare processing	2026-09-12T22:02:46.7989047Z Preparing to unpack .../011-dbus-user-session_1.16.2-2ubuntu4_amd64.deb ...
compare	Build, verify native launch, calibrate cells and compare processing	2026-09-12T22:02:46.7996697Z Unpacking dbus-user-session (1.16.2-2ubuntu4) ...
compare	Build, verify native launch, calibrate cells and compare processing	2026-09-12T22:02:46.8108898Z Selecting previously unselected package iso-codes.
compare	Build, verify native launch, calibrate cells and compare processing	2026-09-12T22:02:46.8119975Z Preparing to unpack .../012-iso-codes_4.20.1-1_all.deb ...
compare	Build, verify native launch, calibrate cells and compare processing	2026-09-12T22:02:46.8127026Z Unpacking iso-codes (4.20.1-1) ...
compare	Build, verify native launch, calibrate cells and compare processing	2026-09-12T22:02:46.9295249Z Selecting previously unselected package libatomic1:amd64.
compare	Build, verify native launch, calibrate cells and compare processing	2026-09-12T22:02:46.9310990Z Preparing to unpack .../013-libatomic1_16-20260322-1ubuntu1_amd64.deb ...
compare	Build, verify native launch, calibrate cells and compare processing	2026-09-12T22:02:46.9317947Z Unpacking libatomic1:amd64 (16-20260322-1ubuntu1) ...
compare	Build, verify native launch, calibrate cells and compare processing	2026-09-12T22:02:46.9428803Z Selecting previously unselected package libcap2:amd64.
compare	Build, verify native launch, calibrate cells and compare processing	2026-09-12T22:02:46.9439189Z Preparing to unpack .../014-libcap2_1%3a2.75-10ubuntu2_amd64.deb ...
compare	Build, verify native launch, calibrate cells and compare processing	2026-09-12T22:02:46.9964182Z Unpacking libcap2:amd64 (1:2.75-10ubuntu2) ...
compare	Build, verify native launch, calibrate cells and compare processing	2026-09-12T22:02:47.0572521Z Selecting previously unselected package libcap2-bin.
compare	Build, verify native launch, calibrate cells and compare processing	2026-09-12T22:02:47.0586049Z Preparing to unpack .../015-libcap2-bin_1%3a2.75-10ubuntu2_amd64.deb ...
compare	Build, verify native launch, calibrate cells and compare processing	2026-09-12T22:02:47.0593603Z Unpacking libcap2-bin (1:2.75-10ubuntu2) ...
compare	Build, verify native launch, calibrate cells and compare processing	2026-09-12T22:02:47.0719639Z Selecting previously unselected package libedit2:amd64.
compare	Build, verify native launch, calibrate cells and compare processing	2026-09-12T22:02:47.0733046Z Preparing to unpack .../016-libedit2_3.1-20251016-1_amd64.deb ...
compare	Build, verify native launch, calibrate cells and compare processing	2026-09-12T22:02:47.0740268Z Unpacking libedit2:amd64 (3.1-20251016-1) ...
compare	Build, verify native launch, calibrate cells and compare processing	2026-09-12T22:02:47.0867477Z Selecting previously unselected package libelf1t64:amd64.
compare	Build, verify native launch, calibrate cells and compare processing	2026-09-12T22:02:47.0878933Z Preparing to unpack .../017-libelf1t64_0.194-4_amd64.deb ...
compare	Build, verify native launch, calibrate cells and compare processing	2026-09-12T22:02:47.0886532Z Unpacking libelf1t64:amd64 (0.194-4) ...
compare	Build, verify native launch, calibrate cells and compare processing	2026-09-12T22:02:47.1006015Z Selecting previously unselected package libfribidi0:amd64.
compare	Build, verify native launch, calibrate cells and compare processing	2026-09-12T22:02:47.1015247Z Preparing to unpack .../018-libfribidi0_1.0.16-5_amd64.deb ...
compare	Build, verify native launch, calibrate cells and compare processing	2026-09-12T22:02:47.1023071Z Unpacking libfribidi0:amd64 (1.0.16-5) ...
compare	Build, verify native launch, calibrate cells and compare processing	2026-09-12T22:02:47.1177848Z Selecting previously unselected package libglib2.0-0t64:amd64.
compare	Build, verify native launch, calibrate cells and compare processing	2026-09-12T22:02:47.1188411Z Preparing to unpack .../019-libglib2.0-0t64_2.88.0-1_amd64.deb ...
compare	Build, verify native launch, calibrate cells and compare processing	2026-09-12T22:02:47.1250077Z Unpacking libglib2.0-0t64:amd64 (2.88.0-1) ...
compare	Build, verify native launch, calibrate cells and compare processing	2026-09-12T22:02:47.1563048Z Selecting previously unselected package libnettle8t64:amd64.
compare	Build, verify native launch, calibrate cells and compare processing	2026-09-12T22:02:47.1576246Z Preparing to unpack .../020-libnettle8t64_3.10.2-1_amd64.deb ...
compare	Build, verify native launch, calibrate cells and compare processing	2026-09-12T22:02:47.1584658Z Unpacking libnettle8t64:amd64 (3.10.2-1) ...
compare	Build, verify native launch, calibrate cells and compare processing	2026-09-12T22:02:47.1718726Z Selecting previously unselected package libhogweed6t64:amd64.
compare	Build, verify native launch, calibrate cells and compare processing	2026-09-12T22:02:47.1729663Z Preparing to unpack .../021-libhogweed6t64_3.10.2-1_amd64.deb ...
compare	Build, verify native launch, calibrate cells and compare processing	2026-09-12T22:02:47.1786823Z Unpacking libhogweed6t64:amd64 (3.10.2-1) ...
compare	Build, verify native launch, calibrate cells and compare processing	2026-09-12T22:02:47.1873953Z Selecting previously unselected package libunistring5:amd64.
compare	Build, verify native launch, calibrate cells and compare processing	2026-09-12T22:02:47.1886162Z Preparing to unpack .../022-libunistring5_1.3-2build1_amd64.deb ...
compare	Build, verify native launch, calibrate cells and compare processing	2026-09-12T22:02:47.1893256Z Unpacking libunistring5:amd64 (1.3-2build1) ...
compare	Build, verify native launch, calibrate cells and compare processing	2026-09-12T22:02:47.2103221Z Selecting previously unselected package libidn2-0:amd64.
compare	Build, verify native launch, calibrate cells and compare processing	2026-09-12T22:02:47.2116142Z Preparing to unpack .../023-libidn2-0_2.3.8-4build1_amd64.deb ...
compare	Build, verify native launch, calibrate cells and compare processing	2026-09-12T22:02:47.2124019Z Unpacking libidn2-0:amd64 (2.3.8-4build1) ...
compare	Build, verify native launch, calibrate cells and compare processing	2026-09-12T22:02:47.2250593Z Selecting previously unselected package libp11-kit0:amd64.
compare	Build, verify native launch, calibrate cells and compare processing	2026-09-12T22:02:47.2263145Z Preparing to unpack .../024-libp11-kit0_0.26.2-2_amd64.deb ...
compare	Build, verify native launch, calibrate cells and compare processing	2026-09-12T22:02:47.2270580Z Unpacking libp11-kit0:amd64 (0.26.2-2) ...
compare	Build, verify native launch, calibrate cells and compare processing	2026-09-12T22:02:47.2454560Z Selecting previously unselected package libtasn1-6:amd64.
compare	Build, verify native launch, calibrate cells and compare processing	2026-09-12T22:02:47.2466797Z Preparing to unpack .../025-libtasn1-6_4.21.0-2_amd64.deb ...
compare	Build, verify native launch, calibrate cells and compare processing	2026-09-12T22:02:47.2474876Z Unpacking libtasn1-6:amd64 (4.21.0-2) ...
compare	Build, verify native launch, calibrate cells and compare processing	2026-09-12T22:02:47.2598117Z Selecting previously unselected package libgnutls30t64:amd64.
compare	Build, verify native launch, calibrate cells and compare processing	2026-09-12T22:02:47.2608626Z Preparing to unpack .../026-libgnutls30t64_3.8.12-2ubuntu1.1_amd64.deb ...
compare	Build, verify native launch, calibrate cells and compare processing	2026-09-12T22:02:47.2616628Z Unpacking libgnutls30t64:amd64 (3.8.12-2ubuntu1.1) ...
compare	Build, verify native launch, calibrate cells and compare processing	2026-09-12T22:02:47.2825267Z Selecting previously unselected package libkrb5support0:amd64.
compare	Build, verify native launch, calibrate cells and compare processing	2026-09-12T22:02:47.2836530Z Preparing to unpack .../027-libkrb5support0_1.22.1-2ubuntu4.1_amd64.deb ...
compare	Build, verify native launch, calibrate cells and compare processing	2026-09-12T22:02:47.2844997Z Unpacking libkrb5support0:amd64 (1.22.1-2ubuntu4.1) ...
compare	Build, verify native launch, calibrate cells and compare processing	2026-09-12T22:02:47.2968149Z Selecting previously unselected package libk5crypto3:amd64.
compare	Build, verify native launch, calibrate cells and compare processing	2026-09-12T22:02:47.2980600Z Preparing to unpack .../028-libk5crypto3_1.22.1-2ubuntu4.1_amd64.deb ...
compare	Build, verify native launch, calibrate cells and compare processing	2026-09-12T22:02:47.2988152Z Unpacking libk5crypto3:amd64 (1.22.1-2ubuntu4.1) ...
compare	Build, verify native launch, calibrate cells and compare processing	2026-09-12T22:02:47.3121303Z Selecting previously unselected package libkeyutils1:amd64.
compare	Build, verify native launch, calibrate cells and compare processing	2026-09-12T22:02:47.3134157Z Preparing to unpack .../029-libkeyutils1_1.6.3-6ubuntu3_amd64.deb ...
compare	Build, verify native launch, calibrate cells and compare processing	2026-09-12T22:02:47.3142245Z Unpacking libkeyutils1:amd64 (1.6.3-6ubuntu3) ...
compare	Build, verify native launch, calibrate cells and compare processing	2026-09-12T22:02:47.3259044Z Selecting previously unselected package libkrb5-3:amd64.
compare	Build, verify native launch, calibrate cells and compare processing	2026-09-12T22:02:47.3270364Z Preparing to unpack .../030-libkrb5-3_1.22.1-2ubuntu4.1_amd64.deb ...
compare	Build, verify native launch, calibrate cells and compare processing	2026-09-12T22:02:47.3277261Z Unpacking libkrb5-3:amd64 (1.22.1-2ubuntu4.1) ...
compare	Build, verify native launch, calibrate cells and compare processing	2026-09-12T22:02:47.3449871Z Selecting previously unselected package libgssapi-krb5-2:amd64.
compare	Build, verify native launch, calibrate cells and compare processing	2026-09-12T22:02:47.3461913Z Preparing to unpack .../031-libgssapi-krb5-2_1.22.1-2ubuntu4.1_amd64.deb ...
compare	Build, verify native launch, calibrate cells and compare processing	2026-09-12T22:02:47.3469784Z Unpacking libgssapi-krb5-2:amd64 (1.22.1-2ubuntu4.1) ...
compare	Build, verify native launch, calibrate cells and compare processing	2026-09-12T22:02:47.3610229Z Selecting previously unselected package libjson-c5:amd64.
compare	Build, verify native launch, calibrate cells and compare processing	2026-09-12T22:02:47.3620380Z Preparing to unpack .../032-libjson-c5_0.18+ds-3_amd64.deb ...
compare	Build, verify native launch, calibrate cells and compare processing	2026-09-12T22:02:47.3627798Z Unpacking libjson-c5:amd64 (0.18+ds-3) ...
compare	Build, verify native launch, calibrate cells and compare processing	2026-09-12T22:02:47.3747818Z Selecting previously unselected package libxml2-16:amd64.
compare	Build, verify native launch, calibrate cells and compare processing	2026-09-12T22:02:47.3758343Z Preparing to unpack .../033-libxml2-16_2.15.2+dfsg-0.1ubuntu0.1_amd64.deb ...
compare	Build, verify native launch, calibrate cells and compare processing	2026-09-12T22:02:47.3766119Z Unpacking libxml2-16:amd64 (2.15.2+dfsg-0.1ubuntu0.1) ...
compare	Build, verify native launch, calibrate cells and compare processing	2026-09-12T22:02:47.3954738Z Selecting previously unselected package shared-mime-info.
compare	Build, verify native launch, calibrate cells and compare processing	2026-09-12T22:02:47.3966511Z Preparing to unpack .../034-shared-mime-info_2.4-5build3_amd64.deb ...
compare	Build, verify native launch, calibrate cells and compare processing	2026-09-12T22:02:47.3973733Z Unpacking shared-mime-info (2.4-5build3) ...
compare	Build, verify native launch, calibrate cells and compare processing	2026-09-12T22:02:47.4198241Z Selecting previously unselected package xkb-data.
compare	Build, verify native launch, calibrate cells and compare processing	2026-09-12T22:02:47.4211756Z Preparing to unpack .../035-xkb-data_2.46-2_all.deb ...
compare	Build, verify native launch, calibrate cells and compare processing	2026-09-12T22:02:47.4277797Z Unpacking xkb-data (2.46-2) ...
compare	Build, verify native launch, calibrate cells and compare processing	2026-09-12T22:02:47.4821643Z Selecting previously unselected package libdrm-common.
compare	Build, verify native launch, calibrate cells and compare processing	2026-09-12T22:02:47.4836318Z Preparing to unpack .../036-libdrm-common_2.4.131-1_all.deb ...
compare	Build, verify native launch, calibrate cells and compare processing	2026-09-12T22:02:47.4843269Z Unpacking libdrm-common (2.4.131-1) ...
compare	Build, verify native launch, calibrate cells and compare processing	2026-09-12T22:02:47.4961637Z Selecting previously unselected package libdrm2:amd64.
compare	Build, verify native launch, calibrate cells and compare processing	2026-09-12T22:02:47.4973405Z Preparing to unpack .../037-libdrm2_2.4.131-1_amd64.deb ...
compare	Build, verify native launch, calibrate cells and compare processing	2026-09-12T22:02:47.4981635Z Unpacking libdrm2:amd64 (2.4.131-1) ...
compare	Build, verify native launch, calibrate cells and compare processing	2026-09-12T22:02:47.5102567Z Selecting previously unselected package libevdev2:amd64.
compare	Build, verify native launch, calibrate cells and compare processing	2026-09-12T22:02:47.5112858Z Preparing to unpack .../038-libevdev2_1.13.6+dfsg-1_amd64.deb ...
compare	Build, verify native launch, calibrate cells and compare processing	2026-09-12T22:02:47.5120351Z Unpacking libevdev2:amd64 (1.13.6+dfsg-1) ...
compare	Build, verify native launch, calibrate cells and compare processing	2026-09-12T22:02:47.5241987Z Selecting previously unselected package libgdbm6t64:amd64.
compare	Build, verify native launch, calibrate cells and compare processing	2026-09-12T22:02:47.5251890Z Preparing to unpack .../039-libgdbm6t64_1.26-1build1_amd64.deb ...
compare	Build, verify native launch, calibrate cells and compare processing	2026-09-12T22:02:47.5259875Z Unpacking libgdbm6t64:amd64 (1.26-1build1) ...
compare	Build, verify native launch, calibrate cells and compare processing	2026-09-12T22:02:47.5376275Z Selecting previously unselected package libjansson4:amd64.
compare	Build, verify native launch, calibrate cells and compare processing	2026-09-12T22:02:47.5386251Z Preparing to unpack .../040-libjansson4_2.14-2build4_amd64.deb ...
compare	Build, verify native launch, calibrate cells and compare processing	2026-09-12T22:02:47.5393413Z Unpacking libjansson4:amd64 (2.14-2build4) ...
compare	Build, verify native launch, calibrate cells and compare processing	2026-09-12T22:02:47.5518229Z Selecting previously unselected package libnghttp2-14:amd64.
compare	Build, verify native launch, calibrate cells and compare processing	2026-09-12T22:02:47.5529716Z Preparing to unpack .../041-libnghttp2-14_1.68.0-2ubuntu0.2_amd64.deb ...
compare	Build, verify native launch, calibrate cells and compare processing	2026-09-12T22:02:47.5536715Z Unpacking libnghttp2-14:amd64 (1.68.0-2ubuntu0.2) ...
compare	Build, verify native launch, calibrate cells and compare processing	2026-09-12T22:02:47.5669033Z Selecting previously unselected package libnuma1:amd64.
compare	Build, verify native launch, calibrate cells and compare processing	2026-09-12T22:02:47.5681297Z Preparing to unpack .../042-libnuma1_2.0.19-1build1_amd64.deb ...
compare	Build, verify native launch, calibrate cells and compare processing	2026-09-12T22:02:47.5688313Z Unpacking libnuma1:amd64 (2.0.19-1build1) ...
compare	Build, verify native launch, calibrate cells and compare processing	2026-09-12T22:02:47.5803942Z Selecting previously unselected package libpng16-16t64:amd64.
compare	Build, verify native launch, calibrate cells and compare processing	2026-09-12T22:02:47.5814855Z Preparing to unpack .../043-libpng16-16t64_1.6.57-1_amd64.deb ...
compare	Build, verify native launch, calibrate cells and compare processing	2026-09-12T22:02:47.5822593Z Unpacking libpng16-16t64:amd64 (1.6.57-1) ...
compare	Build, verify native launch, calibrate cells and compare processing	2026-09-12T22:02:47.5961082Z Selecting previously unselected package libpsl5t64:amd64.
compare	Build, verify native launch, calibrate cells and compare processing	2026-09-12T22:02:47.5972840Z Preparing to unpack .../044-libpsl5t64_0.21.2-1.1build2_amd64.deb ...
compare	Build, verify native launch, calibrate cells and compare processing	2026-09-12T22:02:47.5979918Z Unpacking libpsl5t64:amd64 (0.21.2-1.1build2) ...
compare	Build, verify native launch, calibrate cells and compare processing	2026-09-12T22:02:47.6095843Z Selecting previously unselected package libsensors-config.
compare	Build, verify native launch, calibrate cells and compare processing	2026-09-12T22:02:47.6105666Z Preparing to unpack .../045-libsensors-config_1%3a3.6.2-2build1_all.deb ...
compare	Build, verify native launch, calibrate cells and compare processing	2026-09-12T22:02:47.6113120Z Unpacking libsensors-config (1:3.6.2-2build1) ...
compare	Build, verify native launch, calibrate cells and compare processing	2026-09-12T22:02:47.6227007Z Selecting previously unselected package libsensors5:amd64.
compare	Build, verify native launch, calibrate cells and compare processing	2026-09-12T22:02:47.6237224Z Preparing to unpack .../046-libsensors5_1%3a3.6.2-2build1_amd64.deb ...
compare	Build, verify native launch, calibrate cells and compare processing	2026-09-12T22:02:47.6244679Z Unpacking libsensors5:amd64 (1:3.6.2-2build1) ...
compare	Build, verify native launch, calibrate cells and compare processing	2026-09-12T22:02:47.6360493Z Selecting previously unselected package libxau6:amd64.
compare	Build, verify native launch, calibrate cells and compare processing	2026-09-12T22:02:47.6372296Z Preparing to unpack .../047-libxau6_1%3a1.0.11-1build2_amd64.deb ...
compare	Build, verify native launch, calibrate cells and compare processing	2026-09-12T22:02:47.6380463Z Unpacking libxau6:amd64 (1:1.0.11-1build2) ...
compare	Build, verify native launch, calibrate cells and compare processing	2026-09-12T22:02:47.6492377Z Selecting previously unselected package libxdmcp6:amd64.
compare	Build, verify native launch, calibrate cells and compare processing	2026-09-12T22:02:47.6504026Z Preparing to unpack .../048-libxdmcp6_1%3a1.1.5-2_amd64.deb ...
compare	Build, verify native launch, calibrate cells and compare processing	2026-09-12T22:02:47.6511487Z Unpacking libxdmcp6:amd64 (1:1.1.5-2) ...
compare	Build, verify native launch, calibrate cells and compare processing	2026-09-12T22:02:47.6633786Z Selecting previously unselected package libxcb1:amd64.
compare	Build, verify native launch, calibrate cells and compare processing	2026-09-12T22:02:47.6644841Z Preparing to unpack .../049-libxcb1_1.17.0-2ubuntu1_amd64.deb ...
compare	Build, verify native launch, calibrate cells and compare processing	2026-09-12T22:02:47.6654497Z Unpacking libxcb1:amd64 (1.17.0-2ubuntu1) ...
compare	Build, verify native launch, calibrate cells and compare processing	2026-09-12T22:02:47.6769997Z Selecting previously unselected package libx11-data.
compare	Build, verify native launch, calibrate cells and compare processing	2026-09-12T22:02:47.6781089Z Preparing to unpack .../050-libx11-data_2%3a1.8.13-1_all.deb ...
compare	Build, verify native launch, calibrate cells and compare processing	2026-09-12T22:02:47.6787904Z Unpacking libx11-data (2:1.8.13-1) ...
compare	Build, verify native launch, calibrate cells and compare processing	2026-09-12T22:02:47.7212167Z Selecting previously unselected package libx11-6:amd64.
compare	Build, verify native launch, calibrate cells and compare processing	2026-09-12T22:02:47.7213012Z Preparing to unpack .../051-libx11-6_2%3a1.8.13-1_amd64.deb ...
compare	Build, verify native launch, calibrate cells and compare processing	2026-09-12T22:02:47.7219955Z Unpacking libx11-6:amd64 (2:1.8.13-1) ...
compare	Build, verify native launch, calibrate cells and compare processing	2026-09-12T22:02:47.7401984Z Selecting previously unselected package libxext6:amd64.
compare	Build, verify native launch, calibrate cells and compare processing	2026-09-12T22:02:47.7415666Z Preparing to unpack .../052-libxext6_2%3a1.3.4-1build3_amd64.deb ...
compare	Build, verify native launch, calibrate cells and compare processing	2026-09-12T22:02:47.7423941Z Unpacking libxext6:amd64 (2:1.3.4-1build3) ...
compare	Build, verify native launch, calibrate cells and compare processing	2026-09-12T22:02:47.7547617Z Selecting previously unselected package libxkbcommon0:amd64.
compare	Build, verify native launch, calibrate cells and compare processing	2026-09-12T22:02:47.7559791Z Preparing to unpack .../053-libxkbcommon0_1.13.1-1_amd64.deb ...
compare	Build, verify native launch, calibrate cells and compare processing	2026-09-12T22:02:47.7567802Z Unpacking libxkbcommon0:amd64 (1.13.1-1) ...
compare	Build, verify native launch, calibrate cells and compare processing	2026-09-12T22:02:47.7703849Z Selecting previously unselected package xz-utils.
compare	Build, verify native launch, calibrate cells and compare processing	2026-09-12T22:02:47.7714355Z Preparing to unpack .../054-xz-utils_5.8.3-1_amd64.deb ...
compare	Build, verify native launch, calibrate cells and compare processing	2026-09-12T22:02:47.7721624Z Unpacking xz-utils (5.8.3-1) ...
compare	Build, verify native launch, calibrate cells and compare processing	2026-09-12T22:02:47.7873482Z Selecting previously unselected package bubblewrap.
compare	Build, verify native launch, calibrate cells and compare processing	2026-09-12T22:02:47.7884743Z Preparing to unpack .../055-bubblewrap_0.11.1-1ubuntu0.1_amd64.deb ...
compare	Build, verify native launch, calibrate cells and compare processing	2026-09-12T22:02:47.7891743Z Unpacking bubblewrap (0.11.1-1ubuntu0.1) ...
compare	Build, verify native launch, calibrate cells and compare processing	2026-09-12T22:02:47.8025043Z Selecting previously unselected package libbrotli1:amd64.
compare	Build, verify native launch, calibrate cells and compare processing	2026-09-12T22:02:47.8036716Z Preparing to unpack .../056-libbrotli1_1.2.0-3build1_amd64.deb ...
compare	Build, verify native launch, calibrate cells and compare processing	2026-09-12T22:02:47.8044249Z Unpacking libbrotli1:amd64 (1.2.0-3build1) ...
compare	Build, verify native launch, calibrate cells and compare processing	2026-09-12T22:02:47.8214198Z Selecting previously unselected package libfreetype6:amd64.
compare	Build, verify native launch, calibrate cells and compare processing	2026-09-12T22:02:47.8226554Z Preparing to unpack .../057-libfreetype6_2.14.2+dfsg-1ubuntu0.1_amd64.deb ...
compare	Build, verify native launch, calibrate cells and compare processing	2026-09-12T22:02:47.8235123Z Unpacking libfreetype6:amd64 (2.14.2+dfsg-1ubuntu0.1) ...
compare	Build, verify native launch, calibrate cells and compare processing	2026-09-12T22:02:47.8391556Z Selecting previously unselected package fonts-dejavu-mono.
compare	Build, verify native launch, calibrate cells and compare processing	2026-09-12T22:02:47.8402609Z Preparing to unpack .../058-fonts-dejavu-mono_2.37-8build1_all.deb ...
compare	Build, verify native launch, calibrate cells and compare processing	2026-09-12T22:02:47.8411158Z Unpacking fonts-dejavu-mono (2.37-8build1) ...
compare	Build, verify native launch, calibrate cells and compare processing	2026-09-12T22:02:47.8593677Z Selecting previously unselected package fonts-dejavu-core.
compare	Build, verify native launch, calibrate cells and compare processing	2026-09-12T22:02:47.8604035Z Preparing to unpack .../059-fonts-dejavu-core_2.37-8build1_all.deb ...
compare	Build, verify native launch, calibrate cells and compare processing	2026-09-12T22:02:47.8804740Z Unpacking fonts-dejavu-core (2.37-8build1) ...
compare	Build, verify native launch, calibrate cells and compare processing	2026-09-12T22:02:47.9044148Z Selecting previously unselected package fontconfig-config.
compare	Build, verify native launch, calibrate cells and compare processing	2026-09-12T22:02:47.9058529Z Preparing to unpack .../060-fontconfig-config_2.17.1-3ubuntu1_amd64.deb ...
compare	Build, verify native launch, calibrate cells and compare processing	2026-09-12T22:02:48.0955711Z Unpacking fontconfig-config (2.17.1-3ubuntu1) ...
compare	Build, verify native launch, calibrate cells and compare processing	2026-09-12T22:02:48.1151636Z Selecting previously unselected package libfontconfig1:amd64.
compare	Build, verify native launch, calibrate cells and compare processing	2026-09-12T22:02:48.1167672Z Preparing to unpack .../061-libfontconfig1_2.17.1-3ubuntu1_amd64.deb ...
compare	Build, verify native launch, calibrate cells and compare processing	2026-09-12T22:02:48.1175252Z Unpacking libfontconfig1:amd64 (2.17.1-3ubuntu1) ...
compare	Build, verify native launch, calibrate cells and compare processing	2026-09-12T22:02:48.1308038Z Selecting previously unselected package libpixman-1-0:amd64.
compare	Build, verify native launch, calibrate cells and compare processing	2026-09-12T22:02:48.1320132Z Preparing to unpack .../062-libpixman-1-0_0.46.4-1_amd64.deb ...
compare	Build, verify native launch, calibrate cells and compare processing	2026-09-12T22:02:48.1327434Z Unpacking libpixman-1-0:amd64 (0.46.4-1) ...
compare	Build, verify native launch, calibrate cells and compare processing	2026-09-12T22:02:48.1492180Z Selecting previously unselected package libxcb-render0:amd64.
compare	Build, verify native launch, calibrate cells and compare processing	2026-09-12T22:02:48.1504023Z Preparing to unpack .../063-libxcb-render0_1.17.0-2ubuntu1_amd64.deb ...
compare	Build, verify native launch, calibrate cells and compare processing	2026-09-12T22:02:48.1511890Z Unpacking libxcb-render0:amd64 (1.17.0-2ubuntu1) ...
compare	Build, verify native launch, calibrate cells and compare processing	2026-09-12T22:02:48.1635642Z Selecting previously unselected package libxcb-shm0:amd64.
compare	Build, verify native launch, calibrate cells and compare processing	2026-09-12T22:02:48.1647520Z Preparing to unpack .../064-libxcb-shm0_1.17.0-2ubuntu1_amd64.deb ...
compare	Build, verify native launch, calibrate cells and compare processing	2026-09-12T22:02:48.1656184Z Unpacking libxcb-shm0:amd64 (1.17.0-2ubuntu1) ...
compare	Build, verify native launch, calibrate cells and compare processing	2026-09-12T22:02:48.1771498Z Selecting previously unselected package libxrender1:amd64.
compare	Build, verify native launch, calibrate cells and compare processing	2026-09-12T22:02:48.1782720Z Preparing to unpack .../065-libxrender1_1%3a0.9.12-1build1_amd64.deb ...
compare	Build, verify native launch, calibrate cells and compare processing	2026-09-12T22:02:48.1790620Z Unpacking libxrender1:amd64 (1:0.9.12-1build1) ...
compare	Build, verify native launch, calibrate cells and compare processing	2026-09-12T22:02:48.1907776Z Selecting previously unselected package libcairo2:amd64.
compare	Build, verify native launch, calibrate cells and compare processing	2026-09-12T22:02:48.1918632Z Preparing to unpack .../066-libcairo2_1.18.4-3_amd64.deb ...
compare	Build, verify native launch, calibrate cells and compare processing	2026-09-12T22:02:48.1930485Z Unpacking libcairo2:amd64 (1.18.4-3) ...
compare	Build, verify native launch, calibrate cells and compare processing	2026-09-12T22:02:48.2113631Z Selecting previously unselected package libsharpyuv0:amd64.
compare	Build, verify native launch, calibrate cells and compare processing	2026-09-12T22:02:48.2123566Z Preparing to unpack .../067-libsharpyuv0_1.5.0-0.1build1_amd64.deb ...
compare	Build, verify native launch, calibrate cells and compare processing	2026-09-12T22:02:48.2133071Z Unpacking libsharpyuv0:amd64 (1.5.0-0.1build1) ...
compare	Build, verify native launch, calibrate cells and compare processing	2026-09-12T22:02:48.2251185Z Selecting previously unselected package libaom3:amd64.
compare	Build, verify native launch, calibrate cells and compare processing	2026-09-12T22:02:48.2262650Z Preparing to unpack .../068-libaom3_3.13.1-2_amd64.deb ...
compare	Build, verify native launch, calibrate cells and compare processing	2026-09-12T22:02:48.2276348Z Unpacking libaom3:amd64 (3.13.1-2) ...
compare	Build, verify native launch, calibrate cells and compare processing	2026-09-12T22:02:48.2591425Z Selecting previously unselected package libheif-plugin-aomdec:amd64.
compare	Build, verify native launch, calibrate cells and compare processing	2026-09-12T22:02:48.2605821Z Preparing to unpack .../069-libheif-plugin-aomdec_1.21.2-3ubuntu0.4_amd64.deb ...
compare	Build, verify native launch, calibrate cells and compare processing	2026-09-12T22:02:48.2613051Z Unpacking libheif-plugin-aomdec:amd64 (1.21.2-3ubuntu0.4) ...
compare	Build, verify native launch, calibrate cells and compare processing	2026-09-12T22:02:48.2733624Z Selecting previously unselected package libheif1:amd64.
compare	Build, verify native launch, calibrate cells and compare processing	2026-09-12T22:02:48.2745199Z Preparing to unpack .../070-libheif1_1.21.2-3ubuntu0.4_amd64.deb ...
compare	Build, verify native launch, calibrate cells and compare processing	2026-09-12T22:02:48.2753487Z Unpacking libheif1:amd64 (1.21.2-3ubuntu0.4) ...
compare	Build, verify native launch, calibrate cells and compare processing	2026-09-12T22:02:48.2937398Z Selecting previously unselected package libhwy1t64:amd64.
compare	Build, verify native launch, calibrate cells and compare processing	2026-09-12T22:02:48.2948294Z Preparing to unpack .../071-libhwy1t64_1.3.0-2_amd64.deb ...
compare	Build, verify native launch, calibrate cells and compare processing	2026-09-12T22:02:48.2955701Z Unpacking libhwy1t64:amd64 (1.3.0-2) ...
compare	Build, verify native launch, calibrate cells and compare processing	2026-09-12T22:02:48.3254983Z Selecting previously unselected package liblcms2-2:amd64.
compare	Build, verify native launch, calibrate cells and compare processing	2026-09-12T22:02:48.3268677Z Preparing to unpack .../072-liblcms2-2_2.17-1ubuntu0.2_amd64.deb ...
compare	Build, verify native launch, calibrate cells and compare processing	2026-09-12T22:02:48.3276462Z Unpacking liblcms2-2:amd64 (2.17-1ubuntu0.2) ...
compare	Build, verify native launch, calibrate cells and compare processing	2026-09-12T22:02:48.3415021Z Selecting previously unselected package libjxl0.11:amd64.
compare	Build, verify native launch, calibrate cells and compare processing	2026-09-12T22:02:48.3426722Z Preparing to unpack .../073-libjxl0.11_0.11.1-6ubuntu4.2_amd64.deb ...
compare	Build, verify native launch, calibrate cells and compare processing	2026-09-12T22:02:48.3433999Z Unpacking libjxl0.11:amd64 (0.11.1-6ubuntu4.2) ...
compare	Build, verify native launch, calibrate cells and compare processing	2026-09-12T22:02:48.3713977Z Selecting previously unselected package libcairo-gobject2:amd64.
compare	Build, verify native launch, calibrate cells and compare processing	2026-09-12T22:02:48.3726202Z Preparing to unpack .../074-libcairo-gobject2_1.18.4-3_amd64.deb ...
compare	Build, verify native launch, calibrate cells and compare processing	2026-09-12T22:02:48.3734124Z Unpacking libcairo-gobject2:amd64 (1.18.4-3) ...
compare	Build, verify native launch, calibrate cells and compare processing	2026-09-12T22:02:48.3868365Z Selecting previously unselected package fontconfig.
compare	Build, verify native launch, calibrate cells and compare processing	2026-09-12T22:02:48.3880096Z Preparing to unpack .../075-fontconfig_2.17.1-3ubuntu1_amd64.deb ...
compare	Build, verify native launch, calibrate cells and compare processing	2026-09-12T22:02:48.3887823Z Unpacking fontconfig (2.17.1-3ubuntu1) ...
compare	Build, verify native launch, calibrate cells and compare processing	2026-09-12T22:02:48.4043214Z Selecting previously unselected package libgraphite2-3:amd64.
compare	Build, verify native launch, calibrate cells and compare processing	2026-09-12T22:02:48.4056128Z Preparing to unpack .../076-libgraphite2-3_1.3.14-11ubuntu1.1_amd64.deb ...
compare	Build, verify native launch, calibrate cells and compare processing	2026-09-12T22:02:48.4064809Z Unpacking libgraphite2-3:amd64 (1.3.14-11ubuntu1.1) ...
compare	Build, verify native launch, calibrate cells and compare processing	2026-09-12T22:02:48.4194735Z Selecting previously unselected package libharfbuzz0b:amd64.
compare	Build, verify native launch, calibrate cells and compare processing	2026-09-12T22:02:48.4206826Z Preparing to unpack .../077-libharfbuzz0b_12.3.2-2_amd64.deb ...
compare	Build, verify native launch, calibrate cells and compare processing	2026-09-12T22:02:48.4219214Z Unpacking libharfbuzz0b:amd64 (12.3.2-2) ...
compare	Build, verify native launch, calibrate cells and compare processing	2026-09-12T22:02:48.4378847Z Selecting previously unselected package libthai-data.
compare	Build, verify native launch, calibrate cells and compare processing	2026-09-12T22:02:48.4391162Z Preparing to unpack .../078-libthai-data_0.1.30-1_all.deb ...
compare	Build, verify native launch, calibrate cells and compare processing	2026-09-12T22:02:48.4402188Z Unpacking libthai-data (0.1.30-1) ...
compare	Build, verify native launch, calibrate cells and compare processing	2026-09-12T22:02:48.4547162Z Selecting previously unselected package libdatrie1:amd64.
compare	Build, verify native launch, calibrate cells and compare processing	2026-09-12T22:02:48.4559204Z Preparing to unpack .../079-libdatrie1_0.2.14-1_amd64.deb ...
compare	Build, verify native launch, calibrate cells and compare processing	2026-09-12T22:02:48.4566611Z Unpacking libdatrie1:amd64 (0.2.14-1) ...
compare	Build, verify native launch, calibrate cells and compare processing	2026-09-12T22:02:48.4687742Z Selecting previously unselected package libthai0:amd64.
compare	Build, verify native launch, calibrate cells and compare processing	2026-09-12T22:02:48.4699440Z Preparing to unpack .../080-libthai0_0.1.30-1_amd64.deb ...
compare	Build, verify native launch, calibrate cells and compare processing	2026-09-12T22:02:48.4706908Z Unpacking libthai0:amd64 (0.1.30-1) ...
compare	Build, verify native launch, calibrate cells and compare processing	2026-09-12T22:02:48.4827661Z Selecting previously unselected package libpango-1.0-0:amd64.
compare	Build, verify native launch, calibrate cells and compare processing	2026-09-12T22:02:48.4839230Z Preparing to unpack .../081-libpango-1.0-0_1.57.0-1_amd64.deb ...
compare	Build, verify native launch, calibrate cells and compare processing	2026-09-12T22:02:48.4846800Z Unpacking libpango-1.0-0:amd64 (1.57.0-1) ...
compare	Build, verify native launch, calibrate cells and compare processing	2026-09-12T22:02:48.4987947Z Selecting previously unselected package libpangoft2-1.0-0:amd64.
compare	Build, verify native launch, calibrate cells and compare processing	2026-09-12T22:02:48.5000533Z Preparing to unpack .../082-libpangoft2-1.0-0_1.57.0-1_amd64.deb ...
compare	Build, verify native launch, calibrate cells and compare processing	2026-09-12T22:02:48.5008236Z Unpacking libpangoft2-1.0-0:amd64 (1.57.0-1) ...
compare	Build, verify native launch, calibrate cells and compare processing	2026-09-12T22:02:48.5138098Z Selecting previously unselected package libpangocairo-1.0-0:amd64.
compare	Build, verify native launch, calibrate cells and compare processing	2026-09-12T22:02:48.5149557Z Preparing to unpack .../083-libpangocairo-1.0-0_1.57.0-1_amd64.deb ...
compare	Build, verify native launch, calibrate cells and compare processing	2026-09-12T22:02:48.5157341Z Unpacking libpangocairo-1.0-0:amd64 (1.57.0-1) ...
compare	Build, verify native launch, calibrate cells and compare processing	2026-09-12T22:02:48.5385454Z Selecting previously unselected package librsvg2-2:amd64.
compare	Build, verify native launch, calibrate cells and compare processing	2026-09-12T22:02:48.5395982Z Preparing to unpack .../084-librsvg2-2_2.61.3+dfsg-3_amd64.deb ...
compare	Build, verify native launch, calibrate cells and compare processing	2026-09-12T22:02:48.5403866Z Unpacking librsvg2-2:amd64 (2.61.3+dfsg-3) ...
compare	Build, verify native launch, calibrate cells and compare processing	2026-09-12T22:02:48.5746937Z Selecting previously unselected package glycin-loaders.
compare	Build, verify native launch, calibrate cells and compare processing	2026-09-12T22:02:48.5761604Z Preparing to unpack .../085-glycin-loaders_2.1.1+ds-0ubuntu1_amd64.deb ...
compare	Build, verify native launch, calibrate cells and compare processing	2026-09-12T22:02:48.5769834Z Unpacking glycin-loaders (2.1.1+ds-0ubuntu1) ...
compare	Build, verify native launch, calibrate cells and compare processing	2026-09-12T22:02:48.6389532Z Selecting previously unselected package libglycin-2-0:amd64.
compare	Build, verify native launch, calibrate cells and compare processing	2026-09-12T22:02:48.6405596Z Preparing to unpack .../086-libglycin-2-0_2.1.1+ds-0ubuntu1_amd64.deb ...
compare	Build, verify native launch, calibrate cells and compare processing	2026-09-12T22:02:48.6413074Z Unpacking libglycin-2-0:amd64 (2.1.1+ds-0ubuntu1) ...
compare	Build, verify native launch, calibrate cells and compare processing	2026-09-12T22:02:48.6695906Z Selecting previously unselected package glycin-thumbnailers.
compare	Build, verify native launch, calibrate cells and compare processing	2026-09-12T22:02:48.6711307Z Preparing to unpack .../087-glycin-thumbnailers_2.1.1+ds-0ubuntu1_amd64.deb ...
compare	Build, verify native launch, calibrate cells and compare processing	2026-09-12T22:02:48.6719248Z Unpacking glycin-thumbnailers (2.1.1+ds-0ubuntu1) ...
compare	Build, verify native launch, calibrate cells and compare processing	2026-09-12T22:02:48.6866035Z Selecting previously unselected package libgdk-pixbuf2.0-common.
compare	Build, verify native launch, calibrate cells and compare processing	2026-09-12T22:02:48.6866624Z Preparing to unpack .../088-libgdk-pixbuf2.0-common_2.44.5+dfsg-4ubuntu1_all.deb ...
compare	Build, verify native launch, calibrate cells and compare processing	2026-09-12T22:02:48.6875769Z Unpacking libgdk-pixbuf2.0-common (2.44.5+dfsg-4ubuntu1) ...
compare	Build, verify native launch, calibrate cells and compare processing	2026-09-12T22:02:48.6992133Z Selecting previously unselected package libgdk-pixbuf-2.0-0:amd64.
compare	Build, verify native launch, calibrate cells and compare processing	2026-09-12T22:02:48.7002783Z Preparing to unpack .../089-libgdk-pixbuf-2.0-0_2.44.5+dfsg-4ubuntu1_amd64.deb ...
compare	Build, verify native launch, calibrate cells and compare processing	2026-09-12T22:02:48.7011003Z Unpacking libgdk-pixbuf-2.0-0:amd64 (2.44.5+dfsg-4ubuntu1) ...
compare	Build, verify native launch, calibrate cells and compare processing	2026-09-12T22:02:48.7149563Z Selecting previously unselected package gtk-update-icon-cache.
compare	Build, verify native launch, calibrate cells and compare processing	2026-09-12T22:02:48.7160596Z Preparing to unpack .../090-gtk-update-icon-cache_4.22.4+ds-0ubuntu0.1_amd64.deb ...
compare	Build, verify native launch, calibrate cells and compare processing	2026-09-12T22:02:48.7215083Z No diversion 'diversion of /usr/sbin/update-icon-caches to /usr/sbin/update-icon-caches.gtk2 by libgtk-3-bin', none removed.
compare	Build, verify native launch, calibrate cells and compare processing	2026-09-12T22:02:48.7245499Z No diversion 'diversion of /usr/share/man/man8/update-icon-caches.8.gz to /usr/share/man/man8/update-icon-caches.gtk2.8.gz by libgtk-3-bin', none removed.
compare	Build, verify native launch, calibrate cells and compare processing	2026-09-12T22:02:48.7249039Z Unpacking gtk-update-icon-cache (4.22.4+ds-0ubuntu0.1) ...
compare	Build, verify native launch, calibrate cells and compare processing	2026-09-12T22:02:48.7383643Z Selecting previously unselected package hicolor-icon-theme.
compare	Build, verify native launch, calibrate cells and compare processing	2026-09-12T22:02:48.7396727Z Preparing to unpack .../091-hicolor-icon-theme_0.18-2build1_all.deb ...
compare	Build, verify native launch, calibrate cells and compare processing	2026-09-12T22:02:48.7403647Z Unpacking hicolor-icon-theme (0.18-2build1) ...
compare	Build, verify native launch, calibrate cells and compare processing	2026-09-12T22:02:48.8233906Z Selecting previously unselected package adwaita-icon-theme.
compare	Build, verify native launch, calibrate cells and compare processing	2026-09-12T22:02:48.8249698Z Preparing to unpack .../092-adwaita-icon-theme_50.0-1_all.deb ...
compare	Build, verify native launch, calibrate cells and compare processing	2026-09-12T22:02:48.8258888Z Unpacking adwaita-icon-theme (50.0-1) ...
compare	Build, verify native launch, calibrate cells and compare processing	2026-09-12T22:02:48.9631390Z Selecting previously unselected package libwayland-client0:amd64.
compare	Build, verify native launch, calibrate cells and compare processing	2026-09-12T22:02:48.9648039Z Preparing to unpack .../093-libwayland-client0_1.24.0-2_amd64.deb ...
compare	Build, verify native launch, calibrate cells and compare processing	2026-09-12T22:02:48.9655617Z Unpacking libwayland-client0:amd64 (1.24.0-2) ...
compare	Build, verify native launch, calibrate cells and compare processing	2026-09-12T22:02:48.9780083Z Selecting previously unselected package libwayland-egl1:amd64.
compare	Build, verify native launch, calibrate cells and compare processing	2026-09-12T22:02:48.9793772Z Preparing to unpack .../094-libwayland-egl1_1.24.0-2_amd64.deb ...
compare	Build, verify native launch, calibrate cells and compare processing	2026-09-12T22:02:48.9803480Z Unpacking libwayland-egl1:amd64 (1.24.0-2) ...
compare	Build, verify native launch, calibrate cells and compare processing	2026-09-12T22:02:48.9927994Z Selecting previously unselected package libxcb-xkb1:amd64.
compare	Build, verify native launch, calibrate cells and compare processing	2026-09-12T22:02:48.9940891Z Preparing to unpack .../095-libxcb-xkb1_1.17.0-2ubuntu1_amd64.deb ...
compare	Build, verify native launch, calibrate cells and compare processing	2026-09-12T22:02:48.9955676Z Unpacking libxcb-xkb1:amd64 (1.17.0-2ubuntu1) ...
compare	Build, verify native launch, calibrate cells and compare processing	2026-09-12T22:02:49.0100524Z Selecting previously unselected package libxkbcommon-x11-0:amd64.
compare	Build, verify native launch, calibrate cells and compare processing	2026-09-12T22:02:49.0113768Z Preparing to unpack .../096-libxkbcommon-x11-0_1.13.1-1_amd64.deb ...
compare	Build, verify native launch, calibrate cells and compare processing	2026-09-12T22:02:49.0126137Z Unpacking libxkbcommon-x11-0:amd64 (1.13.1-1) ...
compare	Build, verify native launch, calibrate cells and compare processing	2026-09-12T22:02:49.0252001Z Selecting previously unselected package ncurses-term.
compare	Build, verify native launch, calibrate cells and compare processing	2026-09-12T22:02:49.0263233Z Preparing to unpack .../097-ncurses-term_6.6+20251231-1_all.deb ...
compare	Build, verify native launch, calibrate cells and compare processing	2026-09-12T22:02:49.0270255Z Unpacking ncurses-term (6.6+20251231-1) ...
compare	Build, verify native launch, calibrate cells and compare processing	2026-09-12T22:02:49.3752156Z Selecting previously unselected package alacritty.
compare	Build, verify native launch, calibrate cells and compare processing	2026-09-12T22:02:49.3774903Z Preparing to unpack .../098-alacritty_0.16.1-2ubuntu1_amd64.deb ...
compare	Build, verify native launch, calibrate cells and compare processing	2026-09-12T22:02:49.3782653Z Unpacking alacritty (0.16.1-2ubuntu1) ...
compare	Build, verify native launch, calibrate cells and compare processing	2026-09-12T22:02:49.4222358Z Selecting previously unselected package libsframe3:amd64.
compare	Build, verify native launch, calibrate cells and compare processing	2026-09-12T22:02:49.4237997Z Preparing to unpack .../099-libsframe3_2.46-3ubuntu2_amd64.deb ...
compare	Build, verify native launch, calibrate cells and compare processing	2026-09-12T22:02:49.4245685Z Unpacking libsframe3:amd64 (2.46-3ubuntu2) ...
compare	Build, verify native launch, calibrate cells and compare processing	2026-09-12T22:02:49.4363266Z Selecting previously unselected package binutils-common:amd64.
compare	Build, verify native launch, calibrate cells and compare processing	2026-09-12T22:02:49.4378104Z Preparing to unpack .../100-binutils-common_2.46-3ubuntu2_amd64.deb ...
compare	Build, verify native launch, calibrate cells and compare processing	2026-09-12T22:02:49.4385643Z Unpacking binutils-common:amd64 (2.46-3ubuntu2) ...
compare	Build, verify native launch, calibrate cells and compare processing	2026-09-12T22:02:49.4517135Z Selecting previously unselected package libbinutils:amd64.
compare	Build, verify native launch, calibrate cells and compare processing	2026-09-12T22:02:49.4530942Z Preparing to unpack .../101-libbinutils_2.46-3ubuntu2_amd64.deb ...
compare	Build, verify native launch, calibrate cells and compare processing	2026-09-12T22:02:49.4537862Z Unpacking libbinutils:amd64 (2.46-3ubuntu2) ...
compare	Build, verify native launch, calibrate cells and compare processing	2026-09-12T22:02:49.4744780Z Selecting previously unselected package libgprofng0:amd64.
compare	Build, verify native launch, calibrate cells and compare processing	2026-09-12T22:02:49.4759213Z Preparing to unpack .../102-libgprofng0_2.46-3ubuntu2_amd64.deb ...
compare	Build, verify native launch, calibrate cells and compare processing	2026-09-12T22:02:49.4766676Z Unpacking libgprofng0:amd64 (2.46-3ubuntu2) ...
compare	Build, verify native launch, calibrate cells and compare processing	2026-09-12T22:02:49.5023998Z Selecting previously unselected package libctf-nobfd0:amd64.
compare	Build, verify native launch, calibrate cells and compare processing	2026-09-12T22:02:49.5041993Z Preparing to unpack .../103-libctf-nobfd0_2.46-3ubuntu2_amd64.deb ...
compare	Build, verify native launch, calibrate cells and compare processing	2026-09-12T22:02:49.5048493Z Unpacking libctf-nobfd0:amd64 (2.46-3ubuntu2) ...
compare	Build, verify native launch, calibrate cells and compare processing	2026-09-12T22:02:49.5187330Z Selecting previously unselected package libctf0:amd64.
compare	Build, verify native launch, calibrate cells and compare processing	2026-09-12T22:02:49.5203451Z Preparing to unpack .../104-libctf0_2.46-3ubuntu2_amd64.deb ...
compare	Build, verify native launch, calibrate cells and compare processing	2026-09-12T22:02:49.5210161Z Unpacking libctf0:amd64 (2.46-3ubuntu2) ...
compare	Build, verify native launch, calibrate cells and compare processing	2026-09-12T22:02:49.5331658Z Selecting previously unselected package binutils-x86-64-linux-gnu.
compare	Build, verify native launch, calibrate cells and compare processing	2026-09-12T22:02:49.5346299Z Preparing to unpack .../105-binutils-x86-64-linux-gnu_2.46-3ubuntu2_amd64.deb ...
compare	Build, verify native launch, calibrate cells and compare processing	2026-09-12T22:02:49.5354207Z Unpacking binutils-x86-64-linux-gnu (2.46-3ubuntu2) ...
compare	Build, verify native launch, calibrate cells and compare processing	2026-09-12T22:02:49.5843376Z Selecting previously unselected package binutils.
compare	Build, verify native launch, calibrate cells and compare processing	2026-09-12T22:02:49.5861300Z Preparing to unpack .../106-binutils_2.46-3ubuntu2_amd64.deb ...
compare	Build, verify native launch, calibrate cells and compare processing	2026-09-12T22:02:49.5879787Z Unpacking binutils (2.46-3ubuntu2) ...
compare	Build, verify native launch, calibrate cells and compare processing	2026-09-12T22:02:49.6077907Z Selecting previously unselected package libc-dev-bin.
compare	Build, verify native launch, calibrate cells and compare processing	2026-09-12T22:02:49.6093685Z Preparing to unpack .../107-libc-dev-bin_2.43-2ubuntu2.4_amd64.deb ...
compare	Build, verify native launch, calibrate cells and compare processing	2026-09-12T22:02:49.6101853Z Unpacking libc-dev-bin (2.43-2ubuntu2.4) ...
compare	Build, verify native launch, calibrate cells and compare processing	2026-09-12T22:02:49.6214929Z Selecting previously unselected package linux-libc-dev:amd64.
compare	Build, verify native launch, calibrate cells and compare processing	2026-09-12T22:02:49.6228432Z Preparing to unpack .../108-linux-libc-dev_7.0.0-31.31_amd64.deb ...
compare	Build, verify native launch, calibrate cells and compare processing	2026-09-12T22:02:49.6236319Z Unpacking linux-libc-dev:amd64 (7.0.0-31.31) ...
compare	Build, verify native launch, calibrate cells and compare processing	2026-09-12T22:02:49.8092662Z Selecting previously unselected package rpcsvc-proto.
compare	Build, verify native launch, calibrate cells and compare processing	2026-09-12T22:02:49.8097411Z Preparing to unpack .../109-rpcsvc-proto_1.4.3-1build1_amd64.deb ...
compare	Build, verify native launch, calibrate cells and compare processing	2026-09-12T22:02:49.8104095Z Unpacking rpcsvc-proto (1.4.3-1build1) ...
compare	Build, verify native launch, calibrate cells and compare processing	2026-09-12T22:02:49.8251255Z Selecting previously unselected package libc6-dev:amd64.
compare	Build, verify native launch, calibrate cells and compare processing	2026-09-12T22:02:49.8267166Z Preparing to unpack .../110-libc6-dev_2.43-2ubuntu2.4_amd64.deb ...
compare	Build, verify native launch, calibrate cells and compare processing	2026-09-12T22:02:49.8274429Z Unpacking libc6-dev:amd64 (2.43-2ubuntu2.4) ...
compare	Build, verify native launch, calibrate cells and compare processing	2026-09-12T22:02:49.9387836Z Selecting previously unselected package gcc-15-base:amd64.
compare	Build, verify native launch, calibrate cells and compare processing	2026-09-12T22:02:49.9407974Z Preparing to unpack .../111-gcc-15-base_15.2.0-16ubuntu1_amd64.deb ...
compare	Build, verify native launch, calibrate cells and compare processing	2026-09-12T22:02:49.9415529Z Unpacking gcc-15-base:amd64 (15.2.0-16ubuntu1) ...
compare	Build, verify native launch, calibrate cells and compare processing	2026-09-12T22:02:49.9551882Z Selecting previously unselected package libisl23:amd64.
compare	Build, verify native launch, calibrate cells and compare processing	2026-09-12T22:02:49.9567558Z Preparing to unpack .../112-libisl23_0.27-1build1_amd64.deb ...
compare	Build, verify native launch, calibrate cells and compare processing	2026-09-12T22:02:49.9576221Z Unpacking libisl23:amd64 (0.27-1build1) ...
compare	Build, verify native launch, calibrate cells and compare processing	2026-09-12T22:02:49.9781893Z Selecting previously unselected package libmpfr6:amd64.
compare	Build, verify native launch, calibrate cells and compare processing	2026-09-12T22:02:49.9797501Z Preparing to unpack .../113-libmpfr6_4.2.2-3_amd64.deb ...
compare	Build, verify native launch, calibrate cells and compare processing	2026-09-12T22:02:49.9804895Z Unpacking libmpfr6:amd64 (4.2.2-3) ...
compare	Build, verify native launch, calibrate cells and compare processing	2026-09-12T22:02:49.9969737Z Selecting previously unselected package libmpc3:amd64.
compare	Build, verify native launch, calibrate cells and compare processing	2026-09-12T22:02:49.9985683Z Preparing to unpack .../114-libmpc3_1.3.1-3_amd64.deb ...
compare	Build, verify native launch, calibrate cells and compare processing	2026-09-12T22:02:49.9993724Z Unpacking libmpc3:amd64 (1.3.1-3) ...
compare	Build, verify native launch, calibrate cells and compare processing	2026-09-12T22:02:50.0117914Z Selecting previously unselected package cpp-15-x86-64-linux-gnu.
compare	Build, verify native launch, calibrate cells and compare processing	2026-09-12T22:02:50.0133664Z Preparing to unpack .../115-cpp-15-x86-64-linux-gnu_15.2.0-16ubuntu1_amd64.deb ...
compare	Build, verify native launch, calibrate cells and compare processing	2026-09-12T22:02:50.0142162Z Unpacking cpp-15-x86-64-linux-gnu (15.2.0-16ubuntu1) ...
compare	Build, verify native launch, calibrate cells and compare processing	2026-09-12T22:02:50.1602785Z Selecting previously unselected package cpp-15.
compare	Build, verify native launch, calibrate cells and compare processing	2026-09-12T22:02:50.1622086Z Preparing to unpack .../116-cpp-15_15.2.0-16ubuntu1_amd64.deb ...
compare	Build, verify native launch, calibrate cells and compare processing	2026-09-12T22:02:50.1629389Z Unpacking cpp-15 (15.2.0-16ubuntu1) ...
compare	Build, verify native launch, calibrate cells and compare processing	2026-09-12T22:02:50.1833998Z Selecting previously unselected package cpp-x86-64-linux-gnu.
compare	Build, verify native launch, calibrate cells and compare processing	2026-09-12T22:02:50.1850860Z Preparing to unpack .../117-cpp-x86-64-linux-gnu_4%3a15.2.0-5ubuntu1_amd64.deb ...
compare	Build, verify native launch, calibrate cells and compare processing	2026-09-12T22:02:50.1857184Z Unpacking cpp-x86-64-linux-gnu (4:15.2.0-5ubuntu1) ...
compare	Build, verify native launch, calibrate cells and compare processing	2026-09-12T22:02:50.1984129Z Selecting previously unselected package cpp.
compare	Build, verify native launch, calibrate cells and compare processing	2026-09-12T22:02:50.1999273Z Preparing to unpack .../118-cpp_4%3a15.2.0-5ubuntu1_amd64.deb ...
compare	Build, verify native launch, calibrate cells and compare processing	2026-09-12T22:02:50.2065421Z Unpacking cpp (4:15.2.0-5ubuntu1) ...
compare	Build, verify native launch, calibrate cells and compare processing	2026-09-12T22:02:50.2192047Z Selecting previously unselected package libcc1-0:amd64.
compare	Build, verify native launch, calibrate cells and compare processing	2026-09-12T22:02:50.2206874Z Preparing to unpack .../119-libcc1-0_16-20260322-1ubuntu1_amd64.deb ...
compare	Build, verify native launch, calibrate cells and compare processing	2026-09-12T22:02:50.2215458Z Unpacking libcc1-0:amd64 (16-20260322-1ubuntu1) ...
compare	Build, verify native launch, calibrate cells and compare processing	2026-09-12T22:02:50.2344291Z Selecting previously unselected package libgomp1:amd64.
compare	Build, verify native launch, calibrate cells and compare processing	2026-09-12T22:02:50.2359401Z Preparing to unpack .../120-libgomp1_16-20260322-1ubuntu1_amd64.deb ...
compare	Build, verify native launch, calibrate cells and compare processing	2026-09-12T22:02:50.2368283Z Unpacking libgomp1:amd64 (16-20260322-1ubuntu1) ...
compare	Build, verify native launch, calibrate cells and compare processing	2026-09-12T22:02:50.2509997Z Selecting previously unselected package libitm1:amd64.
compare	Build, verify native launch, calibrate cells and compare processing	2026-09-12T22:02:50.2526446Z Preparing to unpack .../121-libitm1_16-20260322-1ubuntu1_amd64.deb ...
compare	Build, verify native launch, calibrate cells and compare processing	2026-09-12T22:02:50.2538042Z Unpacking libitm1:amd64 (16-20260322-1ubuntu1) ...
compare	Build, verify native launch, calibrate cells and compare processing	2026-09-12T22:02:50.2665595Z Selecting previously unselected package libasan8:amd64.
compare	Build, verify native launch, calibrate cells and compare processing	2026-09-12T22:02:50.2681229Z Preparing to unpack .../122-libasan8_16-20260322-1ubuntu1_amd64.deb ...
compare	Build, verify native launch, calibrate cells and compare processing	2026-09-12T22:02:50.2689301Z Unpacking libasan8:amd64 (16-20260322-1ubuntu1) ...
compare	Build, verify native launch, calibrate cells and compare processing	2026-09-12T22:02:50.3245880Z Selecting previously unselected package liblsan0:amd64.
compare	Build, verify native launch, calibrate cells and compare processing	2026-09-12T22:02:50.3264094Z Preparing to unpack .../123-liblsan0_16-20260322-1ubuntu1_amd64.deb ...
compare	Build, verify native launch, calibrate cells and compare processing	2026-09-12T22:02:50.3271443Z Unpacking liblsan0:amd64 (16-20260322-1ubuntu1) ...
compare	Build, verify native launch, calibrate cells and compare processing	2026-09-12T22:02:50.3554533Z Selecting previously unselected package libtsan2:amd64.
compare	Build, verify native launch, calibrate cells and compare processing	2026-09-12T22:02:50.3573563Z Preparing to unpack .../124-libtsan2_16-20260322-1ubuntu1_amd64.deb ...
compare	Build, verify native launch, calibrate cells and compare processing	2026-09-12T22:02:50.3581167Z Unpacking libtsan2:amd64 (16-20260322-1ubuntu1) ...
compare	Build, verify native launch, calibrate cells and compare processing	2026-09-12T22:02:50.4066768Z Selecting previously unselected package libubsan1:amd64.
compare	Build, verify native launch, calibrate cells and compare processing	2026-09-12T22:02:50.4085626Z Preparing to unpack .../125-libubsan1_16-20260322-1ubuntu1_amd64.deb ...
compare	Build, verify native launch, calibrate cells and compare processing	2026-09-12T22:02:50.4093653Z Unpacking libubsan1:amd64 (16-20260322-1ubuntu1) ...
compare	Build, verify native launch, calibrate cells and compare processing	2026-09-12T22:02:50.4364595Z Selecting previously unselected package libhwasan0:amd64.
compare	Build, verify native launch, calibrate cells and compare processing	2026-09-12T22:02:50.4383064Z Preparing to unpack .../126-libhwasan0_16-20260322-1ubuntu1_amd64.deb ...
compare	Build, verify native launch, calibrate cells and compare processing	2026-09-12T22:02:50.4391587Z Unpacking libhwasan0:amd64 (16-20260322-1ubuntu1) ...
compare	Build, verify native launch, calibrate cells and compare processing	2026-09-12T22:02:50.4717197Z Selecting previously unselected package libquadmath0:amd64.
compare	Build, verify native launch, calibrate cells and compare processing	2026-09-12T22:02:50.4735876Z Preparing to unpack .../127-libquadmath0_16-20260322-1ubuntu1_amd64.deb ...
compare	Build, verify native launch, calibrate cells and compare processing	2026-09-12T22:02:50.4742918Z Unpacking libquadmath0:amd64 (16-20260322-1ubuntu1) ...
compare	Build, verify native launch, calibrate cells and compare processing	2026-09-12T22:02:50.4869423Z Selecting previously unselected package libgcc-15-dev:amd64.
compare	Build, verify native launch, calibrate cells and compare processing	2026-09-12T22:02:50.4885323Z Preparing to unpack .../128-libgcc-15-dev_15.2.0-16ubuntu1_amd64.deb ...
compare	Build, verify native launch, calibrate cells and compare processing	2026-09-12T22:02:50.4894138Z Unpacking libgcc-15-dev:amd64 (15.2.0-16ubuntu1) ...
compare	Build, verify native launch, calibrate cells and compare processing	2026-09-12T22:02:50.5726594Z Selecting previously unselected package gcc-15-x86-64-linux-gnu.
compare	Build, verify native launch, calibrate cells and compare processing	2026-09-12T22:02:50.5745881Z Preparing to unpack .../129-gcc-15-x86-64-linux-gnu_15.2.0-16ubuntu1_amd64.deb ...
compare	Build, verify native launch, calibrate cells and compare processing	2026-09-12T22:02:50.5753275Z Unpacking gcc-15-x86-64-linux-gnu (15.2.0-16ubuntu1) ...
compare	Build, verify native launch, calibrate cells and compare processing	2026-09-12T22:02:50.8542326Z Selecting previously unselected package gcc-15.
compare	Build, verify native launch, calibrate cells and compare processing	2026-09-12T22:02:50.8561534Z Preparing to unpack .../130-gcc-15_15.2.0-16ubuntu1_amd64.deb ...
compare	Build, verify native launch, calibrate cells and compare processing	2026-09-12T22:02:50.8568231Z Unpacking gcc-15 (15.2.0-16ubuntu1) ...
compare	Build, verify native launch, calibrate cells and compare processing	2026-09-12T22:02:50.8722124Z Selecting previously unselected package gcc-x86-64-linux-gnu.
compare	Build, verify native launch, calibrate cells and compare processing	2026-09-12T22:02:50.8740495Z Preparing to unpack .../131-gcc-x86-64-linux-gnu_4%3a15.2.0-5ubuntu1_amd64.deb ...
compare	Build, verify native launch, calibrate cells and compare processing	2026-09-12T22:02:50.8748246Z Unpacking gcc-x86-64-linux-gnu (4:15.2.0-5ubuntu1) ...
compare	Build, verify native launch, calibrate cells and compare processing	2026-09-12T22:02:50.8875494Z Selecting previously unselected package gcc.
compare	Build, verify native launch, calibrate cells and compare processing	2026-09-12T22:02:50.8891666Z Preparing to unpack .../132-gcc_4%3a15.2.0-5ubuntu1_amd64.deb ...
compare	Build, verify native launch, calibrate cells and compare processing	2026-09-12T22:02:50.8899132Z Unpacking gcc (4:15.2.0-5ubuntu1) ...
compare	Build, verify native launch, calibrate cells and compare processing	2026-09-12T22:02:50.9027590Z Selecting previously unselected package libstdc++-15-dev:amd64.
compare	Build, verify native launch, calibrate cells and compare processing	2026-09-12T22:02:50.9042711Z Preparing to unpack .../133-libstdc++-15-dev_15.2.0-16ubuntu1_amd64.deb ...
compare	Build, verify native launch, calibrate cells and compare processing	2026-09-12T22:02:50.9050337Z Unpacking libstdc++-15-dev:amd64 (15.2.0-16ubuntu1) ...
compare	Build, verify native launch, calibrate cells and compare processing	2026-09-12T22:02:51.0778247Z Selecting previously unselected package g++-15-x86-64-linux-gnu.
compare	Build, verify native launch, calibrate cells and compare processing	2026-09-12T22:02:51.0800070Z Preparing to unpack .../134-g++-15-x86-64-linux-gnu_15.2.0-16ubuntu1_amd64.deb ...
compare	Build, verify native launch, calibrate cells and compare processing	2026-09-12T22:02:51.0807671Z Unpacking g++-15-x86-64-linux-gnu (15.2.0-16ubuntu1) ...
compare	Build, verify native launch, calibrate cells and compare processing	2026-09-12T22:02:51.2381254Z Selecting previously unselected package g++-15.
compare	Build, verify native launch, calibrate cells and compare processing	2026-09-12T22:02:51.2401138Z Preparing to unpack .../135-g++-15_15.2.0-16ubuntu1_amd64.deb ...
compare	Build, verify native launch, calibrate cells and compare processing	2026-09-12T22:02:51.2409164Z Unpacking g++-15 (15.2.0-16ubuntu1) ...
compare	Build, verify native launch, calibrate cells and compare processing	2026-09-12T22:02:51.2520416Z Selecting previously unselected package g++-x86-64-linux-gnu.
compare	Build, verify native launch, calibrate cells and compare processing	2026-09-12T22:02:51.2537745Z Preparing to unpack .../136-g++-x86-64-linux-gnu_4%3a15.2.0-5ubuntu1_amd64.deb ...
compare	Build, verify native launch, calibrate cells and compare processing	2026-09-12T22:02:51.2545532Z Unpacking g++-x86-64-linux-gnu (4:15.2.0-5ubuntu1) ...
compare	Build, verify native launch, calibrate cells and compare processing	2026-09-12T22:02:51.2659784Z Selecting previously unselected package g++.
compare	Build, verify native launch, calibrate cells and compare processing	2026-09-12T22:02:51.2676384Z Preparing to unpack .../137-g++_4%3a15.2.0-5ubuntu1_amd64.deb ...
compare	Build, verify native launch, calibrate cells and compare processing	2026-09-12T22:02:51.2686941Z Unpacking g++ (4:15.2.0-5ubuntu1) ...
compare	Build, verify native launch, calibrate cells and compare processing	2026-09-12T22:02:51.2800113Z Selecting previously unselected package make.
compare	Build, verify native launch, calibrate cells and compare processing	2026-09-12T22:02:51.2816059Z Preparing to unpack .../138-make_4.4.1-3_amd64.deb ...
compare	Build, verify native launch, calibrate cells and compare processing	2026-09-12T22:02:51.2823798Z Unpacking make (4.4.1-3) ...
compare	Build, verify native launch, calibrate cells and compare processing	2026-09-12T22:02:51.2962587Z Selecting previously unselected package perl-modules-5.40.
compare	Build, verify native launch, calibrate cells and compare processing	2026-09-12T22:02:51.2978758Z Preparing to unpack .../139-perl-modules-5.40_5.40.1-7ubuntu0.3_all.deb ...
compare	Build, verify native launch, calibrate cells and compare processing	2026-09-12T22:02:51.2985928Z Unpacking perl-modules-5.40 (5.40.1-7ubuntu0.3) ...
compare	Build, verify native launch, calibrate cells and compare processing	2026-09-12T22:02:51.5263549Z Selecting previously unselected package libgdbm-compat4t64:amd64.
compare	Build, verify native launch, calibrate cells and compare processing	2026-09-12T22:02:51.5287325Z Preparing to unpack .../140-libgdbm-compat4t64_1.26-1build1_amd64.deb ...
compare	Build, verify native launch, calibrate cells and compare processing	2026-09-12T22:02:51.5295150Z Unpacking libgdbm-compat4t64:amd64 (1.26-1build1) ...
compare	Build, verify native launch, calibrate cells and compare processing	2026-09-12T22:02:51.5425199Z Selecting previously unselected package libperl5.40:amd64.
compare	Build, verify native launch, calibrate cells and compare processing	2026-09-12T22:02:51.5444410Z Preparing to unpack .../141-libperl5.40_5.40.1-7ubuntu0.3_amd64.deb ...
compare	Build, verify native launch, calibrate cells and compare processing	2026-09-12T22:02:51.5452384Z Unpacking libperl5.40:amd64 (5.40.1-7ubuntu0.3) ...
compare	Build, verify native launch, calibrate cells and compare processing	2026-09-12T22:02:51.6985359Z Selecting previously unselected package perl.
compare	Build, verify native launch, calibrate cells and compare processing	2026-09-12T22:02:51.7007068Z Preparing to unpack .../142-perl_5.40.1-7ubuntu0.3_amd64.deb ...
compare	Build, verify native launch, calibrate cells and compare processing	2026-09-12T22:02:51.7016349Z Unpacking perl (5.40.1-7ubuntu0.3) ...
compare	Build, verify native launch, calibrate cells and compare processing	2026-09-12T22:02:51.7211862Z Selecting previously unselected package libdpkg-perl.
compare	Build, verify native launch, calibrate cells and compare processing	2026-09-12T22:02:51.7231232Z Preparing to unpack .../143-libdpkg-perl_1.23.7ubuntu1_all.deb ...
compare	Build, verify native launch, calibrate cells and compare processing	2026-09-12T22:02:51.7239012Z Unpacking libdpkg-perl (1.23.7ubuntu1) ...
compare	Build, verify native launch, calibrate cells and compare processing	2026-09-12T22:02:51.7532790Z Selecting previously unselected package bzip2.
compare	Build, verify native launch, calibrate cells and compare processing	2026-09-12T22:02:51.7537699Z Preparing to unpack .../144-bzip2_1.0.8-6ubuntu0.1_amd64.deb ...
compare	Build, verify native launch, calibrate cells and compare processing	2026-09-12T22:02:51.7545490Z Unpacking bzip2 (1.0.8-6ubuntu0.1) ...
compare	Build, verify native launch, calibrate cells and compare processing	2026-09-12T22:02:51.7682141Z Selecting previously unselected package patch.
compare	Build, verify native launch, calibrate cells and compare processing	2026-09-12T22:02:51.7699859Z Preparing to unpack .../145-patch_2.8-2build1_amd64.deb ...
compare	Build, verify native launch, calibrate cells and compare processing	2026-09-12T22:02:51.7707104Z Unpacking patch (2.8-2build1) ...
compare	Build, verify native launch, calibrate cells and compare processing	2026-09-12T22:02:51.7830259Z Selecting previously unselected package lto-disabled-list.
compare	Build, verify native launch, calibrate cells and compare processing	2026-09-12T22:02:51.7847566Z Preparing to unpack .../146-lto-disabled-list_79_all.deb ...
compare	Build, verify native launch, calibrate cells and compare processing	2026-09-12T22:02:51.7854690Z Unpacking lto-disabled-list (79) ...
compare	Build, verify native launch, calibrate cells and compare processing	2026-09-12T22:02:51.7975087Z Selecting previously unselected package dpkg-dev.
compare	Build, verify native launch, calibrate cells and compare processing	2026-09-12T22:02:51.7991601Z Preparing to unpack .../147-dpkg-dev_1.23.7ubuntu1_all.deb ...
compare	Build, verify native launch, calibrate cells and compare processing	2026-09-12T22:02:51.7998588Z Unpacking dpkg-dev (1.23.7ubuntu1) ...
compare	Build, verify native launch, calibrate cells and compare processing	2026-09-12T22:02:51.8253437Z Selecting previously unselected package libcrypt-dev:amd64.
compare	Build, verify native launch, calibrate cells and compare processing	2026-09-12T22:02:51.8272322Z Preparing to unpack .../148-libcrypt-dev_1%3a4.5.1-1_amd64.deb ...
compare	Build, verify native launch, calibrate cells and compare processing	2026-09-12T22:02:51.8338720Z Unpacking libcrypt-dev:amd64 (1:4.5.1-1) ...
compare	Build, verify native launch, calibrate cells and compare processing	2026-09-12T22:02:51.8479942Z Selecting previously unselected package build-essential.
compare	Build, verify native launch, calibrate cells and compare processing	2026-09-12T22:02:51.8499228Z Preparing to unpack .../149-build-essential_12.12ubuntu2.26.04.2_amd64.deb ...
compare	Build, verify native launch, calibrate cells and compare processing	2026-09-12T22:02:51.8506396Z Unpacking build-essential (12.12ubuntu2.26.04.2) ...
compare	Build, verify native launch, calibrate cells and compare processing	2026-09-12T22:02:51.8633160Z Selecting previously unselected package libdconf1:amd64.
compare	Build, verify native launch, calibrate cells and compare processing	2026-09-12T22:02:51.8650955Z Preparing to unpack .../150-libdconf1_0.49.0-4_amd64.deb ...
compare	Build, verify native launch, calibrate cells and compare processing	2026-09-12T22:02:51.8657837Z Unpacking libdconf1:amd64 (0.49.0-4) ...
compare	Build, verify native launch, calibrate cells and compare processing	2026-09-12T22:02:51.8782478Z Selecting previously unselected package dconf-service.
compare	Build, verify native launch, calibrate cells and compare processing	2026-09-12T22:02:51.8799651Z Preparing to unpack .../151-dconf-service_0.49.0-4_amd64.deb ...
compare	Build, verify native launch, calibrate cells and compare processing	2026-09-12T22:02:51.8806771Z Unpacking dconf-service (0.49.0-4) ...
compare	Build, verify native launch, calibrate cells and compare processing	2026-09-12T22:02:51.8925996Z Selecting previously unselected package dconf-gsettings-backend:amd64.
compare	Build, verify native launch, calibrate cells and compare processing	2026-09-12T22:02:51.8942030Z Preparing to unpack .../152-dconf-gsettings-backend_0.49.0-4_amd64.deb ...
compare	Build, verify native launch, calibrate cells and compare processing	2026-09-12T22:02:51.8949149Z Unpacking dconf-gsettings-backend:amd64 (0.49.0-4) ...
compare	Build, verify native launch, calibrate cells and compare processing	2026-09-12T22:02:51.9091729Z Selecting previously unselected package fonts-noto-cjk.
compare	Build, verify native launch, calibrate cells and compare processing	2026-09-12T22:02:51.9094703Z Preparing to unpack .../153-fonts-noto-cjk_1%3a20240730+repack1-1build1_all.deb ...
compare	Build, verify native launch, calibrate cells and compare processing	2026-09-12T22:02:51.9161095Z Unpacking fonts-noto-cjk (1:20240730+repack1-1build1) ...
compare	Build, verify native launch, calibrate cells and compare processing	2026-09-12T22:02:52.3273271Z Selecting previously unselected package fonts-noto-color-emoji.
compare	Build, verify native launch, calibrate cells and compare processing	2026-09-12T22:02:52.3294776Z Preparing to unpack .../154-fonts-noto-color-emoji_2.051-1build1_all.deb ...
compare	Build, verify native launch, calibrate cells and compare processing	2026-09-12T22:02:52.3301876Z Unpacking fonts-noto-color-emoji (2.051-1build1) ...
compare	Build, verify native launch, calibrate cells and compare processing	2026-09-12T22:02:52.3749511Z Selecting previously unselected package libsasl2-modules-db:amd64.
compare	Build, verify native launch, calibrate cells and compare processing	2026-09-12T22:02:52.3770598Z Preparing to unpack .../155-libsasl2-modules-db_2.1.28+dfsg1-9ubuntu3_amd64.deb ...
compare	Build, verify native launch, calibrate cells and compare processing	2026-09-12T22:02:52.3777782Z Unpacking libsasl2-modules-db:amd64 (2.1.28+dfsg1-9ubuntu3) ...
compare	Build, verify native launch, calibrate cells and compare processing	2026-09-12T22:02:52.3904783Z Selecting previously unselected package libsasl2-2:amd64.
compare	Build, verify native launch, calibrate cells and compare processing	2026-09-12T22:02:52.3922652Z Preparing to unpack .../156-libsasl2-2_2.1.28+dfsg1-9ubuntu3_amd64.deb ...
compare	Build, verify native launch, calibrate cells and compare processing	2026-09-12T22:02:52.3930032Z Unpacking libsasl2-2:amd64 (2.1.28+dfsg1-9ubuntu3) ...
compare	Build, verify native launch, calibrate cells and compare processing	2026-09-12T22:02:52.4058732Z Selecting previously unselected package libldap-common.
compare	Build, verify native launch, calibrate cells and compare processing	2026-09-12T22:02:52.4074983Z Preparing to unpack .../157-libldap-common_2.6.10+dfsg-1ubuntu5_all.deb ...
compare	Build, verify native launch, calibrate cells and compare processing	2026-09-12T22:02:52.4082366Z Unpacking libldap-common (2.6.10+dfsg-1ubuntu5) ...
compare	Build, verify native launch, calibrate cells and compare processing	2026-09-12T22:02:52.4214995Z Selecting previously unselected package libldap2:amd64.
compare	Build, verify native launch, calibrate cells and compare processing	2026-09-12T22:02:52.4232102Z Preparing to unpack .../158-libldap2_2.6.10+dfsg-1ubuntu5_amd64.deb ...
compare	Build, verify native launch, calibrate cells and compare processing	2026-09-12T22:02:52.4243330Z Unpacking libldap2:amd64 (2.6.10+dfsg-1ubuntu5) ...
compare	Build, verify native launch, calibrate cells and compare processing	2026-09-12T22:02:52.4397155Z Selecting previously unselected package librtmp1:amd64.
compare	Build, verify native launch, calibrate cells and compare processing	2026-09-12T22:02:52.4414948Z Preparing to unpack .../159-librtmp1_2.4+20151223.gitfa8646d.1-3_amd64.deb ...
compare	Build, verify native launch, calibrate cells and compare processing	2026-09-12T22:02:52.4424168Z Unpacking librtmp1:amd64 (2.4+20151223.gitfa8646d.1-3) ...
compare	Build, verify native launch, calibrate cells and compare processing	2026-09-12T22:02:52.4555223Z Selecting previously unselected package libssh2-1t64:amd64.
compare	Build, verify native launch, calibrate cells and compare processing	2026-09-12T22:02:52.4572976Z Preparing to unpack .../160-libssh2-1t64_1.11.1-1ubuntu0.26.04.4_amd64.deb ...
compare	Build, verify native launch, calibrate cells and compare processing	2026-09-12T22:02:52.4581947Z Unpacking libssh2-1t64:amd64 (1.11.1-1ubuntu0.26.04.4) ...
compare	Build, verify native launch, calibrate cells and compare processing	2026-09-12T22:02:52.4726051Z Selecting previously unselected package libcurl3t64-gnutls:amd64.
compare	Build, verify native launch, calibrate cells and compare processing	2026-09-12T22:02:52.4744146Z Preparing to unpack .../161-libcurl3t64-gnutls_8.18.0-1ubuntu2.5_amd64.deb ...
compare	Build, verify native launch, calibrate cells and compare processing	2026-09-12T22:02:52.4753053Z Unpacking libcurl3t64-gnutls:amd64 (8.18.0-1ubuntu2.5) ...
compare	Build, verify native launch, calibrate cells and compare processing	2026-09-12T22:02:52.4925931Z Selecting previously unselected package libfyaml0:amd64.
compare	Build, verify native launch, calibrate cells and compare processing	2026-09-12T22:02:52.4943968Z Preparing to unpack .../162-libfyaml0_0.9.4-1_amd64.deb ...
compare	Build, verify native launch, calibrate cells and compare processing	2026-09-12T22:02:52.4953288Z Unpacking libfyaml0:amd64 (0.9.4-1) ...
compare	Build, verify native launch, calibrate cells and compare processing	2026-09-12T22:02:52.5118124Z Selecting previously unselected package libstemmer0d:amd64.
compare	Build, verify native launch, calibrate cells and compare processing	2026-09-12T22:02:52.5136793Z Preparing to unpack .../163-libstemmer0d_3.0.1-1_amd64.deb ...
compare	Build, verify native launch, calibrate cells and compare processing	2026-09-12T22:02:52.5146350Z Unpacking libstemmer0d:amd64 (3.0.1-1) ...
compare	Build, verify native launch, calibrate cells and compare processing	2026-09-12T22:02:52.5331406Z Selecting previously unselected package libxmlb2:amd64.
compare	Build, verify native launch, calibrate cells and compare processing	2026-09-12T22:02:52.5352794Z Preparing to unpack .../164-libxmlb2_0.3.24-2_amd64.deb ...
compare	Build, verify native launch, calibrate cells and compare processing	2026-09-12T22:02:52.5370287Z Unpacking libxmlb2:amd64 (0.3.24-2) ...
compare	Build, verify native launch, calibrate cells and compare processing	2026-09-12T22:02:52.5509242Z Selecting previously unselected package libappstream5:amd64.
compare	Build, verify native launch, calibrate cells and compare processing	2026-09-12T22:02:52.5527819Z Preparing to unpack .../165-libappstream5_1.1.2-1_amd64.deb ...
compare	Build, verify native launch, calibrate cells and compare processing	2026-09-12T22:02:52.5536750Z Unpacking libappstream5:amd64 (1.1.2-1) ...
compare	Build, verify native launch, calibrate cells and compare processing	2026-09-12T22:02:52.5703502Z Selecting previously unselected package libgraphene-1.0-0:amd64.
compare	Build, verify native launch, calibrate cells and compare processing	2026-09-12T22:02:52.5721416Z Preparing to unpack .../166-libgraphene-1.0-0_1.10.8-5build1_amd64.deb ...
compare	Build, verify native launch, calibrate cells and compare processing	2026-09-12T22:02:52.5729281Z Unpacking libgraphene-1.0-0:amd64 (1.10.8-5build1) ...
compare	Build, verify native launch, calibrate cells and compare processing	2026-09-12T22:02:52.5863130Z Selecting previously unselected package liblzo2-2:amd64.
compare	Build, verify native launch, calibrate cells and compare processing	2026-09-12T22:02:52.5880548Z Preparing to unpack .../167-liblzo2-2_2.10-3build2_amd64.deb ...
compare	Build, verify native launch, calibrate cells and compare processing	2026-09-12T22:02:52.5985695Z Unpacking liblzo2-2:amd64 (2.10-3build2) ...
compare	Build, verify native launch, calibrate cells and compare processing	2026-09-12T22:02:52.6123408Z Selecting previously unselected package libcairo-script-interpreter2:amd64.
compare	Build, verify native launch, calibrate cells and compare processing	2026-09-12T22:02:52.6142358Z Preparing to unpack .../168-libcairo-script-interpreter2_1.18.4-3_amd64.deb ...
compare	Build, verify native launch, calibrate cells and compare processing	2026-09-12T22:02:52.6150162Z Unpacking libcairo-script-interpreter2:amd64 (1.18.4-3) ...
compare	Build, verify native launch, calibrate cells and compare processing	2026-09-12T22:02:52.6286025Z Selecting previously unselected package libcolord2:amd64.
compare	Build, verify native launch, calibrate cells and compare processing	2026-09-12T22:02:52.6303854Z Preparing to unpack .../169-libcolord2_1.4.8-3_amd64.deb ...
compare	Build, verify native launch, calibrate cells and compare processing	2026-09-12T22:02:52.6310635Z Unpacking libcolord2:amd64 (1.4.8-3) ...
compare	Build, verify native launch, calibrate cells and compare processing	2026-09-12T22:02:52.6452781Z Selecting previously unselected package libavahi-common-data:amd64.
compare	Build, verify native launch, calibrate cells and compare processing	2026-09-12T22:02:52.6469551Z Preparing to unpack .../170-libavahi-common-data_0.8-18ubuntu1.1_amd64.deb ...
compare	Build, verify native launch, calibrate cells and compare processing	2026-09-12T22:02:52.6477155Z Unpacking libavahi-common-data:amd64 (0.8-18ubuntu1.1) ...
compare	Build, verify native launch, calibrate cells and compare processing	2026-09-12T22:02:52.6603479Z Selecting previously unselected package libavahi-common3:amd64.
compare	Build, verify native launch, calibrate cells and compare processing	2026-09-12T22:02:52.6619539Z Preparing to unpack .../171-libavahi-common3_0.8-18ubuntu1.1_amd64.deb ...
compare	Build, verify native launch, calibrate cells and compare processing	2026-09-12T22:02:52.6652931Z Unpacking libavahi-common3:amd64 (0.8-18ubuntu1.1) ...
compare	Build, verify native launch, calibrate cells and compare processing	2026-09-12T22:02:52.6784502Z Selecting previously unselected package libavahi-client3:amd64.
compare	Build, verify native launch, calibrate cells and compare processing	2026-09-12T22:02:52.6801487Z Preparing to unpack .../172-libavahi-client3_0.8-18ubuntu1.1_amd64.deb ...
compare	Build, verify native launch, calibrate cells and compare processing	2026-09-12T22:02:52.6808723Z Unpacking libavahi-client3:amd64 (0.8-18ubuntu1.1) ...
compare	Build, verify native launch, calibrate cells and compare processing	2026-09-12T22:02:52.6941640Z Selecting previously unselected package libcups2t64:amd64.
compare	Build, verify native launch, calibrate cells and compare processing	2026-09-12T22:02:52.6959192Z Preparing to unpack .../173-libcups2t64_2.4.16-1ubuntu1.3_amd64.deb ...
compare	Build, verify native launch, calibrate cells and compare processing	2026-09-12T22:02:52.6967237Z Unpacking libcups2t64:amd64 (2.4.16-1ubuntu1.3) ...
compare	Build, verify native launch, calibrate cells and compare processing	2026-09-12T22:02:52.7129773Z Selecting previously unselected package libepoxy0:amd64.
compare	Build, verify native launch, calibrate cells and compare processing	2026-09-12T22:02:52.7147837Z Preparing to unpack .../174-libepoxy0_1.5.10-2build1_amd64.deb ...
compare	Build, verify native launch, calibrate cells and compare processing	2026-09-12T22:02:52.7155228Z Unpacking libepoxy0:amd64 (1.5.10-2build1) ...
compare	Build, verify native launch, calibrate cells and compare processing	2026-09-12T22:02:52.7344870Z Selecting previously unselected package libglvnd0:amd64.
compare	Build, verify native launch, calibrate cells and compare processing	2026-09-12T22:02:52.7361522Z Preparing to unpack .../175-libglvnd0_1.7.0-3_amd64.deb ...
compare	Build, verify native launch, calibrate cells and compare processing	2026-09-12T22:02:52.7369814Z Unpacking libglvnd0:amd64 (1.7.0-3) ...
compare	Build, verify native launch, calibrate cells and compare processing	2026-09-12T22:02:52.7527432Z Selecting previously unselected package libdrm-amdgpu1:amd64.
compare	Build, verify native launch, calibrate cells and compare processing	2026-09-12T22:02:52.7545109Z Preparing to unpack .../176-libdrm-amdgpu1_2.4.131-1_amd64.deb ...
compare	Build, verify native launch, calibrate cells and compare processing	2026-09-12T22:02:52.7552444Z Unpacking libdrm-amdgpu1:amd64 (2.4.131-1) ...
compare	Build, verify native launch, calibrate cells and compare processing	2026-09-12T22:02:52.7683259Z Selecting previously unselected package libpciaccess0:amd64.
compare	Build, verify native launch, calibrate cells and compare processing	2026-09-12T22:02:52.7701803Z Preparing to unpack .../177-libpciaccess0_0.18.1-1ubuntu4.1_amd64.deb ...
compare	Build, verify native launch, calibrate cells and compare processing	2026-09-12T22:02:52.7710160Z Unpacking libpciaccess0:amd64 (0.18.1-1ubuntu4.1) ...
compare	Build, verify native launch, calibrate cells and compare processing	2026-09-12T22:02:52.7836899Z Selecting previously unselected package libdrm-intel1:amd64.
compare	Build, verify native launch, calibrate cells and compare processing	2026-09-12T22:02:52.7855406Z Preparing to unpack .../178-libdrm-intel1_2.4.131-1_amd64.deb ...
compare	Build, verify native launch, calibrate cells and compare processing	2026-09-12T22:02:52.7862619Z Unpacking libdrm-intel1:amd64 (2.4.131-1) ...
compare	Build, verify native launch, calibrate cells and compare processing	2026-09-12T22:02:52.7993396Z Selecting previously unselected package libllvm21:amd64.
compare	Build, verify native launch, calibrate cells and compare processing	2026-09-12T22:02:52.8011861Z Preparing to unpack .../179-libllvm21_1%3a21.1.8-6ubuntu1_amd64.deb ...
compare	Build, verify native launch, calibrate cells and compare processing	2026-09-12T22:02:52.8028213Z Unpacking libllvm21:amd64 (1:21.1.8-6ubuntu1) ...
compare	Build, verify native launch, calibrate cells and compare processing	2026-09-12T22:02:53.2562374Z Selecting previously unselected package libx11-xcb1:amd64.
compare	Build, verify native launch, calibrate cells and compare processing	2026-09-12T22:02:53.2584102Z Preparing to unpack .../180-libx11-xcb1_2%3a1.8.13-1_amd64.deb ...
compare	Build, verify native launch, calibrate cells and compare processing	2026-09-12T22:02:53.2591886Z Unpacking libx11-xcb1:amd64 (2:1.8.13-1) ...
compare	Build, verify native launch, calibrate cells and compare processing	2026-09-12T22:02:53.2723210Z Selecting previously unselected package libxcb-dri3-0:amd64.
compare	Build, verify native launch, calibrate cells and compare processing	2026-09-12T22:02:53.2741527Z Preparing to unpack .../181-libxcb-dri3-0_1.17.0-2ubuntu1_amd64.deb ...
compare	Build, verify native launch, calibrate cells and compare processing	2026-09-12T22:02:53.2748648Z Unpacking libxcb-dri3-0:amd64 (1.17.0-2ubuntu1) ...
compare	Build, verify native launch, calibrate cells and compare processing	2026-09-12T22:02:53.2883498Z Selecting previously unselected package libxcb-present0:amd64.
compare	Build, verify native launch, calibrate cells and compare processing	2026-09-12T22:02:53.2901460Z Preparing to unpack .../182-libxcb-present0_1.17.0-2ubuntu1_amd64.deb ...
compare	Build, verify native launch, calibrate cells and compare processing	2026-09-12T22:02:53.2908630Z Unpacking libxcb-present0:amd64 (1.17.0-2ubuntu1) ...
compare	Build, verify native launch, calibrate cells and compare processing	2026-09-12T22:02:53.3037344Z Selecting previously unselected package libxcb-randr0:amd64.
compare	Build, verify native launch, calibrate cells and compare processing	2026-09-12T22:02:53.3054943Z Preparing to unpack .../183-libxcb-randr0_1.17.0-2ubuntu1_amd64.deb ...
compare	Build, verify native launch, calibrate cells and compare processing	2026-09-12T22:02:53.3062267Z Unpacking libxcb-randr0:amd64 (1.17.0-2ubuntu1) ...
compare	Build, verify native launch, calibrate cells and compare processing	2026-09-12T22:02:53.3194646Z Selecting previously unselected package libxcb-sync1:amd64.
compare	Build, verify native launch, calibrate cells and compare processing	2026-09-12T22:02:53.3211571Z Preparing to unpack .../184-libxcb-sync1_1.17.0-2ubuntu1_amd64.deb ...
compare	Build, verify native launch, calibrate cells and compare processing	2026-09-12T22:02:53.3218087Z Unpacking libxcb-sync1:amd64 (1.17.0-2ubuntu1) ...
compare	Build, verify native launch, calibrate cells and compare processing	2026-09-12T22:02:53.3344937Z Selecting previously unselected package libxcb-xfixes0:amd64.
compare	Build, verify native launch, calibrate cells and compare processing	2026-09-12T22:02:53.3361552Z Preparing to unpack .../185-libxcb-xfixes0_1.17.0-2ubuntu1_amd64.deb ...
compare	Build, verify native launch, calibrate cells and compare processing	2026-09-12T22:02:53.3368585Z Unpacking libxcb-xfixes0:amd64 (1.17.0-2ubuntu1) ...
compare	Build, verify native launch, calibrate cells and compare processing	2026-09-12T22:02:53.3498180Z Selecting previously unselected package libxshmfence1:amd64.
compare	Build, verify native launch, calibrate cells and compare processing	2026-09-12T22:02:53.3514911Z Preparing to unpack .../186-libxshmfence1_1.3.3-1build1_amd64.deb ...
compare	Build, verify native launch, calibrate cells and compare processing	2026-09-12T22:02:53.3522688Z Unpacking libxshmfence1:amd64 (1.3.3-1build1) ...
compare	Build, verify native launch, calibrate cells and compare processing	2026-09-12T22:02:53.3648942Z Selecting previously unselected package mesa-libgallium:amd64.
compare	Build, verify native launch, calibrate cells and compare processing	2026-09-12T22:02:53.3667228Z Preparing to unpack .../187-mesa-libgallium_26.0.8-1ubuntu0.3_amd64.deb ...
compare	Build, verify native launch, calibrate cells and compare processing	2026-09-12T22:02:53.3674805Z Unpacking mesa-libgallium:amd64 (26.0.8-1ubuntu0.3) ...
compare	Build, verify native launch, calibrate cells and compare processing	2026-09-12T22:02:53.5343847Z Selecting previously unselected package libgbm1:amd64.
compare	Build, verify native launch, calibrate cells and compare processing	2026-09-12T22:02:53.5364743Z Preparing to unpack .../188-libgbm1_26.0.8-1ubuntu0.3_amd64.deb ...
compare	Build, verify native launch, calibrate cells and compare processing	2026-09-12T22:02:53.5372762Z Unpacking libgbm1:amd64 (26.0.8-1ubuntu0.3) ...
compare	Build, verify native launch, calibrate cells and compare processing	2026-09-12T22:02:53.5515011Z Selecting previously unselected package libegl-mesa0:amd64.
compare	Build, verify native launch, calibrate cells and compare processing	2026-09-12T22:02:53.5533410Z Preparing to unpack .../189-libegl-mesa0_26.0.8-1ubuntu0.3_amd64.deb ...
compare	Build, verify native launch, calibrate cells and compare processing	2026-09-12T22:02:53.5542096Z Unpacking libegl-mesa0:amd64 (26.0.8-1ubuntu0.3) ...
compare	Build, verify native launch, calibrate cells and compare processing	2026-09-12T22:02:53.5694605Z Selecting previously unselected package libegl1:amd64.
compare	Build, verify native launch, calibrate cells and compare processing	2026-09-12T22:02:53.5711595Z Preparing to unpack .../190-libegl1_1.7.0-3_amd64.deb ...
compare	Build, verify native launch, calibrate cells and compare processing	2026-09-12T22:02:53.5718955Z Unpacking libegl1:amd64 (1.7.0-3) ...
compare	Build, verify native launch, calibrate cells and compare processing	2026-09-12T22:02:53.5861039Z Selecting previously unselected package libvulkan1:amd64.
compare	Build, verify native launch, calibrate cells and compare processing	2026-09-12T22:02:53.5877667Z Preparing to unpack .../191-libvulkan1_1.4.341.0-1_amd64.deb ...
compare	Build, verify native launch, calibrate cells and compare processing	2026-09-12T22:02:53.5884854Z Unpacking libvulkan1:amd64 (1.4.341.0-1) ...
compare	Build, verify native launch, calibrate cells and compare processing	2026-09-12T22:02:53.6048195Z Selecting previously unselected package libgl1-mesa-dri:amd64.
compare	Build, verify native launch, calibrate cells and compare processing	2026-09-12T22:02:53.6065371Z Preparing to unpack .../192-libgl1-mesa-dri_26.0.8-1ubuntu0.3_amd64.deb ...
compare	Build, verify native launch, calibrate cells and compare processing	2026-09-12T22:02:53.6132781Z Unpacking libgl1-mesa-dri:amd64 (26.0.8-1ubuntu0.3) ...
compare	Build, verify native launch, calibrate cells and compare processing	2026-09-12T22:02:53.6313438Z Selecting previously unselected package libxcb-glx0:amd64.
compare	Build, verify native launch, calibrate cells and compare processing	2026-09-12T22:02:53.6332651Z Preparing to unpack .../193-libxcb-glx0_1.17.0-2ubuntu1_amd64.deb ...
compare	Build, verify native launch, calibrate cells and compare processing	2026-09-12T22:02:53.6340178Z Unpacking libxcb-glx0:amd64 (1.17.0-2ubuntu1) ...
compare	Build, verify native launch, calibrate cells and compare processing	2026-09-12T22:02:53.6466935Z Selecting previously unselected package libxxf86vm1:amd64.
compare	Build, verify native launch, calibrate cells and compare processing	2026-09-12T22:02:53.6483836Z Preparing to unpack .../194-libxxf86vm1_1%3a1.1.4-2_amd64.deb ...
compare	Build, verify native launch, calibrate cells and compare processing	2026-09-12T22:02:53.6491349Z Unpacking libxxf86vm1:amd64 (1:1.1.4-2) ...
compare	Build, verify native launch, calibrate cells and compare processing	2026-09-12T22:02:53.6619499Z Selecting previously unselected package libglx-mesa0:amd64.
compare	Build, verify native launch, calibrate cells and compare processing	2026-09-12T22:02:53.6635806Z Preparing to unpack .../195-libglx-mesa0_26.0.8-1ubuntu0.3_amd64.deb ...
compare	Build, verify native launch, calibrate cells and compare processing	2026-09-12T22:02:53.6643603Z Unpacking libglx-mesa0:amd64 (26.0.8-1ubuntu0.3) ...
compare	Build, verify native launch, calibrate cells and compare processing	2026-09-12T22:02:53.6789187Z Selecting previously unselected package libglx0:amd64.
compare	Build, verify native launch, calibrate cells and compare processing	2026-09-12T22:02:53.6806845Z Preparing to unpack .../196-libglx0_1.7.0-3_amd64.deb ...
compare	Build, verify native launch, calibrate cells and compare processing	2026-09-12T22:02:53.6814359Z Unpacking libglx0:amd64 (1.7.0-3) ...
compare	Build, verify native launch, calibrate cells and compare processing	2026-09-12T22:02:53.6954029Z Selecting previously unselected package libgl1:amd64.
compare	Build, verify native launch, calibrate cells and compare processing	2026-09-12T22:02:53.6971817Z Preparing to unpack .../197-libgl1_1.7.0-3_amd64.deb ...
compare	Build, verify native launch, calibrate cells and compare processing	2026-09-12T22:02:53.6978716Z Unpacking libgl1:amd64 (1.7.0-3) ...
compare	Build, verify native launch, calibrate cells and compare processing	2026-09-12T22:02:53.7133651Z Selecting previously unselected package libgstreamer1.0-0:amd64.
compare	Build, verify native launch, calibrate cells and compare processing	2026-09-12T22:02:53.7151869Z Preparing to unpack .../198-libgstreamer1.0-0_1.28.2-1_amd64.deb ...
compare	Build, verify native launch, calibrate cells and compare processing	2026-09-12T22:02:53.7159196Z Unpacking libgstreamer1.0-0:amd64 (1.28.2-1) ...
compare	Build, verify native launch, calibrate cells and compare processing	2026-09-12T22:02:53.7431592Z Selecting previously unselected package liborc-0.4-0t64:amd64.
compare	Build, verify native launch, calibrate cells and compare processing	2026-09-12T22:02:53.7451061Z Preparing to unpack .../199-liborc-0.4-0t64_1%3a0.4.42-2_amd64.deb ...
compare	Build, verify native launch, calibrate cells and compare processing	2026-09-12T22:02:53.7458089Z Unpacking liborc-0.4-0t64:amd64 (1:0.4.42-2) ...
compare	Build, verify native launch, calibrate cells and compare processing	2026-09-12T22:02:53.7648184Z Selecting previously unselected package libgstreamer-plugins-base1.0-0:amd64.
compare	Build, verify native launch, calibrate cells and compare processing	2026-09-12T22:02:53.7668052Z Preparing to unpack .../200-libgstreamer-plugins-base1.0-0_1.28.2-1_amd64.deb ...
compare	Build, verify native launch, calibrate cells and compare processing	2026-09-12T22:02:53.7675005Z Unpacking libgstreamer-plugins-base1.0-0:amd64 (1.28.2-1) ...
compare	Build, verify native launch, calibrate cells and compare processing	2026-09-12T22:02:53.7933071Z Selecting previously unselected package libgudev-1.0-0:amd64.
compare	Build, verify native launch, calibrate cells and compare processing	2026-09-12T22:02:53.7953252Z Preparing to unpack .../201-libgudev-1.0-0_1%3a238-7build1_amd64.deb ...
compare	Build, verify native launch, calibrate cells and compare processing	2026-09-12T22:02:53.7960142Z Unpacking libgudev-1.0-0:amd64 (1:238-7build1) ...
compare	Build, verify native launch, calibrate cells and compare processing	2026-09-12T22:02:53.8088610Z Selecting previously unselected package libwayland-cursor0:amd64.
compare	Build, verify native launch, calibrate cells and compare processing	2026-09-12T22:02:53.8106420Z Preparing to unpack .../202-libwayland-cursor0_1.24.0-2_amd64.deb ...
compare	Build, verify native launch, calibrate cells and compare processing	2026-09-12T22:02:53.8116239Z Unpacking libwayland-cursor0:amd64 (1.24.0-2) ...
compare	Build, verify native launch, calibrate cells and compare processing	2026-09-12T22:02:53.8250978Z Selecting previously unselected package libgstreamer-gl1.0-0:amd64.
compare	Build, verify native launch, calibrate cells and compare processing	2026-09-12T22:02:53.8267238Z Preparing to unpack .../203-libgstreamer-gl1.0-0_1.28.2-1_amd64.deb ...
compare	Build, verify native launch, calibrate cells and compare processing	2026-09-12T22:02:53.8274039Z Unpacking libgstreamer-gl1.0-0:amd64 (1.28.2-1) ...
compare	Build, verify native launch, calibrate cells and compare processing	2026-09-12T22:02:53.8430533Z Selecting previously unselected package libva2:amd64.
compare	Build, verify native launch, calibrate cells and compare processing	2026-09-12T22:02:53.8448366Z Preparing to unpack .../204-libva2_2.23.0-1ubuntu1_amd64.deb ...
compare	Build, verify native launch, calibrate cells and compare processing	2026-09-12T22:02:53.8454796Z Unpacking libva2:amd64 (2.23.0-1ubuntu1) ...
compare	Build, verify native launch, calibrate cells and compare processing	2026-09-12T22:02:53.8594389Z Selecting previously unselected package libva-drm2:amd64.
compare	Build, verify native launch, calibrate cells and compare processing	2026-09-12T22:02:53.8611563Z Preparing to unpack .../205-libva-drm2_2.23.0-1ubuntu1_amd64.deb ...
compare	Build, verify native launch, calibrate cells and compare processing	2026-09-12T22:02:53.8618922Z Unpacking libva-drm2:amd64 (2.23.0-1ubuntu1) ...
compare	Build, verify native launch, calibrate cells and compare processing	2026-09-12T22:02:53.8748996Z Selecting previously unselected package libgstreamer-plugins-extra1.0-0:amd64.
compare	Build, verify native launch, calibrate cells and compare processing	2026-09-12T22:02:53.8767259Z Preparing to unpack .../206-libgstreamer-plugins-extra1.0-0_1.28.2-1ubuntu1.1_amd64.deb ...
compare	Build, verify native launch, calibrate cells and compare processing	2026-09-12T22:02:53.8774528Z Unpacking libgstreamer-plugins-extra1.0-0:amd64 (1.28.2-1ubuntu1.1) ...
compare	Build, verify native launch, calibrate cells and compare processing	2026-09-12T22:02:53.8969596Z Selecting previously unselected package libharfbuzz-subset0:amd64.
compare	Build, verify native launch, calibrate cells and compare processing	2026-09-12T22:02:53.8988497Z Preparing to unpack .../207-libharfbuzz-subset0_12.3.2-2_amd64.deb ...
compare	Build, verify native launch, calibrate cells and compare processing	2026-09-12T22:02:53.8996182Z Unpacking libharfbuzz-subset0:amd64 (12.3.2-2) ...
compare	Build, verify native launch, calibrate cells and compare processing	2026-09-12T22:02:53.9173726Z Selecting previously unselected package libjpeg-turbo8:amd64.
compare	Build, verify native launch, calibrate cells and compare processing	2026-09-12T22:02:53.9191452Z Preparing to unpack .../208-libjpeg-turbo8_2.1.5-4ubuntu4_amd64.deb ...
compare	Build, verify native launch, calibrate cells and compare processing	2026-09-12T22:02:53.9198560Z Unpacking libjpeg-turbo8:amd64 (2.1.5-4ubuntu4) ...
compare	Build, verify native launch, calibrate cells and compare processing	2026-09-12T22:02:53.9346133Z Selecting previously unselected package libjpeg8:amd64.
compare	Build, verify native launch, calibrate cells and compare processing	2026-09-12T22:02:53.9364205Z Preparing to unpack .../209-libjpeg8_8c-2ubuntu12_amd64.deb ...
compare	Build, verify native launch, calibrate cells and compare processing	2026-09-12T22:02:53.9371314Z Unpacking libjpeg8:amd64 (8c-2ubuntu12) ...
compare	Build, verify native launch, calibrate cells and compare processing	2026-09-12T22:02:53.9500269Z Selecting previously unselected package libdeflate0:amd64.
compare	Build, verify native launch, calibrate cells and compare processing	2026-09-12T22:02:53.9518583Z Preparing to unpack .../210-libdeflate0_1.23-2ubuntu1_amd64.deb ...
compare	Build, verify native launch, calibrate cells and compare processing	2026-09-12T22:02:53.9526232Z Unpacking libdeflate0:amd64 (1.23-2ubuntu1) ...
compare	Build, verify native launch, calibrate cells and compare processing	2026-09-12T22:02:53.9659972Z Selecting previously unselected package libjbig0:amd64.
compare	Build, verify native launch, calibrate cells and compare processing	2026-09-12T22:02:53.9678140Z Preparing to unpack .../211-libjbig0_2.1-6.1ubuntu3_amd64.deb ...
compare	Build, verify native launch, calibrate cells and compare processing	2026-09-12T22:02:53.9685355Z Unpacking libjbig0:amd64 (2.1-6.1ubuntu3) ...
compare	Build, verify native launch, calibrate cells and compare processing	2026-09-12T22:02:53.9817032Z Selecting previously unselected package liblerc4:amd64.
compare	Build, verify native launch, calibrate cells and compare processing	2026-09-12T22:02:53.9836546Z Preparing to unpack .../212-liblerc4_4.0.0+ds-5ubuntu2_amd64.deb ...
compare	Build, verify native launch, calibrate cells and compare processing	2026-09-12T22:02:53.9844061Z Unpacking liblerc4:amd64 (4.0.0+ds-5ubuntu2) ...
compare	Build, verify native launch, calibrate cells and compare processing	2026-09-12T22:02:54.0000591Z Selecting previously unselected package libwebp7:amd64.
compare	Build, verify native launch, calibrate cells and compare processing	2026-09-12T22:02:54.0022071Z Preparing to unpack .../213-libwebp7_1.5.0-0.1build1_amd64.deb ...
compare	Build, verify native launch, calibrate cells and compare processing	2026-09-12T22:02:54.0029246Z Unpacking libwebp7:amd64 (1.5.0-0.1build1) ...
compare	Build, verify native launch, calibrate cells and compare processing	2026-09-12T22:02:54.0191646Z Selecting previously unselected package libtiff6:amd64.
compare	Build, verify native launch, calibrate cells and compare processing	2026-09-12T22:02:54.0213523Z Preparing to unpack .../214-libtiff6_4.7.0-3ubuntu5_amd64.deb ...
compare	Build, verify native launch, calibrate cells and compare processing	2026-09-12T22:02:54.0221579Z Unpacking libtiff6:amd64 (4.7.0-3ubuntu5) ...
compare	Build, verify native launch, calibrate cells and compare processing	2026-09-12T22:02:54.0383744Z Selecting previously unselected package libxfixes3:amd64.
compare	Build, verify native launch, calibrate cells and compare processing	2026-09-12T22:02:54.0405627Z Preparing to unpack .../215-libxfixes3_1%3a6.0.0-2build2_amd64.deb ...
compare	Build, verify native launch, calibrate cells and compare processing	2026-09-12T22:02:54.0413609Z Unpacking libxfixes3:amd64 (1:6.0.0-2build2) ...
compare	Build, verify native launch, calibrate cells and compare processing	2026-09-12T22:02:54.0554540Z Selecting previously unselected package libxcursor1:amd64.
compare	Build, verify native launch, calibrate cells and compare processing	2026-09-12T22:02:54.0577024Z Preparing to unpack .../216-libxcursor1_1%3a1.2.3-1build1_amd64.deb ...
compare	Build, verify native launch, calibrate cells and compare processing	2026-09-12T22:02:54.0585595Z Unpacking libxcursor1:amd64 (1:1.2.3-1build1) ...
compare	Build, verify native launch, calibrate cells and compare processing	2026-09-12T22:02:54.0724847Z Selecting previously unselected package libxdamage1:amd64.
compare	Build, verify native launch, calibrate cells and compare processing	2026-09-12T22:02:54.0747191Z Preparing to unpack .../217-libxdamage1_1%3a1.1.7-1_amd64.deb ...
compare	Build, verify native launch, calibrate cells and compare processing	2026-09-12T22:02:54.0756485Z Unpacking libxdamage1:amd64 (1:1.1.7-1) ...
compare	Build, verify native launch, calibrate cells and compare processing	2026-09-12T22:02:54.0895505Z Selecting previously unselected package libxi6:amd64.
compare	Build, verify native launch, calibrate cells and compare processing	2026-09-12T22:02:54.0917802Z Preparing to unpack .../218-libxi6_2%3a1.8.2-2_amd64.deb ...
compare	Build, verify native launch, calibrate cells and compare processing	2026-09-12T22:02:54.0929790Z Unpacking libxi6:amd64 (2:1.8.2-2) ...
compare	Build, verify native launch, calibrate cells and compare processing	2026-09-12T22:02:54.1077375Z Selecting previously unselected package libxinerama1:amd64.
compare	Build, verify native launch, calibrate cells and compare processing	2026-09-12T22:02:54.1099647Z Preparing to unpack .../219-libxinerama1_2%3a1.1.4-3build2_amd64.deb ...
compare	Build, verify native launch, calibrate cells and compare processing	2026-09-12T22:02:54.1107587Z Unpacking libxinerama1:amd64 (2:1.1.4-3build2) ...
compare	Build, verify native launch, calibrate cells and compare processing	2026-09-12T22:02:54.1240447Z Selecting previously unselected package libxrandr2:amd64.
compare	Build, verify native launch, calibrate cells and compare processing	2026-09-12T22:02:54.1263143Z Preparing to unpack .../220-libxrandr2_2%3a1.5.4-1build1_amd64.deb ...
compare	Build, verify native launch, calibrate cells and compare processing	2026-09-12T22:02:54.1270991Z Unpacking libxrandr2:amd64 (2:1.5.4-1build1) ...
compare	Build, verify native launch, calibrate cells and compare processing	2026-09-12T22:02:54.1402447Z Selecting previously unselected package libgles2:amd64.
compare	Build, verify native launch, calibrate cells and compare processing	2026-09-12T22:02:54.1422557Z Preparing to unpack .../221-libgles2_1.7.0-3_amd64.deb ...
compare	Build, verify native launch, calibrate cells and compare processing	2026-09-12T22:02:54.1429528Z Unpacking libgles2:amd64 (1.7.0-3) ...
compare	Build, verify native launch, calibrate cells and compare processing	2026-09-12T22:02:54.1559958Z Selecting previously unselected package libgtk-4-common.
compare	Build, verify native launch, calibrate cells and compare processing	2026-09-12T22:02:54.1576779Z Preparing to unpack .../222-libgtk-4-common_4.22.4+ds-0ubuntu0.1_all.deb ...
compare	Build, verify native launch, calibrate cells and compare processing	2026-09-12T22:02:54.1584825Z Unpacking libgtk-4-common (4.22.4+ds-0ubuntu0.1) ...
compare	Build, verify native launch, calibrate cells and compare processing	2026-09-12T22:02:54.1989415Z Selecting previously unselected package libgtk-4-1:amd64.
compare	Build, verify native launch, calibrate cells and compare processing	2026-09-12T22:02:54.2010495Z Preparing to unpack .../223-libgtk-4-1_4.22.4+ds-0ubuntu0.1_amd64.deb ...
compare	Build, verify native launch, calibrate cells and compare processing	2026-09-12T22:02:54.2019824Z Unpacking libgtk-4-1:amd64 (4.22.4+ds-0ubuntu0.1) ...
compare	Build, verify native launch, calibrate cells and compare processing	2026-09-12T22:02:54.2616809Z Selecting previously unselected package libadwaita-1-0:amd64.
compare	Build, verify native launch, calibrate cells and compare processing	2026-09-12T22:02:54.2638251Z Preparing to unpack .../224-libadwaita-1-0_1.9.1-0ubuntu0.1_amd64.deb ...
compare	Build, verify native launch, calibrate cells and compare processing	2026-09-12T22:02:54.2646130Z Unpacking libadwaita-1-0:amd64 (1.9.1-0ubuntu0.1) ...
compare	Build, verify native launch, calibrate cells and compare processing	2026-09-12T22:02:54.3060672Z Selecting previously unselected package libgtk4-layer-shell0:amd64.
compare	Build, verify native launch, calibrate cells and compare processing	2026-09-12T22:02:54.3082598Z Preparing to unpack .../225-libgtk4-layer-shell0_1.3.0-1_amd64.deb ...
compare	Build, verify native launch, calibrate cells and compare processing	2026-09-12T22:02:54.3090426Z Unpacking libgtk4-layer-shell0:amd64 (1.3.0-1) ...
compare	Build, verify native launch, calibrate cells and compare processing	2026-09-12T22:02:54.3224195Z Selecting previously unselected package ghostty.
compare	Build, verify native launch, calibrate cells and compare processing	2026-09-12T22:02:54.3243455Z Preparing to unpack .../226-ghostty_1.3.0~us1-0ubuntu1.1_amd64.deb ...
compare	Build, verify native launch, calibrate cells and compare processing	2026-09-12T22:02:54.3250019Z Unpacking ghostty (1.3.0~us1-0ubuntu1.1) ...
compare	Build, verify native launch, calibrate cells and compare processing	2026-09-12T22:02:54.5002249Z Selecting previously unselected package kitty-shell-integration.
compare	Build, verify native launch, calibrate cells and compare processing	2026-09-12T22:02:54.5016545Z Preparing to unpack .../227-kitty-shell-integration_0.45.0-1build1_all.deb ...
compare	Build, verify native launch, calibrate cells and compare processing	2026-09-12T22:02:54.5024119Z Unpacking kitty-shell-integration (0.45.0-1build1) ...
compare	Build, verify native launch, calibrate cells and compare processing	2026-09-12T22:02:54.5175899Z Selecting previously unselected package kitty-terminfo.
compare	Build, verify native launch, calibrate cells and compare processing	2026-09-12T22:02:54.5194484Z Preparing to unpack .../228-kitty-terminfo_0.45.0-1build1_all.deb ...
compare	Build, verify native launch, calibrate cells and compare processing	2026-09-12T22:02:54.5201641Z Unpacking kitty-terminfo (0.45.0-1build1) ...
compare	Build, verify native launch, calibrate cells and compare processing	2026-09-12T22:02:54.5332188Z Selecting previously unselected package libpython3.14:amd64.
compare	Build, verify native launch, calibrate cells and compare processing	2026-09-12T22:02:54.5350113Z Preparing to unpack .../229-libpython3.14_3.14.4-1ubuntu0.2_amd64.deb ...
compare	Build, verify native launch, calibrate cells and compare processing	2026-09-12T22:02:54.5357768Z Unpacking libpython3.14:amd64 (3.14.4-1ubuntu0.2) ...
compare	Build, verify native launch, calibrate cells and compare processing	2026-09-12T22:02:54.5828894Z Selecting previously unselected package kitty.
compare	Build, verify native launch, calibrate cells and compare processing	2026-09-12T22:02:54.5851071Z Preparing to unpack .../230-kitty_0.45.0-1build1_amd64.deb ...
compare	Build, verify native launch, calibrate cells and compare processing	2026-09-12T22:02:54.5880189Z Unpacking kitty (0.45.0-1build1) ...
compare	Build, verify native launch, calibrate cells and compare processing	2026-09-12T22:02:54.7314291Z Selecting previously unselected package libaml0t64:amd64.
compare	Build, verify native launch, calibrate cells and compare processing	2026-09-12T22:02:54.7336960Z Preparing to unpack .../231-libaml0t64_0.3.0-3build1_amd64.deb ...
compare	Build, verify native launch, calibrate cells and compare processing	2026-09-12T22:02:54.7344345Z Unpacking libaml0t64:amd64 (0.3.0-3build1) ...
compare	Build, verify native launch, calibrate cells and compare processing	2026-09-12T22:02:54.7468589Z Selecting previously unselected package libasound2-data.
compare	Build, verify native launch, calibrate cells and compare processing	2026-09-12T22:02:54.7486794Z Preparing to unpack .../232-libasound2-data_1.2.15.3-1ubuntu1.1_all.deb ...
compare	Build, verify native launch, calibrate cells and compare processing	2026-09-12T22:02:54.7494301Z Unpacking libasound2-data (1.2.15.3-1ubuntu1.1) ...
compare	Build, verify native launch, calibrate cells and compare processing	2026-09-12T22:02:54.7717437Z Selecting previously unselected package libasound2t64:amd64.
compare	Build, verify native launch, calibrate cells and compare processing	2026-09-12T22:02:54.7736175Z Preparing to unpack .../233-libasound2t64_1.2.15.3-1ubuntu1.1_amd64.deb ...
compare	Build, verify native launch, calibrate cells and compare processing	2026-09-12T22:02:54.7744027Z Unpacking libasound2t64:amd64 (1.2.15.3-1ubuntu1.1) ...
compare	Build, verify native launch, calibrate cells and compare processing	2026-09-12T22:02:54.7928009Z Selecting previously unselected package libunibreak6:amd64.
compare	Build, verify native launch, calibrate cells and compare processing	2026-09-12T22:02:54.7947321Z Preparing to unpack .../234-libunibreak6_6.1-3build1_amd64.deb ...
compare	Build, verify native launch, calibrate cells and compare processing	2026-09-12T22:02:54.7954847Z Unpacking libunibreak6:amd64 (6.1-3build1) ...
compare	Build, verify native launch, calibrate cells and compare processing	2026-09-12T22:02:54.8101597Z Selecting previously unselected package libass9:amd64.
compare	Build, verify native launch, calibrate cells and compare processing	2026-09-12T22:02:54.8120594Z Preparing to unpack .../235-libass9_1%3a0.17.4-2_amd64.deb ...
compare	Build, verify native launch, calibrate cells and compare processing	2026-09-12T22:02:54.8127958Z Unpacking libass9:amd64 (1:0.17.4-2) ...
compare	Build, verify native launch, calibrate cells and compare processing	2026-09-12T22:02:54.8269260Z Selecting previously unselected package libva-x11-2:amd64.
compare	Build, verify native launch, calibrate cells and compare processing	2026-09-12T22:02:54.8286913Z Preparing to unpack .../236-libva-x11-2_2.23.0-1ubuntu1_amd64.deb ...
compare	Build, verify native launch, calibrate cells and compare processing	2026-09-12T22:02:54.8298524Z Unpacking libva-x11-2:amd64 (2.23.0-1ubuntu1) ...
compare	Build, verify native launch, calibrate cells and compare processing	2026-09-12T22:02:54.8433680Z Selecting previously unselected package libvdpau1:amd64.
compare	Build, verify native launch, calibrate cells and compare processing	2026-09-12T22:02:54.8450168Z Preparing to unpack .../237-libvdpau1_1.5-4_amd64.deb ...
compare	Build, verify native launch, calibrate cells and compare processing	2026-09-12T22:02:54.8458447Z Unpacking libvdpau1:amd64 (1.5-4) ...
compare	Build, verify native launch, calibrate cells and compare processing	2026-09-12T22:02:54.8600371Z Selecting previously unselected package libvpl2.
compare	Build, verify native launch, calibrate cells and compare processing	2026-09-12T22:02:54.8618920Z Preparing to unpack .../238-libvpl2_1%3a2.16.0-1_amd64.deb ...
compare	Build, verify native launch, calibrate cells and compare processing	2026-09-12T22:02:54.8626817Z Unpacking libvpl2 (1:2.16.0-1) ...
compare	Build, verify native launch, calibrate cells and compare processing	2026-09-12T22:02:54.8776973Z Selecting previously unselected package ocl-icd-libopencl1:amd64.
compare	Build, verify native launch, calibrate cells and compare processing	2026-09-12T22:02:54.8795514Z Preparing to unpack .../239-ocl-icd-libopencl1_2.3.4-1_amd64.deb ...
compare	Build, verify native launch, calibrate cells and compare processing	2026-09-12T22:02:54.8803536Z Unpacking ocl-icd-libopencl1:amd64 (2.3.4-1) ...
compare	Build, verify native launch, calibrate cells and compare processing	2026-09-12T22:02:54.8946598Z Selecting previously unselected package libavutil60:amd64.
compare	Build, verify native launch, calibrate cells and compare processing	2026-09-12T22:02:54.8965062Z Preparing to unpack .../240-libavutil60_7%3a8.0.1-3ubuntu2_amd64.deb ...
compare	Build, verify native launch, calibrate cells and compare processing	2026-09-12T22:02:54.8973350Z Unpacking libavutil60:amd64 (7:8.0.1-3ubuntu2) ...
compare	Build, verify native launch, calibrate cells and compare processing	2026-09-12T22:02:54.9153144Z Selecting previously unselected package libcodec2-1.2:amd64.
compare	Build, verify native launch, calibrate cells and compare processing	2026-09-12T22:02:54.9172281Z Preparing to unpack .../241-libcodec2-1.2_1.2.0-4_amd64.deb ...
compare	Build, verify native launch, calibrate cells and compare processing	2026-09-12T22:02:54.9179091Z Unpacking libcodec2-1.2:amd64 (1.2.0-4) ...
compare	Build, verify native launch, calibrate cells and compare processing	2026-09-12T22:02:54.9815856Z Selecting previously unselected package libdav1d7:amd64.
compare	Build, verify native launch, calibrate cells and compare processing	2026-09-12T22:02:54.9838423Z Preparing to unpack .../242-libdav1d7_1.5.3-1_amd64.deb ...
compare	Build, verify native launch, calibrate cells and compare processing	2026-09-12T22:02:54.9845433Z Unpacking libdav1d7:amd64 (1.5.3-1) ...
compare	Build, verify native launch, calibrate cells and compare processing	2026-09-12T22:02:55.0050979Z Selecting previously unselected package libgsm1:amd64.
compare	Build, verify native launch, calibrate cells and compare processing	2026-09-12T22:02:55.0074025Z Preparing to unpack .../243-libgsm1_1.0.23-2_amd64.deb ...
compare	Build, verify native launch, calibrate cells and compare processing	2026-09-12T22:02:55.0077864Z Unpacking libgsm1:amd64 (1.0.23-2) ...
compare	Build, verify native launch, calibrate cells and compare processing	2026-09-12T22:02:55.0214378Z Selecting previously unselected package libmpg123-0t64:amd64.
compare	Build, verify native launch, calibrate cells and compare processing	2026-09-12T22:02:55.0232384Z Preparing to unpack .../244-libmpg123-0t64_1.33.3-2_amd64.deb ...
compare	Build, verify native launch, calibrate cells and compare processing	2026-09-12T22:02:55.0240230Z Unpacking libmpg123-0t64:amd64 (1.33.3-2) ...
compare	Build, verify native launch, calibrate cells and compare processing	2026-09-12T22:02:55.0393061Z Selecting previously unselected package libmp3lame0:amd64.
compare	Build, verify native launch, calibrate cells and compare processing	2026-09-12T22:02:55.0411892Z Preparing to unpack .../245-libmp3lame0_3.101~svn6525+dfsg-2_amd64.deb ...
compare	Build, verify native launch, calibrate cells and compare processing	2026-09-12T22:02:55.0419111Z Unpacking libmp3lame0:amd64 (3.101~svn6525+dfsg-2) ...
compare	Build, verify native launch, calibrate cells and compare processing	2026-09-12T22:02:55.0564028Z Selecting previously unselected package libopenjp2-7:amd64.
compare	Build, verify native launch, calibrate cells and compare processing	2026-09-12T22:02:55.0583298Z Preparing to unpack .../246-libopenjp2-7_2.5.4-1ubuntu0.1_amd64.deb ...
compare	Build, verify native launch, calibrate cells and compare processing	2026-09-12T22:02:55.0590423Z Unpacking libopenjp2-7:amd64 (2.5.4-1ubuntu0.1) ...
compare	Build, verify native launch, calibrate cells and compare processing	2026-09-12T22:02:55.0745452Z Selecting previously unselected package libopus0:amd64.
compare	Build, verify native launch, calibrate cells and compare processing	2026-09-12T22:02:55.0764157Z Preparing to unpack .../247-libopus0_1.6.1-1_amd64.deb ...
compare	Build, verify native launch, calibrate cells and compare processing	2026-09-12T22:02:55.0772020Z Unpacking libopus0:amd64 (1.6.1-1) ...
compare	Build, verify native launch, calibrate cells and compare processing	2026-09-12T22:02:55.1056080Z Selecting previously unselected package librav1e0.8:amd64.
compare	Build, verify native launch, calibrate cells and compare processing	2026-09-12T22:02:55.1077020Z Preparing to unpack .../248-librav1e0.8_0.8.1-7_amd64.deb ...
compare	Build, verify native launch, calibrate cells and compare processing	2026-09-12T22:02:55.1084021Z Unpacking librav1e0.8:amd64 (0.8.1-7) ...
compare	Build, verify native launch, calibrate cells and compare processing	2026-09-12T22:02:55.1338855Z Selecting previously unselected package libshine3:amd64.
compare	Build, verify native launch, calibrate cells and compare processing	2026-09-12T22:02:55.1360335Z Preparing to unpack .../249-libshine3_3.1.1-3build1_amd64.deb ...
compare	Build, verify native launch, calibrate cells and compare processing	2026-09-12T22:02:55.1368970Z Unpacking libshine3:amd64 (3.1.1-3build1) ...
compare	Build, verify native launch, calibrate cells and compare processing	2026-09-12T22:02:55.1499840Z Selecting previously unselected package libsnappy1v5:amd64.
compare	Build, verify native launch, calibrate cells and compare processing	2026-09-12T22:02:55.1519260Z Preparing to unpack .../250-libsnappy1v5_1.2.2-2_amd64.deb ...
compare	Build, verify native launch, calibrate cells and compare processing	2026-09-12T22:02:55.1527277Z Unpacking libsnappy1v5:amd64 (1.2.2-2) ...
compare	Build, verify native launch, calibrate cells and compare processing	2026-09-12T22:02:55.1777943Z Selecting previously unselected package libspeex1:amd64.
compare	Build, verify native launch, calibrate cells and compare processing	2026-09-12T22:02:55.1796658Z Preparing to unpack .../251-libspeex1_1.2.1-3build1_amd64.deb ...
compare	Build, verify native launch, calibrate cells and compare processing	2026-09-12T22:02:55.1804012Z Unpacking libspeex1:amd64 (1.2.1-3build1) ...
compare	Build, verify native launch, calibrate cells and compare processing	2026-09-12T22:02:55.1942002Z Selecting previously unselected package libsvtav1enc2:amd64.
compare	Build, verify native launch, calibrate cells and compare processing	2026-09-12T22:02:55.1959279Z Preparing to unpack .../252-libsvtav1enc2_2.3.0+dfsg-1build1_amd64.deb ...
compare	Build, verify native launch, calibrate cells and compare processing	2026-09-12T22:02:55.1967188Z Unpacking libsvtav1enc2:amd64 (2.3.0+dfsg-1build1) ...
compare	Build, verify native launch, calibrate cells and compare processing	2026-09-12T22:02:55.2375202Z Selecting previously unselected package libsoxr0:amd64.
compare	Build, verify native launch, calibrate cells and compare processing	2026-09-12T22:02:55.2397809Z Preparing to unpack .../253-libsoxr0_0.1.3-4.1_amd64.deb ...
compare	Build, verify native launch, calibrate cells and compare processing	2026-09-12T22:02:55.2405817Z Unpacking libsoxr0:amd64 (0.1.3-4.1) ...
compare	Build, verify native launch, calibrate cells and compare processing	2026-09-12T22:02:55.2549601Z Selecting previously unselected package libswresample6:amd64.
compare	Build, verify native launch, calibrate cells and compare processing	2026-09-12T22:02:55.2569328Z Preparing to unpack .../254-libswresample6_7%3a8.0.1-3ubuntu2_amd64.deb ...
compare	Build, verify native launch, calibrate cells and compare processing	2026-09-12T22:02:55.2577976Z Unpacking libswresample6:amd64 (7:8.0.1-3ubuntu2) ...
compare	Build, verify native launch, calibrate cells and compare processing	2026-09-12T22:02:55.2732603Z Selecting previously unselected package libtheoradec2:amd64.
compare	Build, verify native launch, calibrate cells and compare processing	2026-09-12T22:02:55.2751205Z Preparing to unpack .../255-libtheoradec2_1.2.0+dfsg-6_amd64.deb ...
compare	Build, verify native launch, calibrate cells and compare processing	2026-09-12T22:02:55.2760602Z Unpacking libtheoradec2:amd64 (1.2.0+dfsg-6) ...
compare	Build, verify native launch, calibrate cells and compare processing	2026-09-12T22:02:55.2902153Z Selecting previously unselected package libogg0:amd64.
compare	Build, verify native launch, calibrate cells and compare processing	2026-09-12T22:02:55.2920508Z Preparing to unpack .../256-libogg0_1.3.6-2_amd64.deb ...
compare	Build, verify native launch, calibrate cells and compare processing	2026-09-12T22:02:55.2927926Z Unpacking libogg0:amd64 (1.3.6-2) ...
compare	Build, verify native launch, calibrate cells and compare processing	2026-09-12T22:02:55.3063036Z Selecting previously unselected package libtheoraenc2:amd64.
compare	Build, verify native launch, calibrate cells and compare processing	2026-09-12T22:02:55.3081009Z Preparing to unpack .../257-libtheoraenc2_1.2.0+dfsg-6_amd64.deb ...
compare	Build, verify native launch, calibrate cells and compare processing	2026-09-12T22:02:55.3089651Z Unpacking libtheoraenc2:amd64 (1.2.0+dfsg-6) ...
compare	Build, verify native launch, calibrate cells and compare processing	2026-09-12T22:02:55.3228816Z Selecting previously unselected package libtwolame0:amd64.
compare	Build, verify native launch, calibrate cells and compare processing	2026-09-12T22:02:55.3246978Z Preparing to unpack .../258-libtwolame0_0.4.0-2build4_amd64.deb ...
compare	Build, verify native launch, calibrate cells and compare processing	2026-09-12T22:02:55.3254648Z Unpacking libtwolame0:amd64 (0.4.0-2build4) ...
compare	Build, verify native launch, calibrate cells and compare processing	2026-09-12T22:02:55.3389315Z Selecting previously unselected package libvorbis0a:amd64.
compare	Build, verify native launch, calibrate cells and compare processing	2026-09-12T22:02:55.3406353Z Preparing to unpack .../259-libvorbis0a_1.3.7-3build2_amd64.deb ...
compare	Build, verify native launch, calibrate cells and compare processing	2026-09-12T22:02:55.3414646Z Unpacking libvorbis0a:amd64 (1.3.7-3build2) ...
compare	Build, verify native launch, calibrate cells and compare processing	2026-09-12T22:02:55.3562182Z Selecting previously unselected package libvorbisenc2:amd64.
compare	Build, verify native launch, calibrate cells and compare processing	2026-09-12T22:02:55.3580321Z Preparing to unpack .../260-libvorbisenc2_1.3.7-3build2_amd64.deb ...
compare	Build, verify native launch, calibrate cells and compare processing	2026-09-12T22:02:55.3591696Z Unpacking libvorbisenc2:amd64 (1.3.7-3build2) ...
compare	Build, verify native launch, calibrate cells and compare processing	2026-09-12T22:02:55.3761710Z Selecting previously unselected package libvpx12:amd64.
compare	Build, verify native launch, calibrate cells and compare processing	2026-09-12T22:02:55.3762403Z Preparing to unpack .../261-libvpx12_1.16.0-3_amd64.deb ...
compare	Build, verify native launch, calibrate cells and compare processing	2026-09-12T22:02:55.3773390Z Unpacking libvpx12:amd64 (1.16.0-3) ...
compare	Build, verify native launch, calibrate cells and compare processing	2026-09-12T22:02:55.4045807Z Selecting previously unselected package libwebpmux3:amd64.
compare	Build, verify native launch, calibrate cells and compare processing	2026-09-12T22:02:55.4067148Z Preparing to unpack .../262-libwebpmux3_1.5.0-0.1build1_amd64.deb ...
compare	Build, verify native launch, calibrate cells and compare processing	2026-09-12T22:02:55.4075564Z Unpacking libwebpmux3:amd64 (1.5.0-0.1build1) ...
compare	Build, verify native launch, calibrate cells and compare processing	2026-09-12T22:02:55.4210910Z Selecting previously unselected package libx264-165:amd64.
compare	Build, verify native launch, calibrate cells and compare processing	2026-09-12T22:02:55.4229686Z Preparing to unpack .../263-libx264-165_2%3a0.165.3222+gitb35605ac-3build1_amd64.deb ...
compare	Build, verify native launch, calibrate cells and compare processing	2026-09-12T22:02:55.4244758Z Unpacking libx264-165:amd64 (2:0.165.3222+gitb35605ac-3build1) ...
compare	Build, verify native launch, calibrate cells and compare processing	2026-09-12T22:02:55.4454073Z Selecting previously unselected package libx265-215:amd64.
compare	Build, verify native launch, calibrate cells and compare processing	2026-09-12T22:02:55.4473680Z Preparing to unpack .../264-libx265-215_4.1-4_amd64.deb ...
compare	Build, verify native launch, calibrate cells and compare processing	2026-09-12T22:02:55.4484052Z Unpacking libx265-215:amd64 (4.1-4) ...
compare	Build, verify native launch, calibrate cells and compare processing	2026-09-12T22:02:55.5064210Z Selecting previously unselected package libxvidcore4:amd64.
compare	Build, verify native launch, calibrate cells and compare processing	2026-09-12T22:02:55.5087944Z Preparing to unpack .../265-libxvidcore4_2%3a1.3.7-3_amd64.deb ...
compare	Build, verify native launch, calibrate cells and compare processing	2026-09-12T22:02:55.5097969Z Unpacking libxvidcore4:amd64 (2:1.3.7-3) ...
compare	Build, verify native launch, calibrate cells and compare processing	2026-09-12T22:02:55.5253231Z Selecting previously unselected package libzvbi-common.
compare	Build, verify native launch, calibrate cells and compare processing	2026-09-12T22:02:55.5272644Z Preparing to unpack .../266-libzvbi-common_0.2.44-1ubuntu2_all.deb ...
compare	Build, verify native launch, calibrate cells and compare processing	2026-09-12T22:02:55.5281068Z Unpacking libzvbi-common (0.2.44-1ubuntu2) ...
compare	Build, verify native launch, calibrate cells and compare processing	2026-09-12T22:02:55.5430075Z Selecting previously unselected package libzvbi0t64:amd64.
compare	Build, verify native launch, calibrate cells and compare processing	2026-09-12T22:02:55.5448835Z Preparing to unpack .../267-libzvbi0t64_0.2.44-1ubuntu2_amd64.deb ...
compare	Build, verify native launch, calibrate cells and compare processing	2026-09-12T22:02:55.5458400Z Unpacking libzvbi0t64:amd64 (0.2.44-1ubuntu2) ...
compare	Build, verify native launch, calibrate cells and compare processing	2026-09-12T22:02:55.5628157Z Selecting previously unselected package libavcodec62:amd64.
compare	Build, verify native launch, calibrate cells and compare processing	2026-09-12T22:02:55.5647524Z Preparing to unpack .../268-libavcodec62_7%3a8.0.1-3ubuntu2_amd64.deb ...
compare	Build, verify native launch, calibrate cells and compare processing	2026-09-12T22:02:55.5655186Z Unpacking libavcodec62:amd64 (7:8.0.1-3ubuntu2) ...
compare	Build, verify native launch, calibrate cells and compare processing	2026-09-12T22:02:55.6780009Z Selecting previously unselected package libudfread3:amd64.
compare	Build, verify native launch, calibrate cells and compare processing	2026-09-12T22:02:55.6802473Z Preparing to unpack .../269-libudfread3_1.2.0-2_amd64.deb ...
compare	Build, verify native launch, calibrate cells and compare processing	2026-09-12T22:02:55.6809775Z Unpacking libudfread3:amd64 (1.2.0-2) ...
compare	Build, verify native launch, calibrate cells and compare processing	2026-09-12T22:02:55.6946428Z Selecting previously unselected package libbluray3:amd64.
compare	Build, verify native launch, calibrate cells and compare processing	2026-09-12T22:02:55.6965278Z Preparing to unpack .../270-libbluray3_1%3a1.4.1-1_amd64.deb ...
compare	Build, verify native launch, calibrate cells and compare processing	2026-09-12T22:02:55.6973128Z Unpacking libbluray3:amd64 (1:1.4.1-1) ...
compare	Build, verify native launch, calibrate cells and compare processing	2026-09-12T22:02:55.7124485Z Selecting previously unselected package libchromaprint1:amd64.
compare	Build, verify native launch, calibrate cells and compare processing	2026-09-12T22:02:55.7143443Z Preparing to unpack .../271-libchromaprint1_1.6.0-2build1_amd64.deb ...
compare	Build, verify native launch, calibrate cells and compare processing	2026-09-12T22:02:55.7153641Z Unpacking libchromaprint1:amd64 (1.6.0-2build1) ...
compare	Build, verify native launch, calibrate cells and compare processing	2026-09-12T22:02:55.7291893Z Selecting previously unselected package libdvdread8t64:amd64.
compare	Build, verify native launch, calibrate cells and compare processing	2026-09-12T22:02:55.7311175Z Preparing to unpack .../272-libdvdread8t64_7.0.1-1_amd64.deb ...
compare	Build, verify native launch, calibrate cells and compare processing	2026-09-12T22:02:55.7317834Z Unpacking libdvdread8t64:amd64 (7.0.1-1) ...
compare	Build, verify native launch, calibrate cells and compare processing	2026-09-12T22:02:55.7461200Z Selecting previously unselected package libdvdnav4:amd64.
compare	Build, verify native launch, calibrate cells and compare processing	2026-09-12T22:02:55.7479076Z Preparing to unpack .../273-libdvdnav4_7.0.0-2_amd64.deb ...
compare	Build, verify native launch, calibrate cells and compare processing	2026-09-12T22:02:55.7487363Z Unpacking libdvdnav4:amd64 (7.0.0-2) ...
compare	Build, verify native launch, calibrate cells and compare processing	2026-09-12T22:02:55.7628648Z Selecting previously unselected package libgme0:amd64.
compare	Build, verify native launch, calibrate cells and compare processing	2026-09-12T22:02:55.7646150Z Preparing to unpack .../274-libgme0_0.6.4-1_amd64.deb ...
compare	Build, verify native launch, calibrate cells and compare processing	2026-09-12T22:02:55.7653781Z Unpacking libgme0:amd64 (0.6.4-1) ...
compare	Build, verify native launch, calibrate cells and compare processing	2026-09-12T22:02:55.7802994Z Selecting previously unselected package libvorbisfile3:amd64.
compare	Build, verify native launch, calibrate cells and compare processing	2026-09-12T22:02:55.7821587Z Preparing to unpack .../275-libvorbisfile3_1.3.7-3build2_amd64.deb ...
compare	Build, verify native launch, calibrate cells and compare processing	2026-09-12T22:02:55.7828794Z Unpacking libvorbisfile3:amd64 (1.3.7-3build2) ...
compare	Build, verify native launch, calibrate cells and compare processing	2026-09-12T22:02:55.7963476Z Selecting previously unselected package libopenmpt0t64:amd64.
compare	Build, verify native launch, calibrate cells and compare processing	2026-09-12T22:02:55.7981738Z Preparing to unpack .../276-libopenmpt0t64_0.8.4-1_amd64.deb ...
compare	Build, verify native launch, calibrate cells and compare processing	2026-09-12T22:02:55.7989134Z Unpacking libopenmpt0t64:amd64 (0.8.4-1) ...
compare	Build, verify native launch, calibrate cells and compare processing	2026-09-12T22:02:55.8203347Z Selecting previously unselected package librabbitmq4:amd64.
compare	Build, verify native launch, calibrate cells and compare processing	2026-09-12T22:02:55.8222949Z Preparing to unpack .../277-librabbitmq4_0.15.0-1ubuntu0.26.04.2_amd64.deb ...
compare	Build, verify native launch, calibrate cells and compare processing	2026-09-12T22:02:55.8230986Z Unpacking librabbitmq4:amd64 (0.15.0-1ubuntu0.26.04.2) ...
compare	Build, verify native launch, calibrate cells and compare processing	2026-09-12T22:02:55.8372070Z Selecting previously unselected package libcjson1:amd64.
compare	Build, verify native launch, calibrate cells and compare processing	2026-09-12T22:02:55.8390056Z Preparing to unpack .../278-libcjson1_1.7.19-2_amd64.deb ...
compare	Build, verify native launch, calibrate cells and compare processing	2026-09-12T22:02:55.8397077Z Unpacking libcjson1:amd64 (1.7.19-2) ...
compare	Build, verify native launch, calibrate cells and compare processing	2026-09-12T22:02:55.8538510Z Selecting previously unselected package libmbedcrypto16:amd64.
compare	Build, verify native launch, calibrate cells and compare processing	2026-09-12T22:02:55.8556002Z Preparing to unpack .../279-libmbedcrypto16_3.6.5-0.1ubuntu2_amd64.deb ...
compare	Build, verify native launch, calibrate cells and compare processing	2026-09-12T22:02:55.8563452Z Unpacking libmbedcrypto16:amd64 (3.6.5-0.1ubuntu2) ...
compare	Build, verify native launch, calibrate cells and compare processing	2026-09-12T22:02:55.8726605Z Selecting previously unselected package librist4:amd64.
compare	Build, verify native launch, calibrate cells and compare processing	2026-09-12T22:02:55.8745267Z Preparing to unpack .../280-librist4_0.2.11+dfsg-1build1_amd64.deb ...
compare	Build, verify native launch, calibrate cells and compare processing	2026-09-12T22:02:55.8753064Z Unpacking librist4:amd64 (0.2.11+dfsg-1build1) ...
compare	Build, verify native launch, calibrate cells and compare processing	2026-09-12T22:02:55.8895365Z Selecting previously unselected package libsrt1.5-gnutls:amd64.
compare	Build, verify native launch, calibrate cells and compare processing	2026-09-12T22:02:55.8914381Z Preparing to unpack .../281-libsrt1.5-gnutls_1.5.4-3_amd64.deb ...
compare	Build, verify native launch, calibrate cells and compare processing	2026-09-12T22:02:55.8921967Z Unpacking libsrt1.5-gnutls:amd64 (1.5.4-3) ...
compare	Build, verify native launch, calibrate cells and compare processing	2026-09-12T22:02:55.9098226Z Selecting previously unselected package libssh-4:amd64.
compare	Build, verify native launch, calibrate cells and compare processing	2026-09-12T22:02:55.9119335Z Preparing to unpack .../282-libssh-4_0.11.3-1ubuntu2.1_amd64.deb ...
compare	Build, verify native launch, calibrate cells and compare processing	2026-09-12T22:02:55.9127265Z Unpacking libssh-4:amd64 (0.11.3-1ubuntu2.1) ...
compare	Build, verify native launch, calibrate cells and compare processing	2026-09-12T22:02:55.9288440Z Selecting previously unselected package libnorm1t64:amd64.
compare	Build, verify native launch, calibrate cells and compare processing	2026-09-12T22:02:55.9309322Z Preparing to unpack .../283-libnorm1t64_1.5.9+dfsg-4_amd64.deb ...
compare	Build, verify native launch, calibrate cells and compare processing	2026-09-12T22:02:55.9317103Z Unpacking libnorm1t64:amd64 (1.5.9+dfsg-4) ...
compare	Build, verify native launch, calibrate cells and compare processing	2026-09-12T22:02:55.9476125Z Selecting previously unselected package libpgm-5.3-0t64:amd64.
compare	Build, verify native launch, calibrate cells and compare processing	2026-09-12T22:02:55.9495697Z Preparing to unpack .../284-libpgm-5.3-0t64_5.3.128~dfsg-2.1build2_amd64.deb ...
compare	Build, verify native launch, calibrate cells and compare processing	2026-09-12T22:02:55.9503353Z Unpacking libpgm-5.3-0t64:amd64 (5.3.128~dfsg-2.1build2) ...
compare	Build, verify native launch, calibrate cells and compare processing	2026-09-12T22:02:55.9653773Z Selecting previously unselected package libsodium23:amd64.
compare	Build, verify native launch, calibrate cells and compare processing	2026-09-12T22:02:55.9672892Z Preparing to unpack .../285-libsodium23_1.0.18-2_amd64.deb ...
compare	Build, verify native launch, calibrate cells and compare processing	2026-09-12T22:02:55.9681341Z Unpacking libsodium23:amd64 (1.0.18-2) ...
compare	Build, verify native launch, calibrate cells and compare processing	2026-09-12T22:02:55.9835336Z Selecting previously unselected package libzmq5:amd64.
compare	Build, verify native launch, calibrate cells and compare processing	2026-09-12T22:02:55.9854608Z Preparing to unpack .../286-libzmq5_4.3.5-1build3_amd64.deb ...
compare	Build, verify native launch, calibrate cells and compare processing	2026-09-12T22:02:55.9862451Z Unpacking libzmq5:amd64 (4.3.5-1build3) ...
compare	Build, verify native launch, calibrate cells and compare processing	2026-09-12T22:02:56.0043893Z Selecting previously unselected package libavformat62:amd64.
compare	Build, verify native launch, calibrate cells and compare processing	2026-09-12T22:02:56.0062180Z Preparing to unpack .../287-libavformat62_7%3a8.0.1-3ubuntu2_amd64.deb ...
compare	Build, verify native launch, calibrate cells and compare processing	2026-09-12T22:02:56.0071072Z Unpacking libavformat62:amd64 (7:8.0.1-3ubuntu2) ...
compare	Build, verify native launch, calibrate cells and compare processing	2026-09-12T22:02:56.0338018Z Selecting previously unselected package libbs2b0:amd64.
compare	Build, verify native launch, calibrate cells and compare processing	2026-09-12T22:02:56.0358521Z Preparing to unpack .../288-libbs2b0_3.1.0+dfsg-8build1_amd64.deb ...
compare	Build, verify native launch, calibrate cells and compare processing	2026-09-12T22:02:56.0366510Z Unpacking libbs2b0:amd64 (3.1.0+dfsg-8build1) ...
compare	Build, verify native launch, calibrate cells and compare processing	2026-09-12T22:02:56.0525685Z Selecting previously unselected package libflite1:amd64.
compare	Build, verify native launch, calibrate cells and compare processing	2026-09-12T22:02:56.0547028Z Preparing to unpack .../289-libflite1_2.2-7build1_amd64.deb ...
compare	Build, verify native launch, calibrate cells and compare processing	2026-09-12T22:02:56.0555473Z Unpacking libflite1:amd64 (2.2-7build1) ...
compare	Build, verify native launch, calibrate cells and compare processing	2026-09-12T22:02:56.1575592Z Selecting previously unselected package libserd-0-0:amd64.
compare	Build, verify native launch, calibrate cells and compare processing	2026-09-12T22:02:56.1598024Z Preparing to unpack .../290-libserd-0-0_0.32.6-1_amd64.deb ...
compare	Build, verify native launch, calibrate cells and compare processing	2026-09-12T22:02:56.1607230Z Unpacking libserd-0-0:amd64 (0.32.6-1) ...
compare	Build, verify native launch, calibrate cells and compare processing	2026-09-12T22:02:56.1754315Z Selecting previously unselected package libzix-0-0:amd64.
compare	Build, verify native launch, calibrate cells and compare processing	2026-09-12T22:02:56.1774770Z Preparing to unpack .../291-libzix-0-0_0.8.0-1_amd64.deb ...
compare	Build, verify native launch, calibrate cells and compare processing	2026-09-12T22:02:56.1783023Z Unpacking libzix-0-0:amd64 (0.8.0-1) ...
compare	Build, verify native launch, calibrate cells and compare processing	2026-09-12T22:02:56.1921939Z Selecting previously unselected package libsord-0-0:amd64.
compare	Build, verify native launch, calibrate cells and compare processing	2026-09-12T22:02:56.1941201Z Preparing to unpack .../292-libsord-0-0_0.16.20-1_amd64.deb ...
compare	Build, verify native launch, calibrate cells and compare processing	2026-09-12T22:02:56.1950271Z Unpacking libsord-0-0:amd64 (0.16.20-1) ...
compare	Build, verify native launch, calibrate cells and compare processing	2026-09-12T22:02:56.2086833Z Selecting previously unselected package libsratom-0-0:amd64.
compare	Build, verify native launch, calibrate cells and compare processing	2026-09-12T22:02:56.2106036Z Preparing to unpack .../293-libsratom-0-0_0.6.20-1_amd64.deb ...
compare	Build, verify native launch, calibrate cells and compare processing	2026-09-12T22:02:56.2115074Z Unpacking libsratom-0-0:amd64 (0.6.20-1) ...
compare	Build, verify native launch, calibrate cells and compare processing	2026-09-12T22:02:56.2250360Z Selecting previously unselected package liblilv-0-0:amd64.
compare	Build, verify native launch, calibrate cells and compare processing	2026-09-12T22:02:56.2269303Z Preparing to unpack .../294-liblilv-0-0_0.26.2-1_amd64.deb ...
compare	Build, verify native launch, calibrate cells and compare processing	2026-09-12T22:02:56.2279708Z Unpacking liblilv-0-0:amd64 (0.26.2-1) ...
compare	Build, verify native launch, calibrate cells and compare processing	2026-09-12T22:02:56.2415454Z Selecting previously unselected package libmysofa1:amd64.
compare	Build, verify native launch, calibrate cells and compare processing	2026-09-12T22:02:56.2435504Z Preparing to unpack .../295-libmysofa1_1.3.3+dfsg-1ubuntu2_amd64.deb ...
compare	Build, verify native launch, calibrate cells and compare processing	2026-09-12T22:02:56.2444510Z Unpacking libmysofa1:amd64 (1.3.3+dfsg-1ubuntu2) ...
compare	Build, verify native launch, calibrate cells and compare processing	2026-09-12T22:02:56.2622652Z Selecting previously unselected package libplacebo360:amd64.
compare	Build, verify native launch, calibrate cells and compare processing	2026-09-12T22:02:56.2642722Z Preparing to unpack .../296-libplacebo360_7.360.0-3_amd64.deb ...
compare	Build, verify native launch, calibrate cells and compare processing	2026-09-12T22:02:56.2652164Z Unpacking libplacebo360:amd64 (7.360.0-3) ...
compare	Build, verify native launch, calibrate cells and compare processing	2026-09-12T22:02:56.3137071Z Selecting previously unselected package libfftw3-double3:amd64.
compare	Build, verify native launch, calibrate cells and compare processing	2026-09-12T22:02:56.3159825Z Preparing to unpack .../297-libfftw3-double3_3.3.10-2fakesync1build3_amd64.deb ...
compare	Build, verify native launch, calibrate cells and compare processing	2026-09-12T22:02:56.3168228Z Unpacking libfftw3-double3:amd64 (3.3.10-2fakesync1build3) ...
compare	Build, verify native launch, calibrate cells and compare processing	2026-09-12T22:02:56.3411737Z Selecting previously unselected package libsamplerate0:amd64.
compare	Build, verify native launch, calibrate cells and compare processing	2026-09-12T22:02:56.3433811Z Preparing to unpack .../298-libsamplerate0_0.2.2-4build2_amd64.deb ...
compare	Build, verify native launch, calibrate cells and compare processing	2026-09-12T22:02:56.3442530Z Unpacking libsamplerate0:amd64 (0.2.2-4build2) ...
compare	Build, verify native launch, calibrate cells and compare processing	2026-09-12T22:02:56.3640205Z Selecting previously unselected package librubberband3:amd64.
compare	Build, verify native launch, calibrate cells and compare processing	2026-09-12T22:02:56.3662281Z Preparing to unpack .../299-librubberband3_4.0.0+dfsg-2ubuntu1_amd64.deb ...
compare	Build, verify native launch, calibrate cells and compare processing	2026-09-12T22:02:56.3670401Z Unpacking librubberband3:amd64 (4.0.0+dfsg-2ubuntu1) ...
compare	Build, verify native launch, calibrate cells and compare processing	2026-09-12T22:02:56.3831175Z Selecting previously unselected package libswscale9:amd64.
compare	Build, verify native launch, calibrate cells and compare processing	2026-09-12T22:02:56.3851148Z Preparing to unpack .../300-libswscale9_7%3a8.0.1-3ubuntu2_amd64.deb ...
compare	Build, verify native launch, calibrate cells and compare processing	2026-09-12T22:02:56.3857817Z Unpacking libswscale9:amd64 (7:8.0.1-3ubuntu2) ...
compare	Build, verify native launch, calibrate cells and compare processing	2026-09-12T22:02:56.4042849Z Selecting previously unselected package libvidstab1.1:amd64.
compare	Build, verify native launch, calibrate cells and compare processing	2026-09-12T22:02:56.4064551Z Preparing to unpack .../301-libvidstab1.1_1.1.0-2.1_amd64.deb ...
compare	Build, verify native launch, calibrate cells and compare processing	2026-09-12T22:02:56.4071413Z Unpacking libvidstab1.1:amd64 (1.1.0-2.1) ...
compare	Build, verify native launch, calibrate cells and compare processing	2026-09-12T22:02:56.4211592Z Selecting previously unselected package libzimg2:amd64.
compare	Build, verify native launch, calibrate cells and compare processing	2026-09-12T22:02:56.4230314Z Preparing to unpack .../302-libzimg2_3.0.6+ds1-1_amd64.deb ...
compare	Build, verify native launch, calibrate cells and compare processing	2026-09-12T22:02:56.4239723Z Unpacking libzimg2:amd64 (3.0.6+ds1-1) ...
compare	Build, verify native launch, calibrate cells and compare processing	2026-09-12T22:02:56.4399902Z Selecting previously unselected package libavfilter11:amd64.
compare	Build, verify native launch, calibrate cells and compare processing	2026-09-12T22:02:56.4420563Z Preparing to unpack .../303-libavfilter11_7%3a8.0.1-3ubuntu2_amd64.deb ...
compare	Build, verify native launch, calibrate cells and compare processing	2026-09-12T22:02:56.4428133Z Unpacking libavfilter11:amd64 (7:8.0.1-3ubuntu2) ...
compare	Build, verify native launch, calibrate cells and compare processing	2026-09-12T22:02:56.5101858Z Selecting previously unselected package libbrotli-dev:amd64.
compare	Build, verify native launch, calibrate cells and compare processing	2026-09-12T22:02:56.5111843Z Preparing to unpack .../304-libbrotli-dev_1.2.0-3build1_amd64.deb ...
compare	Build, verify native launch, calibrate cells and compare processing	2026-09-12T22:02:56.5118770Z Unpacking libbrotli-dev:amd64 (1.2.0-3build1) ...
compare	Build, verify native launch, calibrate cells and compare processing	2026-09-12T22:02:56.5301474Z Selecting previously unselected package libbz2-dev:amd64.
compare	Build, verify native launch, calibrate cells and compare processing	2026-09-12T22:02:56.5322134Z Preparing to unpack .../305-libbz2-dev_1.0.8-6ubuntu0.1_amd64.deb ...
compare	Build, verify native launch, calibrate cells and compare processing	2026-09-12T22:02:56.5329681Z Unpacking libbz2-dev:amd64 (1.0.8-6ubuntu0.1) ...
compare	Build, verify native launch, calibrate cells and compare processing	2026-09-12T22:02:56.5471587Z Selecting previously unselected package libdisplay-info3:amd64.
compare	Build, verify native launch, calibrate cells and compare processing	2026-09-12T22:02:56.5490499Z Preparing to unpack .../306-libdisplay-info3_0.3.0-1_amd64.deb ...
compare	Build, verify native launch, calibrate cells and compare processing	2026-09-12T22:02:56.5497965Z Unpacking libdisplay-info3:amd64 (0.3.0-1) ...
compare	Build, verify native launch, calibrate cells and compare processing	2026-09-12T22:02:56.5638228Z Selecting previously unselected package libexpat1-dev:amd64.
compare	Build, verify native launch, calibrate cells and compare processing	2026-09-12T22:02:56.5656731Z Preparing to unpack .../307-libexpat1-dev_2.7.4-1_amd64.deb ...
compare	Build, verify native launch, calibrate cells and compare processing	2026-09-12T22:02:56.5664200Z Unpacking libexpat1-dev:amd64 (2.7.4-1) ...
compare	Build, verify native launch, calibrate cells and compare processing	2026-09-12T22:02:56.5847060Z Selecting previously unselected package libfftw3-single3:amd64.
compare	Build, verify native launch, calibrate cells and compare processing	2026-09-12T22:02:56.5868404Z Preparing to unpack .../308-libfftw3-single3_3.3.10-2fakesync1build3_amd64.deb ...
compare	Build, verify native launch, calibrate cells and compare processing	2026-09-12T22:02:56.5876227Z Unpacking libfftw3-single3:amd64 (3.3.10-2fakesync1build3) ...
compare	Build, verify native launch, calibrate cells and compare processing	2026-09-12T22:02:56.6118965Z Selecting previously unselected package libflac14:amd64.
compare	Build, verify native launch, calibrate cells and compare processing	2026-09-12T22:02:56.6139960Z Preparing to unpack .../309-libflac14_1.5.0+ds-5_amd64.deb ...
compare	Build, verify native launch, calibrate cells and compare processing	2026-09-12T22:02:56.6147270Z Unpacking libflac14:amd64 (1.5.0+ds-5) ...
compare	Build, verify native launch, calibrate cells and compare processing	2026-09-12T22:02:56.6296381Z Selecting previously unselected package zlib1g-dev:amd64.
compare	Build, verify native launch, calibrate cells and compare processing	2026-09-12T22:02:56.6315756Z Preparing to unpack .../310-zlib1g-dev_1%3a1.3.dfsg+really1.3.1-1ubuntu3.1_amd64.deb ...
compare	Build, verify native launch, calibrate cells and compare processing	2026-09-12T22:02:56.6322886Z Unpacking zlib1g-dev:amd64 (1:1.3.dfsg+really1.3.1-1ubuntu3.1) ...
compare	Build, verify native launch, calibrate cells and compare processing	2026-09-12T22:02:56.6482349Z Selecting previously unselected package libpng-dev:amd64.
compare	Build, verify native launch, calibrate cells and compare processing	2026-09-12T22:02:56.6501831Z Preparing to unpack .../311-libpng-dev_1.6.57-1_amd64.deb ...
compare	Build, verify native launch, calibrate cells and compare processing	2026-09-12T22:02:56.6509064Z Unpacking libpng-dev:amd64 (1.6.57-1) ...
compare	Build, verify native launch, calibrate cells and compare processing	2026-09-12T22:02:56.6691178Z Selecting previously unselected package libfreetype-dev:amd64.
compare	Build, verify native launch, calibrate cells and compare processing	2026-09-12T22:02:56.6709799Z Preparing to unpack .../312-libfreetype-dev_2.14.2+dfsg-1ubuntu0.1_amd64.deb ...
compare	Build, verify native launch, calibrate cells and compare processing	2026-09-12T22:02:56.6717166Z Unpacking libfreetype-dev:amd64 (2.14.2+dfsg-1ubuntu0.1) ...
compare	Build, verify native launch, calibrate cells and compare processing	2026-09-12T22:02:56.6986998Z Selecting previously unselected package uuid-dev:amd64.
compare	Build, verify native launch, calibrate cells and compare processing	2026-09-12T22:02:56.7007612Z Preparing to unpack .../313-uuid-dev_2.41.3-3ubuntu2.2_amd64.deb ...
compare	Build, verify native launch, calibrate cells and compare processing	2026-09-12T22:02:56.7016158Z Unpacking uuid-dev:amd64 (2.41.3-3ubuntu2.2) ...
compare	Build, verify native launch, calibrate cells and compare processing	2026-09-12T22:02:56.7165415Z Selecting previously unselected package libpkgconf7:amd64.
compare	Build, verify native launch, calibrate cells and compare processing	2026-09-12T22:02:56.7184771Z Preparing to unpack .../314-libpkgconf7_2.5.1-4_amd64.deb ...
compare	Build, verify native launch, calibrate cells and compare processing	2026-09-12T22:02:56.7192513Z Unpacking libpkgconf7:amd64 (2.5.1-4) ...
compare	Build, verify native launch, calibrate cells and compare processing	2026-09-12T22:02:56.7327602Z Selecting previously unselected package pkgconf-bin.
compare	Build, verify native launch, calibrate cells and compare processing	2026-09-12T22:02:56.7346386Z Preparing to unpack .../315-pkgconf-bin_2.5.1-4_amd64.deb ...
compare	Build, verify native launch, calibrate cells and compare processing	2026-09-12T22:02:56.7353289Z Unpacking pkgconf-bin (2.5.1-4) ...
compare	Build, verify native launch, calibrate cells and compare processing	2026-09-12T22:02:56.7490491Z Selecting previously unselected package pkgconf:amd64.
compare	Build, verify native launch, calibrate cells and compare processing	2026-09-12T22:02:56.7509041Z Preparing to unpack .../316-pkgconf_2.5.1-4_amd64.deb ...
compare	Build, verify native launch, calibrate cells and compare processing	2026-09-12T22:02:56.7529277Z Unpacking pkgconf:amd64 (2.5.1-4) ...
compare	Build, verify native launch, calibrate cells and compare processing	2026-09-12T22:02:56.7671780Z Selecting previously unselected package libfontconfig-dev:amd64.
compare	Build, verify native launch, calibrate cells and compare processing	2026-09-12T22:02:56.7685307Z Preparing to unpack .../317-libfontconfig-dev_2.17.1-3ubuntu1_amd64.deb ...
compare	Build, verify native launch, calibrate cells and compare processing	2026-09-12T22:02:56.7692783Z Unpacking libfontconfig-dev:amd64 (2.17.1-3ubuntu1) ...
compare	Build, verify native launch, calibrate cells and compare processing	2026-09-12T22:02:56.7852899Z Selecting previously unselected package libfontconfig1-dev:amd64.
compare	Build, verify native launch, calibrate cells and compare processing	2026-09-12T22:02:56.7872123Z Preparing to unpack .../318-libfontconfig1-dev_2.17.1-3ubuntu1_amd64.deb ...
compare	Build, verify native launch, calibrate cells and compare processing	2026-09-12T22:02:56.7880024Z Unpacking libfontconfig1-dev:amd64 (2.17.1-3ubuntu1) ...
compare	Build, verify native launch, calibrate cells and compare processing	2026-09-12T22:02:56.8006603Z Selecting previously unselected package libicu78:amd64.
compare	Build, verify native launch, calibrate cells and compare processing	2026-09-12T22:02:56.8026603Z Preparing to unpack .../319-libicu78_78.2-2ubuntu1_amd64.deb ...
compare	Build, verify native launch, calibrate cells and compare processing	2026-09-12T22:02:56.8035927Z Unpacking libicu78:amd64 (78.2-2ubuntu1) ...
compare	Build, verify native launch, calibrate cells and compare processing	2026-09-12T22:02:56.9580993Z Selecting previously unselected package libwinpr3-3:amd64.
compare	Build, verify native launch, calibrate cells and compare processing	2026-09-12T22:02:56.9604578Z Preparing to unpack .../320-libwinpr3-3_3.31.0+dfsg-0ubuntu0.26.04.1_amd64.deb ...
compare	Build, verify native launch, calibrate cells and compare processing	2026-09-12T22:02:56.9612144Z Unpacking libwinpr3-3:amd64 (3.31.0+dfsg-0ubuntu0.26.04.1) ...
compare	Build, verify native launch, calibrate cells and compare processing	2026-09-12T22:02:56.9805278Z Selecting previously unselected package libxkbfile1:amd64.
compare	Build, verify native launch, calibrate cells and compare processing	2026-09-12T22:02:56.9827179Z Preparing to unpack .../321-libxkbfile1_1%3a1.1.0-1build5_amd64.deb ...
compare	Build, verify native launch, calibrate cells and compare processing	2026-09-12T22:02:56.9834367Z Unpacking libxkbfile1:amd64 (1:1.1.0-1build5) ...
compare	Build, verify native launch, calibrate cells and compare processing	2026-09-12T22:02:56.9996064Z Selecting previously unselected package libfreerdp3-3:amd64.
compare	Build, verify native launch, calibrate cells and compare processing	2026-09-12T22:02:57.0015998Z Preparing to unpack .../322-libfreerdp3-3_3.31.0+dfsg-0ubuntu0.26.04.1_amd64.deb ...
compare	Build, verify native launch, calibrate cells and compare processing	2026-09-12T22:02:57.0083619Z Unpacking libfreerdp3-3:amd64 (3.31.0+dfsg-0ubuntu0.26.04.1) ...
compare	Build, verify native launch, calibrate cells and compare processing	2026-09-12T22:02:57.0316967Z Selecting previously unselected package libfreerdp-server3-3:amd64.
compare	Build, verify native launch, calibrate cells and compare processing	2026-09-12T22:02:57.0337384Z Preparing to unpack .../323-libfreerdp-server3-3_3.31.0+dfsg-0ubuntu0.26.04.1_amd64.deb ...
compare	Build, verify native launch, calibrate cells and compare processing	2026-09-12T22:02:57.0405100Z Unpacking libfreerdp-server3-3:amd64 (3.31.0+dfsg-0ubuntu0.26.04.1) ...
compare	Build, verify native launch, calibrate cells and compare processing	2026-09-12T22:02:57.0555154Z Selecting previously unselected package libwacom-common.
compare	Build, verify native launch, calibrate cells and compare processing	2026-09-12T22:02:57.0575524Z Preparing to unpack .../324-libwacom-common_2.18.0-1_all.deb ...
compare	Build, verify native launch, calibrate cells and compare processing	2026-09-12T22:02:57.0583313Z Unpacking libwacom-common (2.18.0-1) ...
compare	Build, verify native launch, calibrate cells and compare processing	2026-09-12T22:02:57.1699955Z Selecting previously unselected package libwacom9:amd64.
compare	Build, verify native launch, calibrate cells and compare processing	2026-09-12T22:02:57.1724342Z Preparing to unpack .../325-libwacom9_2.18.0-1_amd64.deb ...
compare	Build, verify native launch, calibrate cells and compare processing	2026-09-12T22:02:57.1733054Z Unpacking libwacom9:amd64 (2.18.0-1) ...
compare	Build, verify native launch, calibrate cells and compare processing	2026-09-12T22:02:57.1868860Z Selecting previously unselected package libinput-bin.
compare	Build, verify native launch, calibrate cells and compare processing	2026-09-12T22:02:57.1887456Z Preparing to unpack .../326-libinput-bin_1.31.1-1ubuntu1.1_amd64.deb ...
compare	Build, verify native launch, calibrate cells and compare processing	2026-09-12T22:02:57.1895866Z Unpacking libinput-bin (1.31.1-1ubuntu1.1) ...
compare	Build, verify native launch, calibrate cells and compare processing	2026-09-12T22:02:57.2092366Z Selecting previously unselected package libmtdev1t64:amd64.
compare	Build, verify native launch, calibrate cells and compare processing	2026-09-12T22:02:57.2111535Z Preparing to unpack .../327-libmtdev1t64_1.1.7-1build1_amd64.deb ...
compare	Build, verify native launch, calibrate cells and compare processing	2026-09-12T22:02:57.2119772Z Unpacking libmtdev1t64:amd64 (1.1.7-1build1) ...
compare	Build, verify native launch, calibrate cells and compare processing	2026-09-12T22:02:57.2275818Z Selecting previously unselected package libinput10:amd64.
compare	Build, verify native launch, calibrate cells and compare processing	2026-09-12T22:02:57.2295406Z Preparing to unpack .../328-libinput10_1.31.1-1ubuntu1.1_amd64.deb ...
compare	Build, verify native launch, calibrate cells and compare processing	2026-09-12T22:02:57.2305380Z Unpacking libinput10:amd64 (1.31.1-1ubuntu1.1) ...
compare	Build, verify native launch, calibrate cells and compare processing	2026-09-12T22:02:57.2465060Z Selecting previously unselected package libturbojpeg0:amd64.
compare	Build, verify native launch, calibrate cells and compare processing	2026-09-12T22:02:57.2485122Z Preparing to unpack .../329-libturbojpeg0_1%3a2.1.5-4ubuntu4_amd64.deb ...
compare	Build, verify native launch, calibrate cells and compare processing	2026-09-12T22:02:57.2493161Z Unpacking libturbojpeg0:amd64 (1:2.1.5-4ubuntu4) ...
compare	Build, verify native launch, calibrate cells and compare processing	2026-09-12T22:02:57.2656811Z Selecting previously unselected package libneatvnc0:amd64.
compare	Build, verify native launch, calibrate cells and compare processing	2026-09-12T22:02:57.2676470Z Preparing to unpack .../330-libneatvnc0_0.9.1+dfsg-1build1_amd64.deb ...
compare	Build, verify native launch, calibrate cells and compare processing	2026-09-12T22:02:57.2684293Z Unpacking libneatvnc0:amd64 (0.9.1+dfsg-1build1) ...
compare	Build, verify native launch, calibrate cells and compare processing	2026-09-12T22:02:57.2831322Z Selecting previously unselected package libsndfile1:amd64.
compare	Build, verify native launch, calibrate cells and compare processing	2026-09-12T22:02:57.2849662Z Preparing to unpack .../331-libsndfile1_1.2.2-4_amd64.deb ...
compare	Build, verify native launch, calibrate cells and compare processing	2026-09-12T22:02:57.2857690Z Unpacking libsndfile1:amd64 (1.2.2-4) ...
compare	Build, verify native launch, calibrate cells and compare processing	2026-09-12T22:02:57.3024191Z Selecting previously unselected package libwebrtc-audio-processing-1-3:amd64.
compare	Build, verify native launch, calibrate cells and compare processing	2026-09-12T22:02:57.3044963Z Preparing to unpack .../332-libwebrtc-audio-processing-1-3_1.3-3build2_amd64.deb ...
compare	Build, verify native launch, calibrate cells and compare processing	2026-09-12T22:02:57.3053019Z Unpacking libwebrtc-audio-processing-1-3:amd64 (1.3-3build2) ...
compare	Build, verify native launch, calibrate cells and compare processing	2026-09-12T22:02:57.3222801Z Selecting previously unselected package libspa-0.2-modules:amd64.
compare	Build, verify native launch, calibrate cells and compare processing	2026-09-12T22:02:57.3243382Z Preparing to unpack .../333-libspa-0.2-modules_1.6.2-1ubuntu1.1_amd64.deb ...
compare	Build, verify native launch, calibrate cells and compare processing	2026-09-12T22:02:57.3251279Z Unpacking libspa-0.2-modules:amd64 (1.6.2-1ubuntu1.1) ...
compare	Build, verify native launch, calibrate cells and compare processing	2026-09-12T22:02:57.3560586Z Selecting previously unselected package libpipewire-0.3-0t64:amd64.
compare	Build, verify native launch, calibrate cells and compare processing	2026-09-12T22:02:57.3582608Z Preparing to unpack .../334-libpipewire-0.3-0t64_1.6.2-1ubuntu1.1_amd64.deb ...
compare	Build, verify native launch, calibrate cells and compare processing	2026-09-12T22:02:57.3591132Z Unpacking libpipewire-0.3-0t64:amd64 (1.6.2-1ubuntu1.1) ...
compare	Build, verify native launch, calibrate cells and compare processing	2026-09-12T22:02:57.3879913Z Selecting previously unselected package libseat1:amd64.
compare	Build, verify native launch, calibrate cells and compare processing	2026-09-12T22:02:57.3903598Z Preparing to unpack .../335-libseat1_0.9.2-2_amd64.deb ...
compare	Build, verify native launch, calibrate cells and compare processing	2026-09-12T22:02:57.3913794Z Unpacking libseat1:amd64 (0.9.2-2) ...
compare	Build, verify native launch, calibrate cells and compare processing	2026-09-12T22:02:57.4053149Z Selecting previously unselected package libwayland-server0:amd64.
compare	Build, verify native launch, calibrate cells and compare processing	2026-09-12T22:02:57.4073783Z Preparing to unpack .../336-libwayland-server0_1.24.0-2_amd64.deb ...
compare	Build, verify native launch, calibrate cells and compare processing	2026-09-12T22:02:57.4082736Z Unpacking libwayland-server0:amd64 (1.24.0-2) ...
compare	Build, verify native launch, calibrate cells and compare processing	2026-09-12T22:02:57.4223690Z Selecting previously unselected package libxcb-composite0:amd64.
compare	Build, verify native launch, calibrate cells and compare processing	2026-09-12T22:02:57.4243598Z Preparing to unpack .../337-libxcb-composite0_1.17.0-2ubuntu1_amd64.deb ...
compare	Build, verify native launch, calibrate cells and compare processing	2026-09-12T22:02:57.4251036Z Unpacking libxcb-composite0:amd64 (1.17.0-2ubuntu1) ...
compare	Build, verify native launch, calibrate cells and compare processing	2026-09-12T22:02:57.4391357Z Selecting previously unselected package libweston-14-0:amd64.
compare	Build, verify native launch, calibrate cells and compare processing	2026-09-12T22:02:57.4409552Z Preparing to unpack .../338-libweston-14-0_14.0.2-5_amd64.deb ...
compare	Build, verify native launch, calibrate cells and compare processing	2026-09-12T22:02:57.4417266Z Unpacking libweston-14-0:amd64 (14.0.2-5) ...
compare	Build, verify native launch, calibrate cells and compare processing	2026-09-12T22:02:57.4638030Z Selecting previously unselected package x11-common.
compare	Build, verify native launch, calibrate cells and compare processing	2026-09-12T22:02:57.4658224Z Preparing to unpack .../339-x11-common_1%3a7.7+26ubuntu1_all.deb ...
compare	Build, verify native launch, calibrate cells and compare processing	2026-09-12T22:02:57.4677976Z Unpacking x11-common (1:7.7+26ubuntu1) ...
compare	Build, verify native launch, calibrate cells and compare processing	2026-09-12T22:02:57.4835690Z Selecting previously unselected package libxtst6:amd64.
compare	Build, verify native launch, calibrate cells and compare processing	2026-09-12T22:02:57.4856397Z Preparing to unpack .../340-libxtst6_2%3a1.2.5-1build1_amd64.deb ...
compare	Build, verify native launch, calibrate cells and compare processing	2026-09-12T22:02:57.4864137Z Unpacking libxtst6:amd64 (2:1.2.5-1build1) ...
compare	Build, verify native launch, calibrate cells and compare processing	2026-09-12T22:02:57.4998239Z Selecting previously unselected package pkg-config:amd64.
compare	Build, verify native launch, calibrate cells and compare processing	2026-09-12T22:02:57.5017972Z Preparing to unpack .../341-pkg-config_2.5.1-4_amd64.deb ...
compare	Build, verify native launch, calibrate cells and compare processing	2026-09-12T22:02:57.5039219Z Unpacking pkg-config:amd64 (2.5.1-4) ...
compare	Build, verify native launch, calibrate cells and compare processing	2026-09-12T22:02:57.5171211Z Selecting previously unselected package weston.
compare	Build, verify native launch, calibrate cells and compare processing	2026-09-12T22:02:57.5190205Z Preparing to unpack .../342-weston_14.0.2-5_amd64.deb ...
compare	Build, verify native launch, calibrate cells and compare processing	2026-09-12T22:02:57.5198266Z Unpacking weston (14.0.2-5) ...
compare	Build, verify native launch, calibrate cells and compare processing	2026-09-12T22:02:57.5585876Z Selecting previously unselected package libxdo3:amd64.
compare	Build, verify native launch, calibrate cells and compare processing	2026-09-12T22:02:57.5608486Z Preparing to unpack .../343-libxdo3_1%3a3.20160805.1-5.1build1_amd64.deb ...
compare	Build, verify native launch, calibrate cells and compare processing	2026-09-12T22:02:57.5615858Z Unpacking libxdo3:amd64 (1:3.20160805.1-5.1build1) ...
compare	Build, verify native launch, calibrate cells and compare processing	2026-09-12T22:02:57.5748358Z Selecting previously unselected package xdotool.
compare	Build, verify native launch, calibrate cells and compare processing	2026-09-12T22:02:57.5769116Z Preparing to unpack .../344-xdotool_1%3a3.20160805.1-5.1build1_amd64.deb ...
compare	Build, verify native launch, calibrate cells and compare processing	2026-09-12T22:02:57.5776257Z Unpacking xdotool (1:3.20160805.1-5.1build1) ...
compare	Build, verify native launch, calibrate cells and compare processing	2026-09-12T22:02:57.6048542Z Setting up libgme0:amd64 (0.6.4-1) ...
compare	Build, verify native launch, calibrate cells and compare processing	2026-09-12T22:02:57.6069492Z Setting up libchromaprint1:amd64 (1.6.0-2build1) ...
compare	Build, verify native launch, calibrate cells and compare processing	2026-09-12T22:02:57.6088979Z Setting up libhwy1t64:amd64 (1.3.0-2) ...
compare	Build, verify native launch, calibrate cells and compare processing	2026-09-12T22:02:57.6107261Z Setting up media-types (14.0.0build1) ...
compare	Build, verify native launch, calibrate cells and compare processing	2026-09-12T22:02:57.6135621Z Setting up libgraphite2-3:amd64 (1.3.14-11ubuntu1.1) ...
compare	Build, verify native launch, calibrate cells and compare processing	2026-09-12T22:02:57.6155186Z Setting up liblcms2-2:amd64 (2.17-1ubuntu0.2) ...
compare	Build, verify native launch, calibrate cells and compare processing	2026-09-12T22:02:57.6174262Z Setting up libpixman-1-0:amd64 (0.46.4-1) ...
compare	Build, verify native launch, calibrate cells and compare processing	2026-09-12T22:02:57.6194724Z Setting up libdvdread8t64:amd64 (7.0.1-1) ...
compare	Build, verify native launch, calibrate cells and compare processing	2026-09-12T22:02:57.6212373Z Setting up libnorm1t64:amd64 (1.5.9+dfsg-4) ...
compare	Build, verify native launch, calibrate cells and compare processing	2026-09-12T22:02:57.6232373Z Setting up libsharpyuv0:amd64 (1.5.0-0.1build1) ...
compare	Build, verify native launch, calibrate cells and compare processing	2026-09-12T22:02:57.6251576Z Setting up libaom3:amd64 (3.13.1-2) ...
compare	Build, verify native launch, calibrate cells and compare processing	2026-09-12T22:02:57.6268588Z Setting up libpciaccess0:amd64 (0.18.1-1ubuntu4.1) ...
compare	Build, verify native launch, calibrate cells and compare processing	2026-09-12T22:02:57.6289587Z Setting up librabbitmq4:amd64 (0.15.0-1ubuntu0.26.04.2) ...
compare	Build, verify native launch, calibrate cells and compare processing	2026-09-12T22:02:57.6309006Z Setting up systemd-sysv (259.5-0ubuntu3.4) ...
compare	Build, verify native launch, calibrate cells and compare processing	2026-09-12T22:02:57.6341149Z Setting up libxau6:amd64 (1:1.0.11-1build2) ...
compare	Build, verify native launch, calibrate cells and compare processing	2026-09-12T22:02:57.6361542Z Setting up libxdmcp6:amd64 (1:1.1.5-2) ...
compare	Build, verify native launch, calibrate cells and compare processing	2026-09-12T22:02:57.6379301Z Setting up libkeyutils1:amd64 (1.6.3-6ubuntu3) ...
compare	Build, verify native launch, calibrate cells and compare processing	2026-09-12T22:02:57.6398248Z Setting up lto-disabled-list (79) ...
compare	Build, verify native launch, calibrate cells and compare processing	2026-09-12T22:02:57.6415274Z Setting up libapparmor1:amd64 (5.0.2-0ubuntu1~26.04.1) ...
compare	Build, verify native launch, calibrate cells and compare processing	2026-09-12T22:02:57.6433912Z Setting up libxcb1:amd64 (1.17.0-2ubuntu1) ...
compare	Build, verify native launch, calibrate cells and compare processing	2026-09-12T22:02:57.6458202Z Setting up libsodium23:amd64 (1.0.18-2) ...
compare	Build, verify native launch, calibrate cells and compare processing	2026-09-12T22:02:57.6476318Z Setting up libudfread3:amd64 (1.2.0-2) ...
compare	Build, verify native launch, calibrate cells and compare processing	2026-09-12T22:02:57.6496445Z Setting up libxcb-xfixes0:amd64 (1.17.0-2ubuntu1) ...
compare	Build, verify native launch, calibrate cells and compare processing	2026-09-12T22:02:57.6516369Z Setting up libogg0:amd64 (1.3.6-2) ...
compare	Build, verify native launch, calibrate cells and compare processing	2026-09-12T22:02:57.6536397Z Setting up liblerc4:amd64 (4.0.0+ds-5ubuntu2) ...
compare	Build, verify native launch, calibrate cells and compare processing	2026-09-12T22:02:57.6555062Z Setting up libspeex1:amd64 (1.2.1-3build1) ...
compare	Build, verify native launch, calibrate cells and compare processing	2026-09-12T22:02:57.6573284Z Setting up libgdbm6t64:amd64 (1.26-1build1) ...
compare	Build, verify native launch, calibrate cells and compare processing	2026-09-12T22:02:57.6592788Z Setting up libshine3:amd64 (3.1.1-3build1) ...
compare	Build, verify native launch, calibrate cells and compare processing	2026-09-12T22:02:57.6611994Z Setting up libvpl2 (1:2.16.0-1) ...
compare	Build, verify native launch, calibrate cells and compare processing	2026-09-12T22:02:57.6631474Z Setting up hicolor-icon-theme (0.18-2build1) ...
compare	Build, verify native launch, calibrate cells and compare processing	2026-09-12T22:02:57.6872075Z Setting up libtwolame0:amd64 (0.4.0-2build4) ...
compare	Build, verify native launch, calibrate cells and compare processing	2026-09-12T22:02:57.6890240Z Setting up libdatrie1:amd64 (0.2.14-1) ...
compare	Build, verify native launch, calibrate cells and compare processing	2026-09-12T22:02:57.6909795Z Setting up libgdbm-compat4t64:amd64 (1.26-1build1) ...
compare	Build, verify native launch, calibrate cells and compare processing	2026-09-12T22:02:57.6936976Z Setting up fonts-noto-color-emoji (2.051-1build1) ...
compare	Build, verify native launch, calibrate cells and compare processing	2026-09-12T22:02:57.6956651Z Setting up libgsm1:amd64 (1.0.23-2) ...
compare	Build, verify native launch, calibrate cells and compare processing	2026-09-12T22:02:57.6976028Z Setting up libaml0t64:amd64 (0.3.0-3build1) ...
compare	Build, verify native launch, calibrate cells and compare processing	2026-09-12T22:02:57.6996755Z Setting up libxcb-render0:amd64 (1.17.0-2ubuntu1) ...
compare	Build, verify native launch, calibrate cells and compare processing	2026-09-12T22:02:57.7016419Z Setting up libzix-0-0:amd64 (0.8.0-1) ...
compare	Build, verify native launch, calibrate cells and compare processing	2026-09-12T22:02:57.7037700Z Setting up libx264-165:amd64 (2:0.165.3222+gitb35605ac-3build1) ...
compare	Build, verify native launch, calibrate cells and compare processing	2026-09-12T22:02:57.7057911Z Setting up libglvnd0:amd64 (1.7.0-3) ...
compare	Build, verify native launch, calibrate cells and compare processing	2026-09-12T22:02:57.7075245Z Setting up libxml2-16:amd64 (2.15.2+dfsg-0.1ubuntu0.1) ...
compare	Build, verify native launch, calibrate cells and compare processing	2026-09-12T22:02:57.7098771Z Setting up libdisplay-info3:amd64 (0.3.0-1) ...
compare	Build, verify native launch, calibrate cells and compare processing	2026-09-12T22:02:57.7120015Z Setting up libcodec2-1.2:amd64 (1.2.0-4) ...
compare	Build, verify native launch, calibrate cells and compare processing	2026-09-12T22:02:57.7139701Z Setting up libxcb-glx0:amd64 (1.17.0-2ubuntu1) ...
compare	Build, verify native launch, calibrate cells and compare processing	2026-09-12T22:02:57.7159310Z Setting up libbrotli1:amd64 (1.2.0-3build1) ...
compare	Build, verify native launch, calibrate cells and compare processing	2026-09-12T22:02:57.7177624Z Setting up libedit2:amd64 (3.1-20251016-1) ...
compare	Build, verify native launch, calibrate cells and compare processing	2026-09-12T22:02:57.7196689Z Setting up fonts-noto-cjk (1:20240730+repack1-1build1) ...
compare	Build, verify native launch, calibrate cells and compare processing	2026-09-12T22:02:57.7274896Z Setting up libsqlite3-0:amd64 (3.46.1-9ubuntu0.2) ...
compare	Build, verify native launch, calibrate cells and compare processing	2026-09-12T22:02:57.7293839Z Setting up libpkgconf7:amd64 (2.5.1-4) ...
compare	Build, verify native launch, calibrate cells and compare processing	2026-09-12T22:02:57.7314468Z Setting up libgdk-pixbuf2.0-common (2.44.5+dfsg-4ubuntu1) ...
compare	Build, verify native launch, calibrate cells and compare processing	2026-09-12T22:02:57.7332055Z Setting up libmysofa1:amd64 (1.3.3+dfsg-1ubuntu2) ...
compare	Build, verify native launch, calibrate cells and compare processing	2026-09-12T22:02:57.7351901Z Setting up binutils-common:amd64 (2.46-3ubuntu2) ...
compare	Build, verify native launch, calibrate cells and compare processing	2026-09-12T22:02:57.7370080Z Setting up x11-common (1:7.7+26ubuntu1) ...
compare	Build, verify native launch, calibrate cells and compare processing	2026-09-12T22:02:57.8046898Z invoke-rc.d: could not determine current runlevel
compare	Build, verify native launch, calibrate cells and compare processing	2026-09-12T22:02:57.8093587Z invoke-rc.d: policy-rc.d denied execution of start.
compare	Build, verify native launch, calibrate cells and compare processing	2026-09-12T22:02:57.8126960Z Setting up libsensors-config (1:3.6.2-2build1) ...
compare	Build, verify native launch, calibrate cells and compare processing	2026-09-12T22:02:57.8159121Z Setting up libnghttp2-14:amd64 (1.68.0-2ubuntu0.2) ...
compare	Build, verify native launch, calibrate cells and compare processing	2026-09-12T22:02:57.8177803Z Setting up libsframe3:amd64 (2.46-3ubuntu2) ...
compare	Build, verify native launch, calibrate cells and compare processing	2026-09-12T22:02:57.8203418Z Setting up libdeflate0:amd64 (1.23-2ubuntu1) ...
compare	Build, verify native launch, calibrate cells and compare processing	2026-09-12T22:02:57.8223635Z Setting up linux-libc-dev:amd64 (7.0.0-31.31) ...
compare	Build, verify native launch, calibrate cells and compare processing	2026-09-12T22:02:57.8243579Z Setting up libctf-nobfd0:amd64 (2.46-3ubuntu2) ...
compare	Build, verify native launch, calibrate cells and compare processing	2026-09-12T22:02:57.8264205Z Setting up xkb-data (2.46-2) ...
compare	Build, verify native launch, calibrate cells and compare processing	2026-09-12T22:02:57.8338241Z Setting up liblzo2-2:amd64 (2.10-3build2) ...
compare	Build, verify native launch, calibrate cells and compare processing	2026-09-12T22:02:57.8360253Z Setting up libxcb-shm0:amd64 (1.17.0-2ubuntu1) ...
compare	Build, verify native launch, calibrate cells and compare processing	2026-09-12T22:02:57.8380409Z Setting up libmpg123-0t64:amd64 (1.33.3-2) ...
compare	Build, verify native launch, calibrate cells and compare processing	2026-09-12T22:02:57.8400526Z Setting up libgomp1:amd64 (16-20260322-1ubuntu1) ...
compare	Build, verify native launch, calibrate cells and compare processing	2026-09-12T22:02:57.8421936Z Setting up libcjson1:amd64 (1.7.19-2) ...
compare	Build, verify native launch, calibrate cells and compare processing	2026-09-12T22:02:57.8441731Z Setting up libxvidcore4:amd64 (2:1.3.7-3) ...
compare	Build, verify native launch, calibrate cells and compare processing	2026-09-12T22:02:57.8461129Z Setting up bzip2 (1.0.8-6ubuntu0.1) ...
compare	Build, verify native launch, calibrate cells and compare processing	2026-09-12T22:02:57.8479678Z Setting up libldap-common (2.6.10+dfsg-1ubuntu5) ...
compare	Build, verify native launch, calibrate cells and compare processing	2026-09-12T22:02:57.8505397Z Setting up libturbojpeg0:amd64 (1:2.1.5-4ubuntu4) ...
compare	Build, verify native launch, calibrate cells and compare processing	2026-09-12T22:02:57.8525833Z Setting up libwebrtc-audio-processing-1-3:amd64 (1.3-3build2) ...
compare	Build, verify native launch, calibrate cells and compare processing	2026-09-12T22:02:57.8546486Z Setting up libjbig0:amd64 (2.1-6.1ubuntu3) ...
compare	Build, verify native launch, calibrate cells and compare processing	2026-09-12T22:02:57.8566338Z Setting up libcap2:amd64 (1:2.75-10ubuntu2) ...
compare	Build, verify native launch, calibrate cells and compare processing	2026-09-12T22:02:57.8585961Z Setting up libelf1t64:amd64 (0.194-4) ...
compare	Build, verify native launch, calibrate cells and compare processing	2026-09-12T22:02:57.8606393Z Setting up libtheoraenc2:amd64 (1.2.0+dfsg-6) ...
compare	Build, verify native launch, calibrate cells and compare processing	2026-09-12T22:02:57.8625460Z Setting up libjansson4:amd64 (2.14-2build4) ...
compare	Build, verify native launch, calibrate cells and compare processing	2026-09-12T22:02:57.8645563Z Setting up libsnappy1v5:amd64 (1.2.2-2) ...
compare	Build, verify native launch, calibrate cells and compare processing	2026-09-12T22:02:57.8664792Z Setting up liborc-0.4-0t64:amd64 (1:0.4.42-2) ...
compare	Build, verify native launch, calibrate cells and compare processing	2026-09-12T22:02:57.8687134Z Setting up libfyaml0:amd64 (0.9.4-1) ...
compare	Build, verify native launch, calibrate cells and compare processing	2026-09-12T22:02:57.8797133Z Setting up libxcb-xkb1:amd64 (1.17.0-2ubuntu1) ...
compare	Build, verify native launch, calibrate cells and compare processing	2026-09-12T22:02:57.8815599Z Setting up libkrb5support0:amd64 (1.22.1-2ubuntu4.1) ...
compare	Build, verify native launch, calibrate cells and compare processing	2026-09-12T22:02:57.8833776Z Setting up librav1e0.8:amd64 (0.8.1-7) ...
compare	Build, verify native launch, calibrate cells and compare processing	2026-09-12T22:02:57.8852893Z Setting up libsasl2-modules-db:amd64 (2.1.28+dfsg1-9ubuntu3) ...
compare	Build, verify native launch, calibrate cells and compare processing	2026-09-12T22:02:57.8871546Z Setting up tzdata (2026c-0ubuntu0.26.04.1) ...
compare	Build, verify native launch, calibrate cells and compare processing	2026-09-12T22:02:57.9613978Z 
compare	Build, verify native launch, calibrate cells and compare processing	2026-09-12T22:02:57.9614482Z Current default time zone: 'Etc/UTC'
compare	Build, verify native launch, calibrate cells and compare processing	2026-09-12T22:02:57.9693826Z Local time is now:      Sat Sep 12 22:02:57 UTC 2026.
compare	Build, verify native launch, calibrate cells and compare processing	2026-09-12T22:02:57.9694545Z Universal Time is now:  Sat Sep 12 22:02:57 UTC 2026.
compare	Build, verify native launch, calibrate cells and compare processing	2026-09-12T22:02:57.9695119Z Run 'dpkg-reconfigure tzdata' if you wish to change it.
compare	Build, verify native launch, calibrate cells and compare processing	2026-09-12T22:02:57.9695469Z 
compare	Build, verify native launch, calibrate cells and compare processing	2026-09-12T22:02:57.9791725Z Setting up libicu78:amd64 (78.2-2ubuntu1) ...
compare	Build, verify native launch, calibrate cells and compare processing	2026-09-12T22:02:57.9809772Z Setting up libcap2-bin (1:2.75-10ubuntu2) ...
compare	Build, verify native launch, calibrate cells and compare processing	2026-09-12T22:02:57.9827485Z Setting up libxcb-present0:amd64 (1.17.0-2ubuntu1) ...
compare	Build, verify native launch, calibrate cells and compare processing	2026-09-12T22:02:57.9844998Z Setting up libasound2-data (1.2.15.3-1ubuntu1.1) ...
compare	Build, verify native launch, calibrate cells and compare processing	2026-09-12T22:02:57.9861393Z Setting up libvpx12:amd64 (1.16.0-3) ...
compare	Build, verify native launch, calibrate cells and compare processing	2026-09-12T22:02:57.9881145Z Setting up libpgm-5.3-0t64:amd64 (5.3.128~dfsg-2.1build2) ...
compare	Build, verify native launch, calibrate cells and compare processing	2026-09-12T22:02:57.9900017Z Setting up libnettle8t64:amd64 (3.10.2-1) ...
compare	Build, verify native launch, calibrate cells and compare processing	2026-09-12T22:02:57.9920237Z Setting up rpcsvc-proto (1.4.3-1build1) ...
compare	Build, verify native launch, calibrate cells and compare processing	2026-09-12T22:02:57.9939103Z Setting up libgles2:amd64 (1.7.0-3) ...
compare	Build, verify native launch, calibrate cells and compare processing	2026-09-12T22:02:57.9959322Z Setting up libasound2t64:amd64 (1.2.15.3-1ubuntu1.1) ...
compare	Build, verify native launch, calibrate cells and compare processing	2026-09-12T22:02:57.9978560Z Setting up libva2:amd64 (2.23.0-1ubuntu1) ...
compare	Build, verify native launch, calibrate cells and compare processing	2026-09-12T22:02:57.9996347Z Setting up libx11-data (2:1.8.13-1) ...
compare	Build, verify native launch, calibrate cells and compare processing	2026-09-12T22:02:58.0015545Z Setting up make (4.4.1-3) ...
compare	Build, verify native launch, calibrate cells and compare processing	2026-09-12T22:02:58.0033104Z Setting up libsvtav1enc2:amd64 (2.3.0+dfsg-1build1) ...
compare	Build, verify native launch, calibrate cells and compare processing	2026-09-12T22:02:58.0051806Z Setting up libepoxy0:amd64 (1.5.10-2build1) ...
compare	Build, verify native launch, calibrate cells and compare processing	2026-09-12T22:02:58.0069774Z Setting up libmpfr6:amd64 (4.2.2-3) ...
compare	Build, verify native launch, calibrate cells and compare processing	2026-09-12T22:02:58.0087570Z Setting up libxcb-sync1:amd64 (1.17.0-2ubuntu1) ...
compare	Build, verify native launch, calibrate cells and compare processing	2026-09-12T22:02:58.0106857Z Setting up libavahi-common-data:amd64 (0.8-18ubuntu1.1) ...
compare	Build, verify native launch, calibrate cells and compare processing	2026-09-12T22:02:58.0125752Z Setting up libdbus-1-3:amd64 (1.16.2-2ubuntu4) ...
compare	Build, verify native launch, calibrate cells and compare processing	2026-09-12T22:02:58.0144084Z Setting up xz-utils (5.8.3-1) ...
compare	Build, verify native launch, calibrate cells and compare processing	2026-09-12T22:02:58.0179786Z update-alternatives: using /usr/bin/xz to provide /usr/bin/lzma (lzma) in auto mode
compare	Build, verify native launch, calibrate cells and compare processing	2026-09-12T22:02:58.0183756Z update-alternatives: warning: skip creation of /usr/share/man/man1/lzma.1.gz because associated file /usr/share/man/man1/xz.1.gz (of link group lzma) does not exist
compare	Build, verify native launch, calibrate cells and compare processing	2026-09-12T22:02:58.0186520Z update-alternatives: warning: skip creation of /usr/share/man/man1/unlzma.1.gz because associated file /usr/share/man/man1/unxz.1.gz (of link group lzma) does not exist
compare	Build, verify native launch, calibrate cells and compare processing	2026-09-12T22:02:58.0188576Z update-alternatives: warning: skip creation of /usr/share/man/man1/lzcat.1.gz because associated file /usr/share/man/man1/xzcat.1.gz (of link group lzma) does not exist
compare	Build, verify native launch, calibrate cells and compare processing	2026-09-12T22:02:58.0192444Z update-alternatives: warning: skip creation of /usr/share/man/man1/lzmore.1.gz because associated file /usr/share/man/man1/xzmore.1.gz (of link group lzma) does not exist
compare	Build, verify native launch, calibrate cells and compare processing	2026-09-12T22:02:58.0194774Z update-alternatives: warning: skip creation of /usr/share/man/man1/lzless.1.gz because associated file /usr/share/man/man1/xzless.1.gz (of link group lzma) does not exist
compare	Build, verify native launch, calibrate cells and compare processing	2026-09-12T22:02:58.0196832Z update-alternatives: warning: skip creation of /usr/share/man/man1/lzdiff.1.gz because associated file /usr/share/man/man1/xzdiff.1.gz (of link group lzma) does not exist
compare	Build, verify native launch, calibrate cells and compare processing	2026-09-12T22:02:58.0198594Z update-alternatives: warning: skip creation of /usr/share/man/man1/lzcmp.1.gz because associated file /usr/share/man/man1/xzcmp.1.gz (of link group lzma) does not exist
compare	Build, verify native launch, calibrate cells and compare processing	2026-09-12T22:02:58.0200357Z update-alternatives: warning: skip creation of /usr/share/man/man1/lzgrep.1.gz because associated file /usr/share/man/man1/xzgrep.1.gz (of link group lzma) does not exist
compare	Build, verify native launch, calibrate cells and compare processing	2026-09-12T22:02:58.0202278Z update-alternatives: warning: skip creation of /usr/share/man/man1/lzegrep.1.gz because associated file /usr/share/man/man1/xzegrep.1.gz (of link group lzma) does not exist
compare	Build, verify native launch, calibrate cells and compare processing	2026-09-12T22:02:58.0204054Z update-alternatives: warning: skip creation of /usr/share/man/man1/lzfgrep.1.gz because associated file /usr/share/man/man1/xzfgrep.1.gz (of link group lzma) does not exist
compare	Build, verify native launch, calibrate cells and compare processing	2026-09-12T22:02:58.0224439Z Setting up libfribidi0:amd64 (1.0.16-5) ...
compare	Build, verify native launch, calibrate cells and compare processing	2026-09-12T22:02:58.0244085Z Setting up libopus0:amd64 (1.6.1-1) ...
compare	Build, verify native launch, calibrate cells and compare processing	2026-09-12T22:02:58.0266548Z Setting up libquadmath0:amd64 (16-20260322-1ubuntu1) ...
compare	Build, verify native launch, calibrate cells and compare processing	2026-09-12T22:02:58.0285990Z Setting up libunistring5:amd64 (1.3-2build1) ...
compare	Build, verify native launch, calibrate cells and compare processing	2026-09-12T22:02:58.0304640Z Setting up fonts-dejavu-mono (2.37-8build1) ...
compare	Build, verify native launch, calibrate cells and compare processing	2026-09-12T22:02:58.0347090Z Setting up libpng16-16t64:amd64 (1.6.57-1) ...
compare	Build, verify native launch, calibrate cells and compare processing	2026-09-12T22:02:58.0365495Z Setting up libmpc3:amd64 (1.3.1-3) ...
compare	Build, verify native launch, calibrate cells and compare processing	2026-09-12T22:02:58.0382646Z Setting up libatomic1:amd64 (16-20260322-1ubuntu1) ...
compare	Build, verify native launch, calibrate cells and compare processing	2026-09-12T22:02:58.0406223Z Setting up libvorbis0a:amd64 (1.3.7-3build2) ...
compare	Build, verify native launch, calibrate cells and compare processing	2026-09-12T22:02:58.0424100Z Setting up patch (2.8-2build1) ...
compare	Build, verify native launch, calibrate cells and compare processing	2026-09-12T22:02:58.0444577Z Setting up fonts-dejavu-core (2.37-8build1) ...
compare	Build, verify native launch, calibrate cells and compare processing	2026-09-12T22:02:58.0708621Z Setting up libflac14:amd64 (1.5.0+ds-5) ...
compare	Build, verify native launch, calibrate cells and compare processing	2026-09-12T22:02:58.0730483Z Setting up pkgconf-bin (2.5.1-4) ...
compare	Build, verify native launch, calibrate cells and compare processing	2026-09-12T22:02:58.0758898Z Setting up libsensors5:amd64 (1:3.6.2-2build1) ...
compare	Build, verify native launch, calibrate cells and compare processing	2026-09-12T22:02:58.0778664Z Setting up libk5crypto3:amd64 (1.22.1-2ubuntu4.1) ...
compare	Build, verify native launch, calibrate cells and compare processing	2026-09-12T22:02:58.0798225Z Setting up libjpeg-turbo8:amd64 (2.1.5-4ubuntu4) ...
compare	Build, verify native launch, calibrate cells and compare processing	2026-09-12T22:02:58.0818236Z Setting up libfftw3-double3:amd64 (3.3.10-2fakesync1build3) ...
compare	Build, verify native launch, calibrate cells and compare processing	2026-09-12T22:02:58.0838147Z Setting up libsasl2-2:amd64 (2.1.28+dfsg1-9ubuntu3) ...
compare	Build, verify native launch, calibrate cells and compare processing	2026-09-12T22:02:58.0858893Z Setting up libvulkan1:amd64 (1.4.341.0-1) ...
compare	Build, verify native launch, calibrate cells and compare processing	2026-09-12T22:02:58.0881147Z Setting up libwebp7:amd64 (1.5.0-0.1build1) ...
compare	Build, verify native launch, calibrate cells and compare processing	2026-09-12T22:02:58.0899948Z Setting up libplacebo360:amd64 (7.360.0-3) ...
compare	Build, verify native launch, calibrate cells and compare processing	2026-09-12T22:02:58.0919789Z Setting up libubsan1:amd64 (16-20260322-1ubuntu1) ...
compare	Build, verify native launch, calibrate cells and compare processing	2026-09-12T22:02:58.0938528Z Setting up libffi8:amd64 (3.5.2-4) ...
compare	Build, verify native launch, calibrate cells and compare processing	2026-09-12T22:02:58.0958644Z Setting up libnuma1:amd64 (2.0.19-1build1) ...
compare	Build, verify native launch, calibrate cells and compare processing	2026-09-12T22:02:58.0976781Z Setting up libvidstab1.1:amd64 (1.1.0-2.1) ...
compare	Build, verify native launch, calibrate cells and compare processing	2026-09-12T22:02:58.0997381Z Setting up libxcb-composite0:amd64 (1.17.0-2ubuntu1) ...
compare	Build, verify native launch, calibrate cells and compare processing	2026-09-12T22:02:58.1015784Z Setting up libflite1:amd64 (2.2-7build1) ...
compare	Build, verify native launch, calibrate cells and compare processing	2026-09-12T22:02:58.1041040Z Setting up libdav1d7:amd64 (1.5.3-1) ...
compare	Build, verify native launch, calibrate cells and compare processing	2026-09-12T22:02:58.1061567Z Setting up libhogweed6t64:amd64 (3.10.2-1) ...
compare	Build, verify native launch, calibrate cells and compare processing	2026-09-12T22:02:58.1082802Z Setting up libmtdev1t64:amd64 (1.1.7-1build1) ...
compare	Build, verify native launch, calibrate cells and compare processing	2026-09-12T22:02:58.1102804Z Setting up perl-modules-5.40 (5.40.1-7ubuntu0.3) ...
compare	Build, verify native launch, calibrate cells and compare processing	2026-09-12T22:02:58.1122174Z Setting up ocl-icd-libopencl1:amd64 (2.3.4-1) ...
compare	Build, verify native launch, calibrate cells and compare processing	2026-09-12T22:02:58.1143276Z Setting up libxshmfence1:amd64 (1.3.3-1build1) ...
compare	Build, verify native launch, calibrate cells and compare processing	2026-09-12T22:02:58.1161986Z Setting up libhwasan0:amd64 (16-20260322-1ubuntu1) ...
compare	Build, verify native launch, calibrate cells and compare processing	2026-09-12T22:02:58.1181711Z Setting up libcrypt-dev:amd64 (1:4.5.1-1) ...
compare	Build, verify native launch, calibrate cells and compare processing	2026-09-12T22:02:58.1261527Z Setting up libbs2b0:amd64 (3.1.0+dfsg-8build1) ...
compare	Build, verify native launch, calibrate cells and compare processing	2026-09-12T22:02:58.1283875Z Setting up libxcb-randr0:amd64 (1.17.0-2ubuntu1) ...
compare	Build, verify native launch, calibrate cells and compare processing	2026-09-12T22:02:58.1304417Z Setting up dbus-session-bus-common (1.16.2-2ubuntu4) ...
compare	Build, verify native launch, calibrate cells and compare processing	2026-09-12T22:02:58.1322168Z Setting up libasan8:amd64 (16-20260322-1ubuntu1) ...
compare	Build, verify native launch, calibrate cells and compare processing	2026-09-12T22:02:58.1343392Z Setting up libtasn1-6:amd64 (4.21.0-2) ...
compare	Build, verify native launch, calibrate cells and compare processing	2026-09-12T22:02:58.1364190Z Setting up libzimg2:amd64 (3.0.6+ds1-1) ...
compare	Build, verify native launch, calibrate cells and compare processing	2026-09-12T22:02:58.1384955Z Setting up libopenjp2-7:amd64 (2.5.4-1ubuntu0.1) ...
compare	Build, verify native launch, calibrate cells and compare processing	2026-09-12T22:02:58.1403889Z Setting up libx11-6:amd64 (2:1.8.13-1) ...
compare	Build, verify native launch, calibrate cells and compare processing	2026-09-12T22:02:58.1424634Z Setting up libthai-data (0.1.30-1) ...
compare	Build, verify native launch, calibrate cells and compare processing	2026-09-12T22:02:58.1443012Z Setting up netbase (6.5build1) ...
compare	Build, verify native launch, calibrate cells and compare processing	2026-09-12T22:02:58.1498286Z Setting up libkrb5-3:amd64 (1.22.1-2ubuntu4.1) ...
compare	Build, verify native launch, calibrate cells and compare processing	2026-09-12T22:02:58.1526574Z Setting up libunibreak6:amd64 (6.1-3build1) ...
compare	Build, verify native launch, calibrate cells and compare processing	2026-09-12T22:02:58.1547448Z Setting up kitty-terminfo (0.45.0-1build1) ...
compare	Build, verify native launch, calibrate cells and compare processing	2026-09-12T22:02:58.1566812Z Setting up libwayland-egl1:amd64 (1.24.0-2) ...
compare	Build, verify native launch, calibrate cells and compare processing	2026-09-12T22:02:58.1587774Z Setting up libstemmer0d:amd64 (3.0.1-1) ...
compare	Build, verify native launch, calibrate cells and compare processing	2026-09-12T22:02:58.1608221Z Setting up libmbedcrypto16:amd64 (3.6.5-0.1ubuntu2) ...
compare	Build, verify native launch, calibrate cells and compare processing	2026-09-12T22:02:58.1628039Z Setting up libxkbfile1:amd64 (1:1.1.0-1build5) ...
compare	Build, verify native launch, calibrate cells and compare processing	2026-09-12T22:02:58.1648253Z Setting up libssh2-1t64:amd64 (1.11.1-1ubuntu0.26.04.4) ...
compare	Build, verify native launch, calibrate cells and compare processing	2026-09-12T22:02:58.1762461Z Setting up libtsan2:amd64 (16-20260322-1ubuntu1) ...
compare	Build, verify native launch, calibrate cells and compare processing	2026-09-12T22:02:58.1779823Z Setting up kitty-shell-integration (0.45.0-1build1) ...
compare	Build, verify native launch, calibrate cells and compare processing	2026-09-12T22:02:58.1797449Z Setting up libbinutils:amd64 (2.46-3ubuntu2) ...
compare	Build, verify native launch, calibrate cells and compare processing	2026-09-12T22:02:58.1814786Z Setting up dbus-system-bus-common (1.16.2-2ubuntu4) ...
compare	Build, verify native launch, calibrate cells and compare processing	2026-09-12T22:02:58.1868145Z Creating group 'messagebus' with GID 997.
compare	Build, verify native launch, calibrate cells and compare processing	2026-09-12T22:02:58.1868798Z Creating user 'messagebus' (System Message Bus) with UID 997 and GID 997.
compare	Build, verify native launch, calibrate cells and compare processing	2026-09-12T22:02:58.1919409Z Setting up libisl23:amd64 (0.27-1build1) ...
compare	Build, verify native launch, calibrate cells and compare processing	2026-09-12T22:02:58.1937134Z Setting up libc-dev-bin (2.43-2ubuntu2.4) ...
compare	Build, verify native launch, calibrate cells and compare processing	2026-09-12T22:02:58.1954007Z Setting up libx265-215:amd64 (4.1-4) ...
compare	Build, verify native launch, calibrate cells and compare processing	2026-09-12T22:02:58.1973764Z Setting up gcc-15-base:amd64 (15.2.0-16ubuntu1) ...
compare	Build, verify native launch, calibrate cells and compare processing	2026-09-12T22:02:58.1994648Z Setting up libsamplerate0:amd64 (0.2.2-4build2) ...
compare	Build, verify native launch, calibrate cells and compare processing	2026-09-12T22:02:58.2013628Z Setting up openssl (3.5.5-1ubuntu3.5) ...
compare	Build, verify native launch, calibrate cells and compare processing	2026-09-12T22:02:58.2047768Z Setting up libwebpmux3:amd64 (1.5.0-0.1build1) ...
compare	Build, verify native launch, calibrate cells and compare processing	2026-09-12T22:02:58.2067273Z Setting up libdrm-common (2.4.131-1) ...
compare	Build, verify native launch, calibrate cells and compare processing	2026-09-12T22:02:58.2085617Z Setting up libjxl0.11:amd64 (0.11.1-6ubuntu4.2) ...
compare	Build, verify native launch, calibrate cells and compare processing	2026-09-12T22:02:58.2103941Z Setting up libjson-c5:amd64 (0.18+ds-3) ...
compare	Build, verify native launch, calibrate cells and compare processing	2026-09-12T22:02:58.2125220Z Setting up libevdev2:amd64 (1.13.6+dfsg-1) ...
compare	Build, verify native launch, calibrate cells and compare processing	2026-09-12T22:02:58.2145136Z Setting up readline-common (8.3-4) ...
compare	Build, verify native launch, calibrate cells and compare processing	2026-09-12T22:02:58.2186403Z Setting up libcc1-0:amd64 (16-20260322-1ubuntu1) ...
compare	Build, verify native launch, calibrate cells and compare processing	2026-09-12T22:02:58.2205294Z Setting up libldap2:amd64 (2.6.10+dfsg-1ubuntu5) ...
compare	Build, verify native launch, calibrate cells and compare processing	2026-09-12T22:02:58.2226642Z Setting up iso-codes (4.20.1-1) ...
compare	Build, verify native launch, calibrate cells and compare processing	2026-09-12T22:02:58.2248383Z Setting up dbus-bin (1.16.2-2ubuntu4) ...
compare	Build, verify native launch, calibrate cells and compare processing	2026-09-12T22:02:58.2270549Z Setting up libbrotli-dev:amd64 (1.2.0-3build1) ...
compare	Build, verify native launch, calibrate cells and compare processing	2026-09-12T22:02:58.2289552Z Setting up libzvbi-common (0.2.44-1ubuntu2) ...
compare	Build, verify native launch, calibrate cells and compare processing	2026-09-12T22:02:58.2311582Z Setting up liblsan0:amd64 (16-20260322-1ubuntu1) ...
compare	Build, verify native launch, calibrate cells and compare processing	2026-09-12T22:02:58.2333103Z Setting up libmp3lame0:amd64 (3.101~svn6525+dfsg-2) ...
compare	Build, verify native launch, calibrate cells and compare processing	2026-09-12T22:02:58.2352527Z Setting up libitm1:amd64 (16-20260322-1ubuntu1) ...
compare	Build, verify native launch, calibrate cells and compare processing	2026-09-12T22:02:58.2371099Z Setting up libvorbisenc2:amd64 (1.3.7-3build2) ...
compare	Build, verify native launch, calibrate cells and compare processing	2026-09-12T22:02:58.2388991Z Setting up libdvdnav4:amd64 (7.0.0-2) ...
compare	Build, verify native launch, calibrate cells and compare processing	2026-09-12T22:02:58.2407707Z Setting up libserd-0-0:amd64 (0.32.6-1) ...
compare	Build, verify native launch, calibrate cells and compare processing	2026-09-12T22:02:58.2428446Z Setting up libwacom-common (2.18.0-1) ...
compare	Build, verify native launch, calibrate cells and compare processing	2026-09-12T22:02:58.2447654Z Setting up ncurses-term (6.6+20251231-1) ...
compare	Build, verify native launch, calibrate cells and compare processing	2026-09-12T22:02:58.2470010Z Setting up libxkbcommon0:amd64 (1.13.1-1) ...
compare	Build, verify native launch, calibrate cells and compare processing	2026-09-12T22:02:58.2489490Z Setting up libwayland-client0:amd64 (1.24.0-2) ...
compare	Build, verify native launch, calibrate cells and compare processing	2026-09-12T22:02:58.2507823Z Setting up libctf0:amd64 (2.46-3ubuntu2) ...
compare	Build, verify native launch, calibrate cells and compare processing	2026-09-12T22:02:58.2527198Z Setting up libjpeg8:amd64 (8c-2ubuntu12) ...
compare	Build, verify native launch, calibrate cells and compare processing	2026-09-12T22:02:58.2547098Z Setting up libwinpr3-3:amd64 (3.31.0+dfsg-0ubuntu0.26.04.1) ...
compare	Build, verify native launch, calibrate cells and compare processing	2026-09-12T22:02:58.2565087Z Setting up bubblewrap (0.11.1-1ubuntu0.1) ...
compare	Build, verify native launch, calibrate cells and compare processing	2026-09-12T22:02:58.2584772Z Setting up libxcb-dri3-0:amd64 (1.17.0-2ubuntu1) ...
compare	Build, verify native launch, calibrate cells and compare processing	2026-09-12T22:02:58.2604193Z Setting up libwayland-server0:amd64 (1.24.0-2) ...
compare	Build, verify native launch, calibrate cells and compare processing	2026-09-12T22:02:58.2629660Z Setting up libx11-xcb1:amd64 (2:1.8.13-1) ...
compare	Build, verify native launch, calibrate cells and compare processing	2026-09-12T22:02:58.2649009Z Setting up libfftw3-single3:amd64 (3.3.10-2fakesync1build3) ...
compare	Build, verify native launch, calibrate cells and compare processing	2026-09-12T22:02:58.2668223Z Setting up libxdamage1:amd64 (1:1.1.7-1) ...
compare	Build, verify native launch, calibrate cells and compare processing	2026-09-12T22:02:58.2686479Z Setting up libgcc-15-dev:amd64 (15.2.0-16ubuntu1) ...
compare	Build, verify native launch, calibrate cells and compare processing	2026-09-12T22:02:58.2706125Z Setting up libzvbi0t64:amd64 (0.2.44-1ubuntu2) ...
compare	Build, verify native launch, calibrate cells and compare processing	2026-09-12T22:02:58.2724277Z Setting up libxrender1:amd64 (1:0.9.12-1build1) ...
compare	Build, verify native launch, calibrate cells and compare processing	2026-09-12T22:02:58.2744261Z Setting up libsoxr0:amd64 (0.1.3-4.1) ...
compare	Build, verify native launch, calibrate cells and compare processing	2026-09-12T22:02:58.2765506Z Setting up fontconfig-config (2.17.1-3ubuntu1) ...
compare	Build, verify native launch, calibrate cells and compare processing	2026-09-12T22:02:58.4774799Z Setting up libavahi-common3:amd64 (0.8-18ubuntu1.1) ...
compare	Build, verify native launch, calibrate cells and compare processing	2026-09-12T22:02:58.4795847Z Setting up libxext6:amd64 (2:1.3.4-1build3) ...
compare	Build, verify native launch, calibrate cells and compare processing	2026-09-12T22:02:58.4815947Z Setting up libidn2-0:amd64 (2.3.8-4build1) ...
compare	Build, verify native launch, calibrate cells and compare processing	2026-09-12T22:02:58.4843911Z Setting up dbus-daemon (1.16.2-2ubuntu4) ...
compare	Build, verify native launch, calibrate cells and compare processing	2026-09-12T22:02:58.4937030Z Setting up cpp-15-x86-64-linux-gnu (15.2.0-16ubuntu1) ...
compare	Build, verify native launch, calibrate cells and compare processing	2026-09-12T22:02:58.4958895Z Setting up pkgconf:amd64 (2.5.1-4) ...
compare	Build, verify native launch, calibrate cells and compare processing	2026-09-12T22:02:58.4977123Z Setting up libxxf86vm1:amd64 (1:1.1.4-2) ...
compare	Build, verify native launch, calibrate cells and compare processing	2026-09-12T22:02:58.5002732Z Setting up librist4:amd64 (0.2.11+dfsg-1build1) ...
compare	Build, verify native launch, calibrate cells and compare processing	2026-09-12T22:02:58.5025909Z Setting up libperl5.40:amd64 (5.40.1-7ubuntu0.3) ...
compare	Build, verify native launch, calibrate cells and compare processing	2026-09-12T22:02:58.5046324Z Setting up libthai0:amd64 (0.1.30-1) ...
compare	Build, verify native launch, calibrate cells and compare processing	2026-09-12T22:02:58.5065741Z Setting up ca-certificates (20260601~26.04.1) ...
compare	Build, verify native launch, calibrate cells and compare processing	2026-09-12T22:02:58.8723930Z Updating certificates in /etc/ssl/certs...
compare	Build, verify native launch, calibrate cells and compare processing	2026-09-12T22:02:59.8349375Z 121 added, 0 removed; done.
compare	Build, verify native launch, calibrate cells and compare processing	2026-09-12T22:02:59.8548171Z Setting up libvorbisfile3:amd64 (1.3.7-3build2) ...
compare	Build, verify native launch, calibrate cells and compare processing	2026-09-12T22:02:59.8569212Z Setting up perl (5.40.1-7ubuntu0.3) ...
compare	Build, verify native launch, calibrate cells and compare processing	2026-09-12T22:02:59.8616844Z Setting up libglib2.0-0t64:amd64 (2.88.0-1) ...
compare	Build, verify native launch, calibrate cells and compare processing	2026-09-12T22:02:59.8693092Z Setting up libgprofng0:amd64 (2.46-3ubuntu2) ...
compare	Build, verify native launch, calibrate cells and compare processing	2026-09-12T22:02:59.8712704Z Setting up libfreetype6:amd64 (2.14.2+dfsg-1ubuntu0.1) ...
compare	Build, verify native launch, calibrate cells and compare processing	2026-09-12T22:02:59.8732124Z Setting up libxfixes3:amd64 (1:6.0.0-2build2) ...
compare	Build, verify native launch, calibrate cells and compare processing	2026-09-12T22:02:59.8750194Z Setting up libllvm21:amd64 (1:21.1.8-6ubuntu1) ...
compare	Build, verify native launch, calibrate cells and compare processing	2026-09-12T22:02:59.8771805Z Setting up dbus (1.16.2-2ubuntu4) ...
compare	Build, verify native launch, calibrate cells and compare processing	2026-09-12T22:02:59.8924160Z Setting up shared-mime-info (2.4-5build3) ...
compare	Build, verify native launch, calibrate cells and compare processing	2026-09-12T22:03:00.4196935Z Setting up libp11-kit0:amd64 (0.26.2-2) ...
compare	Build, verify native launch, calibrate cells and compare processing	2026-09-12T22:03:00.4216800Z Setting up libxinerama1:amd64 (2:1.1.4-3build2) ...
compare	Build, verify native launch, calibrate cells and compare processing	2026-09-12T22:03:00.4238204Z Setting up libxkbcommon-x11-0:amd64 (1.13.1-1) ...
compare	Build, verify native launch, calibrate cells and compare processing	2026-09-12T22:03:00.4257372Z Setting up libgssapi-krb5-2:amd64 (1.22.1-2ubuntu4.1) ...
compare	Build, verify native launch, calibrate cells and compare processing	2026-09-12T22:03:00.4289026Z Setting up libxrandr2:amd64 (2:1.5.4-1build1) ...
compare	Build, verify native launch, calibrate cells and compare processing	2026-09-12T22:03:00.4308466Z Setting up librubberband3:amd64 (4.0.0+dfsg-2ubuntu1) ...
compare	Build, verify native launch, calibrate cells and compare processing	2026-09-12T22:03:00.4328962Z Setting up pkg-config:amd64 (2.5.1-4) ...
compare	Build, verify native launch, calibrate cells and compare processing	2026-09-12T22:03:00.4348417Z Setting up libdpkg-perl (1.23.7ubuntu1) ...
compare	Build, verify native launch, calibrate cells and compare processing	2026-09-12T22:03:00.4367912Z Setting up libssh-4:amd64 (0.11.3-1ubuntu2.1) ...
compare	Build, verify native launch, calibrate cells and compare processing	2026-09-12T22:03:00.4387693Z Setting up libreadline8t64:amd64 (8.3-4) ...
compare	Build, verify native launch, calibrate cells and compare processing	2026-09-12T22:03:00.4413871Z Setting up libdrm2:amd64 (2.4.131-1) ...
compare	Build, verify native launch, calibrate cells and compare processing	2026-09-12T22:03:00.4429103Z Setting up libva-drm2:amd64 (2.23.0-1ubuntu1) ...
compare	Build, verify native launch, calibrate cells and compare processing	2026-09-12T22:03:00.4451911Z Setting up cpp-15 (15.2.0-16ubuntu1) ...
compare	Build, verify native launch, calibrate cells and compare processing	2026-09-12T22:03:00.4470443Z Setting up libvdpau1:amd64 (1.5-4) ...
compare	Build, verify native launch, calibrate cells and compare processing	2026-09-12T22:03:00.4498799Z Setting up libsord-0-0:amd64 (0.16.20-1) ...
compare	Build, verify native launch, calibrate cells and compare processing	2026-09-12T22:03:00.4611241Z Setting up libtiff6:amd64 (4.7.0-3ubuntu5) ...
compare	Build, verify native launch, calibrate cells and compare processing	2026-09-12T22:03:00.4630910Z Setting up libwayland-cursor0:amd64 (1.24.0-2) ...
compare	Build, verify native launch, calibrate cells and compare processing	2026-09-12T22:03:00.4651527Z Setting up libsratom-0-0:amd64 (0.6.20-1) ...
compare	Build, verify native launch, calibrate cells and compare processing	2026-09-12T22:03:00.4669233Z Setting up libpam-systemd:amd64 (259.5-0ubuntu3.4) ...
compare	Build, verify native launch, calibrate cells and compare processing	2026-09-12T22:03:00.5639803Z Setting up libc6-dev:amd64 (2.43-2ubuntu2.4) ...
compare	Build, verify native launch, calibrate cells and compare processing	2026-09-12T22:03:00.5658694Z Setting up libharfbuzz0b:amd64 (12.3.2-2) ...
compare	Build, verify native launch, calibrate cells and compare processing	2026-09-12T22:03:00.5676256Z Setting up libfontconfig1:amd64 (2.17.1-3ubuntu1) ...
compare	Build, verify native launch, calibrate cells and compare processing	2026-09-12T22:03:00.5696059Z Setting up libsndfile1:amd64 (1.2.2-4) ...
compare	Build, verify native launch, calibrate cells and compare processing	2026-09-12T22:03:00.5716675Z Setting up libseat1:amd64 (0.9.2-2) ...
compare	Build, verify native launch, calibrate cells and compare processing	2026-09-12T22:03:00.5736051Z Setting up libva-x11-2:amd64 (2.23.0-1ubuntu1) ...
compare	Build, verify native launch, calibrate cells and compare processing	2026-09-12T22:03:00.5755023Z Setting up liblilv-0-0:amd64 (0.26.2-1) ...
compare	Build, verify native launch, calibrate cells and compare processing	2026-09-12T22:03:00.5772842Z Setting up libopenmpt0t64:amd64 (0.8.4-1) ...
compare	Build, verify native launch, calibrate cells and compare processing	2026-09-12T22:03:00.5800082Z Setting up libavahi-client3:amd64 (0.8-18ubuntu1.1) ...
compare	Build, verify native launch, calibrate cells and compare processing	2026-09-12T22:03:00.5818840Z Setting up libgudev-1.0-0:amd64 (1:238-7build1) ...
compare	Build, verify native launch, calibrate cells and compare processing	2026-09-12T22:03:00.5836542Z Setting up libgstreamer1.0-0:amd64 (1.28.2-1) ...
compare	Build, verify native launch, calibrate cells and compare processing	2026-09-12T22:03:00.5871113Z Setcap worked! gst-ptp-helper is not suid!
compare	Build, verify native launch, calibrate cells and compare processing	2026-09-12T22:03:00.5880919Z Setting up libgraphene-1.0-0:amd64 (1.10.8-5build1) ...
compare	Build, verify native launch, calibrate cells and compare processing	2026-09-12T22:03:00.5901782Z Setting up binutils-x86-64-linux-gnu (2.46-3ubuntu2) ...
compare	Build, verify native launch, calibrate cells and compare processing	2026-09-12T22:03:00.5921032Z Setting up libdrm-amdgpu1:amd64 (2.4.131-1) ...
compare	Build, verify native launch, calibrate cells and compare processing	2026-09-12T22:03:00.5941008Z Setting up libbz2-dev:amd64 (1.0.8-6ubuntu0.1) ...
compare	Build, verify native launch, calibrate cells and compare processing	2026-09-12T22:03:00.5959212Z Setting up cpp-x86-64-linux-gnu (4:15.2.0-5ubuntu1) ...
compare	Build, verify native launch, calibrate cells and compare processing	2026-09-12T22:03:00.5979283Z Setting up libgnutls30t64:amd64 (3.8.12-2ubuntu1.1) ...
compare	Build, verify native launch, calibrate cells and compare processing	2026-09-12T22:03:00.6012032Z Setting up fontconfig (2.17.1-3ubuntu1) ...
compare	Build, verify native launch, calibrate cells and compare processing	2026-09-12T22:03:02.7087873Z Regenerating fonts cache... done.
compare	Build, verify native launch, calibrate cells and compare processing	2026-09-12T22:03:02.7095664Z Setting up libzmq5:amd64 (4.3.5-1build3) ...
compare	Build, verify native launch, calibrate cells and compare processing	2026-09-12T22:03:02.7115253Z Setting up libxi6:amd64 (2:1.8.2-2) ...
compare	Build, verify native launch, calibrate cells and compare processing	2026-09-12T22:03:02.7134861Z Setting up libavutil60:amd64 (7:8.0.1-3ubuntu2) ...
compare	Build, verify native launch, calibrate cells and compare processing	2026-09-12T22:03:02.7155882Z Setting up libpython3.14-stdlib:amd64 (3.14.4-1ubuntu0.2) ...
compare	Build, verify native launch, calibrate cells and compare processing	2026-09-12T22:03:02.7176270Z Setting up libwacom9:amd64 (2.18.0-1) ...
compare	Build, verify native launch, calibrate cells and compare processing	2026-09-12T22:03:02.7195399Z Setting up libxtst6:amd64 (2:1.2.5-1build1) ...
compare	Build, verify native launch, calibrate cells and compare processing	2026-09-12T22:03:02.7213036Z Setting up libxmlb2:amd64 (0.3.24-2) ...
compare	Build, verify native launch, calibrate cells and compare processing	2026-09-12T22:03:02.7231369Z Setting up libxcursor1:amd64 (1:1.2.3-1build1) ...
compare	Build, verify native launch, calibrate cells and compare processing	2026-09-12T22:03:02.7250090Z Setting up libpango-1.0-0:amd64 (1.57.0-1) ...
compare	Build, verify native launch, calibrate cells and compare processing	2026-09-12T22:03:02.7267478Z Setting up libdrm-intel1:amd64 (2.4.131-1) ...
compare	Build, verify native launch, calibrate cells and compare processing	2026-09-12T22:03:02.7286057Z Setting up libpsl5t64:amd64 (0.21.2-1.1build2) ...
compare	Build, verify native launch, calibrate cells and compare processing	2026-09-12T22:03:02.7304687Z Setting up libgstreamer-plugins-base1.0-0:amd64 (1.28.2-1) ...
compare	Build, verify native launch, calibrate cells and compare processing	2026-09-12T22:03:02.7321879Z Setting up binutils (2.46-3ubuntu2) ...
compare	Build, verify native launch, calibrate cells and compare processing	2026-09-12T22:03:02.7347160Z Setting up libcairo2:amd64 (1.18.4-3) ...
compare	Build, verify native launch, calibrate cells and compare processing	2026-09-12T22:03:02.7365258Z Setting up libcolord2:amd64 (1.4.8-3) ...
compare	Build, verify native launch, calibrate cells and compare processing	2026-09-12T22:03:02.7384381Z Setting up dpkg-dev (1.23.7ubuntu1) ...
compare	Build, verify native launch, calibrate cells and compare processing	2026-09-12T22:03:02.7416432Z Setting up libinput-bin (1.31.1-1ubuntu1.1) ...
compare	Build, verify native launch, calibrate cells and compare processing	2026-09-12T22:03:02.7434844Z Setting up libdconf1:amd64 (0.49.0-4) ...
compare	Build, verify native launch, calibrate cells and compare processing	2026-09-12T22:03:02.7453454Z Setting up gcc-15-x86-64-linux-gnu (15.2.0-16ubuntu1) ...
compare	Build, verify native launch, calibrate cells and compare processing	2026-09-12T22:03:02.7471096Z Setting up libxdo3:amd64 (1:3.20160805.1-5.1build1) ...
compare	Build, verify native launch, calibrate cells and compare processing	2026-09-12T22:03:02.7490924Z Setting up libtheoradec2:amd64 (1.2.0+dfsg-6) ...
compare	Build, verify native launch, calibrate cells and compare processing	2026-09-12T22:03:02.7509277Z Setting up dbus-user-session (1.16.2-2ubuntu4) ...
compare	Build, verify native launch, calibrate cells and compare processing	2026-09-12T22:03:02.7532463Z Setting up gcc-15 (15.2.0-16ubuntu1) ...
compare	Build, verify native launch, calibrate cells and compare processing	2026-09-12T22:03:02.7552102Z Setting up libstdc++-15-dev:amd64 (15.2.0-16ubuntu1) ...
compare	Build, verify native launch, calibrate cells and compare processing	2026-09-12T22:03:02.7569368Z Setting up libexpat1-dev:amd64 (2.7.4-1) ...
compare	Build, verify native launch, calibrate cells and compare processing	2026-09-12T22:03:02.7587115Z Setting up libass9:amd64 (1:0.17.4-2) ...
compare	Build, verify native launch, calibrate cells and compare processing	2026-09-12T22:03:02.7612557Z Setting up libgstreamer-plugins-extra1.0-0:amd64 (1.28.2-1ubuntu1.1) ...
compare	Build, verify native launch, calibrate cells and compare processing	2026-09-12T22:03:02.7632011Z Setting up libspa-0.2-modules:amd64 (1.6.2-1ubuntu1.1) ...
compare	Build, verify native launch, calibrate cells and compare processing	2026-09-12T22:03:02.7649542Z Setting up librtmp1:amd64 (2.4+20151223.gitfa8646d.1-3) ...
compare	Build, verify native launch, calibrate cells and compare processing	2026-09-12T22:03:02.7668977Z Setting up libswscale9:amd64 (7:8.0.1-3ubuntu2) ...
compare	Build, verify native launch, calibrate cells and compare processing	2026-09-12T22:03:02.7688302Z Setting up uuid-dev:amd64 (2.41.3-3ubuntu2.2) ...
compare	Build, verify native launch, calibrate cells and compare processing	2026-09-12T22:03:02.7707547Z Setting up libswresample6:amd64 (7:8.0.1-3ubuntu2) ...
compare	Build, verify native launch, calibrate cells and compare processing	2026-09-12T22:03:02.7726215Z Setting up libfreerdp3-3:amd64 (3.31.0+dfsg-0ubuntu0.26.04.1) ...
compare	Build, verify native launch, calibrate cells and compare processing	2026-09-12T22:03:02.7808641Z Setting up zlib1g-dev:amd64 (1:1.3.dfsg+really1.3.1-1ubuntu3.1) ...
compare	Build, verify native launch, calibrate cells and compare processing	2026-09-12T22:03:02.7829006Z Setting up libsrt1.5-gnutls:amd64 (1.5.4-3) ...
compare	Build, verify native launch, calibrate cells and compare processing	2026-09-12T22:03:02.7847352Z Setting up cpp (4:15.2.0-5ubuntu1) ...
compare	Build, verify native launch, calibrate cells and compare processing	2026-09-12T22:03:02.7938508Z Setting up alacritty (0.16.1-2ubuntu1) ...
compare	Build, verify native launch, calibrate cells and compare processing	2026-09-12T22:03:02.7967049Z update-alternatives: using /usr/bin/alacritty to provide /usr/bin/x-terminal-emulator (x-terminal-emulator) in auto mode
compare	Build, verify native launch, calibrate cells and compare processing	2026-09-12T22:03:02.7969067Z update-alternatives: warning: skip creation of /usr/share/man/man1/x-terminal-emulator.1.gz because associated file /usr/share/man/man1/alacritty.1.gz (of link group x-terminal-emulator) does not exist
compare	Build, verify native launch, calibrate cells and compare processing	2026-09-12T22:03:02.7982415Z Setting up libpython3.14:amd64 (3.14.4-1ubuntu0.2) ...
compare	Build, verify native launch, calibrate cells and compare processing	2026-09-12T22:03:02.8003606Z Setting up libharfbuzz-subset0:amd64 (12.3.2-2) ...
compare	Build, verify native launch, calibrate cells and compare processing	2026-09-12T22:03:02.8030399Z Setting up libbluray3:amd64 (1:1.4.1-1) ...
compare	Build, verify native launch, calibrate cells and compare processing	2026-09-12T22:03:02.8050511Z Setting up libcairo-gobject2:amd64 (1.18.4-3) ...
compare	Build, verify native launch, calibrate cells and compare processing	2026-09-12T22:03:02.8070082Z Setting up python3.14 (3.14.4-1ubuntu0.2) ...
compare	Build, verify native launch, calibrate cells and compare processing	2026-09-12T22:03:03.6351299Z Setting up libpangoft2-1.0-0:amd64 (1.57.0-1) ...
compare	Build, verify native launch, calibrate cells and compare processing	2026-09-12T22:03:03.6371516Z Setting up libpipewire-0.3-0t64:amd64 (1.6.2-1ubuntu1.1) ...
compare	Build, verify native launch, calibrate cells and compare processing	2026-09-12T22:03:03.6394419Z Setting up libcups2t64:amd64 (2.4.16-1ubuntu1.3) ...
compare	Build, verify native launch, calibrate cells and compare processing	2026-09-12T22:03:03.6415158Z Setting up libpangocairo-1.0-0:amd64 (1.57.0-1) ...
compare	Build, verify native launch, calibrate cells and compare processing	2026-09-12T22:03:03.6435094Z Setting up libpython3-stdlib:amd64 (3.14.3-0ubuntu2) ...
compare	Build, verify native launch, calibrate cells and compare processing	2026-09-12T22:03:03.6455568Z Setting up libcairo-script-interpreter2:amd64 (1.18.4-3) ...
compare	Build, verify native launch, calibrate cells and compare processing	2026-09-12T22:03:03.6475021Z Setting up libinput10:amd64 (1.31.1-1ubuntu1.1) ...
compare	Build, verify native launch, calibrate cells and compare processing	2026-09-12T22:03:03.6494087Z Setting up g++-15-x86-64-linux-gnu (15.2.0-16ubuntu1) ...
compare	Build, verify native launch, calibrate cells and compare processing	2026-09-12T22:03:03.6514748Z Setting up mesa-libgallium:amd64 (26.0.8-1ubuntu0.3) ...
compare	Build, verify native launch, calibrate cells and compare processing	2026-09-12T22:03:03.6532694Z Setting up gcc-x86-64-linux-gnu (4:15.2.0-5ubuntu1) ...
compare	Build, verify native launch, calibrate cells and compare processing	2026-09-12T22:03:03.6554055Z Setting up xdotool (1:3.20160805.1-5.1build1) ...
compare	Build, verify native launch, calibrate cells and compare processing	2026-09-12T22:03:03.6573534Z Setting up libgbm1:amd64 (26.0.8-1ubuntu0.3) ...
compare	Build, verify native launch, calibrate cells and compare processing	2026-09-12T22:03:03.6594157Z Setting up libgl1-mesa-dri:amd64 (26.0.8-1ubuntu0.3) ...
compare	Build, verify native launch, calibrate cells and compare processing	2026-09-12T22:03:03.6674091Z Setting up libpng-dev:amd64 (1.6.57-1) ...
compare	Build, verify native launch, calibrate cells and compare processing	2026-09-12T22:03:03.6693668Z Setting up libcurl3t64-gnutls:amd64 (8.18.0-1ubuntu2.5) ...
compare	Build, verify native launch, calibrate cells and compare processing	2026-09-12T22:03:03.6717258Z Setting up libappstream5:amd64 (1.1.2-1) ...
compare	Build, verify native launch, calibrate cells and compare processing	2026-09-12T22:03:03.6737042Z Setting up dconf-service (0.49.0-4) ...
compare	Build, verify native launch, calibrate cells and compare processing	2026-09-12T22:03:03.6755596Z Setting up python3 (3.14.3-0ubuntu2) ...
compare	Build, verify native launch, calibrate cells and compare processing	2026-09-12T22:03:04.3512180Z Setting up gcc (4:15.2.0-5ubuntu1) ...
compare	Build, verify native launch, calibrate cells and compare processing	2026-09-12T22:03:04.3584489Z Setting up libfreetype-dev:amd64 (2.14.2+dfsg-1ubuntu0.1) ...
compare	Build, verify native launch, calibrate cells and compare processing	2026-09-12T22:03:04.3602706Z Setting up libegl-mesa0:amd64 (26.0.8-1ubuntu0.3) ...
compare	Build, verify native launch, calibrate cells and compare processing	2026-09-12T22:03:04.3621289Z Setting up libfreerdp-server3-3:amd64 (3.31.0+dfsg-0ubuntu0.26.04.1) ...
compare	Build, verify native launch, calibrate cells and compare processing	2026-09-12T22:03:04.3698909Z Setting up libegl1:amd64 (1.7.0-3) ...
compare	Build, verify native launch, calibrate cells and compare processing	2026-09-12T22:03:04.3718616Z Setting up g++-x86-64-linux-gnu (4:15.2.0-5ubuntu1) ...
compare	Build, verify native launch, calibrate cells and compare processing	2026-09-12T22:03:04.3735715Z Setting up g++-15 (15.2.0-16ubuntu1) ...
compare	Build, verify native launch, calibrate cells and compare processing	2026-09-12T22:03:04.3752501Z Setting up libglx-mesa0:amd64 (26.0.8-1ubuntu0.3) ...
compare	Build, verify native launch, calibrate cells and compare processing	2026-09-12T22:03:04.3772019Z Setting up libglx0:amd64 (1.7.0-3) ...
compare	Build, verify native launch, calibrate cells and compare processing	2026-09-12T22:03:04.3789497Z Setting up dconf-gsettings-backend:amd64 (0.49.0-4) ...
compare	Build, verify native launch, calibrate cells and compare processing	2026-09-12T22:03:04.3806979Z Setting up libfontconfig-dev:amd64 (2.17.1-3ubuntu1) ...
compare	Build, verify native launch, calibrate cells and compare processing	2026-09-12T22:03:04.3826960Z Setting up kitty (0.45.0-1build1) ...
compare	Build, verify native launch, calibrate cells and compare processing	2026-09-12T22:03:04.4921560Z Setting up libgl1:amd64 (1.7.0-3) ...
compare	Build, verify native launch, calibrate cells and compare processing	2026-09-12T22:03:04.4937774Z Setting up g++ (4:15.2.0-5ubuntu1) ...
compare	Build, verify native launch, calibrate cells and compare processing	2026-09-12T22:03:04.4969545Z update-alternatives: using /usr/bin/g++ to provide /usr/bin/c++ (c++) in auto mode
compare	Build, verify native launch, calibrate cells and compare processing	2026-09-12T22:03:04.4970636Z update-alternatives: warning: skip creation of /usr/share/man/man1/c++.1.gz because associated file /usr/share/man/man1/g++.1.gz (of link group c++) does not exist
compare	Build, verify native launch, calibrate cells and compare processing	2026-09-12T22:03:04.4986193Z Setting up build-essential (12.12ubuntu2.26.04.2) ...
compare	Build, verify native launch, calibrate cells and compare processing	2026-09-12T22:03:04.5004441Z Setting up libgtk-4-common (4.22.4+ds-0ubuntu0.1) ...
compare	Build, verify native launch, calibrate cells and compare processing	2026-09-12T22:03:04.5021790Z Setting up libfontconfig1-dev:amd64 (2.17.1-3ubuntu1) ...
compare	Build, verify native launch, calibrate cells and compare processing	2026-09-12T22:03:04.5040181Z Setting up libgstreamer-gl1.0-0:amd64 (1.28.2-1) ...
compare	Build, verify native launch, calibrate cells and compare processing	2026-09-12T22:03:04.5090609Z Setting up libheif-plugin-aomdec:amd64 (1.21.2-3ubuntu0.4) ...
compare	Build, verify native launch, calibrate cells and compare processing	2026-09-12T22:03:04.5126119Z Setting up libheif1:amd64 (1.21.2-3ubuntu0.4) ...
compare	Build, verify native launch, calibrate cells and compare processing	2026-09-12T22:03:04.5191656Z Setting up glycin-loaders (2.1.1+ds-0ubuntu1) ...
compare	Build, verify native launch, calibrate cells and compare processing	2026-09-12T22:03:04.5217931Z Setting up libglycin-2-0:amd64 (2.1.1+ds-0ubuntu1) ...
compare	Build, verify native launch, calibrate cells and compare processing	2026-09-12T22:03:04.5272201Z Setting up glycin-thumbnailers (2.1.1+ds-0ubuntu1) ...
compare	Build, verify native launch, calibrate cells and compare processing	2026-09-12T22:03:04.5315006Z Setting up libgdk-pixbuf-2.0-0:amd64 (2.44.5+dfsg-4ubuntu1) ...
compare	Build, verify native launch, calibrate cells and compare processing	2026-09-12T22:03:04.5354777Z Setting up gtk-update-icon-cache (4.22.4+ds-0ubuntu0.1) ...
compare	Build, verify native launch, calibrate cells and compare processing	2026-09-12T22:03:04.5397646Z Setting up librsvg2-2:amd64 (2.61.3+dfsg-3) ...
compare	Build, verify native launch, calibrate cells and compare processing	2026-09-12T22:03:04.5423806Z Setting up adwaita-icon-theme (50.0-1) ...
compare	Build, verify native launch, calibrate cells and compare processing	2026-09-12T22:03:04.5610079Z update-alternatives: using /usr/share/icons/Adwaita/cursor.theme to provide /usr/share/icons/default/index.theme (x-cursor-theme) in auto mode
compare	Build, verify native launch, calibrate cells and compare processing	2026-09-12T22:03:04.5628201Z Setting up libavcodec62:amd64 (7:8.0.1-3ubuntu2) ...
compare	Build, verify native launch, calibrate cells and compare processing	2026-09-12T22:03:04.5661519Z Setting up libgtk-4-1:amd64 (4.22.4+ds-0ubuntu0.1) ...
compare	Build, verify native launch, calibrate cells and compare processing	2026-09-12T22:03:04.5708685Z Setting up libavformat62:amd64 (7:8.0.1-3ubuntu2) ...
compare	Build, verify native launch, calibrate cells and compare processing	2026-09-12T22:03:04.5740382Z Setting up libadwaita-1-0:amd64 (1.9.1-0ubuntu0.1) ...
compare	Build, verify native launch, calibrate cells and compare processing	2026-09-12T22:03:04.5770103Z Setting up libgtk4-layer-shell0:amd64 (1.3.0-1) ...
compare	Build, verify native launch, calibrate cells and compare processing	2026-09-12T22:03:04.5794996Z Setting up libavfilter11:amd64 (7:8.0.1-3ubuntu2) ...
compare	Build, verify native launch, calibrate cells and compare processing	2026-09-12T22:03:04.5832718Z Setting up ghostty (1.3.0~us1-0ubuntu1.1) ...
compare	Build, verify native launch, calibrate cells and compare processing	2026-09-12T22:03:04.5855733Z Setting up libneatvnc0:amd64 (0.9.1+dfsg-1build1) ...
compare	Build, verify native launch, calibrate cells and compare processing	2026-09-12T22:03:04.5884582Z Setting up libweston-14-0:amd64 (14.0.2-5) ...
compare	Build, verify native launch, calibrate cells and compare processing	2026-09-12T22:03:04.5911757Z Setting up weston (14.0.2-5) ...
compare	Build, verify native launch, calibrate cells and compare processing	2026-09-12T22:03:04.5936707Z Processing triggers for libc-bin (2.43-2ubuntu2.4) ...
compare	Build, verify native launch, calibrate cells and compare processing	2026-09-12T22:03:04.6171528Z Processing triggers for procps (2:4.0.4-9ubuntu1) ...
compare	Build, verify native launch, calibrate cells and compare processing	2026-09-12T22:03:04.6202487Z procps: Applying updated sysctl configuration
compare	Build, verify native launch, calibrate cells and compare processing	2026-09-12T22:03:04.6213639Z sysctl: setting key "kernel.core_pattern", ignoring: Read-only file system
compare	Build, verify native launch, calibrate cells and compare processing	2026-09-12T22:03:04.6214455Z sysctl: setting key "kernel.pid_max", ignoring: Read-only file system
compare	Build, verify native launch, calibrate cells and compare processing	2026-09-12T22:03:04.6215220Z sysctl: setting key "kernel.printk", ignoring: Read-only file system
compare	Build, verify native launch, calibrate cells and compare processing	2026-09-12T22:03:04.6216589Z sysctl: setting key "net.ipv6.conf.all.use_tempaddr", ignoring: Read-only file system
compare	Build, verify native launch, calibrate cells and compare processing	2026-09-12T22:03:04.6218630Z sysctl: setting key "net.ipv6.conf.default.use_tempaddr", ignoring: Read-only file system
compare	Build, verify native launch, calibrate cells and compare processing	2026-09-12T22:03:04.6219607Z sysctl: setting key "kernel.kptr_restrict", ignoring: Read-only file system
compare	Build, verify native launch, calibrate cells and compare processing	2026-09-12T22:03:04.6220112Z sysctl: setting key "kernel.sysrq", ignoring: Read-only file system
compare	Build, verify native launch, calibrate cells and compare processing	2026-09-12T22:03:04.6222169Z sysctl: setting key "vm.max_map_count", ignoring: Read-only file system
compare	Build, verify native launch, calibrate cells and compare processing	2026-09-12T22:03:04.6222718Z sysctl: setting key "net.ipv4.conf.default.rp_filter", ignoring: Read-only file system
compare	Build, verify native launch, calibrate cells and compare processing	2026-09-12T22:03:04.6223278Z sysctl: setting key "net.ipv4.conf.all.rp_filter", ignoring: Read-only file system
compare	Build, verify native launch, calibrate cells and compare processing	2026-09-12T22:03:04.6223814Z sysctl: setting key "kernel.yama.ptrace_scope", ignoring: Read-only file system
compare	Build, verify native launch, calibrate cells and compare processing	2026-09-12T22:03:04.6224616Z sysctl: setting key "vm.mmap_min_addr", ignoring: Read-only file system
compare	Build, verify native launch, calibrate cells and compare processing	2026-09-12T22:03:04.6234601Z Processing triggers for ca-certificates (20260601~26.04.1) ...
compare	Build, verify native launch, calibrate cells and compare processing	2026-09-12T22:03:04.6307408Z Updating certificates in /etc/ssl/certs...
compare	Build, verify native launch, calibrate cells and compare processing	2026-09-12T22:03:05.3303950Z 0 added, 0 removed; done.
compare	Build, verify native launch, calibrate cells and compare processing	2026-09-12T22:03:05.3304381Z Running hooks in /etc/ca-certificates/update.d...
compare	Build, verify native launch, calibrate cells and compare processing	2026-09-12T22:03:05.3312352Z done.
compare	Build, verify native launch, calibrate cells and compare processing	2026-09-12T22:03:05.4459336Z     Updating crates.io index
compare	Build, verify native launch, calibrate cells and compare processing	2026-09-12T22:03:06.4642119Z  Downloading crates ...
compare	Build, verify native launch, calibrate cells and compare processing	2026-09-12T22:03:06.5841712Z   Downloaded ahash v0.8.12
compare	Build, verify native launch, calibrate cells and compare processing	2026-09-12T22:03:06.5880057Z   Downloaded anstyle-query v1.1.5
compare	Build, verify native launch, calibrate cells and compare processing	2026-09-12T22:03:06.5922031Z   Downloaded ab_glyph_rasterizer v0.1.10
compare	Build, verify native launch, calibrate cells and compare processing	2026-09-12T22:03:06.6070552Z   Downloaded adler2 v2.0.1
compare	Build, verify native launch, calibrate cells and compare processing	2026-09-12T22:03:06.6091577Z   Downloaded anstyle v1.0.14
compare	Build, verify native launch, calibrate cells and compare processing	2026-09-12T22:03:06.6115408Z   Downloaded anstream v0.6.21
compare	Build, verify native launch, calibrate cells and compare processing	2026-09-12T22:03:06.6146146Z   Downloaded smallvec v1.15.2
compare	Build, verify native launch, calibrate cells and compare processing	2026-09-12T22:03:06.6169151Z   Downloaded ab_glyph v0.2.32
compare	Build, verify native launch, calibrate cells and compare processing	2026-09-12T22:03:06.6217698Z   Downloaded is_terminal_polyfill v1.70.2
compare	Build, verify native launch, calibrate cells and compare processing	2026-09-12T22:03:06.6235116Z   Downloaded gethostname v1.1.0
compare	Build, verify native launch, calibrate cells and compare processing	2026-09-12T22:03:06.6254497Z   Downloaded shlex v1.3.0
compare	Build, verify native launch, calibrate cells and compare processing	2026-09-12T22:03:06.6277837Z   Downloaded find-msvc-tools v0.1.9
compare	Build, verify native launch, calibrate cells and compare processing	2026-09-12T22:03:06.6303355Z   Downloaded anstyle-parse v0.2.7
compare	Build, verify native launch, calibrate cells and compare processing	2026-09-12T22:03:06.6328991Z   Downloaded float-ord v0.3.2
compare	Build, verify native launch, calibrate cells and compare processing	2026-09-12T22:03:06.6385337Z   Downloaded aho-corasick v1.1.4
compare	Build, verify native launch, calibrate cells and compare processing	2026-09-12T22:03:06.6461221Z   Downloaded fixedbitset v0.5.7
compare	Build, verify native launch, calibrate cells and compare processing	2026-09-12T22:03:06.6491837Z   Downloaded slab v0.4.12
compare	Build, verify native launch, calibrate cells and compare processing	2026-09-12T22:03:06.6512982Z   Downloaded fdeflate v0.3.7
compare	Build, verify native launch, calibrate cells and compare processing	2026-09-12T22:03:06.6576511Z   Downloaded serde_spanned v1.0.4
compare	Build, verify native launch, calibrate cells and compare processing	2026-09-12T22:03:06.6595244Z   Downloaded smol_str v0.2.2
compare	Build, verify native launch, calibrate cells and compare processing	2026-09-12T22:03:06.6629675Z   Downloaded jobserver v0.1.35
compare	Build, verify native launch, calibrate cells and compare processing	2026-09-12T22:03:06.6672489Z   Downloaded scoped-tls v1.0.1
compare	Build, verify native launch, calibrate cells and compare processing	2026-09-12T22:03:06.6741956Z   Downloaded simd-adler32 v0.3.8
compare	Build, verify native launch, calibrate cells and compare processing	2026-09-12T22:03:06.6772625Z   Downloaded wayland-csd-frame v0.3.0
compare	Build, verify native launch, calibrate cells and compare processing	2026-09-12T22:03:06.6788710Z   Downloaded strict-num v0.1.1
compare	Build, verify native launch, calibrate cells and compare processing	2026-09-12T22:03:06.6808896Z   Downloaded scopeguard v1.2.0
compare	Build, verify native launch, calibrate cells and compare processing	2026-09-12T22:03:06.6829250Z   Downloaded rustc_version v0.4.1
compare	Build, verify native launch, calibrate cells and compare processing	2026-09-12T22:03:06.6849955Z   Downloaded os_pipe v1.2.3
compare	Build, verify native launch, calibrate cells and compare processing	2026-09-12T22:03:06.6872496Z   Downloaded percent-encoding v2.3.2
compare	Build, verify native launch, calibrate cells and compare processing	2026-09-12T22:03:06.6887127Z   Downloaded downcast-rs v1.2.1
compare	Build, verify native launch, calibrate cells and compare processing	2026-09-12T22:03:06.6912752Z   Downloaded version_check v0.9.5
compare	Build, verify native launch, calibrate cells and compare processing	2026-09-12T22:03:06.6945970Z   Downloaded serde_derive v1.0.228
compare	Build, verify native launch, calibrate cells and compare processing	2026-09-12T22:03:06.6992435Z   Downloaded toml_writer v1.0.7+spec-1.1.0
compare	Build, verify native launch, calibrate cells and compare processing	2026-09-12T22:03:06.7015325Z   Downloaded owned_ttf_parser v0.25.1
compare	Build, verify native launch, calibrate cells and compare processing	2026-09-12T22:03:06.7033706Z   Downloaded semver v1.0.27
compare	Build, verify native launch, calibrate cells and compare processing	2026-09-12T22:03:06.7067073Z   Downloaded arrayref v0.3.9
compare	Build, verify native launch, calibrate cells and compare processing	2026-09-12T22:03:06.7089448Z   Downloaded unicode-bidi-mirroring v0.4.0
compare	Build, verify native launch, calibrate cells and compare processing	2026-09-12T22:03:06.7106837Z   Downloaded same-file v1.0.6
compare	Build, verify native launch, calibrate cells and compare processing	2026-09-12T22:03:06.7131386Z   Downloaded xkbcommon-dl v0.4.2
compare	Build, verify native launch, calibrate cells and compare processing	2026-09-12T22:03:06.7149890Z   Downloaded pathfinder_geometry v0.5.1
compare	Build, verify native launch, calibrate cells and compare processing	2026-09-12T22:03:06.7170070Z   Downloaded dlib v0.5.3
compare	Build, verify native launch, calibrate cells and compare processing	2026-09-12T22:03:06.7188195Z   Downloaded font-kit v0.14.3
compare	Build, verify native launch, calibrate cells and compare processing	2026-09-12T22:03:06.7244339Z   Downloaded libloading v0.8.9
compare	Build, verify native launch, calibrate cells and compare processing	2026-09-12T22:03:06.7290585Z   Downloaded yeslogic-fontconfig-sys v6.0.0
compare	Build, verify native launch, calibrate cells and compare processing	2026-09-12T22:03:06.7306509Z   Downloaded utf8parse v0.2.2
compare	Build, verify native launch, calibrate cells and compare processing	2026-09-12T22:03:06.7323370Z   Downloaded flate2 v1.1.9
compare	Build, verify native launch, calibrate cells and compare processing	2026-09-12T22:03:06.7399613Z   Downloaded tree_magic_mini v3.2.2
compare	Build, verify native launch, calibrate cells and compare processing	2026-09-12T22:03:06.7429092Z   Downloaded base64 v0.22.1
compare	Build, verify native launch, calibrate cells and compare processing	2026-09-12T22:03:06.7493268Z   Downloaded xcursor v0.3.11
compare	Build, verify native launch, calibrate cells and compare processing	2026-09-12T22:03:06.7514011Z   Downloaded polling v3.11.0
compare	Build, verify native launch, calibrate cells and compare processing	2026-09-12T22:03:06.7554571Z   Downloaded indexmap v2.13.0
compare	Build, verify native launch, calibrate cells and compare processing	2026-09-12T22:03:06.7624134Z   Downloaded wl-clipboard-rs v0.9.3
compare	Build, verify native launch, calibrate cells and compare processing	2026-09-12T22:03:06.7662186Z   Downloaded thiserror-impl v2.0.18
compare	Build, verify native launch, calibrate cells and compare processing	2026-09-12T22:03:06.7691039Z   Downloaded thiserror-impl v1.0.69
compare	Build, verify native launch, calibrate cells and compare processing	2026-09-12T22:03:06.7715263Z   Downloaded softbuffer v0.4.8
compare	Build, verify native launch, calibrate cells and compare processing	2026-09-12T22:03:06.7762287Z   Downloaded nom v8.0.0
compare	Build, verify native launch, calibrate cells and compare processing	2026-09-12T22:03:06.7840491Z   Downloaded tiny-xlib v0.2.5
compare	Build, verify native launch, calibrate cells and compare processing	2026-09-12T22:03:06.7870408Z   Downloaded thiserror v1.0.69
compare	Build, verify native launch, calibrate cells and compare processing	2026-09-12T22:03:06.7960044Z   Downloaded wayland-protocols-wlr v0.3.12
compare	Build, verify native launch, calibrate cells and compare processing	2026-09-12T22:03:06.7992393Z   Downloaded tiny-skia-path v0.11.4
compare	Build, verify native launch, calibrate cells and compare processing	2026-09-12T22:03:06.8028352Z   Downloaded x11-dl v2.21.0
compare	Build, verify native launch, calibrate cells and compare processing	2026-09-12T22:03:06.8077968Z   Downloaded unicode-script v0.5.8
compare	Build, verify native launch, calibrate cells and compare processing	2026-09-12T22:03:06.8105551Z   Downloaded nix v0.29.0
compare	Build, verify native launch, calibrate cells and compare processing	2026-09-12T22:03:06.8266012Z   Downloaded unicode-ident v1.0.24
compare	Build, verify native launch, calibrate cells and compare processing	2026-09-12T22:03:06.8308068Z   Downloaded wayland-protocols-plasma v0.3.12
compare	Build, verify native launch, calibrate cells and compare processing	2026-09-12T22:03:06.8375500Z   Downloaded tracing-core v0.1.36
compare	Build, verify native launch, calibrate cells and compare processing	2026-09-12T22:03:06.8413618Z   Downloaded regex-syntax v0.8.10
compare	Build, verify native launch, calibrate cells and compare processing	2026-09-12T22:03:06.8505946Z   Downloaded xkeysym v0.2.1
compare	Build, verify native launch, calibrate cells and compare processing	2026-09-12T22:03:06.8545404Z   Downloaded unicode-segmentation v1.13.3
compare	Build, verify native launch, calibrate cells and compare processing	2026-09-12T22:03:06.8584996Z   Downloaded rustix v1.1.4
compare	Build, verify native launch, calibrate cells and compare processing	2026-09-12T22:03:06.8974471Z   Downloaded wayland-client v0.31.15
compare	Build, verify native launch, calibrate cells and compare processing	2026-09-12T22:03:06.9003247Z   Downloaded wayland-backend v0.3.17
compare	Build, verify native launch, calibrate cells and compare processing	2026-09-12T22:03:06.9059992Z   Downloaded wayland-protocols v0.32.13
compare	Build, verify native launch, calibrate cells and compare processing	2026-09-12T22:03:06.9183965Z   Downloaded rustix v0.38.44
compare	Build, verify native launch, calibrate cells and compare processing	2026-09-12T22:03:06.9560562Z   Downloaded winnow v1.0.0
compare	Build, verify native launch, calibrate cells and compare processing	2026-09-12T22:03:06.9698032Z   Downloaded ttf-parser v0.25.1
compare	Build, verify native launch, calibrate cells and compare processing	2026-09-12T22:03:06.9834796Z   Downloaded x11rb v0.13.2
compare	Build, verify native launch, calibrate cells and compare processing	2026-09-12T22:03:06.9949786Z   Downloaded tiny-skia v0.11.4
compare	Build, verify native launch, calibrate cells and compare processing	2026-09-12T22:03:07.0143938Z   Downloaded unicode-width v0.2.2
compare	Build, verify native launch, calibrate cells and compare processing	2026-09-12T22:03:07.0212783Z   Downloaded zerocopy v0.8.56
compare	Build, verify native launch, calibrate cells and compare processing	2026-09-12T22:03:07.0519089Z   Downloaded regex-automata v0.4.14
compare	Build, verify native launch, calibrate cells and compare processing	2026-09-12T22:03:07.0701005Z   Downloaded syn v2.0.117
compare	Build, verify native launch, calibrate cells and compare processing	2026-09-12T22:03:07.0840967Z   Downloaded toml v1.0.7+spec-1.1.0
compare	Build, verify native launch, calibrate cells and compare processing	2026-09-12T22:03:07.0897868Z   Downloaded smithay-client-toolkit v0.19.2
compare	Build, verify native launch, calibrate cells and compare processing	2026-09-12T22:03:07.0986974Z   Downloaded rustybuzz v0.20.1
compare	Build, verify native launch, calibrate cells and compare processing	2026-09-12T22:03:07.1119581Z   Downloaded unicode-properties v0.1.4
compare	Build, verify native launch, calibrate cells and compare processing	2026-09-12T22:03:07.1146521Z   Downloaded libc v0.2.183
compare	Build, verify native launch, calibrate cells and compare processing	2026-09-12T22:03:07.1684632Z   Downloaded walkdir v2.5.0
compare	Build, verify native launch, calibrate cells and compare processing	2026-09-12T22:03:07.1709067Z   Downloaded x11rb-protocol v0.13.2
compare	Build, verify native launch, calibrate cells and compare processing	2026-09-12T22:03:07.1862587Z   Downloaded jiff v0.2.23
compare	Build, verify native launch, calibrate cells and compare processing	2026-09-12T22:03:07.2075138Z   Downloaded toml_parser v1.0.10+spec-1.1.0
compare	Build, verify native launch, calibrate cells and compare processing	2026-09-12T22:03:07.2106089Z   Downloaded tracing v0.1.44
compare	Build, verify native launch, calibrate cells and compare processing	2026-09-12T22:03:07.2302937Z   Downloaded petgraph v0.8.3
compare	Build, verify native launch, calibrate cells and compare processing	2026-09-12T22:03:07.2564512Z   Downloaded quick-xml v0.41.0
compare	Build, verify native launch, calibrate cells and compare processing	2026-09-12T22:03:07.2638373Z   Downloaded regex v1.12.3
compare	Build, verify native launch, calibrate cells and compare processing	2026-09-12T22:03:07.2708640Z   Downloaded libm v0.2.16
compare	Build, verify native launch, calibrate cells and compare processing	2026-09-12T22:03:07.2864728Z   Downloaded winit v0.30.13
compare	Build, verify native launch, calibrate cells and compare processing	2026-09-12T22:03:07.3151688Z   Downloaded png v0.17.16
compare	Build, verify native launch, calibrate cells and compare processing	2026-09-12T22:03:07.3202951Z   Downloaded hashbrown v0.16.1
compare	Build, verify native launch, calibrate cells and compare processing	2026-09-12T22:03:07.3269808Z   Downloaded hashbrown v0.15.5
compare	Build, verify native launch, calibrate cells and compare processing	2026-09-12T22:03:07.3333677Z   Downloaded cc v1.2.57
compare	Build, verify native launch, calibrate cells and compare processing	2026-09-12T22:03:07.3372568Z   Downloaded wayland-scanner v0.31.11
compare	Build, verify native launch, calibrate cells and compare processing	2026-09-12T22:03:07.3402002Z   Downloaded wayland-cursor v0.31.14
compare	Build, verify native launch, calibrate cells and compare processing	2026-09-12T22:03:07.3414523Z   Downloaded toml_datetime v1.0.1+spec-1.1.0
compare	Build, verify native launch, calibrate cells and compare processing	2026-09-12T22:03:07.3431604Z   Downloaded serde v1.0.228
compare	Build, verify native launch, calibrate cells and compare processing	2026-09-12T22:03:07.3477517Z   Downloaded miniz_oxide v0.8.9
compare	Build, verify native launch, calibrate cells and compare processing	2026-09-12T22:03:07.3510610Z   Downloaded calloop v0.13.0
compare	Build, verify native launch, calibrate cells and compare processing	2026-09-12T22:03:07.3555743Z   Downloaded memchr v2.8.0
compare	Build, verify native launch, calibrate cells and compare processing	2026-09-12T22:03:07.3629159Z   Downloaded env_logger v0.11.9
compare	Build, verify native launch, calibrate cells and compare processing	2026-09-12T22:03:07.3659629Z   Downloaded bitflags v2.11.0
compare	Build, verify native launch, calibrate cells and compare processing	2026-09-12T22:03:07.3719777Z   Downloaded proc-macro2 v1.0.106
compare	Build, verify native launch, calibrate cells and compare processing	2026-09-12T22:03:07.3760553Z   Downloaded parking_lot_core v0.9.12
compare	Build, verify native launch, calibrate cells and compare processing	2026-09-12T22:03:07.3790485Z   Downloaded parking_lot v0.12.5
compare	Build, verify native launch, calibrate cells and compare processing	2026-09-12T22:03:07.3826197Z   Downloaded once_cell v1.21.4
compare	Build, verify native launch, calibrate cells and compare processing	2026-09-12T22:03:07.3860936Z   Downloaded memmap2 v0.9.11
compare	Build, verify native launch, calibrate cells and compare processing	2026-09-12T22:03:07.3885097Z   Downloaded serde_core v1.0.228
compare	Build, verify native launch, calibrate cells and compare processing	2026-09-12T22:03:07.3921209Z   Downloaded sctk-adwaita v0.10.1
compare	Build, verify native launch, calibrate cells and compare processing	2026-09-12T22:03:07.3954769Z   Downloaded log v0.4.29
compare	Build, verify native launch, calibrate cells and compare processing	2026-09-12T22:03:07.3987995Z   Downloaded crc32fast v1.5.0
compare	Build, verify native launch, calibrate cells and compare processing	2026-09-12T22:03:07.4013231Z   Downloaded bytemuck v1.25.2
compare	Build, verify native launch, calibrate cells and compare processing	2026-09-12T22:03:07.4057197Z   Downloaded fastrand v2.5.0
compare	Build, verify native launch, calibrate cells and compare processing	2026-09-12T22:03:07.4075740Z   Downloaded dtor v0.8.1
compare	Build, verify native launch, calibrate cells and compare processing	2026-09-12T22:03:07.4091143Z   Downloaded ctor v0.10.1
compare	Build, verify native launch, calibrate cells and compare processing	2026-09-12T22:03:07.4109068Z   Downloaded byteorder v1.5.0
compare	Build, verify native launch, calibrate cells and compare processing	2026-09-12T22:03:07.4131674Z   Downloaded bitflags v1.3.2
compare	Build, verify native launch, calibrate cells and compare processing	2026-09-12T22:03:07.4178282Z   Downloaded arrayvec v0.7.8
compare	Build, verify native launch, calibrate cells and compare processing	2026-09-12T22:03:07.4206628Z   Downloaded wayland-sys v0.31.11
compare	Build, verify native launch, calibrate cells and compare processing	2026-09-12T22:03:07.4224159Z   Downloaded unicode-ccc v0.4.0
compare	Build, verify native launch, calibrate cells and compare processing	2026-09-12T22:03:07.4236646Z   Downloaded raw-window-handle v0.6.2
compare	Build, verify native launch, calibrate cells and compare processing	2026-09-12T22:03:07.4262457Z   Downloaded pkg-config v0.3.32
compare	Build, verify native launch, calibrate cells and compare processing	2026-09-12T22:03:07.4284618Z   Downloaded pin-project-lite v0.2.17
compare	Build, verify native launch, calibrate cells and compare processing	2026-09-12T22:03:07.4369657Z   Downloaded pathfinder_simd v0.5.5
compare	Build, verify native launch, calibrate cells and compare processing	2026-09-12T22:03:07.4395934Z   Downloaded option-ext v0.2.0
compare	Build, verify native launch, calibrate cells and compare processing	2026-09-12T22:03:07.4408459Z   Downloaded colorchoice v1.0.5
compare	Build, verify native launch, calibrate cells and compare processing	2026-09-12T22:03:07.4421820Z   Downloaded cfg-if v1.0.4
compare	Build, verify native launch, calibrate cells and compare processing	2026-09-12T22:03:07.4440292Z   Downloaded getrandom v0.3.4
compare	Build, verify native launch, calibrate cells and compare processing	2026-09-12T22:03:07.4488121Z   Downloaded dirs v6.0.0
compare	Build, verify native launch, calibrate cells and compare processing	2026-09-12T22:03:07.4507635Z   Downloaded errno v0.3.14
compare	Build, verify native launch, calibrate cells and compare processing	2026-09-12T22:03:07.4528967Z   Downloaded calloop-wayland-source v0.3.0
compare	Build, verify native launch, calibrate cells and compare processing	2026-09-12T22:03:07.4546851Z   Downloaded thiserror v2.0.18
compare	Build, verify native launch, calibrate cells and compare processing	2026-09-12T22:03:07.4641271Z   Downloaded quote v1.0.45
compare	Build, verify native launch, calibrate cells and compare processing	2026-09-12T22:03:07.4679680Z   Downloaded lock_api v0.4.14
compare	Build, verify native launch, calibrate cells and compare processing	2026-09-12T22:03:07.4696734Z   Downloaded foldhash v0.1.5
compare	Build, verify native launch, calibrate cells and compare processing	2026-09-12T22:03:07.4714158Z   Downloaded equivalent v1.0.2
compare	Build, verify native launch, calibrate cells and compare processing	2026-09-12T22:03:07.4728604Z   Downloaded dpi v0.1.2
compare	Build, verify native launch, calibrate cells and compare processing	2026-09-12T22:03:07.4744351Z   Downloaded cursor-icon v1.2.0
compare	Build, verify native launch, calibrate cells and compare processing	2026-09-12T22:03:07.4762159Z   Downloaded core_maths v0.1.1
compare	Build, verify native launch, calibrate cells and compare processing	2026-09-12T22:03:07.4773616Z   Downloaded arboard v3.6.1
compare	Build, verify native launch, calibrate cells and compare processing	2026-09-12T22:03:07.4809734Z   Downloaded dirs-sys v0.5.0
compare	Build, verify native launch, calibrate cells and compare processing	2026-09-12T22:03:07.4827474Z   Downloaded as-raw-xcb-connection v1.0.1
compare	Build, verify native launch, calibrate cells and compare processing	2026-09-12T22:03:07.4838917Z   Downloaded cfg_aliases v0.2.1
compare	Build, verify native launch, calibrate cells and compare processing	2026-09-12T22:03:07.4853312Z   Downloaded lazy_static v1.5.0
compare	Build, verify native launch, calibrate cells and compare processing	2026-09-12T22:03:07.4879336Z   Downloaded env_filter v1.0.0
compare	Build, verify native launch, calibrate cells and compare processing	2026-09-12T22:03:07.4909878Z   Downloaded linux-raw-sys v0.4.15
compare	Build, verify native launch, calibrate cells and compare processing	2026-09-12T22:03:07.5498681Z   Downloaded linux-raw-sys v0.12.1
compare	Build, verify native launch, calibrate cells and compare processing	2026-09-12T22:03:07.6301627Z   Downloaded freetype-sys v0.20.1
compare	Build, verify native launch, calibrate cells and compare processing	2026-09-12T22:03:07.8057380Z    Compiling cfg-if v1.0.4
compare	Build, verify native launch, calibrate cells and compare processing	2026-09-12T22:03:07.8057822Z    Compiling pkg-config v0.3.32
compare	Build, verify native launch, calibrate cells and compare processing	2026-09-12T22:03:07.8058205Z    Compiling proc-macro2 v1.0.106
compare	Build, verify native launch, calibrate cells and compare processing	2026-09-12T22:03:07.8058608Z    Compiling bitflags v2.11.0
compare	Build, verify native launch, calibrate cells and compare processing	2026-09-12T22:03:07.8363532Z    Compiling unicode-ident v1.0.24
compare	Build, verify native launch, calibrate cells and compare processing	2026-09-12T22:03:07.8924073Z    Compiling log v0.4.29
compare	Build, verify native launch, calibrate cells and compare processing	2026-09-12T22:03:08.0503239Z    Compiling quote v1.0.45
compare	Build, verify native launch, calibrate cells and compare processing	2026-09-12T22:03:08.1379564Z    Compiling find-msvc-tools v0.1.9
compare	Build, verify native launch, calibrate cells and compare processing	2026-09-12T22:03:08.1889595Z    Compiling shlex v1.3.0
compare	Build, verify native launch, calibrate cells and compare processing	2026-09-12T22:03:08.2592822Z    Compiling libloading v0.8.9
compare	Build, verify native launch, calibrate cells and compare processing	2026-09-12T22:03:08.2855291Z    Compiling cc v1.2.57
compare	Build, verify native launch, calibrate cells and compare processing	2026-09-12T22:03:08.2970919Z    Compiling libc v0.2.183
compare	Build, verify native launch, calibrate cells and compare processing	2026-09-12T22:03:08.5053770Z    Compiling once_cell v1.21.4
compare	Build, verify native launch, calibrate cells and compare processing	2026-09-12T22:03:08.6053310Z    Compiling rustix v1.1.4
compare	Build, verify native launch, calibrate cells and compare processing	2026-09-12T22:03:08.6718252Z    Compiling linux-raw-sys v0.12.1
compare	Build, verify native launch, calibrate cells and compare processing	2026-09-12T22:03:08.8756885Z    Compiling dlib v0.5.3
compare	Build, verify native launch, calibrate cells and compare processing	2026-09-12T22:03:08.9304573Z    Compiling smallvec v1.15.2
compare	Build, verify native launch, calibrate cells and compare processing	2026-09-12T22:03:09.1069616Z    Compiling wayland-sys v0.31.11
compare	Build, verify native launch, calibrate cells and compare processing	2026-09-12T22:03:09.5227368Z    Compiling wayland-backend v0.3.17
compare	Build, verify native launch, calibrate cells and compare processing	2026-09-12T22:03:09.6229997Z    Compiling memchr v2.8.0
compare	Build, verify native launch, calibrate cells and compare processing	2026-09-12T22:03:09.7266544Z    Compiling scoped-tls v1.0.1
compare	Build, verify native launch, calibrate cells and compare processing	2026-09-12T22:03:09.7792232Z    Compiling downcast-rs v1.2.1
compare	Build, verify native launch, calibrate cells and compare processing	2026-09-12T22:03:09.8210013Z    Compiling syn v2.0.117
compare	Build, verify native launch, calibrate cells and compare processing	2026-09-12T22:03:10.0834573Z    Compiling quick-xml v0.41.0
compare	Build, verify native launch, calibrate cells and compare processing	2026-09-12T22:03:10.1690523Z    Compiling wayland-client v0.31.15
compare	Build, verify native launch, calibrate cells and compare processing	2026-09-12T22:03:10.2503263Z    Compiling libm v0.2.16
compare	Build, verify native launch, calibrate cells and compare processing	2026-09-12T22:03:10.9111836Z    Compiling wayland-scanner v0.31.11
compare	Build, verify native launch, calibrate cells and compare processing	2026-09-12T22:03:12.0247735Z    Compiling rustix v0.38.44
compare	Build, verify native launch, calibrate cells and compare processing	2026-09-12T22:03:12.2196067Z    Compiling thiserror v1.0.69
compare	Build, verify native launch, calibrate cells and compare processing	2026-09-12T22:03:12.4191335Z    Compiling thiserror-impl v1.0.69
compare	Build, verify native launch, calibrate cells and compare processing	2026-09-12T22:03:12.4283234Z    Compiling bytemuck v1.25.2
compare	Build, verify native launch, calibrate cells and compare processing	2026-09-12T22:03:12.6531797Z    Compiling core_maths v0.1.1
compare	Build, verify native launch, calibrate cells and compare processing	2026-09-12T22:03:12.7093413Z    Compiling semver v1.0.27
compare	Build, verify native launch, calibrate cells and compare processing	2026-09-12T22:03:12.9383281Z    Compiling serde_core v1.0.228
compare	Build, verify native launch, calibrate cells and compare processing	2026-09-12T22:03:13.0870665Z    Compiling linux-raw-sys v0.4.15
compare	Build, verify native launch, calibrate cells and compare processing	2026-09-12T22:03:13.3828126Z    Compiling cfg_aliases v0.2.1
compare	Build, verify native launch, calibrate cells and compare processing	2026-09-12T22:03:13.5255113Z    Compiling rustc_version v0.4.1
compare	Build, verify native launch, calibrate cells and compare processing	2026-09-12T22:03:13.6615175Z    Compiling ttf-parser v0.25.1
compare	Build, verify native launch, calibrate cells and compare processing	2026-09-12T22:03:13.7273913Z    Compiling equivalent v1.0.2
compare	Build, verify native launch, calibrate cells and compare processing	2026-09-12T22:03:13.7592903Z    Compiling foldhash v0.1.5
compare	Build, verify native launch, calibrate cells and compare processing	2026-09-12T22:03:13.9094930Z    Compiling as-raw-xcb-connection v1.0.1
compare	Build, verify native launch, calibrate cells and compare processing	2026-09-12T22:03:13.9482983Z    Compiling hashbrown v0.16.1
compare	Build, verify native launch, calibrate cells and compare processing	2026-09-12T22:03:17.8207056Z    Compiling polling v3.11.0
compare	Build, verify native launch, calibrate cells and compare processing	2026-09-12T22:03:18.1120950Z    Compiling slab v0.4.12
compare	Build, verify native launch, calibrate cells and compare processing	2026-09-12T22:03:18.2472914Z    Compiling calloop v0.13.0
compare	Build, verify native launch, calibrate cells and compare processing	2026-09-12T22:03:19.3283857Z    Compiling wayland-protocols v0.32.13
compare	Build, verify native launch, calibrate cells and compare processing	2026-09-12T22:03:19.4181385Z    Compiling indexmap v2.13.0
compare	Build, verify native launch, calibrate cells and compare processing	2026-09-12T22:03:19.6031610Z    Compiling gethostname v1.1.0
compare	Build, verify native launch, calibrate cells and compare processing	2026-09-12T22:03:19.6542458Z    Compiling hashbrown v0.15.5
compare	Build, verify native launch, calibrate cells and compare processing	2026-09-12T22:03:20.2161004Z    Compiling pathfinder_simd v0.5.5
compare	Build, verify native launch, calibrate cells and compare processing	2026-09-12T22:03:20.3033428Z    Compiling aho-corasick v1.1.4
compare	Build, verify native launch, calibrate cells and compare processing	2026-09-12T22:03:22.6661843Z    Compiling memmap2 v0.9.11
compare	Build, verify native launch, calibrate cells and compare processing	2026-09-12T22:03:22.9063870Z    Compiling freetype-sys v0.20.1
compare	Build, verify native launch, calibrate cells and compare processing	2026-09-12T22:03:23.0333388Z    Compiling yeslogic-fontconfig-sys v6.0.0
compare	Build, verify native launch, calibrate cells and compare processing	2026-09-12T22:03:23.1265828Z    Compiling regex-syntax v0.8.10
compare	Build, verify native launch, calibrate cells and compare processing	2026-09-12T22:03:23.1411380Z    Compiling version_check v0.9.5
compare	Build, verify native launch, calibrate cells and compare processing	2026-09-12T22:03:23.3481379Z    Compiling strict-num v0.1.1
compare	Build, verify native launch, calibrate cells and compare processing	2026-09-12T22:03:23.4327759Z    Compiling xcursor v0.3.11
compare	Build, verify native launch, calibrate cells and compare processing	2026-09-12T22:03:24.3459618Z    Compiling cursor-icon v1.2.0
compare	Build, verify native launch, calibrate cells and compare processing	2026-09-12T22:03:24.4218155Z    Compiling arrayref v0.3.9
compare	Build, verify native launch, calibrate cells and compare processing	2026-09-12T22:03:24.4553988Z    Compiling pin-project-lite v0.2.17
compare	Build, verify native launch, calibrate cells and compare processing	2026-09-12T22:03:24.5026481Z    Compiling tracing-core v0.1.36
compare	Build, verify native launch, calibrate cells and compare processing	2026-09-12T22:03:25.2576334Z    Compiling wayland-protocols-wlr v0.3.12
compare	Build, verify native launch, calibrate cells and compare processing	2026-09-12T22:03:26.7062651Z    Compiling xkeysym v0.2.1
compare	Build, verify native launch, calibrate cells and compare processing	2026-09-12T22:03:29.0247363Z    Compiling parking_lot_core v0.9.12
compare	Build, verify native launch, calibrate cells and compare processing	2026-09-12T22:03:29.1265017Z    Compiling simd-adler32 v0.3.8
compare	Build, verify native launch, calibrate cells and compare processing	2026-09-12T22:03:29.3710392Z    Compiling zerocopy v0.8.56
compare	Build, verify native launch, calibrate cells and compare processing	2026-09-12T22:03:29.5922138Z    Compiling thiserror v2.0.18
compare	Build, verify native launch, calibrate cells and compare processing	2026-09-12T22:03:29.7631443Z    Compiling crc32fast v1.5.0
compare	Build, verify native launch, calibrate cells and compare processing	2026-09-12T22:03:29.8757596Z    Compiling x11rb-protocol v0.13.2
compare	Build, verify native launch, calibrate cells and compare processing	2026-09-12T22:03:29.8808425Z    Compiling fixedbitset v0.5.7
compare	Build, verify native launch, calibrate cells and compare processing	2026-09-12T22:03:29.9676234Z    Compiling getrandom v0.3.4
compare	Build, verify native launch, calibrate cells and compare processing	2026-09-12T22:03:30.1278784Z    Compiling smithay-client-toolkit v0.19.2
compare	Build, verify native launch, calibrate cells and compare processing	2026-09-12T22:03:30.2131247Z    Compiling petgraph v0.8.3
compare	Build, verify native launch, calibrate cells and compare processing	2026-09-12T22:03:30.3994997Z    Compiling tracing v0.1.44
compare	Build, verify native launch, calibrate cells and compare processing	2026-09-12T22:03:30.5936186Z    Compiling tiny-skia-path v0.11.4
compare	Build, verify native launch, calibrate cells and compare processing	2026-09-12T22:03:32.1722867Z    Compiling wayland-csd-frame v0.3.0
compare	Build, verify native launch, calibrate cells and compare processing	2026-09-12T22:03:32.2645419Z    Compiling regex-automata v0.4.14
compare	Build, verify native launch, calibrate cells and compare processing	2026-09-12T22:03:32.4822357Z    Compiling wayland-cursor v0.31.14
compare	Build, verify native launch, calibrate cells and compare processing	2026-09-12T22:03:33.2123853Z    Compiling ahash v0.8.12
compare	Build, verify native launch, calibrate cells and compare processing	2026-09-12T22:03:33.3602730Z    Compiling calloop-wayland-source v0.3.0
compare	Build, verify native launch, calibrate cells and compare processing	2026-09-12T22:03:33.4364381Z    Compiling owned_ttf_parser v0.25.1
compare	Build, verify native launch, calibrate cells and compare processing	2026-09-12T22:03:33.7013411Z    Compiling thiserror-impl v2.0.18
compare	Build, verify native launch, calibrate cells and compare processing	2026-09-12T22:03:34.7857322Z    Compiling nom v8.0.0
compare	Build, verify native launch, calibrate cells and compare processing	2026-09-12T22:03:38.0140454Z    Compiling x11-dl v2.21.0
compare	Build, verify native launch, calibrate cells and compare processing	2026-09-12T22:03:38.1216460Z    Compiling tiny-xlib v0.2.5
compare	Build, verify native launch, calibrate cells and compare processing	2026-09-12T22:03:38.2596793Z    Compiling scopeguard v1.2.0
compare	Build, verify native launch, calibrate cells and compare processing	2026-09-12T22:03:38.3077044Z    Compiling ab_glyph_rasterizer v0.1.10
compare	Build, verify native launch, calibrate cells and compare processing	2026-09-12T22:03:38.5033854Z    Compiling option-ext v0.2.0
compare	Build, verify native launch, calibrate cells and compare processing	2026-09-12T22:03:38.5422426Z    Compiling adler2 v2.0.1
compare	Build, verify native launch, calibrate cells and compare processing	2026-09-12T22:03:38.6285817Z    Compiling arrayvec v0.7.8
compare	Build, verify native launch, calibrate cells and compare processing	2026-09-12T22:03:38.7956139Z    Compiling utf8parse v0.2.2
compare	Build, verify native launch, calibrate cells and compare processing	2026-09-12T22:03:38.8441718Z    Compiling anstyle-parse v0.2.7
compare	Build, verify native launch, calibrate cells and compare processing	2026-09-12T22:03:38.9851276Z    Compiling tiny-skia v0.11.4
compare	Build, verify native launch, calibrate cells and compare processing	2026-09-12T22:03:40.5433358Z    Compiling miniz_oxide v0.8.9
compare	Build, verify native launch, calibrate cells and compare processing	2026-09-12T22:03:42.1075286Z    Compiling x11rb v0.13.2
compare	Build, verify native launch, calibrate cells and compare processing	2026-09-12T22:03:44.5629464Z    Compiling dirs-sys v0.5.0
compare	Build, verify native launch, calibrate cells and compare processing	2026-09-12T22:03:44.7417161Z    Compiling ab_glyph v0.2.32
compare	Build, verify native launch, calibrate cells and compare processing	2026-09-12T22:03:45.0190069Z    Compiling lock_api v0.4.14
compare	Build, verify native launch, calibrate cells and compare processing	2026-09-12T22:03:45.2769594Z    Compiling tree_magic_mini v3.2.2
compare	Build, verify native launch, calibrate cells and compare processing	2026-09-12T22:03:45.3418097Z    Compiling regex v1.12.3
compare	Build, verify native launch, calibrate cells and compare processing	2026-09-12T22:03:48.2270449Z    Compiling winit v0.30.13
compare	Build, verify native launch, calibrate cells and compare processing	2026-09-12T22:03:48.4364261Z    Compiling nix v0.29.0
compare	Build, verify native launch, calibrate cells and compare processing	2026-09-12T22:03:48.6790651Z    Compiling os_pipe v1.2.3
compare	Build, verify native launch, calibrate cells and compare processing	2026-09-12T22:03:48.7641750Z    Compiling serde v1.0.228
compare	Build, verify native launch, calibrate cells and compare processing	2026-09-12T22:03:48.8851802Z    Compiling is_terminal_polyfill v1.70.2
compare	Build, verify native launch, calibrate cells and compare processing	2026-09-12T22:03:48.9129256Z    Compiling percent-encoding v2.3.2
compare	Build, verify native launch, calibrate cells and compare processing	2026-09-12T22:03:48.9253136Z    Compiling colorchoice v1.0.5
compare	Build, verify native launch, calibrate cells and compare processing	2026-09-12T22:03:48.9774317Z    Compiling anstyle-query v1.1.5
compare	Build, verify native launch, calibrate cells and compare processing	2026-09-12T22:03:49.0253353Z    Compiling same-file v1.0.6
compare	Build, verify native launch, calibrate cells and compare processing	2026-09-12T22:03:49.1070416Z    Compiling raw-window-handle v0.6.2
compare	Build, verify native launch, calibrate cells and compare processing	2026-09-12T22:03:49.1251937Z    Compiling ctor v0.10.1
compare	Build, verify native launch, calibrate cells and compare processing	2026-09-12T22:03:49.1622852Z    Compiling font-kit v0.14.3
compare	Build, verify native launch, calibrate cells and compare processing	2026-09-12T22:03:49.2466775Z    Compiling winnow v1.0.0
compare	Build, verify native launch, calibrate cells and compare processing	2026-09-12T22:03:49.3236997Z    Compiling anstyle v1.0.14
compare	Build, verify native launch, calibrate cells and compare processing	2026-09-12T22:03:49.5263484Z    Compiling anstream v0.6.21
compare	Build, verify native launch, calibrate cells and compare processing	2026-09-12T22:03:49.6392445Z    Compiling toml_parser v1.0.10+spec-1.1.0
compare	Build, verify native launch, calibrate cells and compare processing	2026-09-12T22:03:50.4432915Z    Compiling walkdir v2.5.0
compare	Build, verify native launch, calibrate cells and compare processing	2026-09-12T22:03:51.1451367Z    Compiling wl-clipboard-rs v0.9.3
compare	Build, verify native launch, calibrate cells and compare processing	2026-09-12T22:03:51.2255719Z    Compiling flate2 v1.1.9
compare	Build, verify native launch, calibrate cells and compare processing	2026-09-12T22:03:51.2686938Z    Compiling parking_lot v0.12.5
compare	Build, verify native launch, calibrate cells and compare processing	2026-09-12T22:03:51.7450531Z    Compiling pathfinder_geometry v0.5.1
compare	Build, verify native launch, calibrate cells and compare processing	2026-09-12T22:03:51.9413220Z    Compiling sctk-adwaita v0.10.1
compare	Build, verify native launch, calibrate cells and compare processing	2026-09-12T22:03:52.1710413Z    Compiling env_filter v1.0.0
compare	Build, verify native launch, calibrate cells and compare processing	2026-09-12T22:03:53.8005523Z    Compiling dirs v6.0.0
compare	Build, verify native launch, calibrate cells and compare processing	2026-09-12T22:03:54.1792964Z    Compiling fdeflate v0.3.7
compare	Build, verify native launch, calibrate cells and compare processing	2026-09-12T22:03:55.1102453Z    Compiling xkbcommon-dl v0.4.2
compare	Build, verify native launch, calibrate cells and compare processing	2026-09-12T22:03:56.0864700Z    Compiling wayland-protocols-plasma v0.3.12
compare	Build, verify native launch, calibrate cells and compare processing	2026-09-12T22:03:56.8458364Z    Compiling serde_spanned v1.0.4
compare	Build, verify native launch, calibrate cells and compare processing	2026-09-12T22:03:56.9594240Z    Compiling toml_datetime v1.0.1+spec-1.1.0
compare	Build, verify native launch, calibrate cells and compare processing	2026-09-12T22:03:57.3178691Z    Compiling serde_derive v1.0.228
compare	Build, verify native launch, calibrate cells and compare processing	2026-09-12T22:04:00.0754876Z    Compiling unicode-bidi-mirroring v0.4.0
compare	Build, verify native launch, calibrate cells and compare processing	2026-09-12T22:04:00.1427297Z    Compiling bitflags v1.3.2
compare	Build, verify native launch, calibrate cells and compare processing	2026-09-12T22:04:00.1806091Z    Compiling toml_writer v1.0.7+spec-1.1.0
compare	Build, verify native launch, calibrate cells and compare processing	2026-09-12T22:04:00.3644990Z    Compiling unicode-properties v0.1.4
compare	Build, verify native launch, calibrate cells and compare processing	2026-09-12T22:04:00.5152621Z    Compiling fastrand v2.5.0
compare	Build, verify native launch, calibrate cells and compare processing	2026-09-12T22:04:00.5260144Z    Compiling float-ord v0.3.2
compare	Build, verify native launch, calibrate cells and compare processing	2026-09-12T22:04:00.5695358Z    Compiling unicode-script v0.5.8
compare	Build, verify native launch, calibrate cells and compare processing	2026-09-12T22:04:00.7209929Z    Compiling jiff v0.2.23
compare	Build, verify native launch, calibrate cells and compare processing	2026-09-12T22:04:01.0674402Z    Compiling dpi v0.1.2
compare	Build, verify native launch, calibrate cells and compare processing	2026-09-12T22:04:01.2003968Z    Compiling smol_str v0.2.2
compare	Build, verify native launch, calibrate cells and compare processing	2026-09-12T22:04:01.4394881Z    Compiling unicode-ccc v0.4.0
compare	Build, verify native launch, calibrate cells and compare processing	2026-09-12T22:04:01.5578150Z    Compiling byteorder v1.5.0
compare	Build, verify native launch, calibrate cells and compare processing	2026-09-12T22:04:01.7597836Z    Compiling lazy_static v1.5.0
compare	Build, verify native launch, calibrate cells and compare processing	2026-09-12T22:04:04.3818334Z    Compiling env_logger v0.11.9
compare	Build, verify native launch, calibrate cells and compare processing	2026-09-12T22:04:05.4117208Z    Compiling rustybuzz v0.20.1
compare	Build, verify native launch, calibrate cells and compare processing	2026-09-12T22:04:05.8107839Z    Compiling softbuffer v0.4.8
compare	Build, verify native launch, calibrate cells and compare processing	2026-09-12T22:04:06.9518846Z    Compiling toml v1.0.7+spec-1.1.0
compare	Build, verify native launch, calibrate cells and compare processing	2026-09-12T22:04:11.4360056Z    Compiling png v0.17.16
compare	Build, verify native launch, calibrate cells and compare processing	2026-09-12T22:04:12.4850685Z    Compiling arboard v3.6.1
compare	Build, verify native launch, calibrate cells and compare processing	2026-09-12T22:04:15.3508029Z    Compiling base64 v0.22.1
compare	Build, verify native launch, calibrate cells and compare processing	2026-09-12T22:04:15.7621991Z    Compiling unicode-segmentation v1.13.3
compare	Build, verify native launch, calibrate cells and compare processing	2026-09-12T22:04:15.8220290Z    Compiling unicode-width v0.2.2
compare	Build, verify native launch, calibrate cells and compare processing	2026-09-12T22:04:18.6461126Z    Compiling kokuban v0.1.0 (/source)
compare	Build, verify native launch, calibrate cells and compare processing	2026-09-12T22:04:19.9102967Z warning: fields `descent` and `font` are never read
compare	Build, verify native launch, calibrate cells and compare processing	2026-09-12T22:04:19.9104026Z   --> src/glyph_atlas.rs:89:9
compare	Build, verify native launch, calibrate cells and compare processing	2026-09-12T22:04:19.9108470Z    |
compare	Build, verify native launch, calibrate cells and compare processing	2026-09-12T22:04:19.9109357Z 75 | pub struct GlyphAtlas {
compare	Build, verify native launch, calibrate cells and compare processing	2026-09-12T22:04:19.9110019Z    |            ---------- fields in this struct
compare	Build, verify native launch, calibrate cells and compare processing	2026-09-12T22:04:19.9110615Z ...
compare	Build, verify native launch, calibrate cells and compare processing	2026-09-12T22:04:19.9111080Z 89 |     pub descent: f32,
compare	Build, verify native launch, calibrate cells and compare processing	2026-09-12T22:04:19.9111432Z    |         ^^^^^^^
compare	Build, verify native launch, calibrate cells and compare processing	2026-09-12T22:04:19.9111741Z 90 |     font: Font,
compare	Build, verify native launch, calibrate cells and compare processing	2026-09-12T22:04:19.9112031Z    |     ^^^^
compare	Build, verify native launch, calibrate cells and compare processing	2026-09-12T22:04:19.9112306Z    |
compare	Build, verify native launch, calibrate cells and compare processing	2026-09-12T22:04:19.9112725Z    = note: `#[warn(dead_code)]` (part of `#[warn(unused)]`) on by default
compare	Build, verify native launch, calibrate cells and compare processing	2026-09-12T22:04:19.9113149Z 
compare	Build, verify native launch, calibrate cells and compare processing	2026-09-12T22:04:19.9113363Z warning: method `clear_and_resize` is never used
compare	Build, verify native launch, calibrate cells and compare processing	2026-09-12T22:04:19.9113837Z    --> src/glyph_atlas.rs:220:12
compare	Build, verify native launch, calibrate cells and compare processing	2026-09-12T22:04:19.9114197Z     |
compare	Build, verify native launch, calibrate cells and compare processing	2026-09-12T22:04:19.9114480Z 107 | impl GlyphAtlas {
compare	Build, verify native launch, calibrate cells and compare processing	2026-09-12T22:04:19.9114874Z     | --------------- method in this implementation
compare	Build, verify native launch, calibrate cells and compare processing	2026-09-12T22:04:19.9115738Z ...
compare	Build, verify native launch, calibrate cells and compare processing	2026-09-12T22:04:19.9116297Z 220 |     pub fn clear_and_resize(&mut self, new_font_size: f32) -> Result<(), GlyphAtlasError> {
compare	Build, verify native launch, calibrate cells and compare processing	2026-09-12T22:04:19.9116844Z     |            ^^^^^^^^^^^^^^^^
compare	Build, verify native launch, calibrate cells and compare processing	2026-09-12T22:04:19.9117080Z 
compare	Build, verify native launch, calibrate cells and compare processing	2026-09-12T22:04:19.9117245Z warning: field `blinking` is never read
compare	Build, verify native launch, calibrate cells and compare processing	2026-09-12T22:04:19.9117664Z    --> src/grid/mod.rs:118:9
compare	Build, verify native launch, calibrate cells and compare processing	2026-09-12T22:04:19.9118004Z     |
compare	Build, verify native launch, calibrate cells and compare processing	2026-09-12T22:04:19.9118293Z 116 | pub struct CursorStyle {
compare	Build, verify native launch, calibrate cells and compare processing	2026-09-12T22:04:19.9118700Z     |            ----------- field in this struct
compare	Build, verify native launch, calibrate cells and compare processing	2026-09-12T22:04:19.9119151Z 117 |     pub shape: CursorShape,
compare	Build, verify native launch, calibrate cells and compare processing	2026-09-12T22:04:19.9119549Z 118 |     pub blinking: bool,
compare	Build, verify native launch, calibrate cells and compare processing	2026-09-12T22:04:19.9119930Z     |         ^^^^^^^^
compare	Build, verify native launch, calibrate cells and compare processing	2026-09-12T22:04:19.9120251Z     |
compare	Build, verify native launch, calibrate cells and compare processing	2026-09-12T22:04:19.9130084Z     = note: `CursorStyle` has derived impls for the traits `Clone` and `Debug`, but these are intentionally ignored during dead code analysis
compare	Build, verify native launch, calibrate cells and compare processing	2026-09-12T22:04:19.9131062Z 
compare	Build, verify native launch, calibrate cells and compare processing	2026-09-12T22:04:19.9131524Z warning: methods `title_revision`, `scrollback_cell`, `clear_dirty`, and `is_any_dirty` are never used
compare	Build, verify native launch, calibrate cells and compare processing	2026-09-12T22:04:19.9132226Z     --> src/grid/mod.rs:365:19
compare	Build, verify native launch, calibrate cells and compare processing	2026-09-12T22:04:19.9132552Z      |
compare	Build, verify native launch, calibrate cells and compare processing	2026-09-12T22:04:19.9132813Z  228 | impl Grid {
compare	Build, verify native launch, calibrate cells and compare processing	2026-09-12T22:04:19.9133221Z      | --------- methods in this implementation
compare	Build, verify native launch, calibrate cells and compare processing	2026-09-12T22:04:19.9133603Z ...
compare	Build, verify native launch, calibrate cells and compare processing	2026-09-12T22:04:19.9134025Z  365 |     pub(crate) fn title_revision(&self) -> u64 { self.title_revision }
compare	Build, verify native launch, calibrate cells and compare processing	2026-09-12T22:04:19.9134569Z      |                   ^^^^^^^^^^^^^^
compare	Build, verify native launch, calibrate cells and compare processing	2026-09-12T22:04:19.9134905Z ...
compare	Build, verify native launch, calibrate cells and compare processing	2026-09-12T22:04:19.9135282Z  391 |     pub fn scrollback_cell(&self, row: usize, col: usize) -> char {
compare	Build, verify native launch, calibrate cells and compare processing	2026-09-12T22:04:19.9135797Z      |            ^^^^^^^^^^^^^^^
compare	Build, verify native launch, calibrate cells and compare processing	2026-09-12T22:04:19.9136114Z ...
compare	Build, verify native launch, calibrate cells and compare processing	2026-09-12T22:04:19.9136529Z 1505 |     pub fn clear_dirty(&mut self) { for d in &mut self.dirty { *d = false; } }
compare	Build, verify native launch, calibrate cells and compare processing	2026-09-12T22:04:19.9137063Z      |            ^^^^^^^^^^^
compare	Build, verify native launch, calibrate cells and compare processing	2026-09-12T22:04:19.9137527Z 1506 |     pub fn is_any_dirty(&self) -> bool { self.dirty.iter().any(|&d| d) }
compare	Build, verify native launch, calibrate cells and compare processing	2026-09-12T22:04:19.9138345Z      |            ^^^^^^^^^^^^
compare	Build, verify native launch, calibrate cells and compare processing	2026-09-12T22:04:19.9138563Z 
compare	Build, verify native launch, calibrate cells and compare processing	2026-09-12T22:04:19.9138704Z warning: method `text` is never used
compare	Build, verify native launch, calibrate cells and compare processing	2026-09-12T22:04:19.9139123Z   --> src/grid/cell.rs:48:12
compare	Build, verify native launch, calibrate cells and compare processing	2026-09-12T22:04:19.9139436Z    |
compare	Build, verify native launch, calibrate cells and compare processing	2026-09-12T22:04:19.9139675Z 47 | impl Cell {
compare	Build, verify native launch, calibrate cells and compare processing	2026-09-12T22:04:19.9139997Z    | --------- method in this implementation
compare	Build, verify native launch, calibrate cells and compare processing	2026-09-12T22:04:19.9140408Z 48 |     pub fn text(&self) -> Cow<'_, str> {
compare	Build, verify native launch, calibrate cells and compare processing	2026-09-12T22:04:19.9140994Z    |            ^^^^
compare	Build, verify native launch, calibrate cells and compare processing	2026-09-12T22:04:19.9141169Z 
compare	Build, verify native launch, calibrate cells and compare processing	2026-09-12T22:04:19.9141300Z warning: field `kind` is never read
compare	Build, verify native launch, calibrate cells and compare processing	2026-09-12T22:04:19.9141670Z   --> src/grid/marks.rs:11:9
compare	Build, verify native launch, calibrate cells and compare processing	2026-09-12T22:04:19.9141983Z    |
compare	Build, verify native launch, calibrate cells and compare processing	2026-09-12T22:04:19.9142266Z 10 | pub struct PromptMark {
compare	Build, verify native launch, calibrate cells and compare processing	2026-09-12T22:04:19.9142643Z    |            ---------- field in this struct
compare	Build, verify native launch, calibrate cells and compare processing	2026-09-12T22:04:19.9143057Z 11 |     pub kind: PromptMarkKind,
compare	Build, verify native launch, calibrate cells and compare processing	2026-09-12T22:04:19.9143402Z    |         ^^^^
compare	Build, verify native launch, calibrate cells and compare processing	2026-09-12T22:04:19.9143662Z    |
compare	Build, verify native launch, calibrate cells and compare processing	2026-09-12T22:04:19.9144357Z    = note: `PromptMark` has derived impls for the traits `Clone` and `Debug`, but these are intentionally ignored during dead code analysis
compare	Build, verify native launch, calibrate cells and compare processing	2026-09-12T22:04:19.9145077Z 
compare	Build, verify native launch, calibrate cells and compare processing	2026-09-12T22:04:19.9145469Z warning: methods `prev_prompt`, `next_prompt`, `visible_prompt_rows`, and `is_empty` are never used
compare	Build, verify native launch, calibrate cells and compare processing	2026-09-12T22:04:19.9146123Z   --> src/grid/marks.rs:34:12
compare	Build, verify native launch, calibrate cells and compare processing	2026-09-12T22:04:19.9146445Z    |
compare	Build, verify native launch, calibrate cells and compare processing	2026-09-12T22:04:19.9146705Z 20 | impl MarkIndex {
compare	Build, verify native launch, calibrate cells and compare processing	2026-09-12T22:04:19.9147062Z    | -------------- methods in this implementation
compare	Build, verify native launch, calibrate cells and compare processing	2026-09-12T22:04:19.9147475Z ...
compare	Build, verify native launch, calibrate cells and compare processing	2026-09-12T22:04:19.9147865Z 34 |     pub fn prev_prompt(&self, current_row: usize) -> Option<usize> {
compare	Build, verify native launch, calibrate cells and compare processing	2026-09-12T22:04:19.9148371Z    |            ^^^^^^^^^^^
compare	Build, verify native launch, calibrate cells and compare processing	2026-09-12T22:04:19.9148680Z ...
compare	Build, verify native launch, calibrate cells and compare processing	2026-09-12T22:04:19.9149052Z 48 |     pub fn next_prompt(&self, current_row: usize) -> Option<usize> {
compare	Build, verify native launch, calibrate cells and compare processing	2026-09-12T22:04:19.9149532Z    |            ^^^^^^^^^^^
compare	Build, verify native launch, calibrate cells and compare processing	2026-09-12T22:04:19.9149815Z ...
compare	Build, verify native launch, calibrate cells and compare processing	2026-09-12T22:04:19.9150074Z 58 |     pub fn visible_prompt_rows(
compare	Build, verify native launch, calibrate cells and compare processing	2026-09-12T22:04:19.9150427Z    |            ^^^^^^^^^^^^^^^^^^^
compare	Build, verify native launch, calibrate cells and compare processing	2026-09-12T22:04:19.9151194Z ...
compare	Build, verify native launch, calibrate cells and compare processing	2026-09-12T22:04:19.9151478Z 79 |     pub fn is_empty(&self) -> bool {
compare	Build, verify native launch, calibrate cells and compare processing	2026-09-12T22:04:19.9151857Z    |            ^^^^^^^^
compare	Build, verify native launch, calibrate cells and compare processing	2026-09-12T22:04:19.9152035Z 
compare	Build, verify native launch, calibrate cells and compare processing	2026-09-12T22:04:19.9152202Z warning: struct `KeyBind` is never constructed
compare	Build, verify native launch, calibrate cells and compare processing	2026-09-12T22:04:19.9152627Z   --> src/input/keybind.rs:15:12
compare	Build, verify native launch, calibrate cells and compare processing	2026-09-12T22:04:19.9152962Z    |
compare	Build, verify native launch, calibrate cells and compare processing	2026-09-12T22:04:19.9153220Z 15 | pub struct KeyBind {
compare	Build, verify native launch, calibrate cells and compare processing	2026-09-12T22:04:19.9153530Z    |            ^^^^^^^
compare	Build, verify native launch, calibrate cells and compare processing	2026-09-12T22:04:19.9153713Z 
compare	Build, verify native launch, calibrate cells and compare processing	2026-09-12T22:04:19.9153861Z warning: enum `PaneAction` is never used
compare	Build, verify native launch, calibrate cells and compare processing	2026-09-12T22:04:19.9154255Z   --> src/input/keybind.rs:21:10
compare	Build, verify native launch, calibrate cells and compare processing	2026-09-12T22:04:19.9154584Z    |
compare	Build, verify native launch, calibrate cells and compare processing	2026-09-12T22:04:19.9154857Z 21 | pub enum PaneAction {
compare	Build, verify native launch, calibrate cells and compare processing	2026-09-12T22:04:19.9155181Z    |          ^^^^^^^^^^
compare	Build, verify native launch, calibrate cells and compare processing	2026-09-12T22:04:19.9155360Z 
compare	Build, verify native launch, calibrate cells and compare processing	2026-09-12T22:04:19.9155540Z warning: struct `KeybindMap` is never constructed
compare	Build, verify native launch, calibrate cells and compare processing	2026-09-12T22:04:19.9155968Z   --> src/input/keybind.rs:40:12
compare	Build, verify native launch, calibrate cells and compare processing	2026-09-12T22:04:19.9156290Z    |
compare	Build, verify native launch, calibrate cells and compare processing	2026-09-12T22:04:19.9156552Z 40 | pub struct KeybindMap {
compare	Build, verify native launch, calibrate cells and compare processing	2026-09-12T22:04:19.9156886Z    |            ^^^^^^^^^^
compare	Build, verify native launch, calibrate cells and compare processing	2026-09-12T22:04:19.9157085Z 
compare	Build, verify native launch, calibrate cells and compare processing	2026-09-12T22:04:19.9157337Z warning: associated items `from_config` and `lookup` are never used
compare	Build, verify native launch, calibrate cells and compare processing	2026-09-12T22:04:19.9157862Z   --> src/input/keybind.rs:45:12
compare	Build, verify native launch, calibrate cells and compare processing	2026-09-12T22:04:19.9158199Z    |
compare	Build, verify native launch, calibrate cells and compare processing	2026-09-12T22:04:19.9158460Z 44 | impl KeybindMap {
compare	Build, verify native launch, calibrate cells and compare processing	2026-09-12T22:04:19.9158839Z    | --------------- associated items in this implementation
compare	Build, verify native launch, calibrate cells and compare processing	2026-09-12T22:04:19.9159376Z 45 |     pub fn from_config(config: &KeybindConfig) -> Self {
compare	Build, verify native launch, calibrate cells and compare processing	2026-09-12T22:04:19.9159820Z    |            ^^^^^^^^^^^
compare	Build, verify native launch, calibrate cells and compare processing	2026-09-12T22:04:19.9160128Z ...
compare	Build, verify native launch, calibrate cells and compare processing	2026-09-12T22:04:19.9160600Z 74 |     pub fn lookup(&self, key_code: u16, modifiers: KeyModifiers) -> Option<PaneAction> {
compare	Build, verify native launch, calibrate cells and compare processing	2026-09-12T22:04:19.9161342Z    |            ^^^^^^
compare	Build, verify native launch, calibrate cells and compare processing	2026-09-12T22:04:19.9161527Z 
compare	Build, verify native launch, calibrate cells and compare processing	2026-09-12T22:04:19.9161705Z warning: function `parse_keybind` is never used
compare	Build, verify native launch, calibrate cells and compare processing	2026-09-12T22:04:19.9162136Z   --> src/input/keybind.rs:84:4
compare	Build, verify native launch, calibrate cells and compare processing	2026-09-12T22:04:19.9162450Z    |
compare	Build, verify native launch, calibrate cells and compare processing	2026-09-12T22:04:19.9162792Z 84 | fn parse_keybind(s: &str) -> Option<KeyBind> {
compare	Build, verify native launch, calibrate cells and compare processing	2026-09-12T22:04:19.9171507Z    |    ^^^^^^^^^^^^^
compare	Build, verify native launch, calibrate cells and compare processing	2026-09-12T22:04:19.9171760Z 
compare	Build, verify native launch, calibrate cells and compare processing	2026-09-12T22:04:19.9171974Z warning: function `key_name_to_code` is never used
compare	Build, verify native launch, calibrate cells and compare processing	2026-09-12T22:04:19.9172436Z    --> src/input/keybind.rs:103:4
compare	Build, verify native launch, calibrate cells and compare processing	2026-09-12T22:04:19.9172783Z     |
compare	Build, verify native launch, calibrate cells and compare processing	2026-09-12T22:04:19.9173123Z 103 | fn key_name_to_code(name: &str) -> Option<u16> {
compare	Build, verify native launch, calibrate cells and compare processing	2026-09-12T22:04:19.9173561Z     |    ^^^^^^^^^^^^^^^^
compare	Build, verify native launch, calibrate cells and compare processing	2026-09-12T22:04:19.9173765Z 
compare	Build, verify native launch, calibrate cells and compare processing	2026-09-12T22:04:19.9173919Z warning: type alias `PaneId` is never used
compare	Build, verify native launch, calibrate cells and compare processing	2026-09-12T22:04:19.9174318Z  --> src/layout.rs:5:10
compare	Build, verify native launch, calibrate cells and compare processing	2026-09-12T22:04:19.9174619Z   |
compare	Build, verify native launch, calibrate cells and compare processing	2026-09-12T22:04:19.9174887Z 5 | pub type PaneId = u64;
compare	Build, verify native launch, calibrate cells and compare processing	2026-09-12T22:04:19.9175221Z   |          ^^^^^^
compare	Build, verify native launch, calibrate cells and compare processing	2026-09-12T22:04:19.9175382Z 
compare	Build, verify native launch, calibrate cells and compare processing	2026-09-12T22:04:19.9175561Z warning: constant `DIVIDER_THICKNESS` is never used
compare	Build, verify native launch, calibrate cells and compare processing	2026-09-12T22:04:19.9175995Z  --> src/layout.rs:7:11
compare	Build, verify native launch, calibrate cells and compare processing	2026-09-12T22:04:19.9176289Z   |
compare	Build, verify native launch, calibrate cells and compare processing	2026-09-12T22:04:19.9176647Z 7 | pub const DIVIDER_THICKNESS: f32 = 6.0;
compare	Build, verify native launch, calibrate cells and compare processing	2026-09-12T22:04:19.9177059Z   |           ^^^^^^^^^^^^^^^^^
compare	Build, verify native launch, calibrate cells and compare processing	2026-09-12T22:04:19.9177284Z 
compare	Build, verify native launch, calibrate cells and compare processing	2026-09-12T22:04:19.9177452Z warning: enum `SplitDirection` is never used
compare	Build, verify native launch, calibrate cells and compare processing	2026-09-12T22:04:19.9177867Z   --> src/layout.rs:10:10
compare	Build, verify native launch, calibrate cells and compare processing	2026-09-12T22:04:19.9178174Z    |
compare	Build, verify native launch, calibrate cells and compare processing	2026-09-12T22:04:19.9178443Z 10 | pub enum SplitDirection {
compare	Build, verify native launch, calibrate cells and compare processing	2026-09-12T22:04:19.9178791Z    |          ^^^^^^^^^^^^^^
compare	Build, verify native launch, calibrate cells and compare processing	2026-09-12T22:04:19.9178990Z 
compare	Build, verify native launch, calibrate cells and compare processing	2026-09-12T22:04:19.9179172Z warning: struct `PixelRect` is never constructed
compare	Build, verify native launch, calibrate cells and compare processing	2026-09-12T22:04:19.9179595Z   --> src/layout.rs:16:12
compare	Build, verify native launch, calibrate cells and compare processing	2026-09-12T22:04:19.9179903Z    |
compare	Build, verify native launch, calibrate cells and compare processing	2026-09-12T22:04:19.9180170Z 16 | pub struct PixelRect {
compare	Build, verify native launch, calibrate cells and compare processing	2026-09-12T22:04:19.9180493Z    |            ^^^^^^^^^
compare	Build, verify native launch, calibrate cells and compare processing	2026-09-12T22:04:19.9180693Z 
compare	Build, verify native launch, calibrate cells and compare processing	2026-09-12T22:04:19.9181137Z warning: associated items `ZERO`, `split`, and `contains` are never used
compare	Build, verify native launch, calibrate cells and compare processing	2026-09-12T22:04:19.9181680Z   --> src/layout.rs:24:15
compare	Build, verify native launch, calibrate cells and compare processing	2026-09-12T22:04:19.9181988Z    |
compare	Build, verify native launch, calibrate cells and compare processing	2026-09-12T22:04:19.9182239Z 23 | impl PixelRect {
compare	Build, verify native launch, calibrate cells and compare processing	2026-09-12T22:04:19.9182626Z    | -------------- associated items in this implementation
compare	Build, verify native launch, calibrate cells and compare processing	2026-09-12T22:04:19.9183341Z 24 |     pub const ZERO: Self = Self {
compare	Build, verify native launch, calibrate cells and compare processing	2026-09-12T22:04:19.9183704Z    |               ^^^^
compare	Build, verify native launch, calibrate cells and compare processing	2026-09-12T22:04:19.9183992Z ...
compare	Build, verify native launch, calibrate cells and compare processing	2026-09-12T22:04:19.9184488Z 31 |     pub fn split(self, direction: SplitDirection, ratio: f32) -> (PixelRect, PixelRect) {
compare	Build, verify native launch, calibrate cells and compare processing	2026-09-12T22:04:19.9185085Z    |            ^^^^^
compare	Build, verify native launch, calibrate cells and compare processing	2026-09-12T22:04:19.9185363Z ...
compare	Build, verify native launch, calibrate cells and compare processing	2026-09-12T22:04:19.9185680Z 69 |     pub fn contains(&self, x: f32, y: f32) -> bool {
compare	Build, verify native launch, calibrate cells and compare processing	2026-09-12T22:04:19.9186102Z    |            ^^^^^^^^
compare	Build, verify native launch, calibrate cells and compare processing	2026-09-12T22:04:19.9186301Z 
compare	Build, verify native launch, calibrate cells and compare processing	2026-09-12T22:04:19.9186475Z warning: struct `DividerInfo` is never constructed
compare	Build, verify native launch, calibrate cells and compare processing	2026-09-12T22:04:19.9186900Z   --> src/layout.rs:75:12
compare	Build, verify native launch, calibrate cells and compare processing	2026-09-12T22:04:19.9187195Z    |
compare	Build, verify native launch, calibrate cells and compare processing	2026-09-12T22:04:19.9187467Z 75 | pub struct DividerInfo {
compare	Build, verify native launch, calibrate cells and compare processing	2026-09-12T22:04:19.9187794Z    |            ^^^^^^^^^^^
compare	Build, verify native launch, calibrate cells and compare processing	2026-09-12T22:04:19.9187984Z 
compare	Build, verify native launch, calibrate cells and compare processing	2026-09-12T22:04:19.9188162Z warning: function `compute_layout` is never used
compare	Build, verify native launch, calibrate cells and compare processing	2026-09-12T22:04:19.9188601Z   --> src/layout.rs:84:8
compare	Build, verify native launch, calibrate cells and compare processing	2026-09-12T22:04:19.9188905Z    |
compare	Build, verify native launch, calibrate cells and compare processing	2026-09-12T22:04:19.9189161Z 84 | pub fn compute_layout(
compare	Build, verify native launch, calibrate cells and compare processing	2026-09-12T22:04:19.9189470Z    |        ^^^^^^^^^^^^^^
compare	Build, verify native launch, calibrate cells and compare processing	2026-09-12T22:04:19.9189671Z 
compare	Build, verify native launch, calibrate cells and compare processing	2026-09-12T22:04:19.9189839Z warning: function `node_contains` is never used
compare	Build, verify native launch, calibrate cells and compare processing	2026-09-12T22:04:19.9190262Z    --> src/layout.rs:131:4
compare	Build, verify native launch, calibrate cells and compare processing	2026-09-12T22:04:19.9190555Z     |
compare	Build, verify native launch, calibrate cells and compare processing	2026-09-12T22:04:19.9191061Z 131 | fn node_contains(node: &PaneNode, id: PaneId) -> bool {
compare	Build, verify native launch, calibrate cells and compare processing	2026-09-12T22:04:19.9191527Z     |    ^^^^^^^^^^^^^
compare	Build, verify native launch, calibrate cells and compare processing	2026-09-12T22:04:19.9191700Z 
compare	Build, verify native launch, calibrate cells and compare processing	2026-09-12T22:04:19.9191841Z warning: enum `PaneNode` is never used
compare	Build, verify native launch, calibrate cells and compare processing	2026-09-12T22:04:19.9192228Z  --> src/layout/tree.rs:3:10
compare	Build, verify native launch, calibrate cells and compare processing	2026-09-12T22:04:19.9192542Z   |
compare	Build, verify native launch, calibrate cells and compare processing	2026-09-12T22:04:19.9192805Z 3 | pub enum PaneNode {
compare	Build, verify native launch, calibrate cells and compare processing	2026-09-12T22:04:19.9193100Z   |          ^^^^^^^^
compare	Build, verify native launch, calibrate cells and compare processing	2026-09-12T22:04:19.9193286Z 
compare	Build, verify native launch, calibrate cells and compare processing	2026-09-12T22:04:19.9193843Z warning: associated items `split_leaf`, `remove_leaf`, `adjust_ratio`, `contains`, `collect_leaf_ids`, and `is_single_leaf` are never used
compare	Build, verify native launch, calibrate cells and compare processing	2026-09-12T22:04:19.9194674Z    --> src/layout/tree.rs:16:12
compare	Build, verify native launch, calibrate cells and compare processing	2026-09-12T22:04:19.9195006Z     |
compare	Build, verify native launch, calibrate cells and compare processing	2026-09-12T22:04:19.9195531Z  13 | impl PaneNode {
compare	Build, verify native launch, calibrate cells and compare processing	2026-09-12T22:04:19.9195887Z     | ------------- associated items in this implementation
compare	Build, verify native launch, calibrate cells and compare processing	2026-09-12T22:04:19.9196307Z ...
compare	Build, verify native launch, calibrate cells and compare processing	2026-09-12T22:04:19.9196565Z  16 |     pub fn split_leaf(
compare	Build, verify native launch, calibrate cells and compare processing	2026-09-12T22:04:19.9196887Z     |            ^^^^^^^^^^
compare	Build, verify native launch, calibrate cells and compare processing	2026-09-12T22:04:19.9197187Z ...
compare	Build, verify native launch, calibrate cells and compare processing	2026-09-12T22:04:19.9197532Z  44 |     pub fn remove_leaf(&mut self, target_id: PaneId) -> bool {
compare	Build, verify native launch, calibrate cells and compare processing	2026-09-12T22:04:19.9197987Z     |            ^^^^^^^^^^^
compare	Build, verify native launch, calibrate cells and compare processing	2026-09-12T22:04:19.9198283Z ...
compare	Build, verify native launch, calibrate cells and compare processing	2026-09-12T22:04:19.9198710Z  72 |     pub fn adjust_ratio(&mut self, target_id: PaneId, delta: f32) -> bool {
compare	Build, verify native launch, calibrate cells and compare processing	2026-09-12T22:04:19.9199237Z     |            ^^^^^^^^^^^^
compare	Build, verify native launch, calibrate cells and compare processing	2026-09-12T22:04:19.9199544Z ...
compare	Build, verify native launch, calibrate cells and compare processing	2026-09-12T22:04:19.9199901Z 104 |     pub fn contains(node: &PaneNode, id: PaneId) -> bool {
compare	Build, verify native launch, calibrate cells and compare processing	2026-09-12T22:04:19.9200358Z     |            ^^^^^^^^
compare	Build, verify native launch, calibrate cells and compare processing	2026-09-12T22:04:19.9200643Z ...
compare	Build, verify native launch, calibrate cells and compare processing	2026-09-12T22:04:19.9201141Z 113 |     pub fn collect_leaf_ids(&self, out: &mut Vec<PaneId>) {
compare	Build, verify native launch, calibrate cells and compare processing	2026-09-12T22:04:19.9201621Z     |            ^^^^^^^^^^^^^^^^
compare	Build, verify native launch, calibrate cells and compare processing	2026-09-12T22:04:19.9201949Z ...
compare	Build, verify native launch, calibrate cells and compare processing	2026-09-12T22:04:19.9202239Z 123 |     pub fn is_single_leaf(&self) -> bool {
compare	Build, verify native launch, calibrate cells and compare processing	2026-09-12T22:04:19.9202645Z     |            ^^^^^^^^^^^^^^
compare	Build, verify native launch, calibrate cells and compare processing	2026-09-12T22:04:19.9202864Z 
compare	Build, verify native launch, calibrate cells and compare processing	2026-09-12T22:04:19.9203010Z warning: enum `Action` is never used
compare	Build, verify native launch, calibrate cells and compare processing	2026-09-12T22:04:19.9203388Z  --> src/parser/mod.rs:6:10
compare	Build, verify native launch, calibrate cells and compare processing	2026-09-12T22:04:19.9203702Z   |
compare	Build, verify native launch, calibrate cells and compare processing	2026-09-12T22:04:19.9203967Z 6 | pub enum Action {
compare	Build, verify native launch, calibrate cells and compare processing	2026-09-12T22:04:19.9204265Z   |          ^^^^^^
compare	Build, verify native launch, calibrate cells and compare processing	2026-09-12T22:04:19.9204437Z 
compare	Build, verify native launch, calibrate cells and compare processing	2026-09-12T22:04:19.9204566Z warning: method `feed` is never used
compare	Build, verify native launch, calibrate cells and compare processing	2026-09-12T22:04:19.9204946Z    --> src/parser/ansi.rs:113:12
compare	Build, verify native launch, calibrate cells and compare processing	2026-09-12T22:04:19.9205291Z     |
compare	Build, verify native launch, calibrate cells and compare processing	2026-09-12T22:04:19.9205543Z  77 | impl Parser {
compare	Build, verify native launch, calibrate cells and compare processing	2026-09-12T22:04:19.9205868Z     | ----------- method in this implementation
compare	Build, verify native launch, calibrate cells and compare processing	2026-09-12T22:04:19.9206271Z ...
compare	Build, verify native launch, calibrate cells and compare processing	2026-09-12T22:04:19.9206610Z 113 |     pub fn feed(&mut self, input: &[u8], grid: &mut Grid) {
compare	Build, verify native launch, calibrate cells and compare processing	2026-09-12T22:04:19.9207047Z     |            ^^^^
compare	Build, verify native launch, calibrate cells and compare processing	2026-09-12T22:04:19.9207410Z 
compare	Build, verify native launch, calibrate cells and compare processing	2026-09-12T22:04:19.9207619Z warning: methods `master_fd` and `resize` are never used
compare	Build, verify native launch, calibrate cells and compare processing	2026-09-12T22:04:19.9208098Z    --> src/pty/unix.rs:178:12
compare	Build, verify native launch, calibrate cells and compare processing	2026-09-12T22:04:19.9208417Z     |
compare	Build, verify native launch, calibrate cells and compare processing	2026-09-12T22:04:19.9208673Z  35 | impl Pty {
compare	Build, verify native launch, calibrate cells and compare processing	2026-09-12T22:04:19.9208993Z     | -------- methods in this implementation
compare	Build, verify native launch, calibrate cells and compare processing	2026-09-12T22:04:19.9209370Z ...
compare	Build, verify native launch, calibrate cells and compare processing	2026-09-12T22:04:19.9209654Z 178 |     pub fn master_fd(&self) -> RawFd {
compare	Build, verify native launch, calibrate cells and compare processing	2026-09-12T22:04:19.9210040Z     |            ^^^^^^^^^
compare	Build, verify native launch, calibrate cells and compare processing	2026-09-12T22:04:19.9210348Z ...
compare	Build, verify native launch, calibrate cells and compare processing	2026-09-12T22:04:19.9215444Z 243 |     pub fn resize(&self, cols: u16, rows: u16) -> std::io::Result<()> {
compare	Build, verify native launch, calibrate cells and compare processing	2026-09-12T22:04:19.9215995Z     |            ^^^^^^
compare	Build, verify native launch, calibrate cells and compare processing	2026-09-12T22:04:19.9216179Z 
compare	Build, verify native launch, calibrate cells and compare processing	2026-09-12T22:04:19.9216390Z warning: struct `PaneRenderData` is never constructed
compare	Build, verify native launch, calibrate cells and compare processing	2026-09-12T22:04:19.9216855Z  --> src/render_scene.rs:5:12
compare	Build, verify native launch, calibrate cells and compare processing	2026-09-12T22:04:19.9217180Z   |
compare	Build, verify native launch, calibrate cells and compare processing	2026-09-12T22:04:19.9217459Z 5 | pub struct PaneRenderData<'a> {
compare	Build, verify native launch, calibrate cells and compare processing	2026-09-12T22:04:19.9217822Z   |            ^^^^^^^^^^^^^^
compare	Build, verify native launch, calibrate cells and compare processing	2026-09-12T22:04:19.9218056Z 
compare	Build, verify native launch, calibrate cells and compare processing	2026-09-12T22:04:19.9218275Z warning: struct `ConfirmOverlayInfo` is never constructed
compare	Build, verify native launch, calibrate cells and compare processing	2026-09-12T22:04:19.9218755Z   --> src/render_scene.rs:16:12
compare	Build, verify native launch, calibrate cells and compare processing	2026-09-12T22:04:19.9219097Z    |
compare	Build, verify native launch, calibrate cells and compare processing	2026-09-12T22:04:19.9219379Z 16 | pub struct ConfirmOverlayInfo {
compare	Build, verify native launch, calibrate cells and compare processing	2026-09-12T22:04:19.9219752Z    |            ^^^^^^^^^^^^^^^^^^
compare	Build, verify native launch, calibrate cells and compare processing	2026-09-12T22:04:19.9219977Z 
compare	Build, verify native launch, calibrate cells and compare processing	2026-09-12T22:04:19.9220164Z warning: struct `ChromeColors` is never constructed
compare	Build, verify native launch, calibrate cells and compare processing	2026-09-12T22:04:19.9220593Z   --> src/render_scene.rs:23:12
compare	Build, verify native launch, calibrate cells and compare processing	2026-09-12T22:04:19.9221154Z    |
compare	Build, verify native launch, calibrate cells and compare processing	2026-09-12T22:04:19.9221420Z 23 | pub struct ChromeColors {
compare	Build, verify native launch, calibrate cells and compare processing	2026-09-12T22:04:19.9221751Z    |            ^^^^^^^^^^^^
compare	Build, verify native launch, calibrate cells and compare processing	2026-09-12T22:04:19.9221950Z 
compare	Build, verify native launch, calibrate cells and compare processing	2026-09-12T22:04:19.9222145Z warning: methods `contains` and `get_text` are never used
compare	Build, verify native launch, calibrate cells and compare processing	2026-09-12T22:04:19.9222608Z    --> src/selection.rs:85:12
compare	Build, verify native launch, calibrate cells and compare processing	2026-09-12T22:04:19.9222917Z     |
compare	Build, verify native launch, calibrate cells and compare processing	2026-09-12T22:04:19.9223176Z  32 | impl SelectionState {
compare	Build, verify native launch, calibrate cells and compare processing	2026-09-12T22:04:19.9223565Z     | ------------------- methods in this implementation
compare	Build, verify native launch, calibrate cells and compare processing	2026-09-12T22:04:19.9223971Z ...
compare	Build, verify native launch, calibrate cells and compare processing	2026-09-12T22:04:19.9224479Z  85 |     pub fn contains(
compare	Build, verify native launch, calibrate cells and compare processing	2026-09-12T22:04:19.9224796Z     |            ^^^^^^^^
compare	Build, verify native launch, calibrate cells and compare processing	2026-09-12T22:04:19.9225075Z ...
compare	Build, verify native launch, calibrate cells and compare processing	2026-09-12T22:04:19.9225390Z 145 |     pub fn get_text(&self, grid: &Grid) -> String {
compare	Build, verify native launch, calibrate cells and compare processing	2026-09-12T22:04:19.9225817Z     |            ^^^^^^^^
compare	Build, verify native launch, calibrate cells and compare processing	2026-09-12T22:04:19.9226006Z 
compare	Build, verify native launch, calibrate cells and compare processing	2026-09-12T22:04:19.9226254Z warning: variant `UnexpectedProtocolEvent` is never constructed
compare	Build, verify native launch, calibrate cells and compare processing	2026-09-12T22:04:19.9226778Z   --> src/terminal_reader.rs:53:5
compare	Build, verify native launch, calibrate cells and compare processing	2026-09-12T22:04:19.9227114Z    |
compare	Build, verify native launch, calibrate cells and compare processing	2026-09-12T22:04:19.9227377Z 45 | pub(crate) enum ReaderExit {
compare	Build, verify native launch, calibrate cells and compare processing	2026-09-12T22:04:19.9227767Z    |                 ---------- variant in this enum
compare	Build, verify native launch, calibrate cells and compare processing	2026-09-12T22:04:19.9228166Z ...
compare	Build, verify native launch, calibrate cells and compare processing	2026-09-12T22:04:19.9228445Z 53 |     UnexpectedProtocolEvent,
compare	Build, verify native launch, calibrate cells and compare processing	2026-09-12T22:04:19.9228792Z    |     ^^^^^^^^^^^^^^^^^^^^^^^
compare	Build, verify native launch, calibrate cells and compare processing	2026-09-12T22:04:19.9229099Z    |
compare	Build, verify native launch, calibrate cells and compare processing	2026-09-12T22:04:19.9229736Z    = note: `ReaderExit` has a derived impl for the trait `Debug`, but this is intentionally ignored during dead code analysis
compare	Build, verify native launch, calibrate cells and compare processing	2026-09-12T22:04:19.9230371Z 
compare	Build, verify native launch, calibrate cells and compare processing	2026-09-12T22:04:19.9230861Z warning: associated functions `spawn_text` and `spawn_with_io` are never used
compare	Build, verify native launch, calibrate cells and compare processing	2026-09-12T22:04:19.9231448Z    --> src/terminal_reader.rs:64:19
compare	Build, verify native launch, calibrate cells and compare processing	2026-09-12T22:04:19.9231803Z     |
compare	Build, verify native launch, calibrate cells and compare processing	2026-09-12T22:04:19.9232067Z  63 | impl TerminalReader {
compare	Build, verify native launch, calibrate cells and compare processing	2026-09-12T22:04:19.9232508Z     | ------------------- associated functions in this implementation
compare	Build, verify native launch, calibrate cells and compare processing	2026-09-12T22:04:19.9233013Z  64 |     pub(crate) fn spawn_text<U, X>(
compare	Build, verify native launch, calibrate cells and compare processing	2026-09-12T22:04:19.9233405Z     |                   ^^^^^^^^^^
compare	Build, verify native launch, calibrate cells and compare processing	2026-09-12T22:04:19.9233765Z ...
compare	Build, verify native launch, calibrate cells and compare processing	2026-09-12T22:04:19.9234036Z 111 |     fn spawn_with_io<I, U, X>(
compare	Build, verify native launch, calibrate cells and compare processing	2026-09-12T22:04:19.9234388Z     |        ^^^^^^^^^^^^^
compare	Build, verify native launch, calibrate cells and compare processing	2026-09-12T22:04:19.9234576Z 
compare	Build, verify native launch, calibrate cells and compare processing	2026-09-12T22:04:19.9234746Z warning: struct `Vertex` is never constructed
compare	Build, verify native launch, calibrate cells and compare processing	2026-09-12T22:04:19.9235169Z   --> src/renderer/mod.rs:21:12
compare	Build, verify native launch, calibrate cells and compare processing	2026-09-12T22:04:19.9235495Z    |
compare	Build, verify native launch, calibrate cells and compare processing	2026-09-12T22:04:19.9235745Z 21 | pub struct Vertex {
compare	Build, verify native launch, calibrate cells and compare processing	2026-09-12T22:04:19.9236041Z    |            ^^^^^^
compare	Build, verify native launch, calibrate cells and compare processing	2026-09-12T22:04:19.9236225Z 
compare	Build, verify native launch, calibrate cells and compare processing	2026-09-12T22:04:19.9236586Z warning: associated function `new` is never used
compare	Build, verify native launch, calibrate cells and compare processing	2026-09-12T22:04:19.9237032Z   --> src/renderer/mod.rs:29:12
compare	Build, verify native launch, calibrate cells and compare processing	2026-09-12T22:04:19.9237360Z    |
compare	Build, verify native launch, calibrate cells and compare processing	2026-09-12T22:04:19.9237618Z 28 | impl Vertex {
compare	Build, verify native launch, calibrate cells and compare processing	2026-09-12T22:04:19.9237992Z    | ----------- associated function in this implementation
compare	Build, verify native launch, calibrate cells and compare processing	2026-09-12T22:04:19.9238574Z 29 |     pub fn new(x: f32, y: f32, u: f32, v: f32, fg: u32, bg: u32) -> Self {
compare	Build, verify native launch, calibrate cells and compare processing	2026-09-12T22:04:19.9239057Z    |            ^^^
compare	Build, verify native launch, calibrate cells and compare processing	2026-09-12T22:04:19.9239237Z 
compare	Build, verify native launch, calibrate cells and compare processing	2026-09-12T22:04:19.9239424Z warning: function `box_drawing_lines` is never used
compare	Build, verify native launch, calibrate cells and compare processing	2026-09-12T22:04:19.9239872Z  --> src/renderer/box_drawing.rs:4:8
compare	Build, verify native launch, calibrate cells and compare processing	2026-09-12T22:04:19.9240209Z   |
compare	Build, verify native launch, calibrate cells and compare processing	2026-09-12T22:04:19.9240636Z 4 | pub fn box_drawing_lines(c: char, w: f32, h: f32) -> Option<Vec<(f32, f32, f32, f32)>> {
compare	Build, verify native launch, calibrate cells and compare processing	2026-09-12T22:04:19.9241387Z   |        ^^^^^^^^^^^^^^^^^
compare	Build, verify native launch, calibrate cells and compare processing	2026-09-12T22:04:19.9241591Z 
compare	Build, verify native launch, calibrate cells and compare processing	2026-09-12T22:04:19.9241766Z warning: function `is_box_drawing` is never used
compare	Build, verify native launch, calibrate cells and compare processing	2026-09-12T22:04:19.9242201Z    --> src/renderer/box_drawing.rs:124:8
compare	Build, verify native launch, calibrate cells and compare processing	2026-09-12T22:04:19.9242586Z     |
compare	Build, verify native launch, calibrate cells and compare processing	2026-09-12T22:04:19.9242895Z 124 | pub fn is_box_drawing(c: char) -> bool {
compare	Build, verify native launch, calibrate cells and compare processing	2026-09-12T22:04:19.9243284Z     |        ^^^^^^^^^^^^^^
compare	Build, verify native launch, calibrate cells and compare processing	2026-09-12T22:04:19.9243492Z 
compare	Build, verify native launch, calibrate cells and compare processing	2026-09-12T22:04:19.9243647Z warning: function `is_braille` is never used
compare	Build, verify native launch, calibrate cells and compare processing	2026-09-12T22:04:19.9244062Z  --> src/renderer/braille.rs:2:8
compare	Build, verify native launch, calibrate cells and compare processing	2026-09-12T22:04:19.9244394Z   |
compare	Build, verify native launch, calibrate cells and compare processing	2026-09-12T22:04:19.9244676Z 2 | pub fn is_braille(c: char) -> bool {
compare	Build, verify native launch, calibrate cells and compare processing	2026-09-12T22:04:19.9245055Z   |        ^^^^^^^^^^
compare	Build, verify native launch, calibrate cells and compare processing	2026-09-12T22:04:19.9245232Z 
compare	Build, verify native launch, calibrate cells and compare processing	2026-09-12T22:04:19.9245403Z warning: function `braille_dots` is never used
compare	Build, verify native launch, calibrate cells and compare processing	2026-09-12T22:04:19.9245825Z   --> src/renderer/braille.rs:12:8
compare	Build, verify native launch, calibrate cells and compare processing	2026-09-12T22:04:19.9246171Z    |
compare	Build, verify native launch, calibrate cells and compare processing	2026-09-12T22:04:19.9246481Z 12 | pub fn braille_dots(c: char) -> Vec<(u8, u8)> {
compare	Build, verify native launch, calibrate cells and compare processing	2026-09-12T22:04:19.9246898Z    |        ^^^^^^^^^^^^
compare	Build, verify native launch, calibrate cells and compare processing	2026-09-12T22:04:19.9247104Z 
compare	Build, verify native launch, calibrate cells and compare processing	2026-09-12T22:04:19.9247283Z warning: variant `Unsupported` is never constructed
compare	Build, verify native launch, calibrate cells and compare processing	2026-09-12T22:04:19.9247753Z   --> src/renderer/image_animation.rs:20:5
compare	Build, verify native launch, calibrate cells and compare processing	2026-09-12T22:04:19.9248124Z    |
compare	Build, verify native launch, calibrate cells and compare processing	2026-09-12T22:04:19.9248596Z 19 | pub enum AnimationError {
compare	Build, verify native launch, calibrate cells and compare processing	2026-09-12T22:04:19.9248964Z    |          -------------- variant in this enum
compare	Build, verify native launch, calibrate cells and compare processing	2026-09-12T22:04:19.9249369Z 20 |     Unsupported,
compare	Build, verify native launch, calibrate cells and compare processing	2026-09-12T22:04:19.9249660Z    |     ^^^^^^^^^^^
compare	Build, verify native launch, calibrate cells and compare processing	2026-09-12T22:04:19.9249934Z    |
compare	Build, verify native launch, calibrate cells and compare processing	2026-09-12T22:04:19.9250681Z    = note: `AnimationError` has derived impls for the traits `Debug` and `Clone`, but these are intentionally ignored during dead code analysis
compare	Build, verify native launch, calibrate cells and compare processing	2026-09-12T22:04:19.9251563Z 
compare	Build, verify native launch, calibrate cells and compare processing	2026-09-12T22:04:28.0338315Z warning: `kokuban` (bin "kokuban") generated 39 warnings
compare	Build, verify native launch, calibrate cells and compare processing	2026-09-12T22:04:28.0338833Z     Finished `release` profile [optimized] target(s) in 1m 22s
compare	Build, verify native launch, calibrate cells and compare processing	2026-09-12T22:04:50.0977012Z could not load cursor 'dnd-copy'
compare	Build, verify native launch, calibrate cells and compare processing	2026-09-12T22:04:50.0977558Z could not load cursor 'dnd-none'
compare	Build, verify native launch, calibrate cells and compare processing	2026-09-12T22:04:50.0987448Z could not load cursor 'dnd-copy'
compare	Build, verify native launch, calibrate cells and compare processing	2026-09-12T22:04:50.0987879Z could not load cursor 'dnd-none'
compare	Build, verify native launch, calibrate cells and compare processing	2026-09-12T22:04:50.6782846Z cell calibration baseline: kokuban
compare	Build, verify native launch, calibrate cells and compare processing	2026-09-12T22:04:51.8004819Z cell calibration baseline: ghostty
compare	Build, verify native launch, calibrate cells and compare processing	2026-09-12T22:04:53.9227945Z cell calibration baseline: alacritty
compare	Build, verify native launch, calibrate cells and compare processing	2026-09-12T22:04:55.1262700Z cell calibration baseline: kitty
compare	Build, verify native launch, calibrate cells and compare processing	2026-09-12T22:04:56.0109467Z dbus-daemon[10522]: [session uid=0 pid=10522 pidfd=5] Activating service name='org.freedesktop.systemd1' requested by ':1.7' (uid=0 pid=10582 comm="/usr/bin/kitty --config NONE --override font_famil" label="docker-default (enforce)")
compare	Build, verify native launch, calibrate cells and compare processing	2026-09-12T22:04:56.0138893Z dbus-daemon[10522]: [session uid=0 pid=10522 pidfd=5] Activated service 'org.freedesktop.systemd1' failed: Process org.freedesktop.systemd1 exited with status 1
compare	Build, verify native launch, calibrate cells and compare processing	2026-09-12T22:04:57.3297579Z cell calibration adjusted: kokuban
compare	Build, verify native launch, calibrate cells and compare processing	2026-09-12T22:04:58.4523646Z cell calibration adjusted: ghostty
compare	Build, verify native launch, calibrate cells and compare processing	2026-09-12T22:05:00.5749869Z cell calibration adjusted: alacritty
compare	Build, verify native launch, calibrate cells and compare processing	2026-09-12T22:05:01.8102535Z cell calibration adjusted: kitty
compare	Build, verify native launch, calibrate cells and compare processing	2026-09-12T22:05:02.0604558Z dbus-daemon[10522]: [session uid=0 pid=10522 pidfd=5] Activating service name='org.freedesktop.systemd1' requested by ':1.15' (uid=0 pid=10654 comm="/usr/bin/kitty --config NONE --override font_famil" label="docker-default (enforce)")
compare	Build, verify native launch, calibrate cells and compare processing	2026-09-12T22:05:02.0636395Z dbus-daemon[10522]: [session uid=0 pid=10522 pidfd=5] Activated service 'org.freedesktop.systemd1' failed: Process org.freedesktop.systemd1 exited with status 1
compare	Build, verify native launch, calibrate cells and compare processing	2026-09-12T22:05:03.3918586Z sample 1/5: kokuban
compare	Build, verify native launch, calibrate cells and compare processing	2026-09-12T22:05:10.2331853Z sample 1/5: ghostty
compare	Build, verify native launch, calibrate cells and compare processing	2026-09-12T22:05:22.5314888Z sample 1/5: alacritty
compare	Build, verify native launch, calibrate cells and compare processing	2026-09-12T22:05:28.6429841Z sample 1/5: kitty
compare	Build, verify native launch, calibrate cells and compare processing	2026-09-12T22:05:28.8940022Z dbus-daemon[10522]: [session uid=0 pid=10522 pidfd=5] Activating service name='org.freedesktop.systemd1' requested by ':1.23' (uid=0 pid=10727 comm="/usr/bin/kitty --config NONE --override font_famil" label="docker-default (enforce)")
compare	Build, verify native launch, calibrate cells and compare processing	2026-09-12T22:05:28.8969646Z dbus-daemon[10522]: [session uid=0 pid=10522 pidfd=5] Activated service 'org.freedesktop.systemd1' failed: Process org.freedesktop.systemd1 exited with status 1
compare	Build, verify native launch, calibrate cells and compare processing	2026-09-12T22:05:38.1062290Z sample 2/5: ghostty
compare	Build, verify native launch, calibrate cells and compare processing	2026-09-12T22:05:50.5059583Z sample 2/5: alacritty
compare	Build, verify native launch, calibrate cells and compare processing	2026-09-12T22:05:56.3509249Z sample 2/5: kitty
compare	Build, verify native launch, calibrate cells and compare processing	2026-09-12T22:05:56.6048247Z dbus-daemon[10522]: [session uid=0 pid=10522 pidfd=5] Activating service name='org.freedesktop.systemd1' requested by ':1.29' (uid=0 pid=10790 comm="/usr/bin/kitty --config NONE --override font_famil" label="docker-default (enforce)")
compare	Build, verify native launch, calibrate cells and compare processing	2026-09-12T22:05:56.6087681Z dbus-daemon[10522]: [session uid=0 pid=10522 pidfd=5] Activated service 'org.freedesktop.systemd1' failed: Process org.freedesktop.systemd1 exited with status 1
compare	Build, verify native launch, calibrate cells and compare processing	2026-09-12T22:06:05.9168268Z sample 2/5: kokuban
compare	Build, verify native launch, calibrate cells and compare processing	2026-09-12T22:06:12.7708566Z sample 3/5: alacritty
compare	Build, verify native launch, calibrate cells and compare processing	2026-09-12T22:06:18.8672711Z sample 3/5: kitty
compare	Build, verify native launch, calibrate cells and compare processing	2026-09-12T22:06:19.1186938Z dbus-daemon[10522]: [session uid=0 pid=10522 pidfd=5] Activating service name='org.freedesktop.systemd1' requested by ':1.35' (uid=0 pid=10840 comm="/usr/bin/kitty --config NONE --override font_famil" label="docker-default (enforce)")
compare	Build, verify native launch, calibrate cells and compare processing	2026-09-12T22:06:19.1232090Z dbus-daemon[10522]: [session uid=0 pid=10522 pidfd=5] Activated service 'org.freedesktop.systemd1' failed: Process org.freedesktop.systemd1 exited with status 1
compare	Build, verify native launch, calibrate cells and compare processing	2026-09-12T22:06:28.1300071Z sample 3/5: kokuban
compare	Build, verify native launch, calibrate cells and compare processing	2026-09-12T22:06:35.0236189Z sample 3/5: ghostty
compare	Build, verify native launch, calibrate cells and compare processing	2026-09-12T22:06:47.7196826Z sample 4/5: kitty
compare	Build, verify native launch, calibrate cells and compare processing	2026-09-12T22:06:47.9724704Z dbus-daemon[10522]: [session uid=0 pid=10522 pidfd=5] Activating service name='org.freedesktop.systemd1' requested by ':1.41' (uid=0 pid=10894 comm="/usr/bin/kitty --config NONE --override font_famil" label="docker-default (enforce)")
compare	Build, verify native launch, calibrate cells and compare processing	2026-09-12T22:06:47.9762803Z dbus-daemon[10522]: [session uid=0 pid=10522 pidfd=5] Activated service 'org.freedesktop.systemd1' failed: Process org.freedesktop.systemd1 exited with status 1
compare	Build, verify native launch, calibrate cells and compare processing	2026-09-12T22:06:57.2012498Z sample 4/5: kokuban
compare	Build, verify native launch, calibrate cells and compare processing	2026-09-12T22:07:04.0222830Z sample 4/5: ghostty
compare	Build, verify native launch, calibrate cells and compare processing	2026-09-12T22:07:16.3698689Z sample 4/5: alacritty
compare	Build, verify native launch, calibrate cells and compare processing	2026-09-12T22:07:22.2815217Z sample 5/5: kokuban
compare	Build, verify native launch, calibrate cells and compare processing	2026-09-12T22:07:29.1360207Z sample 5/5: ghostty
compare	Build, verify native launch, calibrate cells and compare processing	2026-09-12T22:07:41.5308149Z sample 5/5: alacritty
compare	Build, verify native launch, calibrate cells and compare processing	2026-09-12T22:07:47.6142035Z sample 5/5: kitty
compare	Build, verify native launch, calibrate cells and compare processing	2026-09-12T22:07:47.8663212Z dbus-daemon[10522]: [session uid=0 pid=10522 pidfd=5] Activating service name='org.freedesktop.systemd1' requested by ':1.55' (uid=0 pid=11017 comm="/usr/bin/kitty --config NONE --override font_famil" label="docker-default (enforce)")
compare	Build, verify native launch, calibrate cells and compare processing	2026-09-12T22:07:47.8697923Z dbus-daemon[10522]: [session uid=0 pid=10522 pidfd=5] Activated service 'org.freedesktop.systemd1' failed: Process org.freedesktop.systemd1 exited with status 1
compare	Build, verify native launch, calibrate cells and compare processing	2026-09-12T22:07:57.1727885Z {
compare	Build, verify native launch, calibrate cells and compare processing	2026-09-12T22:07:57.1729635Z   "report": "/evidence/measurements/report.json",
compare	Build, verify native launch, calibrate cells and compare processing	2026-09-12T22:07:57.1730150Z   "comparability": {
compare	Build, verify native launch, calibrate cells and compare processing	2026-09-12T22:07:57.1730414Z     "geometry_and_history_checks_passed": true,
compare	Build, verify native launch, calibrate cells and compare processing	2026-09-12T22:07:57.1730928Z     "reasons": [],
compare	Build, verify native launch, calibrate cells and compare processing	2026-09-12T22:07:57.1731216Z     "geometries_rows_cols_pixels": [
compare	Build, verify native launch, calibrate cells and compare processing	2026-09-12T22:07:57.1731469Z       [
compare	Build, verify native launch, calibrate cells and compare processing	2026-09-12T22:07:57.1731650Z         24,
compare	Build, verify native launch, calibrate cells and compare processing	2026-09-12T22:07:57.1731829Z         80,
compare	Build, verify native launch, calibrate cells and compare processing	2026-09-12T22:07:57.1732006Z         720,
compare	Build, verify native launch, calibrate cells and compare processing	2026-09-12T22:07:57.1732184Z         408
compare	Build, verify native launch, calibrate cells and compare processing	2026-09-12T22:07:57.1732644Z       ]
compare	Build, verify native launch, calibrate cells and compare processing	2026-09-12T22:07:57.1732827Z     ],
compare	Build, verify native launch, calibrate cells and compare processing	2026-09-12T22:07:57.1733042Z     "rendering_equivalence_verified": false,
compare	Build, verify native launch, calibrate cells and compare processing	2026-09-12T22:07:57.1733331Z     "rendering_limitations": [
compare	Build, verify native launch, calibrate cells and compare processing	2026-09-12T22:07:57.1733702Z       "DSR validates the final marker reply, not workload text or rendered pixels",
compare	Build, verify native launch, calibrate cells and compare processing	2026-09-12T22:07:57.1734311Z       "Unicode grapheme and font fallback fidelity must be checked separately from this throughput workload",
compare	Build, verify native launch, calibrate cells and compare processing	2026-09-12T22:07:57.1734919Z       "Installed fallback fonts can differ between terminals and affect rendered output"
compare	Build, verify native launch, calibrate cells and compare processing	2026-09-12T22:07:57.1735314Z     ],
compare	Build, verify native launch, calibrate cells and compare processing	2026-09-12T22:07:57.1735500Z     "ranking": null,
compare	Build, verify native launch, calibrate cells and compare processing	2026-09-12T22:07:57.1735888Z     "scope": "Processing throughput and protocol RTT only; no overall performance ranking"
compare	Build, verify native launch, calibrate cells and compare processing	2026-09-12T22:07:57.1736299Z   }
compare	Build, verify native launch, calibrate cells and compare processing	2026-09-12T22:07:57.1736472Z }
compare	Make container evidence readable by the artifact uploader	﻿2026-09-12T22:07:58.3875508Z ##[group]Run evidence_directory="$RUNNER_TEMP/kokuban-four-terminal-evidence"
compare	Make container evidence readable by the artifact uploader	2026-09-12T22:07:58.3876113Z [36;1mevidence_directory="$RUNNER_TEMP/kokuban-four-terminal-evidence"[0m
compare	Make container evidence readable by the artifact uploader	2026-09-12T22:07:58.3876559Z [36;1mif test -d "$evidence_directory"; then[0m
compare	Make container evidence readable by the artifact uploader	2026-09-12T22:07:58.3877004Z [36;1m  sudo chown -R --no-dereference -- "$(id -u):$(id -g)" "$evidence_directory"[0m
compare	Make container evidence readable by the artifact uploader	2026-09-12T22:07:58.3877403Z [36;1mfi[0m
compare	Make container evidence readable by the artifact uploader	2026-09-12T22:07:58.3916699Z shell: /usr/bin/bash --noprofile --norc -e -o pipefail {0}
compare	Make container evidence readable by the artifact uploader	2026-09-12T22:07:58.3917046Z env:
compare	Make container evidence readable by the artifact uploader	2026-09-12T22:07:58.3917296Z   SOURCE_REF: 74eaad83dbf813cb15bd883b45d52adf0dc729bd
compare	Make container evidence readable by the artifact uploader	2026-09-12T22:07:58.3917603Z ##[endgroup]
compare	Upload comparisons and provenance even on failure	﻿2026-09-12T22:07:58.4356065Z Node 20 is being deprecated. This workflow is running with Node 24 by default. If you need to temporarily use Node 20, you can set the ACTIONS_ALLOW_USE_UNSECURE_NODE_VERSION=true environment variable. For more information see: https://github.blog/changelog/2025-09-19-deprecation-of-node-20-on-github-actions-runners/
compare	Upload comparisons and provenance even on failure	2026-09-12T22:07:58.4358093Z ##[group]Run actions/upload-artifact@ea165f8d65b6e75b540449e92b4886f43607fa02
compare	Upload comparisons and provenance even on failure	2026-09-12T22:07:58.4358490Z with:
compare	Upload comparisons and provenance even on failure	2026-09-12T22:07:58.4358745Z   name: linux-four-terminal-comparison
compare	Upload comparisons and provenance even on failure	2026-09-12T22:07:58.4359363Z   path: /home/runner/work/_temp/kokuban-four-terminal-evidence
compare	Upload comparisons and provenance even on failure	!/home/runner/work/_temp/kokuban-four-terminal-evidence/**/*.bin
compare	Upload comparisons and provenance even on failure	
compare	Upload comparisons and provenance even on failure	2026-09-12T22:07:58.4359943Z   if-no-files-found: ignore
compare	Upload comparisons and provenance even on failure	2026-09-12T22:07:58.4360182Z   retention-days: 7
compare	Upload comparisons and provenance even on failure	2026-09-12T22:07:58.4360396Z   compression-level: 6
compare	Upload comparisons and provenance even on failure	2026-09-12T22:07:58.4360614Z   overwrite: false
compare	Upload comparisons and provenance even on failure	2026-09-12T22:07:58.4361326Z   include-hidden-files: false
compare	Upload comparisons and provenance even on failure	2026-09-12T22:07:58.4361567Z env:
compare	Upload comparisons and provenance even on failure	2026-09-12T22:07:58.4361802Z   SOURCE_REF: 74eaad83dbf813cb15bd883b45d52adf0dc729bd
compare	Upload comparisons and provenance even on failure	2026-09-12T22:07:58.4362147Z ##[endgroup]
compare	Upload comparisons and provenance even on failure	2026-09-12T22:07:58.6036229Z (node:13652) [DEP0040] DeprecationWarning: The `punycode` module is deprecated. Please use a userland alternative instead.
compare	Upload comparisons and provenance even on failure	2026-09-12T22:07:58.6037413Z (Use `node --trace-deprecation ...` to show where the warning was created)
compare	Upload comparisons and provenance even on failure	2026-09-12T22:07:58.9020241Z With the provided path, there will be 837 files uploaded
compare	Upload comparisons and provenance even on failure	2026-09-12T22:07:58.9026629Z Artifact name is valid!
compare	Upload comparisons and provenance even on failure	2026-09-12T22:07:58.9027208Z Root directory input is valid!
compare	Upload comparisons and provenance even on failure	2026-09-12T22:07:59.2453662Z Beginning upload of artifact content to blob storage
compare	Upload comparisons and provenance even on failure	2026-09-12T22:07:59.9233714Z (node:13652) [DEP0169] DeprecationWarning: `url.parse()` behavior is not standardized and prone to errors that have security implications. Use the WHATWG URL API instead. CVEs are not issued for `url.parse()` vulnerabilities.
compare	Upload comparisons and provenance even on failure	2026-09-12T22:08:00.4635842Z Uploaded bytes 1977171
compare	Upload comparisons and provenance even on failure	2026-09-12T22:08:00.5218411Z Finished uploading artifact content to blob storage!
compare	Upload comparisons and provenance even on failure	2026-09-12T22:08:00.5219410Z SHA256 digest of uploaded artifact zip is 140b22bca6ec6035b2ef73b115e03503c082fad39acbb936442b52244cffa8bd
compare	Upload comparisons and provenance even on failure	2026-09-12T22:08:00.5221128Z Finalizing artifact upload
compare	Upload comparisons and provenance even on failure	2026-09-12T22:08:00.7704605Z Artifact linux-four-terminal-comparison.zip successfully finalized. Artifact ID 10305784679
compare	Upload comparisons and provenance even on failure	2026-09-12T22:08:00.7706097Z Artifact linux-four-terminal-comparison has been successfully uploaded! Final size is 1977171 bytes. Artifact ID is 10305784679
compare	Upload comparisons and provenance even on failure	2026-09-12T22:08:00.7713023Z Artifact download URL: https://github.com/guicybercode/kokuban.rs/actions/runs/34721599354/artifacts/10305784679
compare	Post Check out harness and source history	﻿2026-09-12T22:08:00.7996600Z Post job cleanup.
compare	Post Check out harness and source history	2026-09-12T22:08:00.8842265Z [command]/usr/bin/git version
compare	Post Check out harness and source history	2026-09-12T22:08:00.8885013Z git version 2.55.0
compare	Post Check out harness and source history	2026-09-12T22:08:00.8926645Z Temporarily overriding HOME='/home/runner/work/_temp/2f3924b9-201e-47cd-bf50-41e8ada4d91c' before making global git config changes
compare	Post Check out harness and source history	2026-09-12T22:08:00.8927970Z Adding repository directory to the temporary git global config as a safe directory
compare	Post Check out harness and source history	2026-09-12T22:08:00.8932275Z [command]/usr/bin/git config --global --add safe.directory /home/runner/work/kokuban.rs/kokuban.rs
compare	Post Check out harness and source history	2026-09-12T22:08:00.8965049Z Removing SSH command configuration
compare	Post Check out harness and source history	2026-09-12T22:08:00.8971692Z [command]/usr/bin/git config --local --name-only --get-regexp core\.sshCommand
compare	Post Check out harness and source history	2026-09-12T22:08:00.9009521Z [command]/usr/bin/git submodule foreach --recursive sh -c "git config --local --name-only --get-regexp 'core\.sshCommand' && git config --local --unset-all 'core.sshCommand' || :"
compare	Post Check out harness and source history	2026-09-12T22:08:00.9272650Z Removing HTTP extra header
compare	Post Check out harness and source history	2026-09-12T22:08:00.9279611Z [command]/usr/bin/git config --local --name-only --get-regexp http\.https\:\/\/github\.com\/\.extraheader
compare	Post Check out harness and source history	2026-09-12T22:08:00.9318271Z [command]/usr/bin/git submodule foreach --recursive sh -c "git config --local --name-only --get-regexp 'http\.https\:\/\/github\.com\/\.extraheader' && git config --local --unset-all 'http.https://github.com/.extraheader' || :"
compare	Post Check out harness and source history	2026-09-12T22:08:00.9585415Z Removing includeIf entries pointing to credentials config files
compare	Post Check out harness and source history	2026-09-12T22:08:00.9594889Z [command]/usr/bin/git config --local --name-only --get-regexp ^includeIf\.gitdir:
compare	Post Check out harness and source history	2026-09-12T22:08:00.9629125Z includeif.gitdir:/home/runner/work/kokuban.rs/kokuban.rs/.git.path
compare	Post Check out harness and source history	2026-09-12T22:08:00.9630162Z includeif.gitdir:/home/runner/work/kokuban.rs/kokuban.rs/.git/worktrees/*.path
compare	Post Check out harness and source history	2026-09-12T22:08:00.9631230Z includeif.gitdir:/github/workspace/.git.path
compare	Post Check out harness and source history	2026-09-12T22:08:00.9631798Z includeif.gitdir:/github/workspace/.git/worktrees/*.path
compare	Post Check out harness and source history	2026-09-12T22:08:00.9639509Z [command]/usr/bin/git config --local --get-all includeif.gitdir:/home/runner/work/kokuban.rs/kokuban.rs/.git.path
compare	Post Check out harness and source history	2026-09-12T22:08:00.9672361Z /home/runner/work/_temp/git-credentials-15211697-b685-4181-8a55-fe6e7a246032.config
compare	Post Check out harness and source history	2026-09-12T22:08:00.9695611Z [command]/usr/bin/git config --local --unset includeif.gitdir:/home/runner/work/kokuban.rs/kokuban.rs/.git.path \/home\/runner\/work\/_temp\/git\-credentials\-15211697\-b685\-4181\-8a55\-fe6e7a246032\.config
compare	Post Check out harness and source history	2026-09-12T22:08:00.9736743Z [command]/usr/bin/git config --local --get-all includeif.gitdir:/home/runner/work/kokuban.rs/kokuban.rs/.git/worktrees/*.path
compare	Post Check out harness and source history	2026-09-12T22:08:00.9768079Z /home/runner/work/_temp/git-credentials-15211697-b685-4181-8a55-fe6e7a246032.config
compare	Post Check out harness and source history	2026-09-12T22:08:00.9784185Z [command]/usr/bin/git config --local --unset includeif.gitdir:/home/runner/work/kokuban.rs/kokuban.rs/.git/worktrees/*.path \/home\/runner\/work\/_temp\/git\-credentials\-15211697\-b685\-4181\-8a55\-fe6e7a246032\.config
compare	Post Check out harness and source history	2026-09-12T22:08:00.9833368Z [command]/usr/bin/git config --local --get-all includeif.gitdir:/github/workspace/.git.path
compare	Post Check out harness and source history	2026-09-12T22:08:00.9862834Z /github/runner_temp/git-credentials-15211697-b685-4181-8a55-fe6e7a246032.config
compare	Post Check out harness and source history	2026-09-12T22:08:00.9869691Z [command]/usr/bin/git config --local --unset includeif.gitdir:/github/workspace/.git.path \/github\/runner_temp\/git\-credentials\-15211697\-b685\-4181\-8a55\-fe6e7a246032\.config
compare	Post Check out harness and source history	2026-09-12T22:08:00.9910691Z [command]/usr/bin/git config --local --get-all includeif.gitdir:/github/workspace/.git/worktrees/*.path
compare	Post Check out harness and source history	2026-09-12T22:08:00.9945500Z /github/runner_temp/git-credentials-15211697-b685-4181-8a55-fe6e7a246032.config
compare	Post Check out harness and source history	2026-09-12T22:08:00.9954932Z [command]/usr/bin/git config --local --unset includeif.gitdir:/github/workspace/.git/worktrees/*.path \/github\/runner_temp\/git\-credentials\-15211697\-b685\-4181\-8a55\-fe6e7a246032\.config
compare	Post Check out harness and source history	2026-09-12T22:08:01.0002337Z [command]/usr/bin/git submodule foreach --recursive git config --local --show-origin --name-only --get-regexp remote.origin.url
compare	Post Check out harness and source history	2026-09-12T22:08:01.0265159Z Removing credentials config '/home/runner/work/_temp/git-credentials-15211697-b685-4181-8a55-fe6e7a246032.config'
compare	Complete job	﻿2026-09-12T22:08:01.0438956Z Cleaning up orphan processes
compare	Complete job	2026-09-12T22:08:01.0793873Z ##[warning]Node.js 20 is deprecated. The following actions target Node.js 20 but are being forced to run on Node.js 24: actions/upload-artifact@ea165f8d65b6e75b540449e92b4886f43607fa02. For more information see: https://github.blog/changelog/2025-09-19-deprecation-of-node-20-on-github-actions-runners/
